global_id,borehole_id,Sr,gamma_t,e,LL,PL,w,su,E50,Pc,Cc,Cv,PI,e_squared,moisture_void_ratio,x,y,z_depth,elevation
2698,173,98.29999923,17.00563474,1.307250023,53.70000076,32.5,47.32499981,50.32037353,2834.121765,240.2629242,0.50999999,1060,21.20000076,1.708902623,61.86560709,-736.7827,1296.543,18.1,-11.91
2699,173,99.875,15.47527515,1.976249993,79.69999695,42.70000076,72.60000038,56.60888386,3731.430115,194.1716614,0.779999971,278,36.99999619,3.905564035,143.4757502,-736.7827,1296.543,19.6,-13.41
2700,173,100.2250023,15.54394485,1.905500025,76.80000305,42.40000153,70.875,70.84078408,6906.33313,213.7849731,0.829999983,273,34.40000152,3.630930345,135.0523143,-736.7827,1296.543,21.1,-14.91
2702,173,93.35000038,17.95965739,1.019749999,55.5,23.89999962,34.67500019,29.38317394,1745.58371,148.0804138,0.389999986,1660,31.60000038,1.03989006,35.35983141,-736.7827,1296.543,22.6,-16.41
2714,174,100.5500012,17.08656752,1.223499984,56.79999924,29.39999962,46.60000038,26.91925335,1667.130463,121.6024551,0.519999981,543,27.39999962,1.496952211,57.01509972,-661.2793,1234.875,11.6,-5.4900002
2715,174,101.0249977,17.20183514,1.219500006,48.79999924,24.60000038,46.32499981,35.65943051,2561.987244,133.3704376,0.389999986,600,24.19999886,1.487180265,56.49333755,-661.2793,1234.875,13.1,-6.9900002
2717,174,98.74999999,18.28829254,0.936499998,31.39999962,22.60000038,34.44999981,26.51472902,1814.230255,641.3549194,0.209999993,2710,8.79999924,0.877032246,32.26242475,-661.2793,1234.875,14.6,-8.49
2718,174,97.47500038,17.99153962,0.989750013,34.59999847,25.5,36,27.94895172,2635.537262,304.006134,0.289999992,3010,9.09999847,0.979605088,35.63100047,-661.2793,1234.875,16.1,-9.99
2719,174,100.1999989,16.78245734,1.357499987,46.70000076,25.70000076,51.07499981,33.86971665,1897.586731,141.2157593,0.540000021,534,21,1.842806215,69.33431158,-661.2793,1234.875,17.6,-11.49
2720,174,98.5750027,15.66411741,1.722750008,72.80000305,34,64.47500229,50.59005451,4199.697815,145.1384125,0.800000012,247,38.80000305,2.96786759,111.0743107,-661.2793,1234.875,19.1,-12.99
2721,174,100.875,15.25700269,2.00425002,72,32.59999847,76.27499962,46.2015791,3554.910523,132.3897705,0.910000026,246,39.40000153,4.017018143,152.8741695,-661.2793,1234.875,20.6,-14.49
2722,174,100.6499977,15.23002509,1.969000012,79,38.79999924,75.45000077,53.029459,4947.454834,148.0804138,0.930000007,223,40.20000076,3.876961047,148.5610524,-661.2793,1234.875,22.1,-15.99
2723,174,101.0000019,16.46853759,1.496499956,75.69999695,32.5,56.42499924,41.69052029,3652.977112,143.1770935,0.670000017,286,43.19999695,2.239512118,84.44000888,-661.2793,1234.875,23.6,-17.49
2740,175,99.625,14.54087255,2.492000014,57.40000153,34.79999924,92.9750004,20.91268015,1390.092621,52.95590973,0.529999971,384,22.60000229,6.21006407,231.6937023,-661.21094,1358.1289,8.9,-4.3799996
2741,175,97.02499963,15.14909232,1.992000043,91.09999847,46.70000076,72.82499886,11.74346328,536.9140777,49.0332489,0.75999999,204,44.39999771,3.968064171,145.0674009,-661.21094,1358.1289,10.4,-5.8799996
2747,175,100.3250008,16.65247491,1.416500002,52.5,30.60000038,53.25,26.18375421,1988.298248,92.18251038,0.620000005,621,21.89999962,2.006472256,75.42862511,-661.21094,1358.1289,16,-11.48
2748,175,100.3750019,15.10004237,2.082749963,82.59999847,42.59999847,78.82499885,46.1648035,3721.623535,129.4477844,0.959999979,267,40,4.337847408,164.1727634,-661.21094,1358.1289,17.5,-12.98
2750,175,101.4750004,14.96025006,2.186999977,86.59999847,43.20000076,84.02499962,30.09415579,2642.892059,114.7378006,1.019999981,240,43.39999771,4.782968899,183.7626722,-661.21094,1358.1289,19,-14.48
2751,175,101.3750019,15.75240745,1.779999971,76.90000153,39.79999924,68.25000095,42.15633488,3032.706482,145.1384125,0.860000014,291,37.10000229,3.168399897,121.4849997,-661.21094,1358.1289,20.5,-15.98
2777,177,98.20000076,13.58194497,3.239250004,117.1999969,49.59999847,118.6999989,2.21875453,88.25984955,15.6906395,0.699999988,236,67.59999843,10.49274059,384.4989719,-636.03174,1358.1133,7.3,-1.6700001
2778,177,94.10000038,13.97189227,2.612499952,80.80000305,41.29999924,91.47500038,1.434222549,61.29156208,16.6713047,0.819999993,156,39.50000381,6.825155999,238.9784341,-636.03174,1358.1133,8.9,-3.2699995
2779,177,93.34999848,13.75116778,2.727500022,88.40000153,44,95.14999961,2.390370905,68.64654827,13.72931004,0.879999995,162,44.40000153,7.43925637,259.521626,-636.03174,1358.1133,10.4,-4.7699995
2780,177,97.69999886,13.41517507,3.38775003,109.8000031,48.29999924,123.0750008,2.733603537,88.2598467,14.70997524,1.090000033,111,61.50000386,11.47685027,416.9473377,-636.03174,1358.1133,11.9,-6.2699995
2781,177,95.875,13.1699253,3.296499968,125.5999985,58.29999924,121.2999992,2.819411755,85.80818558,15.6906395,1.120000005,73.19999695,67.29999926,10.86691204,399.8654435,-636.03174,1358.1133,13.4,-7.7699995
2783,177,99.70000075,15.58318522,1.910250068,85.59999847,45.29999924,70.72500038,7.624670149,316.2644539,33.34260941,0.839999974,135,40.29999923,3.649055322,135.1024368,-636.03174,1358.1133,16.4,-10.7699995
2784,177,94.125,15.44339262,1.800499976,70.40000153,40,62.69999981,6.055606246,181.4230232,24.51662445,0.600000024,114,30.40000153,3.241800164,112.8913482,-636.03174,1358.1133,17.8,-12.169999
2785,177,97.32500076,16.64266503,1.399499983,70.90000153,37.90000153,50.42500115,8.237585784,257.4245548,31.38127899,0.569999993,157,33,1.958600202,70.56978825,-636.03174,1358.1133,19.4,-13.7699995
2786,177,99.07499887,13.94736759,2.809249997,103.3000031,48.09999847,105.7749977,1.201314598,51.4849124,12.74864388,0.850000024,57.90000153,55.20000463,7.891885546,297.148412,-636.03174,1358.1133,20.9,-15.2699995
2788,177,98.99999999,15.39434267,1.871000022,83.30000305,44.90000153,70.45000077,21.41527176,1049.311539,78.45320129,1.360000014,50.70000076,38.40000152,3.500641082,131.811953,-636.03174,1358.1133,22.4,-16.77
2790,177,98.14999771,16.48815762,1.448749989,51.5,29.89999962,53.25,18.39972663,769.8219986,128.4671021,0.610000014,411,21.60000038,2.098876531,77.14593691,-636.03174,1358.1133,25.2,-19.57
2797,178,99.57500077,14.89157977,2.260750085,93.5,48.40000153,85.07500076,8.703401565,524.6557617,21.57462883,0.75999999,121,45.09999847,5.110990947,192.3333152,-535.34863,1296.4336,7.3,-1.3800001
2798,178,97.54999924,14.26373996,2.562000036,91.09999847,49.20000076,93.97500231,5.123974443,267.2312088,16.6713047,0.800000012,158,41.89999771,6.563844184,240.7639593,-535.34863,1296.4336,8.9,-2.9799995
2801,178,100.2999973,14.77631274,2.464499981,109.3000031,50.79999924,91.32499886,9.53696704,561.4306945,49.0332489,0.810000002,165,58.50000386,6.073760156,225.070458,-535.34863,1296.4336,13.4,-7.4799995
2803,178,96.30000115,15.68128513,1.747749985,57.90000153,32.90000153,62.10000038,6.717555046,188.7780113,88.25984192,0.439999998,1530,25,3.05463001,108.5352747,-535.34863,1296.4336,16.4,-10.48
2804,178,95.37500191,16.13990243,1.528000027,45.29999924,24,54.07499981,4.915583254,225.552948,120.6217957,0.620000005,345,21.29999924,2.334784083,82.62660117,-535.34863,1296.4336,17.9,-11.98
2806,178,96.60000038,15.93143983,1.594999999,78.5,41.90000153,57.74999905,13.75382638,595.7539749,65.7045517,0.469999999,744,36.59999847,2.544024997,92.11124843,-535.34863,1296.4336,20.9,-14.98
2807,178,96.44999886,16.08840015,1.49849999,49.20000076,28.20000076,55.07500077,19.19651723,916.9217224,243.2049103,0.330000013,1800,21,2.24550222,82.5298881,-535.34863,1296.4336,22.4,-16.48
2809,178,93.35000229,15.50470507,1.594500005,67.59999847,38.90000153,57,6.496905565,304.0061493,52.95590973,0.5,515,28.69999694,2.542430266,90.88650029,-535.34863,1296.4336,23.9,-17.98
2815,179,100.25,14.41579505,2.854749978,61.79999924,32.40000153,103.2999993,3.260711074,98.06649874,29.41995049,0.50999999,591,29.39999771,8.149597437,294.8956707,-560.46094,1419.6992,4.4,1.52
2816,179,99.59999848,13.46667735,3.611750066,125.4000015,48.79999924,131.6999989,3.812335193,188.7780037,24.51662445,1.279999971,172,76.60000226,13.04473854,475.6674797,-560.46094,1419.6992,6.2,-0.27999973
2817,179,95.22500229,13.79040727,3.037750006,91.90000153,39.70000076,104.0249977,2.378112555,93.16317558,13.72931004,0.800000012,166,52.20000077,9.227925099,316.0019374,-560.46094,1419.6992,7.7,-1.7799997
2818,179,92.5,12.94920022,3.611999988,117.8000031,49,121.7250004,1.458739162,44.1299243,9.806650162,1.039999962,117,68.8000031,13.04654391,439.6707,-560.46094,1419.6992,9.1,-3.1800003
2819,179,97.00000191,13.43724743,3.471249998,103.9000015,45.09999847,122.2750015,3.849110007,247.6179008,13.72931004,1.110000014,120,58.80000303,12.04957655,424.4470987,-560.46094,1419.6992,10.6,-4.6800003
2820,179,97.92499924,13.33669491,3.663250029,110.9000015,46.90000153,130.9000035,3.32200259,201.0363197,15.6906395,1.25,98.5,63.99999997,13.41940077,479.5194416,-560.46094,1419.6992,12.1,-6.1800003
2821,179,99.50000191,13.74626255,3.24849993,93.40000153,43.70000076,119.1250019,5.381399155,357.9427185,20.59396362,0.879999995,123,49.70000077,10.5527518,386.9775603,-560.46094,1419.6992,13.6,-7.6800003
2822,179,91.79999924,13.72418989,2.801999957,83.80000305,41.79999924,94.875,4.572350444,152.0030746,17.65196991,0.779999971,332,42.00000381,7.851203759,265.8397459,-560.46094,1419.6992,15.1,-9.18
2823,179,94.17499733,16.57644765,1.458250001,89.30000305,39.09999847,50.29999924,6.77884686,272.1345253,24.51662445,0.910000026,207,50.20000458,2.126493065,73.34997394,-560.46094,1419.6992,16.6,-10.68
2824,179,98.72499847,16.34100747,1.606999994,40.70000076,22.89999962,57.87499905,11.75572181,544.2690582,56.87856674,0.360000014,697,17.80000114,2.582448981,93.00512313,-560.46094,1419.6992,18.1,-12.18
2825,179,95.74999809,15.71316766,1.836499989,82.80000305,38.59999847,64.17500115,13.36156058,725.6920777,56.87856674,0.550000012,190,44.20000458,3.37273221,117.8573889,-560.46094,1419.6992,19.6,-13.68
2829,179,96,16.12763994,1.634500027,74.59999847,37.40000153,57.50000191,23.63402653,853.1784976,145.1384125,0.579999983,514,37.19999694,2.671590338,93.98375467,-560.46094,1419.6992,30.4,-24.48
2834,180,100.3500004,14.57766001,2.648750007,75.5,35.09999847,96.67500117,2.819411814,152.0030747,10.78731441,0.709999979,123,40.40000153,7.0158766,256.06791,-459.77832,1358.0195,4.8,0.9699998
2835,180,99.32500078,14.80083742,2.364749968,65.80000305,34.09999847,86.07500076,3.677493751,169.1647034,14.70997524,0.699999988,165,31.70000458,5.592042411,203.5458553,-459.77832,1358.0195,7.3,-1.5300002
2836,180,99.92500114,13.7953125,3.303250015,140,51.40000153,120.9250031,2.892961621,115.2281341,11.76797962,0.860000014,83.59999847,88.59999847,10.91146066,399.4455183,-459.77832,1358.0195,8.9,-3.1299996
2837,180,98.39999962,13.63344783,3.322250009,88.40000153,41.29999924,120.0750027,2.537470579,90.71150971,13.72931004,0.870000005,87.80000305,47.10000229,11.03734512,398.9191788,-459.77832,1358.0195,10.4,-4.6299996
2838,180,96.52499962,17.53782755,1.164250016,40.79999924,23.5,41.04999924,11.38797164,311.3611221,125.525116,0.25999999,1630,17.29999924,1.3554781,47.79246227,-459.77832,1358.0195,11.9,-6.1299996
2839,180,98.52499961,17.04978005,1.403500021,43.20000076,24.5,49.59999943,9.218250633,289.2961616,30.40061378,0.449999988,335,18.70000076,1.969812309,69.61360024,-459.77832,1358.0195,13.4,-7.6299996
2840,180,99.20000268,16.72359781,1.469750017,57.5,27.39999962,52.97500038,11.63313818,615.3672867,40.20726395,0.430000007,222,30.10000038,2.160165112,77.86000771,-459.77832,1358.0195,14.9,-9.129999
2841,180,95.75,17.07920997,1.28975001,48.20000076,26.39999962,44.92500019,8.32339406,350.5877151,43.14925766,0.389999986,422,21.80000114,1.663455088,57.94201944,-459.77832,1358.0195,16.4,-10.629999
2842,180,93.67499924,16.16197508,1.485249996,55.79999924,31.39999962,51.57500076,8.225327491,269.682869,137.2930908,0.379999995,1650,24.39999962,2.205967551,76.60176967,-459.77832,1358.0195,17.9,-12.129999
2843,180,97.90000152,16.39251004,1.55249998,59.70000076,29.10000038,55.34999943,6.362064064,308.9094696,77.47253418,0.49000001,351,30.60000038,2.410256188,85.93087301,-459.77832,1358.0195,19.4,-13.629999
2844,180,96.77500153,15.70335749,1.763000011,83.30000305,39.5,62.875,11.59636354,512.397438,58.83990097,1.179999948,86.30000305,43.80000305,3.108169039,110.8486257,-459.77832,1358.0195,20.9,-15.129999
2846,180,95.79999924,14.89158007,2.087750018,50.40000153,28,75.64999962,17.40680337,806.5969545,119.6411285,0.400000006,1370,22.40000153,4.358700138,157.9382881,-459.77832,1358.0195,22.4,-16.63
2847,180,97.22499848,16.94677492,1.349249989,35,27.79999924,48.05000019,13.43511009,551.624054,332.4454346,0.300000012,1590,7.20000076,1.820475533,64.83146223,-459.77832,1358.0195,23.9,-18.13
2848,180,94.44999886,16.71378764,1.187000021,90.80000305,46.79999924,43.32499981,9.941491127,544.2690582,108.8538132,0.75,213,44.00000381,1.40896905,51.42677568,-459.77832,1358.0195,25.4,-19.63
2851,180,97.97500038,16.03444468,1.496250004,96.80000305,41.79999924,56.52500057,43.21054935,2199.141144,205.9396362,0.829999983,72.69999695,55.00000381,2.238764074,84.57553233,-459.77832,1358.0195,28,-22.23
2855,181,97.05000114,13.70947508,3.149249971,84.69999695,40.09999847,112.7000008,1.44648087,117.6797981,12.74864388,0.680000007,143,44.59999848,9.91777538,354.9204743,-459.7129,1481.2734,5.4,1.1700001
2856,181,97.45000076,12.83638521,4.181500018,110.1999969,50.70000076,150.7750015,1.115506425,29.41995049,9.806650162,1.330000043,75.30000305,59.49999614,17.4849424,630.4656715,-459.7129,1481.2734,6.9,-0.32999992
2857,181,98.50000191,13.35876727,3.493749976,106.8000031,48.59999847,128.5999985,1.299381137,34.32327509,10.78731441,1.139999986,91.90000153,58.20000463,12.20628889,449.2962417,-459.7129,1481.2734,8.4,-1.8299994
2858,181,97.14999962,13.16992501,3.543750048,99.59999847,47.09999847,129.8250008,1.176797971,24.51662541,11.76797962,1.070000052,88.90000153,52.5,12.5581644,460.0673528,-459.7129,1481.2734,9.9,-3.3299994
2859,181,97.27499962,13.41517478,3.426499963,85.69999695,41.59999847,123.7999992,1.189056307,24.51662541,10.78731441,1.029999971,90.19999695,44.09999848,11.740902,424.2006927,-459.7129,1481.2734,11.4,-4.8299994
2860,181,95.67499924,12.52736981,4.397000074,125.8000031,53.5,156.6750031,2.145204604,61.29156208,8.825984955,1.25999999,91.5,72.3000031,19.33360965,688.9000002,-459.7129,1481.2734,12.9,-6.3299994
2861,181,95.55000115,12.90995985,3.784249961,105.4000015,47,134.9750023,3.064578056,102.9698219,13.72931004,1.120000005,129,58.4000015,14.32054777,510.7791472,-459.7129,1481.2734,14.4,-7.8299994
2862,181,96,15.48753735,1.914250016,71,32.29999924,66.70000077,4.989133,144.6480827,26.47795486,0.569999993,132,38.70000076,3.664353124,127.6804775,-459.7129,1481.2734,15.9,-9.33
2863,181,97.57500076,16.27969503,1.539249987,46.40000153,28.79999924,55.47500038,11.60862136,563.8823395,54.91724014,0.389999986,1980,17.60000229,2.369290522,85.38989361,-459.7129,1481.2734,17.5,-10.93
2864,181,97.09999848,15.73523973,1.759000003,62.79999924,32.09999847,63.17499924,5.246557534,125.0347776,38.24593353,0.529999971,206,30.70000077,3.094081011,111.1248239,-459.7129,1481.2734,19,-12.43
2865,181,96.57500076,14.56539752,2.289249987,89.80000305,43.40000153,82.95000077,6.938204885,257.4245529,25.49728775,0.680000007,103,46.40000152,5.240665503,189.8932882,-459.7129,1481.2734,20.5,-13.93
2866,181,96.85000039,14.80329003,2.087500036,86.30000305,40.29999924,76.70000076,13.60672689,701.1754456,50.0139122,0.689999998,95.80000305,46.00000381,4.3576564,160.1112543,-459.7129,1481.2734,22,-15.43
2867,181,96.10000038,14.99703752,1.983499974,96.40000153,44.5,72.47499847,12.39315319,382.459343,64.72389221,0.939999998,79.69999695,51.90000153,3.934272147,143.7541576,-459.7129,1481.2734,23.5,-16.93
2874,181,99.24999808,14.896485,2.275000036,92.40000153,43.59999847,83.14999962,71.82145024,4180.084595,225.5529327,1.059999943,242,48.80000306,5.175625164,189.1662521,-459.7129,1481.2734,33,-26.43
2875,181,98.52499771,14.61690009,2.43900001,97,50.40000153,88.34999848,73.56213285,4643.44867,225.5529327,1.110000014,295,46.59999847,5.948721049,215.4856472,-459.7129,1481.2734,34.5,-27.93
2876,181,98.17500116,14.32995763,2.639249981,105.1999969,53.59999847,95.07500077,74.89828968,4756.225159,223.5916138,0.970000029,265,51.59999843,6.965640462,250.926694,-459.7129,1481.2734,36,-29.43
2883,182,95.77499771,18.30791229,0.966250003,39.20000076,24.10000038,33.72500086,10.67699015,534.4624176,670.7748413,0.239999995,197,15.10000038,0.933639068,32.58678218,-384.2251,1388.793,12.6,-7.7700005
2884,182,99.15000154,15.08287494,2.231749952,95.80000305,46.70000076,80.45000076,30.27803135,1961.329956,149.0610809,0.879999995,366,49.10000229,4.980707848,179.5442853,-384.2251,1388.793,14.1,-9.27
2885,182,93.25,15.51206232,1.692499995,63,31.39999962,59.17500019,5.577532172,250.0695725,57.85923004,0.839999974,849,31.60000038,2.864556233,100.1536875,-384.2251,1388.793,15.6,-10.77
2887,182,96.45000267,15.64204505,1.656500012,58.5,33.40000153,60.75,19.58878279,715.8854218,105.9118195,0.74000001,174,25.09999847,2.74399229,100.6323757,-384.2251,1388.793,18.6,-13.77
2889,182,99.67500115,15.09023279,2.153749973,96.80000305,42,79.72500038,33.46519279,1662.227173,59.82056427,0.689999998,4880,54.80000305,4.638638946,171.7077174,-384.2251,1388.793,23.6,-18.77
5153,247,97.76666768,14.38146001,2.387666702,84.40000153,36.20000076,88.66666667,3.791904688,132.3897654,19.61330032,0.870000005,180,48.20000077,5.70095228,211.7064476,-333.99512,1142.2617,1.9,-0.100000024
5155,247,98.40000153,14.29971009,2.559666633,68,31.20000076,94.33333333,6.58679994,624.0298157,18.63263512,1.059999943,350,36.79999924,6.551893272,241.4618857,-333.99512,1142.2617,4.8,-3.0000002
5156,247,97.46666718,14.22777023,2.565333287,85.40000153,34.20000076,93.66666921,10.44408162,568.7856649,37.26527023,1.50999999,90,51.20000077,6.580934873,240.2862244,-333.99512,1142.2617,7.8,-6
5159,247,97.16666921,16.08839986,1.590666691,45,25.5,57.16666667,7.747253418,569.4394532,77.47253418,0.670000017,170,19.5,2.530220522,90.93311251,-333.99512,1142.2617,10.9,-9.099999
5160,247,98.600001,16.52330991,1.435333371,53.5,27.79999924,52.70000077,45.06155522,2953.109212,115.7184601,0.50999999,220,25.70000076,2.060181886,75.64206976,-333.99512,1142.2617,13.9,-12.099999
5161,247,99.56666565,15.13683022,2.063000043,76.80000305,32.09999847,76.86666616,38.86702093,3346.355876,119.6411285,0.810000002,190,44.70000458,4.255969177,158.5759356,-333.99512,1142.2617,16.9,-15.099999
5162,247,98.66666667,14.53841993,2.402666648,84.40000153,33.59999847,88.73333486,55.86521276,4681.694499,149.0610809,1.200000048,120,50.80000306,5.772807021,213.1966242,-333.99512,1142.2617,19.9,-18.1
5164,247,97.73333232,14.74116006,2.244666656,78.90000153,32.79999924,81.83333588,56.48630269,2952.782227,184.3650208,1.110000014,160,46.10000229,5.038528397,183.6885604,-333.99512,1142.2617,22.9,-21.1
5179,248,98.73333486,14.99295013,2.041333358,79.59999847,34.59999847,76.63333384,4.037070989,170.3088176,15.6906395,1.190000057,140,45,4.167041878,156.4341807,-82.40967,710.75,1.9,0.05000007
5180,248,97.26666514,14.33567982,2.475000063,79.40000153,33.90000153,90.10000102,7.616497993,323.6194458,27.45862007,0.340000004,1500,45.5,6.125625312,222.9975082,-82.40967,710.75,4.8,-2.8500001
5183,248,95.73333232,14.87522969,2.06433332,77,34.29999924,74,9.299973012,336.0411987,37.26527023,0.689999998,170,42.70000076,4.261472056,152.7606657,-82.40967,710.75,7.8,-5.8500004
5184,248,98.46666717,16.47425996,1.485333363,55.90000153,24,54.80000051,21.26408577,1900.855591,152.003067,0.730000019,380,31.90000153,2.206215199,81.39626905,-82.40967,710.75,10.9,-8.95
5191,248,96,15.25127973,1.910666665,81.59999847,31.10000038,68.16666667,40.92641831,2286.583903,107.8731537,0.930000007,190,50.49999809,3.650647105,130.2437777,-82.40967,710.75,17.9,-15.95
5192,248,99.50000001,14.71172985,2.349333366,95.80000305,37.29999924,87.06666565,41.5475057,3899.450928,152.003067,1.210000038,400,58.50000381,5.519367265,204.5486227,-82.40967,710.75,20.9,-18.949999
5193,248,98.99999744,14.61035979,2.393333276,99,38.09999847,88.26666514,71.21262232,4628.411621,147.0997467,1.289999962,130,60.90000153,5.72804417,211.2515468,-82.40967,710.75,23.9,-21.949999
5194,248,97.86666616,14.71826976,2.247999986,89.80000305,35.09999847,82.30000051,84.35353342,8201.301107,156.9064026,1.059999943,190,54.70000458,5.053503937,185.0104,-82.40967,710.75,26.9,-24.949999
5195,248,97.19999949,14.60709002,2.348666668,89.30000305,36.79999924,84.46666717,82.44123587,7800.209147,176.5196838,1,250,52.50000381,5.516235117,198.3840457,-82.40967,710.75,29.9,-27.949999
5196,248,97.80000053,16.77509999,1.332666636,52.09999847,26.5,48.5333341,70.64056777,5753.2347,269.6828613,0.569999993,600,25.59999847,1.776000363,64.67875509,-82.40967,710.75,32.8,-30.849998
5197,248,98.23333486,16.0328096,1.594333331,67.90000153,27.10000038,58.56666692,81.16637167,4998.449463,254.9728851,0.699999988,300,40.80000115,2.54189877,93.37478916,-82.40967,710.75,35.8,-33.85
5198,248,98.76666515,16.19630983,1.551333308,67.80000305,26.79999924,57.16666539,78.25706482,4850.369059,259.8762207,0.670000017,300,41.00000381,2.406635033,88.68455213,-82.40967,710.75,38.8,-36.85
5212,249,98.83333333,14.48936998,2.501333396,72.19999695,29.60000038,92.06666566,1.520030737,76.8187561,13.72931004,0.874000013,100,42.59999657,6.256668758,230.2894255,-510.30225,1049.9141,1.9,-0.049999952
5214,249,99.26666514,15.27090025,2.088333368,64.40000153,33,75.83333333,4.151481787,295.5070547,14.70997524,0.547999978,190,31.40000153,4.361136256,158.3652804,-510.30225,1049.9141,3.8,-1.9499999
5215,249,100.600001,15.34938002,2.088333368,64,34.20000076,77,5.916678748,985.8952025,35.30393982,0.547999978,280,29.79999924,4.361136256,160.8016693,-510.30225,1049.9141,6.8,-4.9500003
5219,249,100.6999969,17.5991399,1.176999966,45.90000153,23.20000076,43.56666565,27.76916377,2141.118571,176.5196838,0.319000006,1700,22.70000077,1.38532892,51.27796399,-510.30225,1049.9141,12.9,-11.049999
5221,249,99.36666362,14.84907003,2.289333344,89.30000305,33.29999924,84.13333384,38.81798935,2918.78597,147.0997467,1.095999956,110,56.00000381,5.24104716,192.6092465,-510.30225,1049.9141,18.9,-17.05
5222,249,99.03333537,14.99621989,2.177333276,77,36.59999847,79.8666687,51.15802129,3798.769287,166.7130585,0.916999996,220,40.40000153,4.740780195,173.8963554,-510.30225,1049.9141,21.9,-20.05
5224,249,96.69999949,17.18057983,1.304333329,51,23.20000076,45.9666659,42.31569418,2663.812907,176.5196838,0.409000009,1000,27.79999924,1.701285433,59.95585436,-510.30225,1049.9141,24.9,-23.05
5238,249,98.53333537,14.62344001,2.396999995,97.30000305,48.29999924,87.80000049,82.37585703,5749.638672,353.0393677,0.847000003,78,49.00000381,5.745608976,210.4566007,-510.30225,1049.9141,32.2,-30.35
5254,250,97.29999796,14.50571997,2.403999964,96.80000305,33.90000153,87.1333313,18.91049004,979.3574424,67.66588593,0.870000005,150,62.90000152,5.779215827,209.4685253,-258.72314,618.39844,11.9,-5.95
5259,250,98.5,14.34876004,2.545333385,119.1999969,38.90000153,93.6333313,58.16977818,2968.799724,176.5196838,0.689999998,160,80.29999537,6.478722041,238.3280441,-258.72314,618.39844,15.8,-9.85
5265,250,97.36666616,15.54884999,1.815000018,84,31.79999924,65.60000102,84.5333201,4572.187093,225.5529327,0.889999986,250,52.20000076,3.294225065,119.064003,-258.72314,618.39844,20.9,-14.95
5266,250,96.53333282,15.10413025,2.001999974,85.90000153,34.90000153,71.83333333,56.86222457,2795.222087,161.8097229,0.860000014,320,51,4.008003896,143.8103315,-258.72314,618.39844,23.9,-17.95
5267,250,96.19999949,14.8359898,2.137333393,92.90000153,34.29999924,76.43333435,72.17694347,3433.634928,196.1329956,0.910000026,160,58.60000229,4.568194033,163.3635178,-258.72314,618.39844,26.9,-20.95
5268,250,96.56666565,14.78039993,2.137666702,91.40000153,37.79999924,77.5,73.64793652,4064.202474,225.5529327,0.930000007,200,53.60000229,4.569618929,165.6691694,-258.72314,618.39844,29.9,-23.95
5269,250,96.89999898,15.2447402,1.951999982,78.09999847,33.70000076,70.19999949,84.99096425,5344.624268,264.779541,0.850000024,165,44.39999771,3.81030393,137.0303977,-258.72314,618.39844,32.8,-26.849998
5271,250,96.66666667,16.55274012,1.437666655,57.70000076,26.89999962,51.0333341,85.6610845,5027.869304,284.3928528,0.689999998,1100,30.80000114,2.066885411,73.36892273,-258.72314,618.39844,37.2,-31.25
5293,251,100,15.31014013,2.071333369,70.19999695,32.5,77.90000152,11.93142382,1491.918335,43.14925766,1.047000051,250,37.69999695,4.290421926,161.3568726,571.8303,-398.8203,10.9,-9.15
5306,251,98.76666768,15.74178004,1.735000014,79.5,30.5,63.90000026,54.59035112,4735.631104,193.1910095,1.251999974,130,49,3.010225049,110.8665013,571.8303,-398.8203,20.9,-19.15
5307,251,98.50000254,14.57766021,2.385666688,107.9000015,41,87.63333384,60.47434108,4400.24349,175.539032,1.330000043,210,66.9000015,5.691405546,209.0639253,571.8303,-398.8203,23.9,-22.15
5309,251,97.90000152,14.12640017,2.738666693,122.4000015,42.5,99.23333485,76.49186962,3971.039225,243.2049103,1.480000019,120,79.9000015,7.500295255,271.767029,571.8303,-398.8203,29.9,-28.15
5310,251,97.69999949,14.10350988,2.705666622,123.4000015,43.5,98.46666717,72.73265077,4122.715414,259.8762207,1.379999995,160,79.9000015,7.320631869,266.4179747,571.8303,-398.8203,32.9,-31.150002
5311,251,98.40000153,14.24738998,2.626999935,117.5,39.59999847,148.7666677,77.79942322,8247.719076,294.1994934,1.299999952,200,77.90000153,6.901128658,390.8100264,571.8303,-398.8203,35.9,-34.15
5312,251,97.93333435,16.25844001,1.54700005,70.5,26.29999924,56.0333341,101.4988251,6920.552734,304.006134,0.829999983,210,44.20000076,2.393209155,86.68357065,571.8303,-398.8203,38.9,-37.15
5313,251,99.33333588,16.24209003,1.573333303,66.59999847,26.20000076,51.23333359,85.31785328,5359.334229,299.1028137,0.579999983,400,40.39999771,2.475377682,80.60710996,571.8303,-398.8203,41.9,-40.15
5314,251,97.96666463,16.06223981,1.603666663,78.19999695,31.29999924,58.33333333,101.9891561,3585.311198,397.169342,0.699999988,120,46.89999771,2.571746766,93.547222,571.8303,-398.8203,44.9,-43.15
5348,252,99.33333333,13.90731007,3.029333353,99.19999695,34.29999924,116.1666667,3.138127883,145.1384176,16.6713047,0.889999986,150,64.89999771,9.176860564,351.9075579,773.1687,-737.84375,1.8,0.45000005
5349,252,100,15.27416962,2.331333319,79.80000305,29.5,95.5,2.043051998,101.6622671,15.6906395,0.5,200,50.30000305,5.435115044,222.642332,773.1687,-737.84375,4.8,-2.5500002
5350,252,100,16.8274197,1.37833333,62.59999847,24.39999962,53.29999923,17.16163699,413.1868591,30.40061378,0.389999986,300,38.19999885,1.899802769,73.46516543,773.1687,-737.84375,7.8,-5.55
5351,252,99.26666768,15.98703019,1.720999996,78.5,31.60000038,64.90000025,14.70997492,973.8003235,63.74322128,0.519999981,190,46.89999962,2.961840986,111.6929002,773.1687,-737.84375,10.9,-8.65
5353,252,100,14.32260038,2.740499974,111.6999969,37.59999847,104.1500015,11.52281332,437.8669129,23.53595924,0.709999979,100,74.09999843,7.510340107,285.4230764,773.1687,-737.84375,13.9,-11.65
5357,252,97.69999949,16.1145603,1.548333327,67.80000305,32.70000076,56.59999975,39.71693166,2482.389933,133.3704376,0.699999988,200,35.10000229,2.397336091,87.63566592,773.1687,-737.84375,17.8,-15.549999
5358,252,97.99999746,15.29378976,1.946999987,89.09999847,35.59999847,71.03333282,57.3689003,6518.806964,147.0997467,0.839999974,160,53.5,3.790808949,138.3018981,773.1687,-737.84375,20.9,-18.65
5359,252,99,14.45993977,2.506333351,108.5,38,92.30000051,69.95410157,4663.715658,152.003067,1.210000038,110,70.5,6.281706866,231.3345696,773.1687,-737.84375,23.9,-21.65
5360,252,98.80000051,14.08388974,2.76666673,123.5999985,42.59999847,102.3000005,75.51120248,4452.219076,171.6163635,1.360000014,150,81.00000003,7.654444795,283.0300079,773.1687,-737.84375,26.9,-24.65
5361,252,96.59999847,13.94654995,2.81399997,121.5,39.20000076,100.6000011,56.71512223,3558.83313,208.8816528,1.330000043,110,82.29999924,7.918595831,283.0884001,773.1687,-737.84375,29.9,-27.65
5362,252,98.69999949,14.20487994,2.732000033,115.9000015,37.29999924,99.66666668,64.39699937,3602.636312,233.3982697,1.350000024,230,78.60000226,7.46382418,272.2893367,773.1687,-737.84375,32.8,-30.55
5363,252,98.16666667,14.40434991,2.535333395,107,34.70000076,92.06666565,87.27918243,5727.737305,299.1028137,1.289999962,150,72.29999924,6.427915424,233.419692,773.1687,-737.84375,35.8,-33.55
5365,252,98.20000204,16.29767989,1.542666674,63.79999924,29,55.9666659,82.53930157,6380.859863,294.1994934,0.600000024,290,34.79999924,2.379820467,86.33791034,773.1687,-737.84375,41.8,-39.55
5367,252,96.43333435,16.51023008,1.450000008,65.5,27.39999962,51.76666769,80.57797495,4529.364583,292.2381592,0.629999995,150,38.10000038,2.102500023,75.06166856,773.1687,-737.84375,44.8,-42.55
5399,253,99.93333435,15.45401984,2.106000026,92.80000305,33.90000153,85.33333334,0.702809938,40.20726395,44.12992096,0.74000001,200,58.90000152,4.43523611,179.7120022,622.0083,-861.03516,4.8,-2.5000002
5401,253,99.80000051,17.32445993,1.326333324,52.29999924,26.60000038,58,14.38308652,851.5440675,60.80122757,0.439999998,400,25.69999886,1.759160086,76.92733279,622.0083,-861.03516,7.8,-5.5
5403,253,88.64999771,15.96087033,1.48149997,48,22.20000076,48.64999962,18.87780046,1243.973541,73.54987335,0.529999971,370,25.79999924,2.194842161,72.07497298,622.0083,-861.03516,10.9,-8.599999
5404,253,99.79999924,16.25026541,1.646999956,79.30000305,31.5,61.54999924,24.63920784,2380.564209,69.62721252,0.810000002,180,47.80000305,2.712608855,101.372846,622.0083,-861.03516,13.8,-11.5
5405,253,99.23333232,17.40620985,1.171333313,55.79999924,27,44.16666667,13.64758794,1393.851807,101.989151,0.409999996,400,28.79999924,1.37202173,51.73388799,622.0083,-861.03516,16.8,-14.499999
5407,253,97.15000153,17.46670495,1.132999957,58.59999847,27.89999962,40.84999847,45.96866799,2035.370117,156.9064026,0.449999988,500,30.69999885,1.283688903,46.28304651,622.0083,-861.03516,19.8,-17.5
5409,253,99.06666565,15.63714021,1.858,84.59999847,36.79999924,67.80000051,48.37947083,7411.21224,142.1964264,0.860000014,150,47.79999923,3.452164,125.9724009,622.0083,-861.03516,21.8,-19.5
5410,253,99.09999847,14.60382026,2.434000015,110.3000031,39.20000076,89.43333181,66.5217743,5457.400553,176.5196838,1.25,140,71.10000234,5.924356073,217.680731,622.0083,-861.03516,24.8,-22.5
5411,253,99.39999771,14.45503513,2.529999971,114.4000015,42.5,93.65000153,41.6782608,2531.096314,171.6163635,1.360000014,200,71.9000015,6.400899853,236.9345012,622.0083,-861.03516,27.8,-25.5
5412,253,99.06666565,14.27355003,2.68933328,125.8000031,44,98.5,60.4743398,4785.645019,225.5529327,1.289999962,110,81.8000031,7.232513491,264.8993281,622.0083,-861.03516,30.8,-28.5
5413,253,98.69999949,14.00213982,2.832666635,119.9000015,41.5,104.5,54.10001756,4261.643066,219.6689606,1.279999971,140,78.4000015,8.024000265,296.0136634,622.0083,-861.03516,33.8,-31.5
5414,253,98.06666565,14.32259999,2.530000051,115.9000015,42.09999847,92.8666687,91.52872975,7406.30892,251.0502319,1.269999981,130,73.80000303,6.400900258,234.9526765,622.0083,-861.03516,36.8,-34.5
5415,253,97.60000102,15.66003011,1.775999983,79.80000305,33.40000153,64.36666489,92.18250783,6537.112793,294.1994934,0.75999999,190,46.40000152,3.15417594,114.3151958,622.0083,-861.03516,39.8,-37.5
5418,253,98.53333282,16.3271101,1.485333363,68.19999695,28.39999962,54.76666641,89.24050903,5117.763509,323.6194458,0.620000005,340,39.79999733,2.206215199,81.3467568,622.0083,-861.03516,42.8,-40.5
5419,253,99.26666514,16.14726027,1.580000003,75.19999695,31,58.59999974,68.3196589,3493.128662,289.2961731,0.569999993,220,44.19999695,2.496400009,92.58799977,622.0083,-861.03516,45.8,-43.5
5421,253,99.04999924,16.21102533,1.548500002,39.79999924,26.79999924,57.29999924,33.34260845,2126.572083,568.7857056,0.340000004,1400,13,2.397852256,88.72904894,622.0083,-861.03516,48.2,-45.9
5461,254,96.22499848,17.21654995,1.210000008,46.40000153,24.79999924,42.84999943,43.76217365,5426.509704,164.751709,0.370000005,2500,21.60000229,1.464100019,51.84849965,-737.33887,310.52344,13.2,-7.7999997
5463,254,98.49999808,16.52984973,1.452500016,61.59999847,29.60000038,52.92500019,50.23456383,5379.437561,128.4671021,0.439999998,660,31.99999809,2.109756296,76.87356362,-737.33887,310.52344,15.8,-10.4
5466,254,98.82500075,16.60342495,1.405000001,60,28.39999962,51.75,46.78997803,6475.575928,95.12450409,0.699999988,320,31.60000038,1.974025003,72.70875005,-737.33887,310.52344,18.8,-13.4
5469,254,98.95000076,15.03382469,2.079999984,83.80000305,36.5,77.32500076,46.66739607,6105.620301,141.2157593,0.980000019,210,47.30000305,4.326399933,160.8360003,-737.33887,310.52344,21.8,-16.4
5472,254,98.9750004,14.93572479,2.152500033,95,36.5,79.77499962,71.4414444,10717.93237,154.9450684,1,133,58.5,4.633256392,171.7156893,-737.33887,310.52344,24.8,-19.4
5475,254,98.29999733,14.86214986,2.212500036,90.09999847,37.5,80.79999924,71.07369423,7021.071045,157.8870697,1.019999981,178,52.59999847,4.895156409,178.7700012,-737.33887,310.52344,27.8,-22.4
5479,254,100.5749989,14.93572479,2.242500007,92.09999847,35.29999924,84.09999847,81.83649254,11329.86767,201.0363159,1.149999976,230,56.79999923,5.028806281,188.5942472,-737.33887,310.52344,30.8,-25.4
5482,254,97.10000038,16.30912494,1.505000025,61,28.10000038,54.07500076,76.68800164,9239.089844,215.7463074,0.579999983,740,32.89999962,2.265025075,81.3828775,-737.33887,310.52344,33.8,-28.4
5485,254,97,17.43727474,1.117500007,46.90000153,27.39999962,40.42500019,83.71201514,7188.029052,322.6387634,0.379999995,3100,19.50000191,1.248806266,45.174938,-737.33887,310.52344,36.8,-31.4
5489,254,97.80000115,16.23554972,1.530000031,66,28.79999924,55.60000134,90.90764428,9444.048949,262.8182068,0.670000017,250,37.20000076,2.340900095,85.06800377,-737.33887,310.52344,39.7,-34.3
5495,254,97.89999962,17.21654995,1.242499978,53.29999924,26.70000076,44.77500057,63.69419001,4715.772705,274.5861816,0.419999987,660,26.59999848,1.543806195,55.63293722,-737.33887,310.52344,45.8,-40.399998
5498,254,96.10000038,15.79410014,1.647500008,71,28.5,59.10000038,80.81905175,3897.162659,327.5420837,0.680000007,300,42.5,2.714256276,97.3672511,-737.33887,310.52344,48.8,-43.399998
5501,254,97.60000038,15.69600023,1.717500001,76,33.40000153,62.77499867,96.52194978,5736.890015,329.503418,0.699999988,240,42.59999847,2.949806253,107.8160603,-737.33887,310.52344,51.5,-46.1
5504,254,95.15000153,15.49980013,1.734999985,76,31.29999924,61.82500076,86.26174354,3954.041199,360.8847046,0.639999986,200,44.70000076,3.010224948,107.2663754,-737.33887,310.52344,54.6,-49.199997
8677,408,97.49999999,17.64818995,1.069749996,38.40000153,21.89999962,39,51.39910221,4272.512207,159.8483887,0.430000007,900,16.50000191,1.144365054,41.72024984,344.7246,-1415.5508,12.8,-12.45
8681,408,101.6499996,16.36553215,1.529250026,61.29999924,28.70000076,58.32499981,58.7050581,5560.615601,138.2737579,0.620000005,230,32.59999848,2.338605642,89.19350748,344.7246,-1415.5508,15.9,-15.549999
8683,408,102.6000004,16.49060995,1.498250008,79.5,35.5,57.75,63.03224278,6069.825806,142.1964264,0.75,165,44,2.244753086,86.52393796,344.7246,-1415.5508,18.8,-18.449999
8685,408,102.0249996,15.27416982,2.069500059,103.0999985,41.40000153,79.25,75.2782936,6610.907715,145.1384125,1.049999952,119,61.69999697,4.282830494,164.0078797,344.7246,-1415.5508,21.8,-21.449999
8687,408,100.9250012,14.72480987,2.344249964,116.8000031,40.5,89.19999885,80.30420494,6085.761719,171.6163635,1,180,76.3000031,5.495507894,209.1070941,344.7246,-1415.5508,24.8,-24.449999
8689,408,98.95000076,14.54332458,2.438250005,113,40.5,89.875,85.8572197,6479.743775,210.8429871,1.120000005,120,72.5,5.945063087,219.1377192,344.7246,-1415.5508,27.7,-27.35
8691,408,98.5,14.35202999,2.525999963,121.6999969,43.59999847,93.14999962,90.7973156,9698.776611,253.0115509,1.529999971,96.5,78.09999843,6.380675813,235.2968956,344.7246,-1415.5508,30.8,-30.449999
8693,408,101.8249989,14.76650257,2.372500062,115.1999969,43.09999847,90.82500076,69.07559204,5960.236695,226.5335999,1.350000024,125,72.09999843,5.628756544,215.4823199,344.7246,-1415.5508,33.9,-33.550003
8695,408,98.92499924,14.73952527,2.306500018,102.9000015,42,85.02500153,95.22257043,8708.550416,227.514267,1.070000052,133,60.9000015,5.319942333,196.1101676,344.7246,-1415.5508,36.7,-36.350002
8697,408,101.0499992,16.89282032,1.347499997,62.59999847,30.29999924,50.82500076,112.2616234,13518.95654,273.6055298,0.529999971,550,32.29999923,1.815756242,68.48668837,344.7246,-1415.5508,39.8,-39.45
9185,420,98.74999998,16.27969502,1.537500024,78.80000305,35,56.39999962,3.800076723,308.9094544,23.53595924,0.829999983,41,43.80000305,2.363906324,86.71500077,-383.86963,2066.6836,2.3,-6.13
9186,420,102.6499977,15.85295997,1.644000053,87.40000153,39.5,66.40000153,6.668521883,480.5258484,30.40061378,0.939999998,50,47.90000153,2.702736174,109.161606,-383.86963,2066.6836,3.8,-7.63
9187,420,100.5499992,15.82843499,1.945500017,104.8000031,49.79999924,72.59999847,11.71894646,1426.867554,28.43928337,1.070000052,91,55.00000386,3.784970316,141.2432983,-383.86963,2066.6836,5.3,-9.13
9188,420,100.1499977,14.41579505,2.549499989,101,46.29999924,95.94999695,16.3525877,1461.190857,48.0525856,1.080000043,115,54.70000076,6.499950194,244.6245162,-383.86963,2066.6836,6.8,-10.63
9190,420,100.9500008,17.54518511,1.191000045,38.20000076,18.39999962,44.39999962,33.58777618,4716.998535,152.003067,0.50999999,1300,19.80000114,1.418481107,52.88040155,-383.86963,2066.6836,11.2,-15.03
9196,421,100.4500008,17.20674008,1.309000016,45.70000076,19.39999962,48.10000038,11.62088013,612.9155884,85.31785583,0.270000011,1550,26.30000114,1.713481042,62.96290127,-283.25635,1881.75,2.3,-6.67
9197,421,100,14.23921499,2.819000006,73,32.20000076,104.1500015,12.79767799,1711.260376,37.26527023,1.019999981,105,40.79999924,7.946761034,293.5988549,-283.25635,1881.75,3.8,-8.17
9198,421,100.5499992,15.328125,2.036000014,79.59999847,35.29999924,75.89999771,14.31770897,1730.873657,39.22660065,0.720000029,135,44.29999923,4.145296057,154.5323964,-283.25635,1881.75,5.3,-9.67
9199,421,99.69999693,16.054065,1.692499996,63.90000153,30,62.5,14.88159132,1294.477783,50.0139122,0.879999995,120,33.90000153,2.864556236,105.7812498,-283.25635,1881.75,6.8,-11.17
9210,422,98.45000077,14.25883532,2.754000009,70.40000153,30.60000038,104.7000027,3.138127804,156.9063873,17.65196991,0.379999995,1300,39.80000115,7.58451605,288.3438084,-182.63867,1696.8203,3.8,-5.73
9212,422,100.4000015,13.86643511,2.97300005,94.09999847,39.90000153,113.4500008,7.011754513,627.6255494,18.63263512,0.930000007,125,54.19999694,8.838729297,337.2868581,-182.63867,1696.8203,5.3,-7.23
9213,422,99.25,15.63223459,1.807999969,73.90000153,34.5,67,12.89574433,1000.27829,83.35652924,0.5,520,39.40000153,3.268863888,121.1359979,-182.63867,1696.8203,6.8,-8.7300005
9214,422,100.1500016,14.9798701,2.228000045,70.40000153,33.79999924,82.80000305,8.948568343,554.0756989,52.95590973,0.660000026,280,36.60000229,4.963984201,184.4784105,-182.63867,1696.8203,8.3,-10.2300005
9216,422,99.34999848,17.50594502,1.15200001,32.79999924,22.89999962,42.5,11.79249668,411.8792878,70.60787964,0.25999999,3700,9.89999962,1.327104023,48.96000043,-182.63867,1696.8203,9.8,-11.7300005
9217,422,102.5499992,18.59975969,0.926500023,32.70000076,22.39999962,35.14999962,11.91507959,666.8521729,139.254425,0.119999997,3000,10.30000114,0.858402293,32.56647546,-182.63867,1696.8203,11.3,-13.2300005
9218,422,102.25,17.67761986,1.148499966,43.90000153,23.89999962,43.54999924,25.91407204,2417.339112,88.25984192,0.289999992,1100,20.00000191,1.319052172,50.01717265,-182.63867,1696.8203,12.8,-14.7300005
9220,422,99.95000079,14.62180474,2.368999958,85.30000305,38.5,89.25,43.2473259,5173.007568,110.8151398,1.220000029,150,46.80000305,5.612160801,211.4332463,-182.63867,1696.8203,14.3,-16.23
9222,422,100.5500031,15.2594553,2.014999986,69.19999695,36.09999847,76.10000229,46.33642197,8144.422364,137.2930908,1.00999999,170,33.09999848,4.060224944,153.3415035,-182.63867,1696.8203,15.8,-17.73
9227,423,100,16.30912523,1.58950001,57.70000076,26.29999924,59.89999962,18.60811806,2500.695801,68.64654541,0.340000004,1300,31.40000152,2.526510282,95.21104999,-82.001465,1542.7031,6.7,-7.27
9228,423,99.90000153,15.83824486,1.777499974,63.90000153,30.29999924,65.65000153,22.65336037,3054.771363,66.68521881,1.00999999,210,33.60000229,3.159506158,116.692876,-82.001465,1542.7031,8.2,-8.7699995
9229,423,98.69999695,15.44094001,1.896000028,69.09999847,29.20000076,69.64999771,19.0494175,2049.589905,71.58854675,0.930000007,140,39.89999771,3.594816106,132.0563976,-82.001465,1542.7031,9.7,-10.2699995
9230,423,98.75,16.191405,1.569000006,63.79999924,29,57.69999886,24.49210835,2633.085572,77.47253418,0.550000012,440,34.79999924,2.461761019,90.53129856,-82.001465,1542.7031,11.2,-11.7699995
9231,423,97.54999924,15.94615465,1.645000041,64.09999847,29.10000038,59.60000038,32.48452854,4290.40918,108.8538132,0.800000012,250,34.99999809,2.706025135,98.04200307,-82.001465,1542.7031,12.7,-13.2699995
9232,423,98.29999924,15.02401541,2.110499978,67.19999695,31.60000038,77.20000076,33.31809139,3819.689942,105.9118195,0.920000017,190,35.59999657,4.454210157,162.9305999,-82.001465,1542.7031,14.2,-14.7699995
9233,423,99.35000229,14.72480987,2.307000041,82.40000153,39.79999924,85.65000153,34.05359268,4378.669067,90.22117615,1.070000052,100,42.60000229,5.322249189,197.594557,-82.001465,1542.7031,15.7,-16.27
9234,423,99.95000077,14.77385983,2.249500036,78.40000153,38.09999847,84.90000153,42.87957573,8654.368164,135.3317719,1.159999967,160,40.30000306,5.060250412,190.9825565,-82.001465,1542.7031,17.2,-17.77
9235,423,100,14.80819468,2.202000022,69.59999847,38,83.84999848,48.00355149,5619.210449,101.989151,0.910000026,120,31.59999847,4.848804097,184.6376985,-82.001465,1542.7031,18.7,-19.27
9236,423,99.85000229,14.85724522,2.189999938,65.80000305,42.59999847,82.64999771,51.43587495,7070.594483,146.1190796,1,205,23.20000458,4.796099728,181.0034899,-82.001465,1542.7031,20.2,-20.77
9238,423,97.25,18.08964041,1.013999999,42.5,25.20000076,36.14999962,13.48414326,1358.221008,185.3456726,0.340000004,1250,17.29999924,1.028195998,36.65609958,-82.001465,1542.7031,21.6,-22.17
9247,424,100.8500023,15.01420495,2.260499955,82.30000305,35.09999847,84.05000305,6.791105033,372.65271,24.51662445,0.709999979,275,47.20000458,5.109860047,189.9950281,18.624023,1357.7773,5.4,-2.27
9249,424,100.7999992,18.71257528,0.889999986,34.09999847,21.70000076,33.14999962,10.98344755,843.3718567,146.1190796,0.330000013,2800,12.39999771,0.792099975,29.5034992,18.624023,1357.7773,6.9,-3.77
9250,424,100.5499993,18.03568523,1.050000012,35.09999847,20.60000038,38.94999886,23.2172432,1882.87677,216.7269592,0.25,2450,14.49999809,1.102500025,40.89749927,18.624023,1357.7773,8.4,-5.2699995
9251,424,99.99999998,17.06449486,1.302000046,42.20000076,24.60000038,48.20000077,23.36434269,2628.182129,102.9698181,0.479999989,1100,17.60000038,1.69520412,62.75640322,18.624023,1357.7773,9.9,-6.7699995
9252,424,98.95000076,16.74566958,1.397000015,51.09999847,25.29999924,51.05000115,25.301157,3378.390747,82.37585449,0.389999986,1100,25.79999923,1.951609042,71.31685237,18.624023,1357.7773,11.4,-8.2699995
9254,424,98.20000076,15.63713982,1.814000011,70.5,32.09999847,65.84999848,26.47795391,2368.305909,97.08583069,0.730000019,165,38.40000153,3.29059604,119.451898,18.624023,1357.7773,14.4,-11.2699995
9255,424,99.45000077,14.95534512,2.160499931,86.09999847,38.5,80.40000153,26.77215386,2069.203064,82.37585449,0.879999995,145,47.59999847,4.667759952,173.7041978,18.624023,1357.7773,15.9,-12.7699995
9256,424,98.54999924,15.00439507,2.144999981,75.30000305,36.70000076,78.45000076,25.12954044,2191.786133,99.04716492,0.819999993,200,38.60000229,4.601024918,168.2752501,18.624023,1357.7773,17.4,-14.2699995
9257,424,98.90000153,14.91610504,2.207000018,86.09999847,35.90000153,81.04999924,36.48073769,3378.39087,176.5196838,0.99000001,120,50.19999694,4.870849079,178.8773498,18.624023,1357.7773,18.9,-15.7699995
9258,424,99.23333486,14.74769997,2.276666721,89.19999695,40.59999847,84.79999797,27.67109744,2219.571696,115.7184601,1,200,48.59999848,5.183211359,193.0613333,18.624023,1357.7773,20.4,-17.27
9259,424,99.95000078,14.54822981,2.398999929,91.69999695,44,90.75,41.55567742,3309.744385,124.5444489,1.220000029,110,47.69999695,5.755200659,217.7092436,18.624023,1357.7773,21.8,-18.669998
9260,424,98.44999695,14.56294491,2.352500082,80.5,38.90000153,87,44.86542511,4898.421387,132.3897705,1.049999952,140,41.59999847,5.534256636,204.6675071,18.624023,1357.7773,23.4,-20.27
9261,424,98.70000076,14.7297151,2.263000012,74.80000305,40.90000153,83.70000077,45.84608841,4991.584595,152.9837341,1.110000014,145,33.90000152,5.121169054,189.4131027,18.624023,1357.7773,24.8,-21.669998
9262,424,98.70000076,14.52861006,2.407999993,75.80000305,39.5,89,47.56224823,4207.052734,143.1770935,1.00999999,220,36.30000305,5.798463966,214.3119994,18.624023,1357.7773,26.2,-23.07
9263,424,99.10000229,14.87196032,2.206500054,68,41.5,81.85000229,48.24871637,5256.364258,146.1190796,0.800000012,225,26.5,4.868642488,180.6020345,18.624023,1357.7773,27.7,-24.57
9265,424,96.90000153,18.03078,1.05400002,28.70000076,20.10000038,37.10000038,26.87022114,2593.858765,201.0363159,0.310000002,2100,8.60000038,1.110916042,39.10340114,18.624023,1357.7773,29.2,-26.07
9270,425,100.7000008,18.28583964,0.908499986,26,19.89999962,34.19999886,11.40023041,416.7826157,118.6604691,0.119999997,1800,6.10000038,0.825372225,31.07069849,119.25342,1172.8516,6.3,-4.44
9272,425,101.6000023,16.95658508,1.35650003,45.09999847,25.20000076,51.20000077,20.83913136,2255.529419,75.51119995,0.430000007,520,19.89999771,1.840092331,69.45280258,119.25342,1172.8516,7.8,-5.94
9274,425,98.85000229,17.10863959,1.25850004,48.79999924,23.39999962,46.14999962,30.03286553,4295.3125,96.1051712,0.319999993,1100,25.39999962,1.583822351,58.07977637,119.25342,1172.8516,9.2,-7.3399997
9275,425,98.44999695,16.59361508,1.41049999,52.79999924,25.79999924,51.64999962,25.47277164,2044.686463,95.12450409,0.649999976,435,27,1.989510222,72.85232395,119.25342,1172.8516,10.8,-8.940001
9277,425,98.75,16.73095506,1.36500001,59.5,27.29999924,50.20000076,33.41616059,3623.557129,99.04716492,0.469999999,285,32.20000076,1.863225027,68.52300154,119.25342,1172.8516,12.3,-10.440001
9278,425,98.29999924,16.20121487,1.548500002,57,27.5,56.65000153,26.99280453,2157.462891,101.989151,0.519999981,300,29.5,2.397852256,87.72252748,119.25342,1172.8516,13.8,-11.940001
9279,425,99.54999924,15.73033508,1.771999955,77.69999695,33,65.79999924,29.10123444,2633.085327,104.93116,0.779999971,120,44.69999695,3.139983841,116.5975957,119.25342,1172.8516,15.3,-13.440001
9280,425,99.65000153,14.94553525,2.162499905,84,36.29999924,80.94999695,35.27942276,3677.493653,105.9118195,0.920000017,160,47.70000076,4.676405839,175.0543607,119.25342,1172.8516,16.8,-14.94
9281,425,99.85000229,15.20059489,2.019500017,81,36.29999924,75.70000076,41.28599739,3854.01355,108.8538132,0.850000024,160,44.70000076,4.078380319,152.8761528,119.25342,1172.8516,18.2,-16.34
9282,425,99.80000305,14.99458462,2.169999958,81.5,36.5,80.85000229,37.48591805,4167.826172,115.7184601,1,200,45,4.708899818,175.4445016,119.25342,1172.8516,19.6,-17.74
9283,425,100.7000008,14.73461974,2.350499988,94.69999695,37.5,88.75,44.62025643,4148.212769,123.5637894,1.019999981,180,57.19999695,5.524850194,208.6068739,119.25342,1172.8516,21.1,-19.24
9284,425,100.7999993,14.59237512,2.426499963,98.40000153,45.20000076,92.09999848,48.44484901,4344.345704,125.525116,1.029999971,150,53.20000077,5.88790207,223.4806429,119.25342,1172.8516,22.6,-20.74
9285,425,100.5999985,14.73461975,2.336000085,89,40.79999924,88.29999924,49.64616586,4653.255127,135.3317719,1.039999962,145,48.20000076,5.456896397,206.2688057,119.25342,1172.8516,24.1,-22.24
9286,425,100.5499992,14.78857493,2.274500013,91.59999847,40.59999847,86.34999848,48.00355148,4819.968506,137.2930908,0.930000007,150,51,5.173350309,196.4030727,119.25342,1172.8516,25.6,-23.74
9287,425,99.85000232,15.11230486,2.100999952,80.09999847,35.90000153,78.29999924,49.27841377,4947.454834,139.254425,0.899999976,170,44.19999694,4.414200798,164.5082946,119.25342,1172.8516,27.1,-25.24
9288,425,100.25,14.56785014,2.441000104,83.40000153,41.59999847,92,55.99597168,5933.02295,154.9450684,1.039999962,260,41.80000306,5.958481508,224.5720096,119.25342,1172.8516,28.6,-26.74
9289,425,100.4000016,15.2447402,1.987499953,76.09999847,37.29999924,75.29999924,54.74562265,4976.874756,173.5776978,0.779999971,340,38.79999923,3.950156063,149.658745,119.25342,1172.8516,30.1,-28.24
9290,425,100.5,14.96024977,2.131500006,82.19999695,42.70000076,81.40000153,55.06433678,4501.252198,173.5776978,0.889999986,280,39.49999619,4.543292276,173.5041037,119.25342,1172.8516,31.6,-29.74
9292,425,98.5,15.9265349,1.657999993,63.59999847,31.89999962,60.89999962,60.1392784,6796.008301,205.9396362,0.649999976,450,31.69999885,2.748963977,100.9721989,119.25342,1172.8516,33.3,-31.439999
9293,425,99.35000229,16.2747898,1.54399997,62.79999924,28.10000038,57.10000038,61.63479615,8727.917968,255.9535522,0.660000026,385,34.69999886,2.383935907,88.16239887,119.25342,1172.8516,34.7,-32.84
9294,425,99.40000153,15.95105987,1.66049999,65.90000153,32.90000153,61.70000076,73.67245485,11331.58399,202.016983,0.680000007,320,33,2.757260217,102.4528506,119.25342,1172.8516,36.2,-34.34
9295,425,99.69999693,15.66657003,1.801999987,72.69999695,35.29999924,67.04999924,72.2014618,8021.8396,251.0502319,0.819999993,185,37.39999771,3.247203953,120.8240978,119.25342,1172.8516,37.7,-35.84
9296,425,97.25,16.88300957,1.319000006,49.20000076,25.89999962,47.39999962,31.13611126,2539.922241,290.276825,0.409999996,1400,23.30000114,1.739761016,62.52059978,119.25342,1172.8516,39.2,-37.34
9297,425,97.40000153,16.917345,1.295499981,45.79999924,23.10000038,46.79999924,23.43789387,2343.789307,367.7493591,0.439999998,2300,22.69999886,1.678320201,60.62939813,119.25342,1172.8516,40.6,-38.739998
9308,426,97.95000076,17.66780999,1.091499984,35.90000153,18.79999924,39.64999962,18.55908489,1873.07013,110.8151398,0.349999994,2650,17.10000229,1.191372215,43.27797395,219.90137,1018.7383,9.4,-7.0599995
9309,426,99.26666768,16.74240002,1.34466664,57.09999847,26.70000076,50.06666692,22.47357178,2177.076253,85.31785583,0.460000008,320,30.39999771,1.808128373,67.32297678,219.90137,1018.7383,10.9,-8.559999
9310,426,98.75,16.80453,1.340000033,50.70000076,24.70000076,49.35000039,27.04183674,2961.608155,93.16316986,0.540000021,450,26,1.795600088,66.12900215,219.90137,1018.7383,12.4,-10.059999
9312,426,99,16.32383975,1.679999948,57.70000076,28.29999924,55.70000076,33.02389431,2995.931641,107.8731537,0.50999999,450,29.40000152,2.822399825,93.57599838,219.90137,1018.7383,13.9,-11.559999
9313,426,98.95000077,16.60342496,1.412500024,58.79999924,27.39999962,52.25,26.35537052,2971.414917,105.9118195,0.430000007,700,31.39999962,1.995156318,73.80312625,219.90137,1018.7383,15.4,-13.059999
9314,426,99.75000002,15.60770961,1.82099998,70.40000153,33.5,68,37.26526833,5594.693604,100.0278244,0.810000002,150,36.90000153,3.316040927,123.8279986,219.90137,1018.7383,16.9,-14.559999
9315,426,99.80000305,14.79348016,2.306499958,85.90000153,35.70000076,85.70000077,31.38127804,2853.735107,110.8151398,1.00999999,150,50.20000077,5.319942056,197.6670482,219.90137,1018.7383,18.4,-16.06
9316,426,99.85000229,15.05835026,2.159999967,83.19999695,38.20000076,80.04999924,32.21484566,3579.427246,98.0664978,0.970000029,120,44.99999619,4.665599857,172.9079957,219.90137,1018.7383,19.9,-17.56
9317,426,99.63333384,14.87523008,2.403666655,81.30000305,38.29999924,83.63333384,42.13590496,4158.01945,146.1190796,1.110000014,135,43.00000381,5.777613388,201.0266558,219.90137,1018.7383,21.4,-19.06
9318,426,98.20000076,14.45993978,2.468000054,86.09999847,44.90000153,90.20000076,42.6098938,3481.360596,135.3317719,1.110000014,125,41.19999694,6.091024267,222.6136067,219.90137,1018.7383,22.9,-20.56
9319,426,98.90000153,14.52370483,2.421000004,87.80000305,38.70000076,89.59999848,48.44485092,5099.458008,145.1384125,1.080000043,130,49.10000229,5.861241019,216.9215967,219.90137,1018.7383,24.4,-22.06
9320,426,98.45000077,14.26373996,2.604500056,96.09999847,42.70000076,95.90000153,50.79844476,6261.546142,128.4671021,1.190000057,84,53.39999771,6.783420542,249.7715594,219.90137,1018.7383,25.9,-23.56
9321,426,99.64999771,14.49427521,2.460000038,80.59999847,42.79999924,92,49.94036293,4692.481933,156.9064026,1.100000024,140,37.79999923,6.051600187,226.3200035,219.90137,1018.7383,27.4,-25.06
9322,426,99.09999848,14.4354148,2.485999942,96.5,42,92.45000077,51.16619491,4888.614746,146.1190796,0.970000029,145,54.5,6.180195712,229.8306966,219.90137,1018.7383,28.9,-26.56
9323,426,99.65000153,14.72480987,2.320000053,80.19999695,44.20000076,86.35000229,54.42690468,5638.823487,156.9064026,1.029999971,185,35.99999619,5.382400246,200.3320099,219.90137,1018.7383,30.4,-28.06
9324,426,99.79999922,14.49427521,2.446499944,95.30000305,42.09999847,92.35000229,56.51081848,7560.926758,166.7130585,1.169999957,220,53.20000458,5.985361976,225.9342754,219.90137,1018.7383,31.9,-29.56
9325,426,99.90000152,15.05834967,2.101999998,68.30000305,39.29999924,78.90000153,52.61267471,6031.0896,178.4810333,0.889999986,200,29.00000381,4.418403992,165.8478031,219.90137,1018.7383,33.4,-31.060001
9326,426,99,15.14173506,2.031499982,73.5,39.79999924,75.54999924,54.79465485,4878.80835,188.287674,0.870000005,250,33.70000076,4.126992177,153.4798221,219.90137,1018.7383,34.9,-32.56
9328,426,99,16.2747898,1.568000019,55.90000153,32.09999847,57.35000039,60.31089783,9350.640624,196.1329956,0.589999974,520,23.80000306,2.45862406,89.9248017,219.90137,1018.7383,36.4,-34.06
9329,426,99.45000077,15.99520518,1.681999982,64.40000153,33.59999847,61.95000077,57.49148178,7119.627442,188.287674,0.600000024,320,30.80000306,2.829123939,104.1999002,219.90137,1018.7383,37.8,-35.46
9330,426,99.45000077,15.82843557,1.741999984,65.19999695,31.5,64.44999886,60.18831443,6344.902344,245.1662445,0.769999981,230,33.69999695,3.034563944,112.271897,219.90137,1018.7383,39,-36.66
9333,427,99.35000229,14.21959465,2.748000026,96.40000153,42.09999847,101.0999985,13.06736088,1088.538208,36.28460312,1.169999957,140,54.30000306,7.551504143,277.8227985,320.53906,833.8125,6.6,-5.13
9334,427,99.34999847,14.33731489,2.675999999,100,42.59999847,97.95000079,12.67509461,902.211731,35.30393982,0.899999976,200,57.40000153,7.160975995,262.114202,320.53906,833.8125,8.1,-6.63
9338,427,98.55000305,15.63223518,1.866499961,68.40000153,32.09999847,67.35000229,29.07671738,2451.662476,91.20184326,0.74000001,150,36.30000306,3.483822104,125.7087766,320.53906,833.8125,16,-14.53
9339,427,99,15.28398027,2.002499998,86.90000153,34.79999924,73.59999848,32.70517826,3442.134033,110.8151398,0.949999988,140,52.10000229,4.010006242,147.3839968,320.53906,833.8125,17.5,-16.03
9340,427,98.84999848,14.66104482,2.31949997,96.30000305,42.09999847,85.90000153,39.98661423,4525.768799,93.16316986,0.850000024,180,54.20000458,5.380080111,199.245051,320.53906,833.8125,19,-17.53
9341,427,98.70000077,14.74933485,2.286000014,88.09999847,38,84.14999771,39.47176552,3760.850098,151.0223999,1.139999986,240,50.09999847,5.225796064,192.3668959,320.53906,833.8125,20.5,-19.03
9342,427,98.15000153,14.41088982,2.483999968,93.09999847,42.5,90.95000077,47.0719204,5006.294678,98.0664978,1.039999962,150,50.59999847,6.170255841,225.919799,320.53906,833.8125,22,-20.53
9343,427,98.95000076,14.52861006,2.367999911,99.80000305,43.20000076,88.55000305,25.98762131,3790.270142,136.3124237,1.149999976,240,56.60000229,5.607423578,209.6863993,320.53906,833.8125,23.5,-22.03
9345,427,98.89999771,14.28826552,2.526999951,106.3000031,47.29999924,94.75,40.64856339,6545.938965,154.9450684,1.120000005,200,59.00000386,6.385728752,239.4332454,320.53906,833.8125,26.5,-25.03
9346,427,99.20000076,14.41579505,2.495499969,96.69999695,42.20000076,93.05000305,54.20625498,5447.593994,147.0997467,1.049999952,165,54.49999619,6.227520095,232.2062797,320.53906,833.8125,28,-26.53
9347,427,99.54999924,14.28336029,2.564499975,101.5,49.29999924,96.70000077,56.29016878,7693.316895,148.0804138,1.220000029,260,52.20000076,6.576660122,247.9871496,320.53906,833.8125,29.5,-28.03
9348,427,99.45000076,14.7002849,2.279000044,88,40.90000153,85.64999771,72.61824035,24501.91504,154.9450684,0.949999988,260,47.09999847,5.193841201,195.1963485,320.53906,833.8125,31,-29.53
9349,427,99.5,14.50408508,2.385999918,93.69999695,47.90000153,90.04999924,63.74322318,9120.184082,152.003067,0.930000007,250,45.79999542,5.692995609,214.8592908,320.53906,833.8125,32.5,-31.03
9350,427,99.14999771,14.97496487,2.107999981,88.5,40.20000076,78.75,54.50045396,6021.283204,148.0804138,0.879999995,190,48.29999924,4.44366392,166.0049985,320.53906,833.8125,34,-32.53
9351,427,98.29999924,15.23492974,1.95450002,77.5,43.70000076,72.05000305,56.4372673,5682.953614,199.0749817,0.75999999,600,33.79999924,3.820070328,140.8217324,320.53906,833.8125,35.5,-34.03
9353,427,98.09999848,16.05406501,1.619000018,59.20000076,34.90000153,58.85000038,53.71592521,5123.974365,154.9450684,0.75999999,420,24.29999923,2.621161058,95.27815167,320.53906,833.8125,37,-35.53
9354,427,98.70000077,16.01482493,1.629000008,63.20000076,31.89999962,59.95000077,52.95591163,5437.78711,202.016983,0.660000026,420,31.30000114,2.653641026,97.65855173,320.53906,833.8125,38.5,-37.03
9355,427,98.29999924,15.90691515,1.67049998,63.70000076,34.70000076,61.10000038,52.0978279,5378.947266,191.2296753,0.589999974,320,29,2.790570183,102.0675494,320.53906,833.8125,40,-38.53
9356,427,98.25,15.9559651,1.648500025,66.59999847,30.29999924,60.25,52.14686013,5359.333985,249.0888977,0.709999979,280,36.29999923,2.717552332,99.32212651,320.53906,833.8125,41.4,-39.93
9357,427,97.14999771,15.90691515,1.644999981,66.69999695,29.89999962,59.40000153,64.7238922,5413.270508,228.4949341,0.629999995,250,36.79999733,2.706024937,97.71300139,320.53906,833.8125,42.8,-41.329998
9358,427,97.69999695,15.68128513,1.757499993,65.69999695,31.89999962,63.79999924,68.57300188,5707.469971,286.354187,0.860000014,305,33.79999733,3.088806225,112.1284982,320.53906,833.8125,44.5,-43.03
9359,427,98.70000077,16.11292483,1.579999983,60.90000153,32.40000153,58.20000077,78.52674865,8291.522216,344.2134094,0.850000024,220,28.5,2.496399946,91.95600023,320.53906,833.8125,45.8,-44.329998
9360,427,96.79999924,16.08349463,1.553999961,56.09999847,31.89999962,56.04999924,83.35652543,7423.633789,327.5420837,0.610000014,630,24.19999885,2.414915879,87.10169663,320.53906,833.8125,47.5,-46.03
9361,427,97.34999848,16.2208352,1.48299998,54.59999847,31.60000038,54.19999886,67.66588403,4903.324951,291.2575073,0.519999981,450,22.99999809,2.199288941,80.37859723,320.53906,833.8125,48.8,-47.329998
9362,427,97.54999924,17.03996989,1.24150002,46.20000076,30.60000038,45.14999962,78.01190185,6565.551758,326.5614319,0.449999988,1250,15.60000038,1.5413223,56.05372543,320.53906,833.8125,50.5,-49.03
9363,427,97.04999924,15.23983497,1.708000005,71.40000153,38.20000076,65.10000229,94.38900758,6614.585205,314.793457,0.709999979,160,33.20000077,2.917264017,111.1908042,320.53906,833.8125,51.7,-50.23
9370,428,99.29999924,18.94801517,0.832000017,35.5,22.39999962,30.44999886,14.97965765,647.2388916,101.0084915,0.230000004,795,13.10000038,0.692224028,25.33439957,421.19434,679.7031,4.9,-3.41
9375,428,100.5999985,14.43051015,2.41900003,97.5,45.20000076,88.69999695,16.94098759,1971.136719,39.22660065,0.889999986,83,52.29999924,5.851561145,214.5652953,421.19434,679.7031,8.6,-7.1100006
9376,428,100,14.7689546,2.172500015,92.5,43.5,83.29999924,18.19133568,2554.632264,47.07191849,0.879999995,150,49,4.719756315,180.9692496,421.19434,679.7031,10.1,-8.610001
9377,428,99.25000002,15.97558485,1.677999974,67.5,34,61.75,16.5732379,1559.257263,78.45320129,0.649999976,145,33.5,2.815683913,103.6164984,421.19434,679.7031,11.6,-10.110001
9378,428,100.7999992,16.2895049,1.526499987,64.40000153,31.79999924,57.94999886,25.81600475,2216.302979,78.45320129,0.540000021,200,32.60000229,2.33020221,88.46067251,421.19434,679.7031,13.1,-11.610001
9380,428,101.1000023,18.12397526,1.019500017,33.09999847,16.39999962,38.15000153,18.3384347,1098.344788,125.525116,0.289999992,660,16.69999885,1.039380285,38.89392721,421.19434,679.7031,14.6,-13.110001
9383,428,99.30000305,14.83271965,2.145500064,99.5,41.70000076,81.15000153,46.40997124,4643.448731,122.5831223,0.930000007,140,57.79999924,4.603170525,174.1073335,421.19434,679.7031,20.2,-18.710001
9384,428,100.25,14.82781501,2.25,92.5,38.79999924,84.90000153,51.2397461,5702.566651,117.6798019,0.959999979,120,53.70000076,5.0625,191.0250034,421.19434,679.7031,21.7,-20.210001
9385,428,99.20000076,14.52861006,2.395999909,96.40000153,44,89.60000229,41.75181198,3702.010376,125.525116,1.230000019,150,52.40000153,5.740815564,214.6815973,421.19434,679.7031,23.2,-21.710001
9386,428,99.40000153,14.43050957,2.454500079,97.19999695,42.09999847,92.35000229,50.308115,5918.312989,145.1384125,1.179999948,150,55.09999848,6.024570638,226.6730879,421.19434,679.7031,24.7,-23.210001
9387,428,99.45000077,14.44032003,2.455999971,98.19999695,42.79999924,92.34999848,53.44623948,5648.630371,148.0804138,1.210000038,160,55.39999771,6.031935858,226.8115936,421.19434,679.7031,26.2,-24.710001
9388,428,99.99999999,14.54332516,2.411499977,93.59999847,42.29999924,91.10000229,56.02048873,6060.509277,150.0417328,1.080000043,135,51.29999923,5.815332139,219.6876534,421.19434,679.7031,27.7,-26.210001
9389,428,98.44999695,14.1705447,2.642500043,99.69999695,43.59999847,97.84999849,55.1133728,6707.748536,156.9064026,1.129999995,180,56.09999848,6.982806477,258.5686252,421.19434,679.7031,29.2,-27.710001
9390,428,98.49999746,14.28335971,2.600000063,98.80000305,47.90000153,95,47.15364075,4684.30957,170.6357117,1.080000043,235,50.90000152,6.760000328,247.000006,421.19434,679.7031,30.6,-29.11
9391,428,98.90000153,14.21959465,2.592000008,104.5,49.79999924,96.95000076,51.19071198,5442.69043,168.6743774,1.289999962,230,54.70000076,6.718464041,251.2944027,421.19434,679.7031,32.2,-30.710001
9392,428,98.29999924,14.47956011,2.46999991,93.59999847,42.5,91.34999848,60.041214,8894.631348,176.5196838,1.159999967,230,51.09999847,6.100899555,225.634488,421.19434,679.7031,33.7,-32.21
9393,428,98.70000077,14.60218499,2.355499983,93.30000305,41.29999924,87.09999847,56.3882351,4903.324951,195.1523285,1.110000014,280,52.00000381,5.54838017,205.1640449,421.19434,679.7031,35,-33.51
9395,428,97.89999771,15.29869538,1.959999919,74.5,40.5,71.15000153,59.69798278,6330.192383,188.287674,0.709999979,350,34,3.841599682,139.4539972,421.19434,679.7031,36.6,-35.109997
9397,428,97.25,16.4709902,1.461499989,55.20000076,29.39999962,52.5,66.48908425,7364.794434,240.2629242,0.579999983,460,25.80000114,2.135982218,76.72874942,421.19434,679.7031,38.2,-36.71
9398,428,98,15.55375502,1.863000035,71.19999695,28.79999924,67.39999771,57.12373543,4525.768921,250.0695648,0.579999983,350,42.39999771,3.47076913,125.5661981,421.19434,679.7031,39.5,-38.01
9399,428,99.20000077,16.28460026,1.546500027,62.90000153,30,56.95000077,91.20184325,13915.63575,289.2961731,0.790000021,240,32.90000153,2.391662334,88.07317773,421.19434,679.7031,41.8,-40.309998
9401,429,99.34999848,14.39127007,2.581999898,94.30000305,38.20000076,95.59999849,1.985846639,156.9063988,10.78731441,0.75,180,56.10000229,6.666723473,246.8391863,521.82715,463.96875,3.7,-2.54
9402,429,98.54999924,13.84681478,2.96449995,83.59999847,33.70000076,109.2000008,3.603943825,240.2629242,12.74864388,1,90,49.89999771,8.788259954,323.7233969,521.82715,463.96875,5.2,-4.04
9403,429,101.0999985,14.86215045,2.26699996,86.59999847,37.40000153,86.25,8.016935828,519.7524262,28.43928337,0.779999971,155,49.19999694,5.139288819,195.5287466,521.82715,463.96875,6.5,-5.34
9404,429,101.2999993,14.90138994,2.207000017,78.09999847,33.90000153,84.79999924,8.6543684,892.4051209,22.55529404,0.829999983,130,44.19999694,4.870849075,187.1535998,521.82715,463.96875,8.2,-7.04
9405,429,100.8500023,15.20059489,2.095999956,77.5,30.79999924,78.75,10.39504862,1323.897705,30.40061378,0.829999983,150,46.70000076,4.393215816,165.0599965,521.82715,463.96875,9.7,-8.54
9407,429,100.75,14.92591492,2.263499975,83.30000305,32.5,84.94999695,12.11121273,1470.997437,33.34260941,0.790000021,150,50.80000305,5.123432137,192.284316,521.82715,463.96875,11.2,-10.04
9408,429,101.4500008,16.04915978,1.70450002,71,28.89999962,64.20000076,13.23897696,1588.677246,46.09125519,0.540000021,300,42.10000038,2.905320318,109.4289026,521.82715,463.96875,12.7,-11.54
9410,429,100.8499985,18.21716994,0.99000001,35,24.39999962,37,14.93062449,794.3386536,118.6604691,0.209999993,2500,10.60000038,0.98010002,36.63000037,521.82715,463.96875,14.2,-13.04
9413,429,99.64999773,15.51941958,1.870999992,73.59999847,31.20000076,69.60000229,29.66511536,3329.357788,99.04716492,0.810000002,170,42.39999771,3.50064097,130.2216037,521.82715,463.96875,17.4,-16.24
9414,429,99.89999769,15.68128455,1.827499986,77.69999695,32.79999924,67.75,36.55428696,4202.14917,115.7184601,0.949999988,180,44.89999771,3.339756199,123.8131241,521.82715,463.96875,18.9,-17.74
9415,429,100.3500023,14.69538025,2.332000017,99.30000305,40.29999924,88.29999924,44.44863892,5477.013917,118.6604691,1.320000052,215,59.00000381,5.438224079,205.9155997,521.82715,463.96875,20.4,-19.24
9416,429,100.9000016,14.79348016,2.31099999,101.1999969,43.29999924,87.5,42.19311142,5070.038086,127.4864426,1.090000033,170,57.89999766,5.340720954,202.2124991,521.82715,463.96875,21.9,-20.74
9417,429,100.4000015,14.80329003,2.269999981,93.59999847,39.09999847,85.79999924,49.54809952,6442.968994,142.1964264,1.299999952,140,54.5,5.152899914,194.7659966,521.82715,463.96875,23.4,-22.24
9418,429,100.5999985,14.75424008,2.338500023,106.3000031,40,88.25,57.68761635,4766.03186,138.2737579,1.129999995,170,66.3000031,5.468582358,206.372627,521.82715,463.96875,24.9,-23.74
9419,429,100.5499992,14.44522526,2.498000026,106.0999985,45.5,95.20000076,54.37787438,6359.612549,140.2350922,1.25,150,60.5999985,6.24000413,237.8096044,521.82715,463.96875,26.4,-25.24
9420,429,99.99999998,14.3814602,2.539999962,115.5999985,42.40000153,95.79999924,62.81159403,7712.929688,150.0417328,1.120000005,150,73.19999697,6.451599807,243.3319944,521.82715,463.96875,27.9,-26.74
9421,429,100.0499992,14.37655498,2.565999985,103.5999985,42.20000076,96.5,60.65412903,8551.39868,153.9644012,1.190000057,270,61.39999774,6.584355923,247.6189986,521.82715,463.96875,29.4,-28.24
9422,429,101.3000031,14.41579505,2.50849998,112.3000031,44.70000076,97.09999848,66.07229998,7624.670166,164.751709,1.220000029,190,67.60000234,6.29257215,243.5753442,521.82715,463.96875,30.9,-29.74
9423,429,100.5999985,14.51880019,2.435000062,99.80000305,40.79999924,93,68.03363418,6805.814942,166.7130585,1.190000057,210,59.00000381,5.929225302,226.4550058,521.82715,463.96875,32.4,-31.240002
9424,429,100.7000008,14.42070028,2.516499996,106.0999985,40.70000076,96.25,72.44662858,10860.86426,168.6743774,1.350000024,150,65.39999774,6.33277223,242.2131246,521.82715,463.96875,33.8,-32.64
9425,429,100,14.33241025,2.565000058,103.1999969,44.40000153,97.09999848,62.6399727,7575.636963,176.5196838,1.129999995,200,58.79999537,6.579225298,249.0615017,521.82715,463.96875,35.2,-34.04
9426,429,100.0499992,14.69047502,2.299999953,92.40000153,39.20000076,87.04999924,76.73703765,12503.47803,196.1329956,1.169999957,190,53.20000077,5.289999784,200.2149942,521.82715,463.96875,36.8,-35.64
9428,429,98.85000229,17.27540978,1.241999984,46.29999924,23.60000038,45.14999962,54.67207338,10954.02783,251.0502319,0.360000014,2500,22.69999886,1.54256396,56.07629881,521.82715,463.96875,38.4,-37.24
9430,429,100.6499977,15.88729482,1.725500048,69.90000153,32.59999847,64.85000039,77.4725342,11155.06397,250.0695648,0.790000021,290,37.30000306,2.977350416,111.8986788,521.82715,463.96875,39.8,-38.64
9431,429,100.75,16.23064449,1.564000011,69.5,30.39999962,59.14999962,68.52396772,10179.30298,254.9728851,0.610000014,700,39.10000038,2.446096034,92.51060006,521.82715,463.96875,41.3,-40.14
9432,429,100.25,16.37779494,1.550000012,66.19999695,26.89999962,57.44999886,80.65969088,13484.14356,276.5475159,0.75999999,240,39.29999733,2.402500037,89.04749892,521.82715,463.96875,42.8,-41.64
9433,429,100.9000016,16.07368475,1.643000007,74.80000305,28.60000038,62.04999924,71.9562912,11253.13061,279.489502,0.829999983,190,46.20000267,2.699449023,101.9481492,521.82715,463.96875,44.2,-43.04
9434,429,100.1500016,16.41212978,1.514500022,64.09999847,29.39999962,56.44999886,75.3886223,6550.842041,294.1994934,0.680000007,265,34.69999885,2.293710317,85.49352452,521.82715,463.96875,45.8,-44.64
9436,429,98.35000229,17.27050455,1.198499978,48.09999847,27.79999924,43.79999924,57.61406708,3662.783692,341.2714233,0.419999987,1900,20.29999923,1.436402197,52.49429813,521.82715,463.96875,47.2,-46.04
9458,430,97.40000153,15.64695028,1.749499977,50.09999847,26.10000038,63.60000229,2.623278856,112.7764702,31.38127899,0.300000012,1150,23.99999809,3.06075017,111.2682025,622.49,309.86328,2.7,-1.1600001
9460,430,99.40000153,16.49551517,1.840999991,93.90000153,41.59999847,67.89999864,6.766588331,250.0695782,14.70997524,0.980000019,105,52.30000306,3.389280967,125.0038969,622.49,309.86328,4.2,-2.6599998
9464,430,98.79999924,16.50532505,1.460999966,47,25.29999924,53.70000077,16.05838871,1721.067017,50.9945755,0.629999995,450,21.70000076,2.134520901,78.4556993,622.49,309.86328,9.1,-7.5600004
9465,430,99.00000003,17.04487512,1.291999996,44.59999847,23.89999962,47.39999962,19.34361649,2186.882874,60.80122757,0.469999999,560,20.69999885,1.66926399,61.24079932,622.49,309.86328,10.6,-9.06
9466,430,99.34999848,16.37779494,1.500999987,52.59999847,26.10000038,55.60000039,18.82876778,2255.529419,82.37585449,0.439999998,700,26.49999809,2.253000961,83.45559986,622.49,309.86328,12.1,-10.56
9467,430,98.75,16.52494538,1.437999964,55.59999847,27.10000038,52.80000115,25.59535599,3667.687012,86.29851532,0.50999999,550,28.49999809,2.067843896,75.92639975,622.49,309.86328,13.5,-11.96
9468,430,99.04999924,16.59361449,1.418500006,54.70000076,27,52.39999962,33.36712551,5114.167725,105.9118195,0.50999999,800,27.70000076,2.012142267,74.32939978,622.49,309.86328,15,-13.46
9469,430,98.89999771,16.66719001,1.380500019,55.29999924,27.60000038,50.95000076,42.3156929,4329.635865,147.0997467,0.639999986,390,27.69999886,1.905780302,70.33647702,622.49,309.86328,16.5,-14.96
9471,430,99.25,16.32383975,1.521499992,61.59999847,28.5,56.20000077,36.75042152,4084.469605,142.1964264,0.589999974,450,33.09999847,2.314962226,85.50830072,622.49,309.86328,18.1,-16.560001
9472,430,99.54999924,15.42132026,1.953000009,85.59999847,34.40000153,72.29999924,38.36851883,4393.37915,130.4284515,1.070000052,140,51.19999694,3.814209035,141.2018992,622.49,309.86328,19.5,-17.96
9473,430,100.0499993,14.63652043,2.367500067,95.40000153,40.59999847,89.20000076,44.27702332,6957.818116,149.0610809,1.409999967,115,54.80000306,5.605056567,211.1810078,622.49,309.86328,21,-19.46
9474,430,100.1499977,14.53841993,2.440500021,92.80000305,40.09999847,92.09999848,41.26147843,5084.748047,125.525116,1.220000029,150,52.70000458,5.956040353,224.7700482,622.49,309.86328,22.5,-20.96
9475,430,100.5,14.49427521,2.440999985,107.1999969,42.90000153,93.10000229,53.49527358,7820.803223,152.003067,1.419999957,150,64.29999537,5.958480927,227.2571042,622.49,309.86328,23.9,-22.36
9476,430,100.25,14.45993977,2.467000008,107.8000031,42.59999847,93.95000076,53.44623947,5089.651245,144.1577606,1.139999986,130,65.20000463,6.086089039,231.7746526,622.49,309.86328,25.4,-23.86
9477,430,100.75,14.37164974,2.521999955,101.6999969,46.40000153,96.89999771,54.7701378,5212.234253,149.0610809,1.080000043,130,55.29999537,6.360483773,244.3817899,622.49,309.86328,26.9,-25.36
9478,430,99.85000229,14.28826494,2.555000067,101.9000015,42.20000076,97.14999771,66.1213379,8894.631348,154.9450684,1.190000057,150,59.70000074,6.528025342,248.2182507,622.49,309.86328,28.4,-26.86
9479,430,99.45000077,14.30297946,2.5625,104.4000015,43.79999924,96.29999924,66.31747055,10198.91553,154.9450684,1.220000029,160,60.60000226,6.56640625,246.7687481,622.49,309.86328,29.9,-28.36
9480,430,100.0499993,14.19016503,2.748999954,109,47.29999924,102.9000016,59.08506395,8781.854981,156.9064026,1.289999962,220,61.70000076,7.557000747,282.8720997,622.49,309.86328,31.4,-29.86
9481,430,99.90000153,14.27354983,2.616499901,102.1999969,44.20000076,98.54999924,71.46596528,13091.87745,177.500351,1.230000019,180,57.99999614,6.846071732,257.8560633,622.49,309.86328,32.9,-31.36
9482,430,99.19999695,14.25393009,2.607999921,105,46.59999847,97.45000077,70.24012758,9208.444337,179.4617004,1.340000033,200,58.40000153,6.801663588,254.1495943,622.49,309.86328,34.4,-32.86
9483,430,98.84999847,14.19016503,2.69449997,110.5999985,47.79999924,100.2000008,76.73703768,11120.74073,197.1136627,1.399999976,160,62.79999926,7.260330088,269.9888991,622.49,309.86328,35.9,-34.36
9484,430,99.15000153,14.58747047,2.356999993,94.80000305,39,87.95000077,72.44662095,7629.573486,201.0363159,1.090000033,200,55.80000305,5.555448967,207.2981512,622.49,309.86328,37.5,-35.96
9486,430,96.70000076,16.9026299,1.339000046,54.5,23.60000038,47.5,52.95590973,8860.30786,235.3596039,0.540000021,760,30.89999962,1.792921123,63.60250219,622.49,309.86328,38.9,-37.36
9487,430,99.79999922,16.00501505,1.684499979,65.69999695,31,62.39999962,69.13688278,6693.038575,205.9396362,0.689999998,330,34.69999695,2.837540179,105.112798,622.49,309.86328,40.4,-38.86
9488,430,98.25,16.20121487,1.567499996,62.20000076,30.20000076,57.04999924,57.85923385,7168.661193,275.566864,0.680000007,370,32,2.457056237,89.42587358,622.49,309.86328,41.7,-40.16
9490,431,95.85000229,14.97006023,2.029999972,57.90000153,32.29999924,73.19999886,4.511058808,284.3928375,13.72931004,1.00999999,160,25.60000229,4.120899886,148.5959956,723.14404,124.94141,2.3,-0.5999999
9492,431,100,14.22940511,2.849499941,103,46.09999847,108.6999969,6.129156351,274.5861893,29.41995049,1,130,56.90000153,8.119649914,309.7406348,723.14404,124.94141,3.8,-2.1
9496,431,100,18.56542484,0.939000011,24.79999924,16.89999962,35.44999886,5.148491144,465.815857,217.7076263,0.170000002,2000,7.89999962,0.881721021,33.28754932,723.14404,124.94141,5.3,-3.6000001
9498,431,100,18.643905,0.923500002,24,19.39999962,34.70000076,7.379503968,583.4956513,246.1469116,0.180000007,820,4.60000038,0.852852254,32.04545077,723.14404,124.94141,6.8,-5.1000004
9500,431,97,17.11354482,1.230499983,40.70000076,28.60000038,44.45000077,21.01074696,2064.299805,94.14383698,0.389999986,1500,12.10000038,1.514130208,54.69572519,723.14404,124.94141,8.3,-6.6000004
9502,431,98.44999695,15.80881466,1.708999991,49.79999924,27.60000038,62.75,20.0055666,1936.813294,69.62721252,0.469999999,840,22.19999886,2.920680969,107.2397494,723.14404,124.94141,9.8,-8.1
9503,431,98.25,16.35326996,1.463500023,54.20000076,26,53.85000038,23.33982563,2471.275757,74.53054047,0.639999986,380,28.20000076,2.141832317,78.80947679,723.14404,124.94141,11.3,-9.6
9504,431,97.75,16.11783007,1.558499992,59.90000153,29.79999924,56.85000039,23.41337586,2054.493103,62.76255798,0.689999998,500,30.10000229,2.428922225,88.60072515,723.14404,124.94141,12.8,-11.1
9505,431,98,15.97068021,1.635500014,60.5,30.39999962,59.60000038,23.83015823,2515.405762,90.22117615,0.720000029,360,30.10000038,2.674860296,97.47580146,723.14404,124.94141,14.3,-12.6
9506,431,98.84999848,16.0246348,1.618999958,62.20000076,28.39999962,59.80000115,31.06256294,3128.321167,102.9698181,0.5,540,33.80000114,2.621160864,96.81619935,723.14404,124.94141,15.8,-14.1
9507,431,99.14999771,15.99029995,1.597500027,66.59999847,35.09999847,59.70000077,36.08847046,3079.288086,114.7378006,0.550000012,700,31.5,2.552006336,95.37075284,723.14404,124.94141,17.3,-15.599999
9508,431,98.54999924,16.41212978,1.459499955,55.90000153,30.89999962,53.5,38.73626518,4260.989258,122.5831223,0.689999998,350,25.00000191,2.130140119,78.08324759,723.14404,124.94141,18.8,-17.099998
9509,431,98.80000305,15.26926459,1.935500026,77.80000305,33.59999847,72,37.09365273,3898.143189,102.9698181,0.829999983,210,44.20000458,3.746160351,139.3560019,723.14404,124.94141,20.3,-18.599998
9510,431,99.84999848,14.3961753,2.414999962,102.8000031,47.59999847,92.90000153,37.82915306,4069.759522,111.7958069,1.190000057,140,55.20000463,5.832224816,224.3535002,723.14404,124.94141,21.8,-20.099998
9511,431,99,14.50898973,2.361999989,110.8000031,45.79999924,88.75,58.815382,7207.887695,150.0417328,1.00999999,230,65.00000386,5.579043948,209.627499,723.14404,124.94141,23.3,-21.599998
9512,431,99.79999924,14.22940511,2.558500052,110.4000015,48,97.84999848,58.69280053,6320.385498,145.1384125,1.24000001,170,62.4000015,6.545922516,250.3492262,723.14404,124.94141,24.8,-23.099998
9513,431,99.5,14.27845506,2.449999929,116,51.20000076,94.44999695,55.82435228,6433.162354,155.9257355,1.230000019,190,64.79999924,6.002499652,231.4024858,723.14404,124.94141,26.3,-24.599998
9514,431,98.85000229,14.16073483,2.584500074,112.6999969,47.79999924,97.5,58.10440065,5962.44336,147.0997467,1.210000038,200,64.89999766,6.679640633,251.9887572,723.14404,124.94141,27.8,-26.099998
9515,431,98.89999771,14.23921499,2.513499976,109.1999969,44.59999847,95.09999848,59.08506395,5849.666504,156.9064026,1.149999976,200,64.59999843,6.317682129,239.0338439,723.14404,124.94141,29.3,-27.599998
9516,431,97.79999924,14.01358497,2.598500013,107.6999969,49.70000076,97.70000077,60.80122948,6080.122803,150.0417328,1.129999995,270,57.99999614,6.752202318,253.8734533,723.14404,124.94141,30.8,-29.099998
9517,431,99.35000229,14.10678023,2.641499996,111.8000031,52,100.5,58.91344833,7050.981446,154.9450684,1.24000001,210,59.8000031,6.977522229,265.4707496,723.14404,124.94141,32.3,-30.599998
9518,431,99.10000229,13.98905999,2.58799994,114.1999969,48.09999847,100.6500015,61.29156115,6702.844971,183.3843536,1.169999957,230,66.09999843,6.697743689,260.4821978,723.14404,124.94141,33.8,-32.1
9519,431,98.34999848,14.19016503,2.527999997,109.5,50.29999924,94.95000077,72.1769409,7335.374024,186.3263397,1.200000048,190,59.20000076,6.390783985,240.0336017,723.14404,124.94141,35.3,-33.6
9520,431,99.5,14.52370483,2.381000042,106,43,90.79999924,64.16000748,6492.002198,198.0943298,1.200000048,220,63,5.6691612,216.194802,723.14404,124.94141,36.8,-35.1
9521,431,99.34999847,15.26435995,1.96299994,85.30000305,45.29999924,73.40000153,68.91622925,6354.709229,195.1523285,0.870000005,340,40.00000381,3.853368764,144.0841986,723.14404,124.94141,38.3,-36.6
9524,431,98.25,16.44155999,1.46450001,62.59999847,32.40000153,53.45000077,61.536726,7673.703369,231.4369202,0.589999974,520,30.19999694,2.144760279,78.27752666,723.14404,124.94141,39.8,-38.1
9525,431,97.25,16.11783006,1.547500014,59.79999924,29.79999924,56.19999886,50.50424575,5310.300781,225.5529327,0.569999993,360,30,2.394756293,86.96949902,723.14404,124.94141,41.3,-39.6
9526,431,98.54999924,16.19630964,1.554999948,66,31.89999962,57.05000115,59.13409615,5830.053223,236.340271,0.460000008,430,34.10000038,2.418024838,88.71274882,723.14404,124.94141,42.8,-41.1
9527,431,98.04999924,16.21102474,1.548500002,66.19999695,31.10000038,56.39999962,64.03742028,6418.452393,274.5861816,0.589999974,230,35.09999657,2.397852256,87.33539952,723.14404,124.94141,44.2,-42.5
9528,431,97.15000153,15.9952046,1.619999945,72,31.10000038,58.35000039,72.05435943,6413.549072,272.6248474,0.660000026,240,40.89999962,2.624399822,94.52699742,723.14404,124.94141,45.8,-44.1
9530,431,96.29999924,17.38822479,1.143000007,40.59999847,23.20000076,40.90000153,47.66031837,4172.72937,465.8158569,0.379999995,3400,17.39999771,1.306449016,46.74870204,723.14404,124.94141,47.3,-45.6
9532,431,98.25,17.09882972,1.236000001,52.20000076,26.89999962,45.34999847,75.75637055,6580.261719,334.4067688,0.5,880,25.30000114,1.527696002,56.05259815,723.14404,124.94141,48.8,-47.1
9553,432,99.84999848,15.15154494,1.952000022,75.19999695,36.40000153,74.95000076,21.69721317,2113.333008,71.58854675,0.479999989,280,38.79999542,3.810304086,146.3024031,823.80225,-59.976562,9,-4.19
9555,432,99.89999773,18.5899504,0.911500007,30.10000038,17.10000038,33.60000038,13.63124395,902.2117765,137.2930908,0.239999995,2800,13,0.830832263,30.62640058,823.80225,-59.976562,10.5,-5.69
9557,432,99.20000077,16.30422,1.519499958,57.5,28.60000038,56.25,24.81082439,1500.41742,134.3511047,0.330000013,2350,28.89999962,2.308880122,85.47187264,823.80225,-59.976562,13.7,-8.889999
9558,432,99.05000305,17.21164531,1.228999973,51.09999847,27.60000038,45.35000038,29.78769779,2515.40564,120.6217957,0.430000007,510,23.49999809,1.510440934,55.73514924,823.80225,-59.976562,15.2,-10.389999
9559,432,98.79999924,16.29441013,1.523500026,61,27.20000076,56,32.38646126,2211.399597,173.5776978,0.439999998,1400,33.79999924,2.321052329,85.31600146,823.80225,-59.976562,16.5,-11.690001
9560,432,98.79999924,15.98539472,1.628999949,62.79999924,31.5,60.14999962,31.38127995,2206.496155,148.0804138,0.540000021,470,31.29999924,2.653640834,97.98434631,823.80225,-59.976562,18.2,-13.390001
9561,432,98.79999924,15.79410014,1.692499996,67.09999847,35.20000076,62.80000115,33.34260941,2731.151978,129.4477844,0.75999999,280,31.89999771,2.864556236,106.2890017,823.80225,-59.976562,19.7,-14.890001
9562,432,98.90000153,15.89220004,1.645999968,71.5,35.59999847,61.2499981,36.45622063,2971.414795,142.1964264,0.680000007,200,35.90000153,2.709315895,100.8174949,823.80225,-59.976562,21.2,-16.390001
9563,432,98.25,16.48080007,1.426999986,66.59999847,28.60000038,52.84999847,35.8923378,2554.632203,137.2930908,0.579999983,280,37.99999809,2.03632896,75.41694708,823.80225,-59.976562,22.7,-17.890001
9565,432,100.0500031,15.19568966,1.986999989,80.5,34.59999847,75.30000305,38.61368179,3716.720215,139.254425,0.730000019,150,45.90000153,3.948168956,149.6211052,823.80225,-59.976562,24.2,-19.390001
9566,432,100.2999993,14.47956011,2.39899993,100.1999969,44.59999847,92.20000077,42.46279335,5374.043946,145.1384125,1.190000057,94,55.59999843,5.755200664,221.1877954,823.80225,-59.976562,25.7,-20.890001
9567,432,100.0499993,14.44522467,2.412999988,101,44.79999924,92.54999924,44.6938076,5148.491211,139.254425,1.169999957,125,56.20000076,5.822568942,223.3231471,823.80225,-59.976562,27.2,-22.390001
9568,432,100.0999985,14.33731548,2.486500025,98.09999847,47.59999847,95.39999771,49.2048645,5820.246827,147.0997467,1.220000029,150,50.5,6.182682374,237.2120967,823.80225,-59.976562,28.7,-23.890001
9569,432,99.79999925,14.24411963,2.541999936,103.9000015,49.59999847,97.34999847,52.98042678,6781.29834,154.9450684,1.129999995,150,54.30000303,6.461763675,247.4636899,823.80225,-59.976562,30.2,-25.390001
9570,432,100.2000008,14.14602031,2.618499995,104.8000031,49.5,101.0499993,54.67207338,5467.207032,156.9064026,1.230000019,180,55.3000031,6.856542224,264.5994227,823.80225,-59.976562,31.7,-26.890001
9571,432,100.1500015,14.1165901,2.661999941,118.3000031,48.5,102.4000015,56.3882351,5874.183106,156.9064026,1.159999967,140,69.8000031,7.086243686,272.588798,823.80225,-59.976562,33.2,-28.390001
9572,432,100.1999969,13.98415534,2.697000027,110.1999969,49,105.4000015,46.8267517,5678.050293,145.1384125,0.970000029,190,61.1999969,7.273809146,284.2638069,823.80225,-59.976562,34.7,-29.890001
9573,432,99.59999848,14.32750502,2.450500012,105.1999969,49,93.89999771,57.00115013,5678.050293,168.6743774,1.100000024,160,56.1999969,6.004950309,230.1019455,823.80225,-59.976562,36.2,-31.390001
9574,432,99.34999848,14.09206513,2.636999965,108.9000015,45.90000153,100.6499977,56.5598526,5089.651123,188.287674,1.24000001,190,62.99999997,6.953768815,265.4140404,823.80225,-59.976562,37.7,-32.89
9575,432,99.39999771,14.29317017,2.489499927,107.5,43.79999924,94.85000229,64.11097528,7021.56128,205.9396362,1.070000052,170,63.70000076,6.197609887,236.1290738,823.80225,-59.976562,39.2,-34.39
9576,432,98.79999924,14.36183987,2.396000028,97.30000305,41.90000153,90.94999695,72.02984238,7487.376953,210.8429871,1.25999999,230,55.40000152,5.740816134,217.9161952,823.80225,-59.976562,40.7,-35.89
9578,432,98.85000229,16.54456512,1.43599999,67.40000153,33.90000153,52.85000039,57.85923195,4795.451905,250.0695648,0.50999999,325,33.5,2.062095971,75.89260003,823.80225,-59.976562,42.2,-37.39
9579,432,98.89999771,16.48080007,1.444000006,61.20000076,29.10000038,53.35000039,45.84608841,3461.747559,245.1662445,0.529999971,400,32.10000038,2.085136017,77.03740088,823.80225,-59.976562,43.6,-38.789997
9580,432,99.45000076,16.34346008,1.535000026,63.40000153,33.29999924,56.60000039,56.70695114,4638.545533,247.1275787,0.519999981,390,30.10000229,2.35622508,86.88100207,823.80225,-59.976562,45,-40.19
9581,432,98.60000229,16.0933045,1.624500036,67,35.90000153,59.25,62.10061455,6737.168457,304.006134,0.670000017,335,31.09999847,2.639000367,96.25162713,823.80225,-59.976562,45.9,-41.09
9586,433,95,14.69047444,2.168500066,65,33,76.79999924,8.09048629,362.8460541,132.3897705,0.600000024,600,32,4.702392536,166.5408034,-560.1763,1943.5234,5.4,-2.65
9588,433,97.73333486,16.49715025,1.458000024,47,26,52.63333384,17.78272502,1418.695312,174.5583649,0.375,1320,21,2.12576407,76.739402,-560.1763,1943.5234,8.3,-5.55
9590,433,83.5,18.1141648,0.84649998,70,31,26.10000038,4.363959075,652.1421967,65.7045517,0.644999981,165,39,0.716562216,22.0936498,-560.1763,1943.5234,9.8,-7.05
9592,433,98.5,14.99948984,2.134500027,78,35,78.10000229,36.13750649,2294.755982,112.7764664,0.769999981,100,43,4.556090365,166.704457,-560.1763,1943.5234,15.4,-12.65
9593,433,98.03333282,15.50307018,1.865333358,69,33,67.73333486,31.93698947,3373.48759,153.9644012,0.694999993,200,36,3.479468536,126.345249,-560.1763,1943.5234,17,-14.25
9603,434,100,13.76670051,3.261333386,96,39,123.5999984,2.075740775,127.4864477,21.57462883,1.565000057,95,57,10.63629545,403.1008013,-459.56494,1758.5898,2.3,-0.3599999
9604,434,100,13.52144997,3.523999929,98,45,134.7666677,2.141118606,140.5619837,11.76797962,1.159999967,75,53,12.4185755,474.9177274,-459.56494,1758.5898,3.8,-1.8599999
9605,434,95.75,13.96943966,2.495999932,97,41,92.29999924,3.628460288,137.2930908,19.61330032,0.717999995,170,56,6.230015661,230.3807918,-459.56494,1758.5898,5.2,-3.2599998
9607,434,97.40000153,14.98477474,1.981999994,78,34,73.60000229,8.016935825,411.8792725,27.45862007,1,35,44,3.928323976,145.8752041,-459.56494,1758.5898,6.7,-4.7599998
9610,434,100,16.23064507,1.671500027,41,21,62.79999924,5.369140865,215.7462845,38.24593353,0.644999981,360,20,2.79391234,104.9702004,-459.56494,1758.5898,10,-8.059999
9611,434,95.03333282,15.76140017,1.697666645,49,22,59.90000153,8.531785172,307.2750244,33.34260941,0.349999994,800,27,2.882072038,101.6902346,-459.56494,1758.5898,11.6,-9.66
9613,434,97.3666687,16.04588982,1.603666624,65,30,57.90000026,15.77236176,1565.795084,104.93116,0.540000021,360,35,2.571746641,92.85229795,-459.56494,1758.5898,13,-11.059999
9614,434,95.56666565,16.03608014,1.59133331,64,27,56.06666692,17.472181,1454.653076,89.24051666,0.439999998,540,37,2.532341704,89.22075465,-459.56494,1758.5898,14.5,-12.559999
9615,434,96.36666616,14.72481007,2.234333356,82,34,79.8666687,37.49409103,4540.479004,112.7764664,1.169999957,210,48,4.992245546,178.4487619,-459.56494,1758.5898,15.9,-13.959999
9623,435,99.23333231,13.73727031,3.189333439,80,39,117.4000041,0.947976152,81.72208023,8.825984955,1.210000038,47.5,41,10.17184779,374.4277588,-358.9336,1604.4727,2.3,-2.49
9624,435,94.30000305,12.15949486,4.83100009,122,48,170.4499969,0.66194889,98.06649401,6.864655018,1.340000033,42.5,74,23.33856187,823.4439504,-358.9336,1604.4727,3.8,-3.99
9625,435,94.70000077,12.81676517,3.710499883,111,45,131.75,0.784532011,63.74322129,7.845319748,1.379999995,70,66,13.76780938,488.8583596,-358.9336,1604.4727,5.3,-5.4900002
9626,435,96.13333384,12.91323,3.856666644,109,47,138.399999,1.699819287,140.5619761,9.806650162,1.549999952,53,62,14.8738776,533.7626597,-358.9336,1604.4727,6.8,-6.9900002
9627,435,95.16666667,14.30951976,2.440666676,79,35,86.6666692,4.004382133,254.9728902,39.22660065,1.100000024,170,44,5.956853823,211.5244514,-358.9336,1604.4727,8.4,-8.589999
9628,435,90.83333333,12.65162947,3.634999991,100,44,124.0333354,3.17081674,254.9728902,25.49728775,1.350000024,100,56,13.21322493,450.8611731,-358.9336,1604.4727,9.7,-9.889999
9629,435,92.5,14.15255983,2.401333332,76,37,82.73333232,5.099457741,254.9728902,19.61330032,1.070000052,150,39,5.766401771,198.6703086,-358.9336,1604.4727,11.2,-11.389999
9630,435,93.8666687,15.04527023,1.981333335,69,36,69.0333341,7.38767608,460.9125366,50.0139122,0.524999976,550,33,3.925681784,136.7780461,-358.9336,1604.4727,12.9,-13.089999
9631,435,96.40000153,15.13192519,2.017499924,67,35,71.75,12.35637856,853.1785278,62.76255798,0.460000008,520,32,4.070305943,144.7556195,-358.9336,1604.4727,14.3,-14.49
9640,436,98.25,13.10616025,3.771499992,111,41,138.8499985,1.936813295,132.3897781,10.78731441,1.409999967,53,70,14.22421219,523.6727682,-258.29883,1450.3555,2.2,-2.14
9641,436,99.30000305,13.87133975,3.037999988,117,43,113.7000008,3.530393958,254.9728852,15.6906395,1.200000048,45,74,9.229443927,345.4206011,-258.29883,1450.3555,3.8,-3.74
9642,436,96.65000153,12.71866527,4.134999991,114,41,150.0999985,1.789713562,112.7764702,19.61330032,1.330000043,56,73,17.09822493,620.6634924,-258.29883,1450.3555,5.3,-5.2400002
9644,436,96.16666667,12.80531964,4.017666658,104,40,144.7666677,3.170816739,209.2085266,13.72931004,1.389999986,56,64,16.14164537,581.624214,-258.29883,1450.3555,6.8,-6.7400002
9645,436,95.25,13.85662524,2.594499946,101,45,98.29999922,1.838746905,58.83990097,10.78731441,0.939999998,68,56,6.73142997,255.0393427,-258.29883,1450.3555,8.5,-8.44
9646,436,99.79999924,14.70519013,2.33950007,75,34,87.10000229,6.8891716,294.1994934,23.53595924,0.629999995,165,41,5.473260578,203.7704615,-258.29883,1450.3555,9.7,-9.639999
9653,436,97.94999695,14.59237512,2.23150003,98,45,83.35000229,22.55529404,1667.130493,78.45320129,0.779999971,70,53,4.979592384,185.9955326,-258.29883,1450.3555,15.5,-15.44
9655,436,98.45000076,15.56847012,1.815500021,76,34,66.65000153,19.17200089,789.4353333,73.54987335,0.540000021,260,42,3.296040326,121.0030792,-258.29883,1450.3555,17,-16.94
9656,436,99.60000102,14.36837978,2.625666698,100,42,97.10000102,19.61329969,2137.84965,95.12450409,0.736999989,130,58,6.894125609,254.9522391,-258.29883,1450.3555,18.5,-18.44
9658,436,96.06666565,16.21266021,1.464999994,70,36,52.86666616,35.05877368,1827.305705,97.08583069,0.867999971,160,34,2.146224982,77.44966561,-258.29883,1450.3555,20,-19.94
9664,437,95.34999848,14.67085469,2.16900003,64,35,77.59999848,3.603943825,176.5196991,40.20726395,1.294999957,180,29,4.70456113,168.314399,-157.6914,1234.6094,4.9,-1.6200001
9665,437,98.39999898,14.72153991,2.304666678,70,32,84.93333435,7.126165232,836.8341065,25.49728775,0.685000002,190,38,5.311488497,195.7430255,-157.6914,1234.6094,6.4,-3.1200001
9666,437,100,14.33567981,2.781666676,99,42,106.0333328,10.34601561,1199.680135,34.32327271,0.99000001,95,57,7.737669496,294.9493884,-157.6914,1234.6094,7.9,-4.62
9668,437,100,14.18199004,2.924666643,98,41,110.7333323,12.56885592,1843.650146,40.20726395,0.930000007,80,57,8.553674973,323.8580832,-157.6914,1234.6094,9.4,-6.12
9669,437,100,16.68681034,1.512500048,98,41,57.40000153,12.18476248,1318.994385,70.60787964,0.600000024,230,57,2.287656395,86.81750507,-157.6914,1234.6094,10.9,-7.62
9670,437,99.76666768,17.43890982,1.192333341,55,27,44.26666641,28.48831685,2968.145996,80.41452789,0.400000006,230,28,1.421658796,52.78062226,-157.6914,1234.6094,12.4,-9.12
9671,437,100,16.44155999,1.581500053,57,27,60.30000115,27.21345425,2897.864991,77.47253418,0.63499999,135,30,2.501142418,95.36445501,-157.6914,1234.6094,13.9,-10.62
9673,437,99.69999949,17.08902023,1.295333346,59,29,48.76666641,28.92961629,3023.71696,98.0664978,0.439999998,240,30,1.677888477,63.16908917,-157.6914,1234.6094,15.4,-12.12
9674,437,100,15.79082999,1.768333356,69,31,66.93333181,43.96647898,4497.983236,127.4864426,0.709999979,330,38,3.127002858,118.3604433,-157.6914,1234.6094,16.9,-13.62
9675,437,100,15.28724984,2.017666697,76,35,76,44.39143499,4847.753906,127.4864426,0.829999983,220,41,4.0709789,153.342669,-157.6914,1234.6094,18.4,-15.12
9676,437,100,14.7673201,2.353333314,92,40,89.00000254,44.81638845,3991.306641,127.4864426,1.049999952,160,52,5.538177687,209.4466709,-157.6914,1234.6094,19.9,-16.619999
9677,437,100,14.83926035,2.296000004,86,40,88.19999949,45.7153333,4301.850342,117.6798019,0.99000001,130,46,5.271616018,202.5071992,-157.6914,1234.6094,21.4,-18.119999
9678,437,100,14.95044009,2.189999978,80,37,82.96666463,55.76714707,6596.606445,144.1577606,0.985000014,240,43,4.796099904,181.6969937,-157.6914,1234.6094,22.9,-19.619999
9679,437,99.93333435,15.17279995,2.087333361,79,39,77.96666463,59.67346447,5795.72998,137.2930908,0.976000011,230,40,4.35696056,162.7424201,-157.6914,1234.6094,24.4,-21.119999
9680,437,100,14.78040033,2.337333361,83,40,88.59999847,58.85624185,8067.604004,151.0223999,1.039000034,240,43,5.46312724,207.0877322,-157.6914,1234.6094,25.9,-22.619999
9682,437,99.96666718,15.59136002,1.904333353,65,36,70.93333435,64.102801,9048.268879,166.7130585,0.779999971,290,29,3.626485519,135.0807144,-157.6914,1234.6094,27.4,-24.119999
9684,438,96.40000153,13.7830503,3.134500027,92,43,113.1500015,4.535575628,451.1058807,16.6713047,1.269999981,165,49,9.825090419,354.6686828,-57.04883,1080.4961,2.3,-0.49
9685,438,91.34999847,13.60646966,2.784999967,72,31,94.09999847,4.462025404,166.7130432,21.57462883,0.800000012,92,41,7.756224816,262.0684926,-57.04883,1080.4961,3.8,-1.99
9686,438,99.04999924,14.37655497,2.605000019,80,34,95.5,4.584608793,230.4562683,18.63263512,0.879999995,92,46,6.786025099,248.7775018,-57.04883,1080.4961,5.3,-3.4900002
9688,438,99.90000153,13.94491468,3.082499981,90,37,113.8999977,11.79249573,1470.997498,32.36194611,1.440000057,75,53,9.501806133,351.0967407,-57.04883,1080.4961,6.8,-4.9900002
9690,438,99.65000153,13.99886987,3.000999928,98,40,110.4500008,9.585999968,970.8582766,41.18792725,1.269999981,75,58,9.006000568,331.4604444,-57.04883,1080.4961,8.3,-6.4900002
9691,438,94.40000153,16.99745985,1.234333317,44,27,43.5,8.499096235,549.1723887,59.82056427,0.384000003,920,17,1.523578737,53.69349929,-57.04883,1080.4961,9.8,-7.9900002
9692,438,99.56666565,16.03607975,1.596999963,81,37,62,28.07970683,1964.598836,77.47253418,0.497000009,660,44,2.550408882,99.01399771,-57.04883,1080.4961,11.3,-9.49
9693,438,94.84999848,18.18773973,0.950000018,39,22,33.34999943,11.44926357,1515.12732,93.16316986,0.312999994,660,17,0.902500034,31.68250006,-57.04883,1080.4961,12.8,-10.99
9695,438,99.29999924,15.32321977,2.020500064,81,35,74.95000077,24.24694157,1534.740601,73.54987335,0.860000014,170,46,4.082420509,151.4364814,-57.04883,1080.4961,14.3,-12.49
9696,438,100,15.54884998,1.931333304,77,33,72.53333282,44.09723409,4448.950195,122.5831223,0.762000024,160,44,3.730048331,140.0860413,-57.04883,1080.4961,15.8,-13.99
9697,438,98.86666616,15.21858014,2.042999983,79,35,74.89999898,33.734876,4073.028646,97.08583069,0.889999986,200,44,4.173848931,153.0206966,-57.04883,1080.4961,17.3,-15.49
9698,438,98.96666717,14.99621989,2.15866669,88,39,79.83333333,41.12255033,4344.345785,145.1384125,1.235000014,145,49,4.659841879,172.3335574,-57.04883,1080.4961,18.8,-16.99
9699,438,99.26666514,14.66595005,2.35466663,91,39,87.33333333,52.80880737,4468.563395,156.9064026,1.159999967,95,52,5.544454938,205.6408857,-57.04883,1080.4961,20.3,-18.49
9700,438,99.93333435,14.60381987,2.418666601,88,42,91.16666667,58.67645518,6684.866537,152.9837341,1.179999948,105,46,5.849948127,220.5017718,-57.04883,1080.4961,21.8,-19.99
9701,438,99.63333384,14.74442981,2.318333308,80,38,86.5,64.44603477,8881.55599,152.9837341,1.110000014,135,42,5.374669327,200.5358311,-57.04883,1080.4961,23.3,-21.49
9702,438,100,15.17933987,2.06400005,77,39,77.76666514,55.32585017,4229.935059,172.5970306,0.860000014,200,38,4.260096206,160.5104007,-57.04883,1080.4961,24.8,-22.99
9703,438,100,14.64960006,2.383333365,79,39,89.60000102,68.35234707,7845.319987,177.500351,1.092000008,260,40,5.680277929,213.5466719,-57.04883,1080.4961,26.3,-24.49
9704,438,99.49999746,14.92428003,2.182666699,73,38,81.33333333,65.60648855,7887.81543,196.1329956,0.829999983,240,35,4.764033919,177.5235582,-57.04883,1080.4961,27.8,-25.99
9706,438,97.43333435,16.69661982,1.394333323,53,25,50,70.03582255,8695.229492,210.8429871,0.601000011,400,28,1.944165416,69.71666615,-57.04883,1080.4961,29.3,-27.49
9709,439,99.60000102,17.20347012,1.273000002,65,32,47.73333232,18.86145592,885.8673504,10.78731441,0.920000017,140,33,1.620529005,60.76453214,43.58252,895.5664,2.3,-0.67999995
9712,439,100,15.29378957,2.110999942,60,27,80.29999924,12.13572931,514.8491211,42.16859436,0.867999971,120,33,4.456320755,169.5132937,43.58252,895.5664,6.2,-4.58
9713,439,100,14.41415997,2.580000083,98,44,100.0666682,18.63263512,1346.779907,63.74322128,1.049999952,94,54,6.656400428,258.1720123,43.58252,895.5664,8.2,-6.58
9714,439,99.59999848,16.38760539,1.773999989,43,21,66.59999847,15.00417376,568.7857056,88.25984192,0.181999996,905,22,3.147075961,118.1483966,43.58252,895.5664,9.2,-7.58
9715,439,98.5666682,15.48998996,1.894000014,81,37,69.13333638,31.13611221,2575.880127,101.0084915,0.456,560,44,3.587236053,130.9385401,43.58252,895.5664,10.8,-9.18
9716,439,98.39999898,15.07796981,2.091000001,73,37,76.43333435,42.6098938,2451.662395,153.9644012,0.629999995,620,36,4.372281004,159.8221022,43.58252,895.5664,12.2,-10.58
9717,439,97.45000077,16.0933045,1.515999973,56,29,55.89999962,23.87919235,1260.15448,107.8731537,0.300000012,1650,27,2.298255918,84.74439791,43.58252,895.5664,13.7,-12.08
9718,439,100,16.20939006,1.558666667,61,27,61.39999898,29.74683698,1464.459758,115.7184601,0.455000013,470,34,2.429441779,95.70213176,43.58252,895.5664,15.2,-13.58
9720,439,100,18.44770518,0.901000023,33,18,34.14999962,16.76937103,1230.734558,259.8762207,0.151999995,1600,15,0.811801041,30.76915044,43.58252,895.5664,16.8,-15.179999
9722,439,100,16.86665997,1.330333352,55,27,51.59999847,35.99040349,2497.426839,105.9118195,0.524999976,350,28,1.769786827,68.64519893,43.58252,895.5664,18.2,-16.58
9723,439,100,15.18914994,1.946666678,74,33,76.13333384,51.89352162,6315.482748,142.1964264,0.899999976,160,41,3.789511155,148.2062241,43.58252,895.5664,19.8,-18.179998
9724,439,100,14.80002008,2.195000013,80,37,86.59999847,48.91883723,4556.823405,145.1384125,1.070000052,220,43,4.818025057,190.0869978,43.58252,895.5664,21.3,-19.679998
9725,439,99.16666921,14.51225988,2.48633337,82,36,91.60000102,61.2261823,7681.875814,152.003067,1.100000024,200,46,6.181853627,227.7481392,43.58252,895.5664,22.8,-21.179998
9726,439,99.96666718,14.60054972,2.342666626,78,37,89.50000254,54.73744965,8057.797364,165.7323914,1.149999976,175,41,5.488086921,209.668669,43.58252,895.5664,24.3,-22.679998
9727,439,100,14.79674992,2.240333398,83,37,86.53333283,70.2809906,10453.88867,142.1964264,1.059999943,120,46,5.019093734,193.8635156,43.58252,895.5664,25.8,-24.179998
9728,439,99.60000102,15.01910979,2.152333339,75,37,79.93333435,70.36271158,11460.70475,150.0417328,0.949999988,140,38,4.632538802,172.0431804,43.58252,895.5664,27.3,-25.679998
9729,439,99.8666687,14.59074004,2.446666718,76,39,91.06666819,65.86799877,7815.899902,156.9064026,1.070000052,200,37,5.986178029,222.8097862,43.58252,895.5664,28.8,-27.179998
9730,439,99.56666565,14.89484983,2.221999963,67,36,83.39999898,60.1474533,7632.842285,152.9837341,0.875,220,31,4.937283836,185.3147946,43.58252,895.5664,30.2,-28.58
9731,439,100,14.8359898,2.205666622,67,40,84.23333486,67.66588593,8276.812175,192.2103424,0.899999976,250,27,4.864965247,185.7906552,43.58252,895.5664,31.9,-30.279999
9734,439,97.06666565,16.62795012,1.284333348,47,25,47.46666718,48.86980566,7080.401204,227.514267,0.449999988,1100,22,1.649512149,60.96302358,43.58252,895.5664,33.8,-32.18
9735,439,100,16.23882026,1.515333335,55,32,59.33333206,65.05077617,4851.022786,238.30159,0.61500001,480,23,2.296235116,89.90977595,43.58252,895.5664,35.2,-33.58
9736,439,100,16.15053004,1.53033336,55,29,59.73333359,66.76693982,5717.276855,255.9535522,0.564999998,470,26,2.341920193,91.4119131,43.58252,895.5664,36.3,-34.68
9737,439,98,15.59463017,1.839666645,63,33,66.50000127,65.2142207,4811.796224,258.8955688,0.774999976,270,30,3.384373365,122.3378342,43.58252,895.5664,37.8,-36.18
9738,440,100,13.92692982,2.979333401,90,43,116.2666677,3.040061474,313.8127899,14.70997524,0.985000014,115,47,8.876427514,346.3971665,144.21826,710.6406,2.2,-1.07
9739,440,99.75,14.62670997,2.402999997,65,33,92.45000077,5.320107463,372.6526947,16.6713047,0.649999976,235,32,5.774408986,222.1573516,144.21826,710.6406,3.8,-2.67
9740,440,98.79999924,14.16564005,2.582000017,98,41,97.40000155,6.349805833,490.3324891,18.63263512,0.814999998,98,57,6.666724088,251.4868057,144.21826,710.6406,5.3,-4.17
9741,440,95.75,14.52861006,2.1875,82,34,79.80000305,4.462025881,367.7493592,17.65196991,0.800000012,140,48,4.78515625,174.5625067,144.21826,710.6406,6.8,-5.67
9742,440,97.79999924,14.63651984,2.223500014,86,37,82.60000229,7.20788765,809.048584,45.11058807,0.75,120,49,4.943952312,183.6611062,144.21826,710.6406,8.3,-7.17
9743,440,99.30000051,15.82353034,1.680666685,55,26,63.29999924,11.8006684,1117.958048,28.43928337,0.629999995,215,29,2.824640506,106.3861999,144.21826,710.6406,9.8,-8.67
9744,440,100,15.10413025,2.066666682,78,34,79.39999898,19.17199961,2500.695719,61.78189468,1.110000014,100,44,4.271111174,164.0933324,144.21826,710.6406,11.2,-10.07
9745,440,97.63333384,16.68353999,1.332666715,45,23,49.43333308,9.577827613,411.8792826,48.0525856,0.31400001,1000,22,1.776000573,65.87815761,144.21826,710.6406,12.7,-11.57
9747,440,95.83333333,17.63510963,1.029000004,42,24,37.06666692,13.25532119,601.4745382,58.83990097,0.870000005,62,18,1.058841008,38.14160041,144.21826,710.6406,14.2,-13.07
9748,440,99.66666667,17.74955991,1.041666667,41,22,39.43333308,26.2654775,1104.882568,113.7571335,0.379000008,470,19,1.085069445,41.07638864,144.21826,710.6406,15.8,-14.67
9749,440,100,15.06816013,2.040333351,88,37,81.96666718,41.08986282,3128.321289,103.9504852,0.959999979,300,51,4.162960183,167.2393247,144.21826,710.6406,17.2,-16.070002
9751,440,99.96666718,14.98967958,2.052333276,83,39,79.53333282,39.32466634,1727.277908,122.5831223,0.897000015,185,44,4.212071876,163.2289055,144.21826,710.6406,18.8,-17.67
9752,440,100,14.86869016,2.11499993,87,36,82.43333435,52.80881118,3621.92277,135.3317719,1.126000047,170,51,4.473224704,174.3464964,144.21826,710.6406,20.2,-19.070002
9753,440,100,14.67902988,2.248666763,92,38,88.93333435,65.9824117,5825.149902,144.1577606,1.203999996,120,54,5.056502211,199.9814331,144.21826,710.6406,21.8,-20.67
9754,440,99.96666718,14.95370985,2.104000012,96,42,83.13333384,48.70635986,4112.25529,147.0997467,0.996999979,150,54,4.42681605,174.9125354,144.21826,710.6406,23.6,-22.470001
9755,440,99.53333282,14.58092958,2.272666613,91,45,88.89999898,54.05098598,4638.545166,122.5831223,1.120000005,180,46,5.165013534,202.0400596,144.21826,710.6406,24.8,-23.67
9756,440,99.19999949,14.28989962,2.402666728,94,47,93,63.05675508,6711.017252,151.0223999,1.243000031,190,47,5.772807406,223.4480057,144.21826,710.6406,26.3,-25.17
9757,440,100,14.52206995,2.291666667,88,43,90.63333384,65.50842032,5615.941406,164.751709,1.049999952,230,45,5.251736113,207.7013901,144.21826,710.6406,27.8,-26.67
9758,440,100,14.97332999,2.194333315,86,44,83.36666616,68.15621567,6410.280111,211.8236389,1.029999971,320,42,4.815098697,182.9342529,144.21826,710.6406,29.2,-28.070002
9759,440,100,14.64142507,2.379499913,92,46,90.75,59.79604723,4270.795899,204.9589691,1.330000043,310,46,5.662019836,215.9396171,144.21826,710.6406,30.7,-29.570002
9760,440,99.96666718,15.13029031,2.097333272,69,38,78.70000204,68.89171218,7292.878418,160.8290558,0.879999995,550,31,4.398806854,165.0601328,144.21826,710.6406,32.2,-31.070002
9761,440,99.83333333,15.0943198,2.108666658,75,40,78.80000051,57.77751158,3922.659912,174.5583649,0.779999971,430,35,4.446475075,166.1629337,144.21826,710.6406,33.8,-32.67
9763,440,99.19999949,16.77183022,1.375333309,60,30,50.70000076,66.44005077,7884.546224,219.6689606,0.625,500,30,1.891541711,69.72939981,144.21826,710.6406,35.2,-34.07
9764,440,99.64999771,16.68190453,1.410000026,62,28,52.14999962,64.23355675,3755.9469,210.8429871,0.649999976,510,34,1.988100073,73.53150082,144.21826,710.6406,36.7,-35.57
9765,440,99.3666687,16.25517025,1.563999971,60,29,57.69999949,70.8530426,5818.611979,237.3209381,0.620000005,430,31,2.446095909,90.24279753,144.21826,710.6406,39,-37.87
9766,441,98.69999949,13.64244016,3.163333337,79,40,120.7333349,1.879607876,150.3686294,14.70997524,1.340000033,125,39,10.0066778,381.9197832,244.87158,556.53125,2.3,-1.25
9768,441,98.30000051,13.50182983,3.341666778,104,46,123.1333313,2.239185015,268.0484314,10.78731441,1.169999957,105,58,11.16673686,411.4705625,244.87158,556.53125,3.8,-2.75
9769,441,98.36666616,14.05445993,2.712666591,80,37,100.9999974,4.739880721,493.6013489,20.59396362,0.949999988,72,43,7.358560034,273.9793186,244.87158,556.53125,5.3,-4.25
9770,441,99.84999848,14.28336029,2.595999956,80,34,99,5.736890078,490.332489,15.6906395,0.834999979,115,46,6.739215772,257.0039956,244.87158,556.53125,6.8,-5.75
9771,441,97.59999848,17.91796499,0.966000021,79,34,36.19999886,5.883989813,259.8762284,25.49728775,0.75,120,45,0.933156041,34.96919966,244.87158,556.53125,8.4,-7.3499994
9772,441,100,14.1165901,2.76549995,88,38,106,10.64021492,975.7616577,28.43928337,1.320000052,100,50,7.647989973,293.1429947,244.87158,556.53125,9.9,-8.849999
9773,441,100,14.83272004,2.317000032,80,34,89.46666717,13.10822201,1810.961263,35.30393982,1.070000052,120,46,5.368489148,207.2942707,244.87158,556.53125,11.4,-10.349999
9775,441,98.5,17.40294009,1.124666691,42,20,41.90000025,13.71296533,993.7405191,37.26527023,0.689999998,155,22,1.264875166,47.12353463,244.87158,556.53125,12.9,-11.849999
9776,441,99.60000102,15.64694989,1.797666629,56,29,68.69999949,12.6505785,761.6497804,43.14925766,0.899999976,125,27,3.231605309,123.4996965,244.87158,556.53125,14.4,-13.349999
9777,441,100,16.54293005,1.397666653,45,24,54.13333384,11.13054753,591.667867,68.64654541,0.610000014,600,21,1.953472073,75.66035552,244.87158,556.53125,15.9,-14.849999
9778,441,99.80000051,15.77120985,1.6523333,56,30,63.26666641,17.17798106,1023.160421,66.68521881,0.584999979,250,26,2.730205334,104.5376197,244.87158,556.53125,17.3,-16.25
9779,441,100,17.39313002,1.150999964,41,22,45.10000038,21.18236351,1441.577515,110.8151398,0.344999999,1100,19,1.324800917,51.91009881,244.87158,556.53125,18.9,-17.85
9781,441,100,14.95044009,2.203999996,78,35,83.63333384,48.82077154,3164.278971,121.6024551,0.88499999,220,43,4.857615982,184.3278674,244.87158,556.53125,20.4,-19.35
9782,441,100,14.72153992,2.300333341,87,40,89.33333079,52.84149678,5478.648275,133.3704376,1.018000007,210,47,5.29153348,205.4964393,244.87158,556.53125,21.9,-20.85
9783,441,100,14.81637006,2.23300004,94,40,86.19999949,47.80741755,3556.544922,104.93116,1,170,54,4.986289179,192.4846023,244.87158,556.53125,23.4,-22.35
9784,441,99.83333333,14.4959099,2.381000042,86,39,91.6333313,48.62463887,5200.793457,136.3124237,1.230000019,130,47,5.6691612,218.1789657,244.87158,556.53125,24.9,-23.85
9785,441,99.60000102,14.68557018,2.341666698,90,41,87.46666463,63.38364665,8097.023763,137.2930908,1.100000024,150,49,5.483402925,204.8177757,244.87158,556.53125,26.4,-25.35
9786,441,99.25,14.3961753,2.524499893,89,41,93.95000077,67.29813385,9610.516602,152.003067,1.139999986,150,48,6.37309971,237.1767669,244.87158,556.53125,27.9,-26.85
9787,441,99.56666565,14.4795603,2.500666698,87,39,93,45.8297437,5570.177327,152.003067,1.100000024,180,48,6.253333934,232.5620029,244.87158,556.53125,29.4,-28.35
9788,441,99.83333333,14.38145962,2.497000058,83,40,94.63333384,52.6453654,5338.086263,171.6163635,1,145,43,6.23500929,236.2994401,244.87158,556.53125,30.9,-29.85
9789,441,100,14.82944989,2.234999974,84,45,85.40000152,74.41612753,7913.966471,240.2629242,1.139999986,280,39,4.995224884,190.8690012,244.87158,556.53125,32.5,-31.45
9790,441,99.86666616,14.64632991,2.356333335,86,47,89.23333232,72.24231718,8914.244629,198.0943298,1.125,240,39,5.552306786,210.2634755,244.87158,556.53125,33.8,-32.75
9792,441,100,16.59198,1.389999986,46,29,53.33333333,61.53672663,6907.150391,246.1469116,0.560000002,570,17,1.932099961,74.13333258,244.87158,556.53125,35.3,-34.25
9794,441,100,16.27151984,1.487666646,51,29,57.70000076,77.63597617,9496.105958,235.3596039,0.665000021,290,22,2.21315205,85.8383666,244.87158,556.53125,36.8,-35.75
9795,441,100,16.1309099,1.548666676,51,31,60.06666692,53.36451721,4936.013753,225.5529327,0.610000014,350,20,2.398368473,93.0232454,244.87158,556.53125,38.3,-37.25
9796,441,100,16.06223981,1.599333326,52,31,63.30000051,71.42509842,7672.069335,227.514267,0.589999974,480,21,2.557867088,101.2378004,244.87158,556.53125,40.3,-39.25
9797,442,93.89999771,14.58256466,2.105999947,55,32,75.05000305,1.176797986,63.7432251,10.78731441,0.74000001,225,23,4.435235777,158.0553024,345.51514,371.60547,2.3,-0.87
9798,442,96.43333181,13.29581995,3.254999955,90,43,119.5333328,2.89296174,202.6707611,10.78731441,1.429999948,60,47,10.59502471,389.0809929,345.51514,371.60547,3.9,-2.4700003
9799,442,99.43333435,13.73073001,3.050333341,78,40,115.2000021,3.595771551,189.595225,11.76797962,1.049999952,80,38,9.304533491,351.3984073,345.51514,371.60547,5.4,-3.9700003
9800,442,97.26666514,13.77324004,2.867666642,84,41,105.5999985,5.393657368,258.2417704,20.59396362,1.095000029,80,43,8.22351197,302.8255931,345.51514,371.60547,6.8,-5.3700004
9802,442,100,15.75485987,1.815000017,52,28,70.16666667,6.782932917,330.157196,35.30393982,0.405000001,350,24,3.294225062,127.3525012,345.51514,371.60547,8.4,-6.97
9803,442,99.26666768,16.88954987,1.297666709,45,29,48.5,9.626861095,349.770518,33.34260941,0.314999998,450,16,1.683938888,62.93683539,345.51514,371.60547,9.8,-8.37
9806,442,100,16.17995985,1.606666684,70,34,62.26666768,11.89873473,594.9367625,79.43386078,0.421999991,950,36,2.581377833,100.0417805,345.51514,371.60547,13.8,-12.37
9812,442,100,16.21265982,1.56433332,66,34,60.90000025,36.72590256,2549.728963,125.525116,0.592999995,220,32,2.447138736,95.26789958,345.51514,371.60547,19.7,-18.27
9813,442,100,16.19957999,1.577333331,52,30,60.40000153,21.14967537,1104.882548,128.4671021,0.561999977,240,22,2.487980437,95.27093561,345.51514,371.60547,21.6,-20.17
9815,442,100,14.96351992,2.164333344,88,44,84.56666819,54.63938267,3540.200602,174.5583649,1.004999995,300,44,4.684338824,183.0304598,345.51514,371.60547,22.7,-21.27
9816,442,100,14.76895518,2.282500029,99,49,91.29999924,62.59094048,4942.551514,196.1329956,1.149999976,245,50,5.209806382,208.3922509,345.51514,371.60547,24.3,-22.869999
9817,442,100,14.65286983,2.336999973,103,45,91.73333486,56.42092514,5135.415527,158.8677216,1.090000033,165,58,5.461568874,214.3808011,345.51514,371.60547,25.9,-24.47
9818,442,100,14.71827015,2.297000011,94,44,91.73333231,60.76854068,4282.236979,172.5970306,1.159999967,140,50,5.276209051,210.7114653,345.51514,371.60547,27.8,-26.369999
9819,442,100,14.42070028,2.448999961,104,49,93,59.16678746,6083.391602,188.287674,1.330000043,235,55,5.997600809,227.7569964,345.51514,371.60547,28.8,-27.369999
9820,442,100,14.68230003,2.363333384,97,44,90.26666514,83.02963257,9862.220705,223.5916138,1.320000052,185,53,5.585344684,213.3302232,345.51514,371.60547,30.3,-28.869999
9821,442,99.89999898,14.53841994,2.450999975,97,44,92.70000203,71.75198618,8969.815755,227.514267,1.220000029,200,53,6.007400877,227.2077027,345.51514,371.60547,31.7,-30.27
9822,442,100,14.58092997,2.438999971,101,44,93.16666921,74.85742697,9090.764323,237.3209381,1.309999943,280,57,5.948720859,227.2335035,345.51514,371.60547,33.6,-32.17
9823,442,99.90000153,14.94716993,2.200333277,80,38,82.46666463,70.77132162,7632.842448,222.6109467,0.949999988,280,42,4.84146653,181.4541464,345.51514,371.60547,34.8,-33.37
9825,442,99.96666718,15.84969001,1.799999992,66,31,67.5666682,68.3196602,9022.117838,308.9094849,0.670000017,370,35,3.239999971,121.6200022,345.51514,371.60547,36.7,-35.27
9828,442,100,16.0246348,1.612500012,59,28,62.04999924,74.0402031,8664.174804,274.5861816,0.720000029,320,31,2.600156289,100.0556245,345.51514,371.60547,39.8,-38.37
9829,442,99.39999898,16.17341993,1.611999989,61,30,59.26666641,71.09820812,11140.35384,207.9009705,0.574999988,520,31,2.598543965,95.5378656,345.51514,371.60547,41.4,-39.97
9832,443,99.46666718,14.53187963,2.66200002,79,36,99.86666617,4.429336787,346.5016174,17.65196991,0.519999981,440,43,7.086244106,265.8450673,446.1626,186.6836,5.3,-3.7500002
9834,443,91.13333384,16.05897005,1.519000014,58,31,52.13333257,12.81402222,483.7947184,32.36194611,0.389999986,600,27,2.307361043,79.1905329,446.1626,186.6836,6.8,-5.25
9836,443,98.43333435,14.75751004,2.298999945,84,35,83.76666768,13.05918853,990.471639,33.34260941,0.800000012,150,49,5.285400747,192.5795644,446.1626,186.6836,10.6,-9.05
9837,443,97.90000152,14.30297985,2.63166666,75,32,94.80000051,12.06217893,849.9096883,35.30393982,0.959999979,110,43,6.925669409,249.4820007,446.1626,186.6836,12.1,-10.55
9838,443,96.34999848,15.02892005,2.083499909,65,31,73.90000153,11.22861386,622.7222595,17.65196991,0.970000029,110,34,4.340971871,153.9706465,446.1626,186.6836,13.6,-12.05
9839,443,98.35000229,14.12149475,2.814000011,104,43,102.3499985,19.98104859,2760.571778,51.97524261,1.070000052,115,61,7.918596062,288.0128969,446.1626,186.6836,15.1,-13.55
9840,443,98.79999924,15.11721008,2.00000006,64,31,73.04999924,15.44547319,1686.743896,45.11058807,0.769999981,135,33,4.00000024,146.1000029,446.1626,186.6836,16.5,-14.95
9842,443,97.76666514,16.07205026,1.637999972,63,30,58.86666743,20.0872879,1781.541382,56.87856674,0.545000017,150,33,2.683043908,96.4235996,446.1626,186.6836,18,-16.45
9845,443,99,14.70518993,2.33100001,92.59999847,42,85.96666463,61.61844763,4883.711588,172.5970306,1.100000024,120,50.59999847,5.433561047,200.3882961,446.1626,186.6836,22.6,-21.050001
9846,443,97.66666666,14.33894997,2.505000035,93,44,91.33333334,59.33023072,6171.65153,149.0610809,1.00999999,180,49,6.275025175,228.7900032,446.1626,186.6836,24.4,-22.85
9847,443,99.25,14.27845506,2.472500086,99,45,92.14999771,38.73626709,2333.982666,170.6357117,1.085000038,130,54,6.113256675,227.8408773,446.1626,186.6836,25.7,-24.150002
9848,443,99.04999924,14.37655555,2.50849998,100,46,93.5,65.33680535,4172.729614,166.7130585,1.279999971,90,54,6.29257215,234.5447481,446.1626,186.6836,27.2,-25.650002
9849,443,96.43333435,14.62017025,2.381000042,96,42,89.6333313,69.21860375,7544.58252,193.1910095,1.294999957,130,54,5.6691612,213.4169656,446.1626,186.6836,28.7,-27.150002
9850,443,99.06666819,14.46648008,2.471666654,101,47,92.23333232,61.6184489,5138.68457,191.2296753,1.110000014,180,54,6.109136048,227.9700519,446.1626,186.6836,30.2,-28.650002
9851,443,98.23333232,14.30298024,2.563999971,95,44,94.06666565,71.58854293,8231.047689,211.8236389,1.350000024,140,51,6.574095851,241.186928,446.1626,186.6836,31.7,-30.150002
9852,443,98.93333181,14.32914029,2.534333308,99,43,94.5,69.21860375,6949.645996,238.30159,1.429999948,155,56,6.422845316,239.4944976,446.1626,186.6836,33.3,-31.75
9853,443,99.75,14.42070028,2.528999925,93,42,95.15000153,79.3112793,7899.256348,225.5529327,1.440000057,160,51,6.395840621,240.6343467,446.1626,186.6836,34.6,-33.05
9854,443,99.29999797,14.3749197,2.541999976,100,47,94.73333486,77.96286773,7727.640299,239.2822571,1.49000001,140,53,6.461763878,240.8121349,446.1626,186.6836,36.4,-34.850002
9855,443,99.03333282,14.79348016,2.249666691,78,38,83.39999898,62.51739248,4674.503174,247.1275787,0.879999995,190,40,5.061000221,187.6221997,446.1626,186.6836,37.6,-36.05
9857,443,96.36666616,16.9484099,1.294333339,46,24,45.99999873,62.10877863,7779.942057,299.1028137,0.439999998,1250,22,1.675298792,59.53933195,446.1626,186.6836,39.4,-37.850002
9859,443,97.26666768,16.04589021,1.607666651,60,32,57.89999898,72.32404327,6083.391765,276.5475159,0.629999995,340,28,2.584592061,93.08389745,446.1626,186.6836,40.7,-39.15
9860,443,98.96666717,16.23881987,1.571666678,60,30,57.69999949,85.23612722,7528.238119,277.5281677,0.829999983,220,30,2.470136147,90.68516652,446.1626,186.6836,42.2,-40.65
9861,443,98.43333435,16.43828984,1.49333334,64,31,54.26666641,93.81695048,10538.87923,279.489502,0.839999974,150,33,2.230044464,81.0382222,446.1626,186.6836,43.8,-42.25
9862,444,95.79999924,12.91486449,3.825000048,113,43,136.75,1.716163755,117.6797943,8.825984955,1.360000014,120,70,14.63062537,523.0687566,546.82764,32.57422,2.2,-1.4100001
9863,444,94.70000077,13.31707516,3.226499916,92,40,114.4000016,1.961330056,147.0997467,32.36194611,1.789999962,120,52,10.41030171,369.1115956,546.82764,32.57422,3.8,-3.01
9864,444,97.5,13.36122047,3.403999925,100,39,123.75,2.721345305,259.8762284,15.6906395,1.370000005,80,61,11.58721549,421.2449907,546.82764,32.57422,5.2,-4.41
9865,444,98.75,13.84681536,3.008000016,89,34,110.6500016,4.388475657,357.9427185,14.70997524,1.549999952,85,55,9.048064096,332.8352066,546.82764,32.57422,6.8,-6.01
9867,444,99.03333537,13.99233014,2.93566672,91,36,107.4333344,5.687856833,601.474528,40.20726395,0.589999974,230,55,8.618139091,315.3884644,546.82764,32.57422,8.2,-7.41
9868,444,99.33333333,15.06816013,2.242333293,53,26,82.39999898,5.442690532,372.6526998,18.63263512,0.519999981,250,27,5.028058597,184.7682611,546.82764,32.57422,9.8,-9.01
9869,444,96.16666667,14.4272402,2.435666641,77,32,86.53333282,8.548129718,915.2873128,26.47795486,1.960000038,150,45,5.932471986,210.7663521,546.82764,32.57422,11.3,-10.51
9870,444,100,14.38636485,2.789999962,96,41,106.5999985,9.80665016,608.0122986,28.43928337,1.139999986,100,55,7.784099788,297.4139918,546.82764,32.57422,12.8,-12.01
9871,444,99.93333435,15.29052,2.120333314,86,36,79.73333232,9.855683008,885.8673706,37.26527023,1,100,50,4.495813362,169.0612408,546.82764,32.57422,14.2,-13.41
9872,444,100,15.7450498,1.846999963,96,42,69.70000203,16.83474859,1873.070068,47.07191849,1.059999943,200,54,3.411408863,128.7359012,546.82764,32.57422,15.8,-15.01
9873,444,98.09999847,17.72176517,1.090999961,34,23,39.54999924,28.73348332,1299.381104,125.525116,0.349999994,850,11,1.190280915,43.14904763,546.82764,32.57422,17.3,-16.509998
9878,444,98.34999848,14.84253011,2.206500054,93,38,80.90000153,69.62721253,6418.452392,205.9396362,1.169999957,90,55,4.868642488,178.5058577,546.82764,32.57422,24.5,-23.71
9881,444,99.03333283,14.47301999,2.411666711,97,41,90.36666616,79.76075235,8825.984863,257.9148865,1.25,70,56,5.816136325,217.9342806,546.82764,32.57422,29.1,-28.31
9883,444,99.53333283,14.1623699,2.603666624,103,47,98.13333384,86.95229593,5903.60319,248.1082306,1.389999986,120,56,6.779079889,255.506486,546.82764,32.57422,32.1,-31.309998
9885,444,99.25,14.52370483,2.408499956,94,42,90,89.6082611,9335.930664,264.779541,1.205000043,150,52,5.800872038,216.764996,546.82764,32.57422,35.1,-34.309998
9886,444,98.76666514,14.58092997,2.367333333,88,40,87.73333232,89.81256613,10548.68636,284.3928528,1.190000057,200,48,5.60426711,207.694042,546.82764,32.57422,36.6,-35.809998
9888,444,97.73333232,16.05569989,1.667000015,48,26,59.6666654,110.0796433,17364.30794,274.5861816,0.675000012,480,22,2.77888905,99.46433212,546.82764,32.57422,38.1,-37.309998
9890,444,99.23333486,16.20939005,1.649666667,61,31,60.16666667,73.79503887,4900.055908,282.4315186,0.774999976,260,30,2.721400112,99.25494447,546.82764,32.57422,39.6,-38.809998
9891,444,98.69999949,16.20611991,1.570666671,64,31,57.96666718,100.1095505,11434.55338,284.3928528,0.720000029,260,33,2.466993791,91.04631217,546.82764,32.57422,41.1,-40.309998
9893,445,93.10000229,12.87072035,3.57099998,88,42,124.4500008,0.858081877,63.74322129,6.864655018,0.939999998,80,46,12.75204086,444.4109504,647.48315,-152.34375,2.3,-1.75
9894,445,96.75,12.41455509,4.741999865,109,45,171.5,0.809048653,73.54987335,8.825984955,1.399999976,53,64,22.48656272,813.2529768,647.48315,-152.34375,3.8,-3.25
9895,445,98.43333435,13.27619981,3.704666614,86,41,134.9666697,1.520030697,163.444163,7.845319748,1.529999971,80,45,13.72455472,500.0065152,647.48315,-152.34375,5.3,-4.75
9897,445,98.59999848,13.38084003,3.531333367,100,41,129,1.944985509,199.4018707,10.78731441,1.034999967,130,59,12.47031535,455.5420043,647.48315,-152.34375,6.8,-6.25
9898,445,98.23333232,13.60320028,3.252666632,94,40,118.3666661,3.219850063,310.5439046,12.74864388,1.289999962,100,54,10.57984022,385.0073052,647.48315,-152.34375,8.4,-7.8499994
9899,445,98.76666514,13.8746101,3.015333414,95,42,110.3333308,3.710182667,490.3324687,9.806650162,1.129999995,100,53,9.092235598,332.691779,647.48315,-152.34375,9.9,-9.349999
9900,445,98.60000229,13.96453501,2.92900002,85,38,106.75,3.971693278,343.2327423,19.61330032,1.080000043,140,47,8.579041117,312.6707521,647.48315,-152.34375,11.4,-10.849999
9901,445,99.03333282,14.06099985,2.894333283,91,40,106.9666672,6.243567148,630.8944702,18.63263512,0.944999993,140,51,8.377165153,309.597185,647.48315,-152.34375,12.9,-12.349999
9902,445,100,14.27354984,2.78550005,83,41,103.6500016,8.18855238,657.0455323,26.47795486,1.200000048,150,42,7.759010529,288.7170846,647.48315,-152.34375,14.2,-13.65
9903,445,99.43333435,14.83272004,2.324333271,72,36,85.86666616,12.50347805,1121.226949,35.30393982,0.769999981,280,36,5.402525155,199.582749,647.48315,-152.34375,15.8,-15.25
9904,445,99.33333333,15.60770962,1.887333314,92,40,70.10000102,14.64459674,1131.03363,48.0525856,1.100000024,48,52,3.562027038,132.3020672,647.48315,-152.34375,17.2,-16.650002
9906,445,97.25,15.328125,1.944999993,59,30,69.79999924,12.5770278,1117.958069,38.24593353,0.579999983,280,29,3.783024973,135.760998,647.48315,-152.34375,18.8,-18.25
9909,445,100,14.80982975,2.333666643,92,42,87.83333333,76.3284251,8525.247233,162.79039,1.149999976,94,50,5.446000001,204.9737201,647.48315,-152.34375,22.5,-21.95
9910,445,97.04999924,14.42070028,2.430000067,94,42,87.84999848,57.98181725,6648.908448,152.9837341,1.200000048,140,52,5.904900326,213.4755022,647.48315,-152.34375,24,-23.45
9911,445,98.65000153,14.22449988,2.578999996,103,47,96.25,59.33023453,2863.541748,182.4036865,1.120000005,350,56,6.651240979,248.2287496,647.48315,-152.34375,25.4,-24.85
9912,445,98.5,14.54332516,2.378999949,91,41,87.95000076,51.85266115,2937.091553,201.0363159,1.049999952,280,50,5.659640757,209.2330473,647.48315,-152.34375,26.8,-26.25
9913,445,97.86666616,14.15582999,2.63166666,98,45,96.66666921,65.13249968,4246.279297,224.5722809,1.059999943,200,53,6.925669409,254.3944505,647.48315,-152.34375,28.5,-27.95
9914,445,99.56666819,14.37165033,2.550333341,96,44,96.13333384,78.9435323,8025.108399,251.0502319,1.419999957,180,52,6.50420015,245.1720465,647.48315,-152.34375,30,-29.45
9915,445,100,14.5940098,2.465333303,96,44,94.53333282,90.87495422,7194.812012,289.2961731,1.330000043,190,52,6.077868295,233.0561736,647.48315,-152.34375,31.5,-30.95
9916,445,99.69999949,14.26046981,2.649666627,103,49,100.700002,75.67464702,6449.506673,223.5916138,1.419999957,230,54,7.020733234,266.8214346,647.48315,-152.34375,33,-32.45
9917,445,99.33333333,14.36511002,2.538000027,103,44,95.26666514,60.06572852,5933.023275,227.514267,1.289999962,210,59,6.441444137,241.7867987,647.48315,-152.34375,34.5,-33.95
9918,445,99.26666768,14.48610022,2.468333324,96,42,93.26666768,90.30289968,8384.685384,294.1994934,1.485000014,160,54,6.092669398,230.2132239,647.48315,-152.34375,36,-35.45
9919,445,98.40000153,15.35265017,1.890666684,87,41,70,99.61921945,9930.867512,294.1994934,1,270,46,3.57462051,132.3466679,647.48315,-152.34375,37.5,-36.95
9921,445,98.06666819,16.76528991,1.383333365,57,29,50.40000026,72.56921005,7482.473796,289.2961731,0.519999981,600,28,1.913611199,69.72000196,647.48315,-152.34375,39,-38.45
9923,445,97.83333333,16.31402988,1.518666665,60,29,55,72.81437173,5746.69694,279.489502,0.545000017,540,31,2.306348439,83.52666658,647.48315,-152.34375,40.5,-39.95
9924,445,99.69999949,16.52985022,1.489666661,62,30,55.26666641,99.12888337,11503.20052,279.489502,0.660000026,330,32,2.219106761,82.32891042,647.48315,-152.34375,42,-41.45
9925,445,97.60000102,15.94124961,1.680000027,71,31,61.06666692,102.8881022,11663.37565,318.7161255,0.720000029,210,40,2.822400091,102.5920021,647.48315,-152.34375,43.4,-42.850002
9926,446,96.19999949,12.36386967,4.552666664,125,50,169.9333293,1.487341881,104.6042658,8.825984955,1.529999971,80,75,20.72677375,773.6498034,748.155,-306.45312,2.3,-0.78999996
9934,446,100,15.50634034,1.927000006,86,37,73.03333282,60.3926188,5207.331055,161.8097229,0.805000007,115,49,3.713329023,140.7352328,748.155,-306.45312,21.5,-19.99
9935,446,98.56666819,14.53515017,2.354666631,94,42,87.63333384,68.02546055,8803.102377,152.9837341,1.279999971,110,52,5.544454943,206.347287,748.155,-306.45312,23,-21.49
9936,446,98.83333333,14.48283007,2.408999999,93,38,89.83333588,52.75977707,6465.850911,151.0223999,1.200000048,145,55,5.803280995,216.408506,748.155,-306.45312,24.5,-22.99
9937,446,99.63333384,14.4501301,2.467666626,95,39,92.80000051,70.57519023,9313.048341,156.9064026,1.184999943,115,56,6.089378577,228.9994642,748.155,-306.45312,26,-24.49
9938,446,99.80000051,14.38799992,2.509666681,96,42,95.03333282,68.80999248,8381.416341,172.5970306,1.294999957,150,54,6.29842685,238.501989,748.155,-306.45312,27.5,-25.99
9939,446,99.40000152,14.30297985,2.531000058,100,43,95.53333282,75.756368,8489.289714,174.5583649,1.24000001,110,57,6.405961294,241.7948709,748.155,-306.45312,29,-27.49
9940,446,96.40000153,13.91384998,2.693666696,95,48,98.26666767,74.28536988,7701.488932,190.2490082,1.304999948,75,47,7.255840269,264.69765,748.155,-306.45312,30.5,-28.99
9941,446,96.89999898,13.96944025,2.627000014,99,43,97.20000203,78.25706482,8757.337891,170.6357117,1.159999967,130,56,6.901129074,255.3444067,748.155,-306.45312,32,-30.49
9942,446,98.40000152,14.14929007,2.56099995,99,44,96.29999796,81.67304993,8221.241374,212.804306,1.299999952,90,55,6.558720744,246.62429,748.155,-306.45312,33.5,-31.99
9943,446,97.66666667,14.21141986,2.521333297,93,41,93.33333333,86.13507335,9718.390301,247.1275787,1.309999943,110,52,6.357121595,235.324441,748.155,-306.45312,35,-33.49
9944,446,97.03333283,14.29971009,2.448333343,87,39,89.60000102,93.2448934,10329.67122,299.1028137,1.600000024,90,48,5.994336158,219.37067,748.155,-306.45312,36.5,-34.99
9945,446,97.06666819,14.94063002,2.144666712,62,28,77.03333283,87.11574045,9688.970052,275.566864,1.164999962,165,34,4.599595306,165.2108246,748.155,-306.45312,38,-36.49
9948,446,98.03333283,16.47425996,1.466000001,53,26,53.13333384,73.95848338,6037.627604,220.6496277,0.479999989,540,27,2.149156003,77.89346746,748.155,-306.45312,39.5,-37.99
9949,446,98.13333384,16.17014978,1.575000008,55,28,57.26666641,88.66845703,9894.909506,281.4508362,0.814999998,230,27,2.480625025,90.19500005,748.155,-306.45312,41,-39.49
9950,446,98.56666565,16.14071997,1.584333341,57,27,58,87.9329605,8270.274414,277.5281677,0.63499999,250,30,2.510112135,91.89133378,748.155,-306.45312,43,-41.49
9953,447,100,14.89648471,2.415999949,49,28,94.25000003,5.148491145,348.1360779,21.57462883,0.395000011,350,21,5.837055754,227.7079953,848.8186,-491.3711,3.5,-0.81999993
9955,447,99.20000076,13.99886986,2.796499968,96,40,104.9000016,6.619488478,284.3928452,12.74864388,0.99000001,75,56,7.820412071,293.3528511,848.8186,-491.3711,5.1,-2.4199998
9960,447,100,16.16687963,1.521999995,58,30,58.56666692,45.35575485,5321.741781,126.5057755,0.660000026,400,28,2.316483985,89.13846676,848.8186,-491.3711,18.7,-16.02
9961,447,100,16.33855486,1.483500004,58,27,57.75,50.89651108,6031.089599,142.1964264,0.639999986,310,31,2.200772262,85.67212523,848.8186,-491.3711,20.4,-17.72
9962,447,100,16.26988457,1.539000034,56,29,58.94999886,49.00873375,5629.01709,161.8097229,0.600000024,320,27,2.368521105,90.72405025,848.8186,-491.3711,21.8,-19.119999
9963,447,100,15.39189006,1.948000034,84,37,76.96666718,54.72110748,6106.273926,141.2157593,0.970000029,130,47,3.794704132,149.9310703,848.8186,-491.3711,23.4,-20.72
9964,447,100,14.60055011,2.452333291,97,44,93.3666687,58.98699823,5413.270833,176.5196838,1.179999948,220,53,6.01393857,228.9661899,848.8186,-491.3711,25.2,-22.52
9965,447,100,14.55313504,2.460999966,102,46,94.25,63.35095788,5692.760254,178.4810333,1.139999986,240,56,6.056520833,231.9492468,848.8186,-491.3711,26.4,-23.72
9966,447,99.5,14.12639998,2.735999942,102,51,102.5,63.49806023,6374.32251,119.6411285,0.959999979,230,51,7.485695683,280.4399941,848.8186,-491.3711,27.8,-25.119999
9967,447,99.56666819,14.31606007,2.561666648,95,46,96.80000051,55.35853705,5625.748047,157.8870697,1.059999943,150,49,6.562136015,247.9693328,848.8186,-491.3711,30,-27.32
9968,447,99.93333435,14.1623699,2.656666676,102,46,102.0999984,63.20385868,5962.443197,171.6163635,1.289999962,280,56,7.057877827,271.2456634,848.8186,-491.3711,30.9,-28.22
9969,447,100,14.47302,2.517666658,97,43,96.80000051,77.24371083,9012.311198,210.8429871,1.24000001,220,54,6.338645401,243.7101338,848.8186,-491.3711,32.4,-29.720001
9970,447,100,14.39454023,2.525333325,98,46,97.30000051,79.77709453,8561.205404,182.4036865,1.269999981,190,52,6.377308402,245.7149338,848.8186,-491.3711,33.8,-31.119999
9971,447,99.6333313,14.29643993,2.547000011,97,47,96.46666463,88.25984953,10996.52279,228.4949341,1.210000038,220,50,6.487209056,245.7005959,848.8186,-491.3711,35.5,-32.82
9972,447,99.83333333,14.62671016,2.348666668,90,45,89.26666768,81.72208152,8701.767415,235.3596039,1.190000057,150,45,5.516235117,209.6576469,848.8186,-491.3711,36.9,-34.22
9973,447,99.69999949,14.69538025,2.329333305,86,41,87.86666616,84.01029713,10607.52669,242.2242584,1.100000024,200,45,5.425793646,204.6707519,848.8186,-491.3711,38.4,-35.72
9975,447,99.3666687,17.01707999,1.292333325,49,27,47.73333359,73.38642883,7871.47054,260.8569031,0.409999996,950,22,1.670125423,61.68737771,848.8186,-491.3711,39.5,-36.82
9977,447,100,16.46118013,1.43599999,57,31,56.06666692,86.13507588,10617.33236,274.5861816,0.542999983,470,26,2.062095971,80.51173314,848.8186,-491.3711,42.9,-40.22
9978,447,100,16.66228478,1.394999981,57,27,53.59999847,70.70594023,6560.648926,196.1329956,0.495000005,300,30,1.946024947,74.77199685,848.8186,-491.3711,44.1,-41.42
9980,448,93.43333181,12.5502598,3.970333338,111,46,140.3333333,1.797885815,91.52872721,16.6713047,1.649999976,100,65,15.76354681,557.1701116,949.4866,-676.28516,2.2,-0.03999996
9981,448,99.03333282,14.48283007,2.339333296,85,37,89.66666923,4.837947051,317.0816701,15.6906395,0.526000023,310,48,5.47248027,209.7602249,949.4866,-676.28516,3.8,-1.6399999
9983,448,97.5,14.94063002,1.979500056,83,35,74,6.4478724,382.4593353,21.57462883,0.550000012,280,48,3.918420472,146.4830041,949.4866,-676.28516,5.3,-3.14
9985,448,97.23333486,15.25454988,1.985000014,80,37,74.0333341,6.210878294,353.0393778,23.53595924,0.889999986,160,43,3.940225056,146.9561692,949.4866,-676.28516,6.8,-4.6400003
9986,448,99.03333282,14.13620985,2.577999989,86,40,98.13333128,5.802267712,473.9880676,32.36194611,0.959999979,130,46,6.646083943,252.987727,949.4866,-676.28516,8.3,-6.1400003
9987,448,99.86666616,14.61362994,2.261333307,79,34,88.10000102,7.976075172,853.1785381,30.40061378,0.479999989,330,45,5.113628325,199.2234667,949.4866,-676.28516,9.8,-7.6400003
9988,448,99.5,15.66657003,1.747666637,89,40,67.59999847,15.42912897,732.2298532,46.09125519,0.930000007,150,49,3.054338674,118.142262,949.4866,-676.28516,11.3,-9.14
9992,448,100,15.33956995,1.951999942,74,36,76.46666463,33.06475385,3648.073893,73.54987335,0.569999993,400,38,3.810303774,149.2629249,949.4866,-676.28516,14.3,-12.14
9994,448,100,17.04487453,1.254999995,44,23,47.90000153,29.34640026,2162.366211,89.24051666,0.370000005,1000,21,1.575024987,60.11450168,949.4866,-676.28516,15.8,-13.64
9997,448,99.89999898,15.4801799,1.845666687,78,38,71.06666819,48.03623963,4978.509114,118.6604691,0.889999986,150,40,3.40648552,131.165382,949.4866,-676.28516,20,-17.84
9998,448,99.5,16.17341993,1.55066665,62,31,59.16666794,46.99019623,5704.201335,131.4091034,0.610000014,220,31,2.404567059,91.74777877,949.4866,-676.28516,21.5,-19.34
9999,448,100,15.48998996,1.881333351,79,36,72.06666565,47.52956263,4491.445638,125.525116,0.769999981,120,43,3.539415178,135.5814216,949.4866,-676.28516,23,-20.84
10000,448,100,14.54823,2.37833333,99,44,93.66666667,68.84268445,9626.861001,134.3511047,1.149999976,100,55,5.656469429,222.7705553,949.4866,-676.28516,24.6,-22.44
10001,448,100,14.65941013,2.342333317,96,44,92.10000102,69.18591565,9309.779622,139.254425,1.159999967,95,52,5.486525368,215.7289009,949.4866,-676.28516,26.1,-23.94
10002,448,100,14.46975024,2.444000006,100,46,96.13333383,67.6658821,8603.70101,137.2930908,1.220000029,130,54,5.973136029,234.9498685,949.4866,-676.28516,27.6,-25.44
10003,448,100,14.11168546,2.78549993,107,48,106.5,60.80122948,5751.599854,147.0997467,1.360000014,130,59,7.75900986,296.6557425,949.4866,-676.28516,29.1,-26.94
10004,448,100,14.2539299,2.610333284,104,48,99.23333232,62.02705892,5275.977376,174.5583649,1.279999971,140,56,6.813839854,259.0320702,949.4866,-676.28516,30.6,-28.44
10005,448,100,14.3127903,2.590666612,101,46,100.1000011,76.24670155,8214.703776,208.8816528,1.350000024,100,55,6.711553495,259.3257307,949.4866,-676.28516,32.2,-30.04
10006,448,99.56666565,14.27682018,2.536666552,97,46,98.26666767,74.85742443,8338.921224,232.4175873,1.440000057,140,51,6.434677196,249.2697691,949.4866,-676.28516,33.6,-31.439999
10007,448,99.66666667,14.28008995,2.58466665,96,49,99.46666717,74.44881692,7037.905599,233.3982697,1.470000029,110,47,6.680501692,257.0881774,949.4866,-676.28516,35.2,-33.04
10008,448,100,14.45667001,2.49000001,100,50,95.40000153,81.23175303,9953.749349,235.3596039,1.269999981,130,50,6.20010005,237.5460048,949.4866,-676.28516,36.6,-34.44
10009,448,100,14.56457999,2.400666714,98,49,91.53333283,80.49624888,7969.537272,235.3596039,1.190000057,140,49,5.763200672,219.7410253,949.4866,-676.28516,38,-35.84
10011,448,100,16.67046016,1.357666691,54,29,52.93333308,75.75637057,8374.878906,259.8762207,0.49000001,320,25,1.843258844,71.86582317,949.4866,-676.28516,39.6,-37.44
10013,448,100,17.09556015,1.25999999,47,24,48.90000025,59.41195298,6671.79069,284.3928528,0.524999976,510,23,1.587599975,61.61399983,949.4866,-676.28516,41.1,-38.94
10014,448,100,16.31730003,1.501999974,59,33,58.66666667,68.07449595,4233.203776,264.779541,0.555000007,300,26,2.256003922,88.11733181,949.4866,-676.28516,42.5,-40.34
10015,448,100,16.43502008,1.490999977,57,27,58.19999949,87.52435048,9675.894693,271.6441956,0.730000019,160,30,2.223080931,86.7761979,949.4866,-676.28516,44.1,-41.94
10016,449,97.09999848,14.97006023,2.129000008,128.6000061,49,78.80000115,2.77037859,186.3263397,12.74864388,1.299999952,95,79.6000061,4.532641034,167.7652031,1050.1697,-830.3867,2.3,-0.54999995
10018,449,96.83333333,15.3199502,1.998333375,50,27,71.89999898,2.075740894,91.5287323,46.09125519,0.352999985,360,23,3.993336278,143.6801676,1050.1697,-830.3867,6,-4.25
10019,449,99.59999848,14.84743534,2.385999918,85,34,89.04999924,6.693038703,269.682869,26.47795486,0.75999999,90,51,5.692995609,212.4732909,1050.1697,-830.3867,7.6,-5.85
10021,449,100,14.58420012,2.638000012,96,39,98.79999795,12.91208935,902.2117717,35.30393982,1.080000043,100,57,6.959044063,260.6343958,1050.1697,-830.3867,8.9,-7.1499996
10022,449,97.90000153,16.05569989,1.664666693,48,24,59.83333206,14.17060852,1408.888672,37.26527023,0.310000002,350,24,2.771115199,99.60255501,1050.1697,-830.3867,10.5,-8.75
10024,449,99.19999949,15.0027598,2.209666649,83,36,80.96666717,31.85526721,4236.472738,63.74322128,0.855000019,250,47,4.8826267,178.9093441,1050.1697,-830.3867,13.4,-11.65
10029,449,98.06666565,15.88238998,1.694000006,68,30,61.66666794,31.85526784,1435.039795,127.4864426,0.720000029,120,38,2.86963602,104.4633359,1050.1697,-830.3867,18,-16.25
10031,449,98.40000153,15.73850988,1.812000036,65,32,65.63333257,37.90270106,2510.50232,118.6604691,0.540000021,480,33,3.28334413,118.927601,1050.1697,-830.3867,19.5,-17.75
10032,449,98.53333282,15.32976027,1.987999956,57,28,72.36666616,44.68563334,3465.016195,134.3511047,0.970000029,120,29,3.952143825,143.8649291,1050.1697,-830.3867,21,-19.25
10033,449,98.46666718,15.34611026,1.982333382,59,29,72.23333486,46.58158747,6086.660807,120.6217957,0.689999998,210,30,3.929645637,143.190551,1050.1697,-830.3867,22.5,-20.75
10034,449,98.33333333,14.28662986,2.622999986,91,41,95.66666667,47.67666245,4445.681071,121.6024551,1.389999986,90,50,6.880128927,250.9336653,1050.1697,-830.3867,24,-22.25
10035,449,98.73333231,14.36837978,2.56433328,98,41,94.19999949,59.08506268,7149.047689,142.1964264,1.320000052,70,57,6.575805171,241.5601937,1050.1697,-830.3867,25.5,-23.75
10036,449,98.93333435,14.33240967,2.590666691,92,43,95.63333384,50.56962586,5066.769043,142.1964264,1.389999986,135,49,6.711553904,247.7540925,1050.1697,-830.3867,26.9,-25.15
10037,449,99.10000102,14.04138009,2.802999973,100,47,104.2333323,63.2692337,6635.833008,151.0223999,1.299999952,105,53,7.856808849,292.1660276,1050.1697,-830.3867,28.4,-26.65
10038,449,98.96666718,14.12313002,2.737000068,89,43,101.4666672,54.83551788,6220.684896,139.254425,1.350000024,140,46,7.491169372,277.714275,1050.1697,-830.3867,30,-28.25
10039,449,98.89999898,14.06426961,2.703666687,99,42,101.5,62.63180542,7466.129232,149.0610809,1.159999967,110,57,7.309813554,274.4221687,1050.1697,-830.3867,31.5,-29.75
10040,449,98.83333588,14.21141986,2.588999907,93,42,96.93333435,75.5112025,9907.985025,154.9450684,1.25,120,51,6.702920518,250.9603936,1050.1697,-830.3867,33,-31.25
10041,449,97.875,14.36183987,2.434000015,91,42,90.04999924,85.80818556,12329.4104,168.6743774,1.24000001,115,49,5.924356073,219.1816995,1050.1697,-830.3867,34.5,-32.75
10042,449,95.79999797,14.06754015,2.540333351,92,45,92.06666565,58.56204478,8848.867024,224.5722809,1.179999948,88,47,6.453293534,233.8800213,1050.1697,-830.3867,36,-34.25
10044,449,97.96666463,14.53188002,2.34133331,77,40,86.33333333,84.38621775,10764.43294,230.4562531,1.149999976,100,37,5.481841669,202.1351091,1050.1697,-830.3867,37.5,-35.75
10045,449,95.80000305,17.04650981,1.214999994,39,23,44.13333384,65.62283198,7658.99349,333.4261169,0.370000005,1050,16,1.476224985,53.62200035,1050.1697,-830.3867,39,-37.25
10047,449,97.83333333,16.71623996,1.390333334,49,27,50.16666667,55.60370508,4569.898763,242.2242584,0.550000012,360,22,1.93302678,69.74838893,1050.1697,-830.3867,40.5,-38.75
10048,449,98.13333384,16.42521001,1.488999963,47,26,54,82.75177765,11467.24219,242.2242584,0.629999995,240,21,2.21712089,80.405998,1050.1697,-830.3867,42,-40.25
10049,449,98.4333318,16.15706995,1.603333314,49,28,58.26666641,76.50821177,9571.290364,251.0502319,0.689999998,220,21,2.570677716,93.42088735,1050.1697,-830.3867,43.4,-41.65
10050,450,92.95000077,12.02215488,4.593999863,127,51,165.0999985,1.323897779,44.12992478,14.70997524,1.629999995,52,76,21.10483474,758.4693705,1125.6599,-1015.29297,2.2,0.43000007
10054,450,99.39999771,17.25579003,1.162999988,40,26,42.85000039,26.15923691,1426.867554,102.9698181,0.294,1100,14,1.352568972,49.83454994,1125.6599,-1015.29297,13,-10.37
10055,450,99.79999924,14.35693523,2.6049999,104,44,97.15000153,28.19411755,3358.777588,88.25984192,1.110000014,170,60,6.786024479,253.0757443,1125.6599,-1015.29297,14.2,-11.57
10056,450,100,14.74443021,2.423999945,97,42.59999847,91.90000153,31.57741165,3661.149251,115.7184601,1.059999943,300,54.40000153,5.875775733,222.7655987,1125.6599,-1015.29297,15.7,-13.07
10057,450,100,14.62344001,2.52366662,102,42,94.76666514,31.69182332,4383.572428,87.27918243,1.190000057,130,60,6.368893209,239.1594695,1125.6599,-1015.29297,17.2,-14.570001
10058,450,100,14.58746989,2.499499917,99,42,93.45000077,33.29357529,3819.690186,93.16316986,1.029999971,180,57,6.247499835,233.5782692,1125.6599,-1015.29297,19.1,-16.470001
10059,450,99.43333435,15.74505019,1.785333315,68,33,66.09999848,35.20587222,2497.426798,132.3897705,0.785000026,300,35,3.187415046,118.0105294,1125.6599,-1015.29297,20.2,-17.57
10060,450,98.43333181,15.35264978,1.935333331,75,34,70.83333333,38.47475688,2991.028239,146.1190796,0.810000002,240,41,3.745515102,137.0861109,1125.6599,-1015.29297,21.8,-19.169998
10061,450,100,15.48345005,1.979333321,83,39,74.69999949,34.27424113,2840.659587,140.2350922,0.829999983,260,44,3.917760396,147.8561981,1125.6599,-1015.29297,23.2,-20.57
10062,450,98.03333283,15.24800996,1.984666705,83,35,72.30000305,37.64119212,2693.559896,181.4230194,0.699999988,220,48,3.93890193,143.4914088,1125.6599,-1015.29297,24.8,-22.169998
10063,450,100,14.38799992,2.606333335,104,46,98.33333332,41.18792852,3393.100749,164.751709,1.049999952,135,58,6.792973453,256.2894446,1125.6599,-1015.29297,26.2,-23.57
10064,450,99.16666666,14.21142025,2.664666653,112,47,99.16666666,48.3958168,3903.04655,174.5583649,1.24000001,160,65,7.100448372,264.2461097,1125.6599,-1015.29297,28.2,-25.57
10065,450,99.83333333,14.2604702,2.681333304,111,46,100.4333344,53.52796173,4985.0472,152.003067,1.159999967,110,65,7.189548287,269.2952444,1125.6599,-1015.29297,29.2,-26.57
10066,450,98.90000152,13.9203899,2.864000003,116,48,106.899999,50.37349065,3043.330404,143.1770935,1.139999986,150,68,8.202496017,306.1615975,1125.6599,-1015.29297,30.8,-28.169998
10067,450,100,14.18035516,2.739000082,112,48,104.8000031,56.68243218,4638.54541,147.0997467,1.149999976,99,64,7.502121449,287.0472171,1125.6599,-1015.29297,32.2,-29.57
10068,450,99.83333333,14.09369981,2.77733326,111,49,104.5333354,51.76276653,4174.363932,149.0610809,1.269999981,110,62,7.713580037,290.3239092,1125.6599,-1015.29297,33.8,-31.169998
10069,450,99.5,14.25883473,2.585500002,103,49,97.39999771,49.52358055,1088.538117,190.2490082,1.019999981,160,54,6.68481026,251.8276943,1125.6599,-1015.29297,35.6,-32.969997
10070,450,100,14.32259999,2.622666677,97,45,99.80000053,54.01829655,2961.608236,182.4036865,1.039999962,130,52,6.878380499,261.7421358,1125.6599,-1015.29297,36.7,-34.07
10071,450,99,14.55477031,2.367666642,97,42,88.39999898,59.41195425,3870.357747,219.6689606,1.049999952,130,55,5.605845328,209.3017287,1125.6599,-1015.29297,38.2,-35.57
10072,450,99.19999949,15.11067017,2.051333308,91,41,76.53333282,78.53492228,8783.489258,231.4369202,0.930000007,140,50,4.207968341,156.9953748,1125.6599,-1015.29297,39.8,-37.17
10074,450,99.13333384,17.24270962,1.244666656,43,25,45.5,54.01829783,5181.17985,290.276825,0.419999987,1900,18,1.549195085,56.63233285,1125.6599,-1015.29297,41.3,-38.67
10076,450,99.06666819,16.8110701,1.386666656,52,26,50.56666692,67.2572721,5406.73291,264.779541,0.514999986,280,26,1.922844415,70.11911092,1125.6599,-1015.29297,42.8,-40.17
10077,450,98.16666412,16.66065009,1.414333343,54,28,51.20000076,75.75637055,7341.911946,298.1221619,0.495000005,400,26,2.000338805,72.41386824,1125.6599,-1015.29297,44.3,-41.67
10078,450,98.80000051,16.50041962,1.492666682,59,29,54.06666692,81.73842622,9561.484048,279.489502,0.610000014,160,30,2.228053824,80.70351232,1125.6599,-1015.29297,45.5,-42.87
10082,451,99.75,16.61323541,1.398999989,64,30,52.5,10.12536621,348.1360779,29.41995049,0.35800001,400,34,1.957200969,73.44749942,1251.5254,-1200.2148,5.8,-1.5
10084,451,98.06666565,13.76670012,2.793000062,121,50,106.4666672,6.94637696,339.9638468,19.61330032,0.75,130,71,7.800849346,297.3614081,1251.5254,-1200.2148,7.2,-2.8999996
10085,451,99.34999848,13.90076996,2.930499911,99,40,109.6000023,8.06596923,809.0486145,26.47795486,0.75,110,59,8.587829728,321.182797,1251.5254,-1200.2148,8.9,-4.5999994
10087,451,100,15.63059991,1.910999973,66,28,72.60000229,10.24794897,728.9609375,43.14925766,0.619000018,160,38,3.651920897,138.7386024,1251.5254,-1200.2148,10.4,-6.0999994
10088,451,100,14.37655498,2.637500048,95,38,101.2999993,17.97068596,1564.160706,60.80122757,1.034999967,130,57,6.956406503,267.178753,1251.5254,-1200.2148,11.9,-7.5999994
10094,451,97.75,16.23554972,1.513000012,49,23,55.34999847,25.52180481,1461.190735,87.27918243,0.485000014,500,26,2.289169036,83.74454835,1251.5254,-1200.2148,18.5,-14.2
10096,451,98.15000153,15.11230544,1.947000027,68,33,72.75,39.12853241,1927.006714,141.2157593,1.225000024,270,35,3.790809105,141.644252,1251.5254,-1200.2148,20.1,-15.8
10097,451,100,15.65675996,1.776333332,68,30,67.60000102,31.7081693,1595.214966,104.93116,0.611000001,300,38,3.155360106,120.0801351,1251.5254,-1200.2148,21.2,-16.900002
10098,451,99.73333232,15.54884998,1.824666699,68,30,68.63333384,32.99937821,2222.840658,101.989151,1.070000052,120,38,3.329408562,125.2329587,1251.5254,-1200.2148,23.1,-18.8
10099,451,99.53333537,15.49980042,1.904000004,64,28,70.63333384,32.57442156,922.8057862,97.08583069,0.800000012,220,36,3.625216015,134.4858679,1251.5254,-1200.2148,24.6,-20.3
10102,451,100,14.37492009,2.55766662,97,40,99.96666719,33.70218595,1575.601746,86.29851532,1.059999943,130,57,6.541658539,255.6814078,1251.5254,-1200.2148,27.6,-23.3
10104,451,100,14.30297985,2.575666746,97,40,101.3333334,39.03046417,2608.568889,110.8151398,1.065000057,170,57,6.634059186,261.0008971,1251.5254,-1200.2148,30.6,-26.3
10105,451,99.70000077,14.11658952,2.817999959,109,48,105.5499993,45.13510323,5344.624267,130.4284515,1.379999995,130,61,7.941123769,297.4398937,1251.5254,-1200.2148,32.2,-27.900002
10106,451,100,14.40434991,2.615666628,100,44,100.3333308,45.45382055,4311.656983,132.3897705,1.200000048,180,56,6.841711909,262.438545,1251.5254,-1200.2148,33.7,-29.400002
10107,451,100,14.0184902,2.735500097,103,46,108.6000023,50.38166237,4913.131592,142.1964264,1.200000048,120,57,7.482960781,297.0753168,1251.5254,-1200.2148,35.2,-30.900002
10108,451,100,14.1100498,2.82066671,96,41,106.7333323,54.16539637,5256.364258,141.2157593,1.320000052,100,55,7.956160689,301.0591573,1251.5254,-1200.2148,36.6,-32.3
10109,451,100,14.19506968,2.717000008,95,47,103.6499977,60.7276783,7688.413331,161.8097229,1.149999976,140,48,7.382089043,281.6170446,1251.5254,-1200.2148,38.2,-33.9
10110,451,100,14.29317017,2.639666637,89,46,101.399999,64.70754115,7322.29834,176.5196838,1.159999967,110,43,6.967839954,267.6621944,1251.5254,-1200.2148,39.5,-35.2
10112,451,100,14.66595005,2.36650002,78,39,90.04999924,73.77052308,9463.416992,215.7463074,1.11500001,130,39,5.600322345,213.103325,1251.5254,-1200.2148,41.2,-36.9
10113,451,100,17.39639978,1.170000037,39,24,44.83333333,57.35255814,5449.22819,304.006134,0.342000008,1400,15,1.368900087,52.45500165,1251.5254,-1200.2148,42.7,-38.4
10114,451,100,17.34408007,1.170666695,47,24,45.59999974,63.18751145,6122.61849,205.9396362,0.513999999,550,23,1.370460511,53.38240099,1251.5254,-1200.2148,44,-39.7
10115,451,99.83333333,16.67372992,1.378666639,48,25,52.20000076,69.70893605,7802.824219,240.2629242,0.529999971,400,23,1.900721701,71.9663996,1251.5254,-1200.2148,45.7,-41.4
10116,451,100,16.67045977,1.517999967,52,25,54.46666717,70.46077982,7047.712402,235.3596039,0.389999986,680,27,2.3043239,82.68039897,1251.5254,-1200.2148,48,-43.7
10329,464,101,15.44094,1.926500022,75.90000153,38,73.15000153,39.64338112,3133.22461,124.5444489,0.74000001,290,37.90000153,3.711402335,140.9234796,-1265.9307,680.59766,12.9,-12.12
10330,464,100.5499992,15.70581011,1.802000046,80,43.40000153,67.75,42.16859245,3618.653687,135.3317719,0.819999993,230,36.59999847,3.247204166,122.0855031,-1265.9307,680.59766,14.5,-13.72
10331,464,99.5,15.20059489,2,81.5,37.5,74.84999848,52.75977517,7031.368164,136.3124237,0.879999995,221,44,4,149.699997,-1265.9307,680.59766,16,-15.22
10332,464,100.6499977,15.36736449,1.960000038,78.19999695,41.09999847,73.95000076,54.96627235,5016.101318,150.0417328,0.899999976,336,37.09999848,3.841600149,144.9420043,-1265.9307,680.59766,17.5,-16.72
10333,464,100.75,14.91119981,2.236500025,86.59999847,42.40000153,84.45000076,52.24492647,4913.131592,153.9644012,0.910000026,272,44.19999694,5.001932362,188.8724288,-1265.9307,680.59766,19,-18.22
10335,464,99.95000079,15.84315009,1.737499952,69,35.09999847,64.75,56.82953262,6168.382813,177.500351,0.639999986,848,33.90000153,3.018906083,112.5031219,-1265.9307,680.59766,20.5,-19.72
10336,464,99.59999849,15.68618977,1.789499998,71.69999695,39.09999847,66.54999924,67.6168518,7134.337647,219.6689606,0.620000005,643,32.59999848,3.202310243,119.0912235,-1265.9307,680.59766,22,-21.22
10337,464,99.09999848,16.22573985,1.563999951,59.90000153,32.20000076,57.60000038,71.04917528,10301.88574,236.340271,0.610000014,698,27.70000077,2.446095847,90.08639777,-1265.9307,680.59766,23.5,-22.72
10362,466,100,17.57297985,1.120000045,44,23,42.86666743,42.85505931,3733.064535,161.8097229,0.379999995,537,21,1.254400101,48.01066945,-83.271484,-1045.5977,13,-12.56
10363,466,100,16.85684991,1.314333359,54,27,49.83333333,46.99019623,4373.765706,171.6163635,0.519999981,378,27,1.727472179,65.49761239,-83.271484,-1045.5977,14.5,-14.06
10364,466,100,16.14071997,1.551000039,64,29,60.13333257,44.21164449,3281.958822,127.4864426,0.649999976,181,35,2.405601121,93.26680116,-83.271484,-1045.5977,16,-15.56
10365,466,99.89999898,15.54557983,1.81100003,73,34,69.5,44.50584412,4030.533285,171.6163635,0.639999986,258,39,3.279721109,125.8645021,-83.271484,-1045.5977,17.5,-17.06
10366,466,99.16666667,14.98314006,2.052333355,86,37,78.69999949,50.50424576,3595.771566,176.5196838,0.959999979,271,49,4.2120722,161.518634,-83.271484,-1045.5977,19,-18.56
10367,466,100,15.07796981,2.036333322,86,40,78.73333232,48.98421733,3870.357829,161.8097229,0.910000026,170,46,4.146653398,160.3273082,-83.271484,-1045.5977,20.4,-19.96
10368,466,100,14.88503976,2.159666697,94,41,84.29999796,58.44763438,5615.941406,191.2296753,1.019999981,237,53,4.664160242,182.0598982,-83.271484,-1045.5977,22,-21.56
10369,466,100,14.73134959,2.220666726,97,41,86.43333435,71.04917908,7554.389486,199.0749817,1.100000024,263,56,4.931360708,191.9396296,-83.271484,-1045.5977,23.5,-23.06
10370,466,100,14.52533971,2.347333352,106,47,93,65.01808802,4063.221924,215.7463074,1.159999967,265,59,5.509973865,218.3020017,-83.271484,-1045.5977,25,-24.56
10371,466,100,14.6692202,2.278333346,99,42,89.63333384,64.6585083,7956.461914,210.8429871,1.25999999,220,57,5.190802835,204.2146134,-83.271484,-1045.5977,26.4,-25.96
10372,466,100,14.53841993,2.347666661,104,46,91.69999949,66.89769617,6080.122721,215.7463074,1.360000014,289,58,5.511538751,215.2810316,-83.271484,-1045.5977,27.9,-27.46
10373,466,100,14.63325047,2.253000021,104,44,88.66666667,82.04897053,9293.435222,225.5529327,1.25999999,328,60,5.076009095,199.7660019,-83.271484,-1045.5977,29.4,-28.96
10374,466,100,14.68230003,2.266000032,96,43,88.93333435,77.1946818,6894.074707,232.4175873,1.25999999,260,53,5.134756145,201.5229385,-83.271484,-1045.5977,30.9,-30.46
10375,466,100,14.55149977,2.302666664,97,42,89.86666616,76.90047962,5798.998861,250.0695648,1.120000005,336,55,5.302273765,206.9329764,-83.271484,-1045.5977,32.5,-32.06
10376,466,100,15.09104964,2.011666655,84,40,78.73333232,74.4978485,5236.751139,294.1994934,0.899999976,299,44,4.046802731,158.3852193,-83.271484,-1045.5977,34,-33.56
10378,466,98.83333333,17.38986026,1.144333323,51,24,42.43333308,64.18452327,8097.0236,254.9728851,0.379999995,944,27,1.309498754,48.55787705,-83.271484,-1045.5977,35.5,-35.06
10379,466,98.83333333,16.50369016,1.422666629,50,32,52.73333359,53.08666356,4870.636068,313.8128052,0.430000007,977,18,2.023980337,75.02195393,-83.271484,-1045.5977,36.9,-36.460003
10572,474,97.80000305,17.01054027,1.323000014,47.70000076,26.70000076,47.44999886,25.10502434,2132.946289,117.6798019,0.444999993,823,21,1.750329037,62.77634916,-1165.3765,403.21484,10,-7.85
10574,474,98.25,18.49675513,0.923999995,35.09999847,26,33.35000038,29.10123348,3152.837891,284.3928528,0.275999993,3460,9.09999847,0.853775991,30.81540018,-1165.3765,403.21484,12.8,-10.65
10576,474,97.90000153,17.1675,1.245000005,49,27.89999962,44.95000077,27.94895172,2843.928345,176.5196838,0.372000009,1950,21.10000038,1.550025012,55.96275118,-1165.3765,403.21484,15.9,-13.75
10581,475,99.5,15.95105987,1.722000003,55.79999924,25.79999924,63.39999962,5.320107699,250.0695648,17.65196991,0.731000006,173,30,2.96528401,109.1747995,-1039.4492,433.95312,4.6,-1.73
10585,475,99.14999771,16.78490967,1.422500015,54.40000153,27.39999962,51.60000038,28.58638477,2309.466065,87.27918243,0.640999973,193,27.00000191,2.023506293,73.40100131,-1039.4492,433.95312,11.1,-8.2300005
10587,475,97.70000076,17.91796499,1.057500005,40.5,25.60000038,37.95000076,35.54910564,3187.161133,132.3897705,0.381999999,981,14.89999962,1.118306261,40.13212599,-1039.4492,433.95312,14.1,-11.2300005
10590,475,97,15.96087033,1.673000038,67.80000305,32.09999847,59.60000039,38.24593544,3275.421021,147.0997467,0.657999992,473,35.70000458,2.798929127,99.71080292,-1039.4492,433.95312,17,-14.13
10600,476,98.29999924,16.51022969,1.474500001,58.29999924,26.5,53.34999847,37.58398438,2780.185181,132.3897705,0.497999996,387,31.79999924,2.174150253,78.6645728,-963.8862,464.72266,12.9,-8.86
10602,476,96.29999924,17.54518511,1.126499951,42.20000076,26.5,39.89999962,43.51700783,4339.442505,176.5196838,0.286000013,3250,15.70000076,1.26900214,44.94734762,-963.8862,464.72266,15.9,-11.86
10604,476,96.5,15.35265056,1.896499992,76.5,34.5,67.65000153,56.2656517,4412.992432,171.6163635,0.625,316,42,3.59671222,128.2982274,-963.8862,464.72266,18.9,-14.86
10612,477,98.46666718,17.33754015,1.222000003,44.70000076,28.5,44.29999924,40.30533091,3955.348796,343.2327271,0.331999987,2110,16.20000076,1.493284007,54.1345992,-812.7793,495.4453,17.3,-11.429999
10614,477,96.86666616,15.57501004,1.80066669,73.5,40.09999847,64.56666565,48.54291661,3543.469401,142.1964264,0.787,277,33.40000153,3.242400528,116.2630441,-812.7793,495.4453,20.3,-14.429999
10618,478,97.44999695,14.55803968,2.42050004,99.40000153,48.90000153,86.79999924,10.27246523,769.8220215,30.40061378,1.003000021,105,50.5,5.858820444,210.0994016,-712.01855,557.0156,8.6,-2.8100004
10620,478,97.09999848,14.11168487,2.746000052,114.8000031,58.09999847,97.84999848,11.5473299,892.4051819,32.36194611,1.235999942,69.5,56.70000463,7.540516286,268.6961009,-712.01855,557.0156,11.6,-5.8100004
10624,478,99.86666616,15.94125,1.736666639,66,35.09999847,65.10000102,35.2549057,3455.209635,156.9064026,0.750999987,255,30.90000153,3.016011015,113.057,-712.01855,557.0156,19.5,-13.71
10631,479,95.66666921,15.73524012,1.720666647,72.09999847,35.70000076,60.66666794,11.34302489,1265.057821,43.14925766,0.884000003,130,36.39999771,2.96069371,104.3871121,-661.65576,556.9883,9.1,-3.2100005
10635,479,100,15.68618977,2.031500042,64.69999695,32.09999847,75.09999848,30.89094639,2373.209229,102.9698181,0.781000018,148,32.59999848,4.126992421,152.5656501,-661.65576,556.9883,14.3,-8.41
10637,479,99.84999848,15.74995542,1.807500005,73.90000153,32.70000076,66.94999886,51.65652848,4511.058838,142.1964264,0.661000013,275,41.20000077,3.267056268,121.0121233,-661.65576,556.9883,20.5,-14.610001
10644,480,100,16.92225024,1.365499974,52.09999847,28.79999924,50.40000153,16.84292126,1495.51416,64.72389221,0.368999988,561,23.29999923,1.864590179,68.82120078,-535.7158,618.54297,9.3,-3.4
10646,480,99.54999924,15.75976471,1.833499968,77.30000305,37.70000076,67.15000153,24.76179123,1868.166809,84.33718872,0.568000019,303,39.60000229,3.361722133,123.1195257,-535.7158,618.54297,12.4,-6.4999995
10650,480,98.94999695,16.59852031,1.44599998,58.20000076,30.20000076,52.85000038,31.3812809,2799.798584,142.1964264,0.541999996,275,28,2.090915942,76.42109949,-535.7158,618.54297,18,-12.1
10652,480,99.46666718,15.27417001,2.047666708,79.59999847,35.09999847,75.69999949,42.43010521,3804.980143,161.8097229,0.748000026,242,44.5,4.192938947,155.0083688,-535.7158,618.54297,21,-15.1
10655,481,98.20000076,14.66104481,2.441500068,102.6999969,43.29999924,87.29999924,20.59396458,1995.653321,62.76255798,1.036999941,106,59.39999766,5.960922582,213.1429541,-1064.1865,1173.4844,9.2,-2.9499998
10657,481,100,15.68619036,1.928499997,66.30000305,32.79999924,71.25,18.55908394,1235.637879,78.45320129,0.522000015,1090,33.50000381,3.719112238,137.4056248,-1064.1865,1173.4844,12.2,-5.95
10661,481,98.25,15.12211473,2.101999998,80.40000153,37.90000153,76,43.63958931,3461.747314,137.2930908,0.81099999,225,42.5,4.418403992,159.7519998,-1064.1865,1173.4844,18.2,-11.950001
10663,481,97.90000153,15.50470507,1.911499978,73,34,68.54999924,42.78151131,3231.29126,156.9064026,0.796999991,254,39,3.653832166,131.033322,-1064.1865,1173.4844,21.2,-14.950001
10666,482,98.54999924,15.04363516,2.196499944,87.80000305,42.90000153,79.45000077,11.00796413,1078.731476,38.24593353,0.800999999,177,44.90000152,4.824612004,174.5119222,-988.73926,1019.3711,8,-2.0700002
10669,482,100,16.20121487,1.744000018,60.09999847,31.79999924,64.95000076,11.03248024,505.0424805,196.1329956,0.388999999,2900,28.29999923,3.041536063,113.2728025,-988.73926,1019.3711,11.1,-5.1700006
10670,482,99.95000077,16.90263049,1.384499967,49.29999924,29.79999924,50.95000077,36.77493668,3824.593384,304.006134,0.425000012,2150,19.5,1.916840159,70.54027438,-988.73926,1019.3711,16.7,-10.77
10673,482,99.20000076,15.23493032,2.068000079,86.69999695,43.40000153,75.59999847,41.18792915,3922.659912,147.0997467,0.856999993,211,43.29999542,4.276624327,156.3408028,-988.73926,1019.3711,19.7,-13.77
10678,483,97.95000076,13.55742028,3.127499938,106.9000015,52.79999924,115.9499969,11.64539671,804.1453247,42.16859436,1.243000031,78.19999695,54.10000226,9.781255862,362.6336081,-888.1084,865.2461,9,-3.06
10681,483,100,16.98601471,1.39200002,49.40000153,30.70000076,52.09999847,14.29319191,833.5652161,107.8731537,0.372000009,1960,18.70000077,1.937664056,72.52319891,-888.1084,865.2461,11.9,-5.9599996
10686,483,99.33333333,16.67045977,1.497666637,51.90000153,29.60000038,54.40000026,40.6975975,2517.040202,225.5529327,0.492000014,1110,22.30000115,2.243005356,81.47306544,-888.1084,865.2461,17.6,-11.66
10688,483,99.83333333,15.04199969,2.236999989,84.40000153,42.70000076,82.83333333,43.459802,3504.24292,147.0997467,0.947000027,178,41.70000077,5.004168951,185.2981657,-888.1084,865.2461,20.5,-14.559999
10694,484,100,15.24800996,2.208333333,88,43.59999847,81.36666616,83.81416829,1095.075928,71.58854675,0.644999981,243,44.40000153,4.87673611,179.6847211,-787.4746,711.125,10.2,-4.5499997
10696,484,100,15.73033508,1.938000023,86.5,43.59999847,72.90000153,9.046634198,259.8762131,44.12992096,0.522000015,214,42.90000153,3.755844089,141.2802046,-787.4746,711.125,13.1,-7.4500003
10699,484,99.59999847,15.47036983,1.924666683,72.69999695,43.09999847,71.23333232,39.34100978,2369.940389,137.2930908,0.708000004,323,29.59999848,3.704341841,137.1004214,-787.4746,711.125,19.2,-13.550001
10728,487,93.70000077,15.54884979,1.704999984,63.09999847,39.70000076,59.5,12.25831223,1005.18161,82.37585449,0.910000026,181,23.39999771,2.907024945,101.447499,-762.6084,156.47266,6.9,-2.95
10731,487,100,14.57766001,2.47300005,99.19999695,55.90000153,92.40000153,24.76179123,2608.568848,59.82056427,0.907000005,77.80000305,43.29999542,6.115729247,228.5052084,-762.6084,156.47266,9.9,-5.95
10741,488,97.70000076,15.8578652,1.671000004,61.29999924,33.20000076,60.85000039,9.463417053,1147.377991,54.91724014,0.479999989,456,28.09999848,2.792241013,101.6803509,-712.2949,64.00391,6.9,-3.1000001
10744,488,94.45000076,14.47465488,2.394000053,94.09999847,47.40000153,82.59999847,21.23139668,2235.916138,102.9698181,0.887000024,132,46.69999694,5.731236254,197.7444007,-712.2949,64.00391,9.9,-6.0999994
10756,489,98.04999924,16.49060995,1.488000036,56.70000076,33.90000153,53.60000038,14.46480751,1485.707459,49.0332489,0.639999986,101,22.79999923,2.214144107,79.7568025,-611.6655,-120.92969,6.9,-3.0700002
10760,489,98.59999848,14.78857493,2.289000034,89.80000305,52.20000076,83.5,26.47795487,2029.97644,66.68521881,0.82099998,73.69999695,37.60000229,5.239521156,191.1315028,-611.6655,-120.92969,9.9,-6.0699997
10772,490,98.95000077,14.965155,2.171999932,69,38.20000076,79.85000229,13.48414374,1490.610718,49.0332489,0.717999995,160,30.79999924,4.717583705,173.4341995,-561.3496,-213.39453,6.7,-3.0699997
10774,490,99.04999924,14.22940511,2.636000038,103.9000015,54.5,98.04999924,25.74245453,2716.442017,67.66588593,0.853999972,127,49.4000015,6.9484962,258.4598017,-561.3496,-213.39453,9.6,-5.9700003
10785,491,98,14.91610504,2.155499935,93.5,51.40000153,78.70000076,32.41097927,3098.901367,78.45320129,0.763999999,135,42.09999847,4.64617997,169.6378465,-511.03223,-305.86328,9.1,-4.57
10787,491,99.79999924,14.50408508,2.437999964,108.4000015,55.90000153,91.79999924,40.45243073,5457.400635,100.0278244,0.926999986,90.80000305,52.49999997,5.943843824,223.8083948,-511.03223,-305.86328,12.1,-7.57
10987,510,102.4999981,14.2269525,2.995500028,101.5999985,42.29999924,112.5499992,7.330470563,566.3340302,38.24593353,0.970000029,73.40000153,59.29999926,8.973020418,337.1435258,-560.99756,433.6797,6.8,-1.3900003
10988,510,101.3500004,15.15890249,2.283749998,83.40000153,37.20000076,83.85000038,9.475675583,786.9836273,35.30393982,0.851999998,139,46.20000077,5.215514053,191.4924382,-560.99756,433.6797,9.6,-4.1900005
10991,510,100.3000011,14.0184899,3.01700002,118.8000031,51.29999924,111.4500008,14.93062401,1421.964264,47.07191849,1.274999976,83.30000305,67.50000386,9.102289121,336.2446546,-560.99756,433.6797,12.4,-6.99
10996,510,96.97500229,16.37289029,1.530000001,57.09999847,28.70000076,54.27500058,36.38267136,4979.326416,97.08583069,0.56400001,365,28.39999771,2.340900003,83.04075094,-560.99756,433.6797,18.5,-13.09
10997,510,100.125,16.53720728,1.544500053,54.40000153,27.89999962,56.40000058,16.63452983,1505.320709,68.64654541,0.470999986,42.59999847,26.50000191,2.385480414,87.10980389,-560.99756,433.6797,20.2,-14.790001
11005,511,100.4750004,14.52861006,2.547249973,95.30000305,42.70000076,94.97499848,11.79249668,1414.609207,37.26527023,1.034000039,97.90000153,52.60000229,6.488482425,241.9250623,-510.63428,433.65234,7.8,-2.4700003
11006,511,100.5250016,14.98967968,2.249249995,87.40000153,38.29999924,83.82500077,11.42474699,1117.958069,39.22660065,0.783999979,108,49.10000229,5.05912554,188.5433826,-510.63428,433.65234,9.9,-4.5699997
11009,511,99.55000114,15.50961,1.930499971,70.59999847,34.09999847,70.94999886,50.32036973,6227.222534,154.9450684,0.925999999,187,36.5,3.726830138,136.9689707,-510.63428,433.65234,12.6,-7.2700005
11015,511,99.29999923,16.44646522,1.53975001,67.69999695,32.70000076,56.07499981,48.10161686,7587.895386,151.0223999,0.66900003,28.89999962,34.99999619,2.370830093,86.34148152,-510.63428,433.65234,18.6,-13.27
11016,511,98.35000038,15.56111228,1.913750023,78.19999695,34.40000153,68.64999771,52.46557712,6994.592896,154.9450684,0.943000019,18.20000076,43.79999542,3.662439151,131.3789347,-510.63428,433.65234,20.1,-14.77
11024,512,99.02499962,15.34774504,1.995999962,68.69999695,34.29999924,73.14999866,11.58410502,907.115097,51.97524261,0.823000014,399,34.39999771,3.984015848,146.0073945,-510.61768,464.46484,6.8,-1.3300004
11025,512,100.6500015,16.57889998,1.481999993,48.29999924,30.79999924,55.19999981,17.19841266,1000.27829,317.7354431,0.340000004,2610,17.5,2.196323979,81.80639933,-510.61768,464.46484,9.8,-4.3300004
11028,512,100.3250008,15.47772718,1.970000028,84.09999847,35.09999847,73.35000038,24.369524,2270.23938,81.39519501,0.723999977,188,49,3.88090011,144.4995028,-510.61768,464.46484,12.5,-7.03
11032,512,97.47500038,16.35327025,1.552749991,74.30000305,33.5,55.27499962,42.03375244,4572.350403,124.5444489,0.663999975,136,40.80000305,2.411032535,85.82825516,-510.61768,464.46484,18.6,-13.130001
11033,512,99.47500039,15.5782797,1.911250025,68.69999695,30.89999962,69.82500076,53.94883156,6690.586914,159.8483887,0.730000019,47.20000076,37.79999733,3.652876658,133.4530344,-510.61768,464.46484,20.3,-14.83
11408,543,98.85000229,15.3428401,1.90899998,82,38.79999924,70.89999771,30.768363,2941.994995,96.1051712,0.698000014,276,43.20000076,3.644280924,135.3480942,-133.21484,-182.80469,8.4,-3.0199995
11413,543,93.79999924,17.60404494,1.058000028,40.09999847,30.70000076,36.75,41.55567742,2441.855835,112.7764664,0.81400001,288,9.39999771,1.119364059,38.88150103,-133.21484,-182.80469,13.9,-8.5199995
11416,543,98.04999924,16.66228478,1.358500004,56.29999924,35.29999924,49.85000038,46.45900154,5207.331055,201.0363159,0.345999986,816,21,1.845522261,67.72122572,-133.21484,-182.80469,16.9,-11.5199995
11458,545,100.5,15.6077102,1.844500005,85.19999695,39.59999847,69.75,34.93618965,3162.644532,90.22117615,0.640999973,214,45.59999848,3.402180268,128.6538753,-32.556152,-336.92188,10.3,-5.32
11460,545,99.90000153,17.19202498,1.21450001,54.90000153,31,45.54999924,41.18792915,3785.366822,137.2930908,0.432000011,411,23.90000153,1.475010274,55.32047453,-32.556152,-336.92188,13.4,-8.42
11464,545,99.60000229,16.34346008,1.478499949,72.09999847,37.20000076,55.44999886,38.00076676,1323.897705,137.2930908,0.524999976,257,34.89999771,2.185962099,81.98282049,-32.556152,-336.92188,17.6,-12.620001
11482,546,98.84999848,15.86767507,1.620500028,84.40000153,44.59999847,60.80000115,43.14925957,2476.179077,154.9450684,0.547999978,199,39.80000306,2.626020341,98.52640357,17.76709,-429.3828,10,-4.18
11487,546,97.59999848,15.86276984,1.584499955,73,34.5,58.65000153,46.09125328,4731.708496,161.8097229,0.601000011,234,38.5,2.510640107,92.93092479,17.76709,-429.3828,16.3,-10.48
11511,548,99.59999848,14.71990523,2.409500003,110.9000015,35.70000076,88.34999848,22.18754482,2000.556519,84.33718872,1.034000039,126,75.20000074,5.805690264,212.8793216,-384.7744,341.14453,10,-4.45
11516,548,99.90000153,15.78919491,1.787999988,92.90000153,33.5,66.15000153,32.28839493,3005.738282,108.8538132,0.888999999,121,59.40000153,3.196943957,118.2762019,-384.7744,341.14453,13,-7.45
11530,549,99.64999773,14.88177019,2.298499942,93.30000305,36.40000153,84.40000153,29.34640026,2662.505371,91.20184326,0.97299999,151,56.90000152,5.283101983,193.9933986,-309.29248,217.85547,11.5,-4.86
11532,549,99.59999845,14.62670997,2.414000035,75.09999847,30.89999962,89.5,35.05877304,4197.246094,105.9118195,0.648000002,289,44.19999885,5.827396169,216.0530031,-309.29248,217.85547,14.5,-7.86
11547,550,100.1499977,15.86276984,1.771499992,87.09999847,35.90000153,65.55000305,31.33224678,3706.913696,96.1051712,0.924000025,84,51.19999694,3.138212222,116.1218299,-258.99072,94.57422,9.6,-3.9100003
11549,550,99.90000155,17.46670553,1.185000002,73.19999695,29,43.75,40.28081513,2564.438965,106.8924866,0.662999988,111,44.19999695,1.404225005,51.84375009,-258.99072,94.57422,12.7,-7.0099998
11566,551,100.0500031,14.90138994,2.305000067,57.20000076,27.39999962,85.10000229,21.18236351,1799.520264,74.53054047,1.078999996,105,29.80000114,5.313025309,196.155511,-208.67188,2.109375,7.6,-1.9099998
11570,551,99.95000077,17.52065955,1.250500024,78.5,30.39999962,45.14999962,31.96967888,3025.351563,114.7378006,0.559000015,724,48.10000038,1.56375031,56.46007561,-208.67188,2.109375,10.6,-4.9100003
11573,551,100.7999993,16.99582516,1.388999999,33.20000076,20.79999924,51.35000039,33.48970986,1907.393311,776.6866455,0.337000012,1430,12.40000152,1.929320997,71.32515049,-208.67188,2.109375,13.5,-7.81
11601,553,99.74999999,15.07306536,2.173499942,94.59999847,36.40000153,80.09999848,24.78630734,2020.169861,86.29851532,0.866999984,10.69999981,58.19999694,4.724101998,174.0973421,-82.83301,-152.01562,7.5,-2.5500002
11604,553,100.7999993,17.79043546,1.109499991,44.90000153,25.20000076,41.30000115,40.89372826,2476.179077,148.0804138,0.395999998,1470,19.70000077,1.23099023,45.8223509,-82.83301,-152.01562,10.5,-5.55
11607,553,99.04999924,17.70214543,1.164499998,44.29999924,25.20000076,41.89999962,43.90927315,2539.922363,123.5637894,0.423000008,668,19.09999848,1.356060245,48.79254947,-82.83301,-152.01562,13.5,-8.55
11610,553,99.10000229,17.10373494,1.341500044,47.90000153,25.29999924,48.29999924,36.11298752,2064.299744,257.9148865,0.398999989,1990,22.60000229,1.799622368,64.79445111,-82.83301,-152.01562,16.4,-11.45
11623,554,99.45000077,14.66595005,2.379000068,99.69999695,39.09999847,88.09999848,21.40301418,2324.176026,92.18251038,1.054999948,73.69999695,60.59999848,5.659641324,209.5899024,-32.51123,-244.48047,8.5,-2.77
11626,554,100.4500008,15.10249498,2.152500034,83.5,34,80.34999848,32.90130997,2941.994873,118.6604691,0.800000012,144,49.5,4.633256396,172.9533745,-32.51123,-244.48047,11.5,-5.77
11630,554,100.2999992,17.4618003,1.23300004,41.70000076,24.20000076,45.14999962,37.51043511,2829.218384,163.7710419,0.287,1900,17.5,1.520289099,55.66995134,-32.51123,-244.48047,14.5,-8.77
11633,554,100.0499992,17.04487512,1.352500022,63.09999847,30.10000038,49.5,44.93897247,2716.442017,164.751709,0.579999983,524,32.99999809,1.82925631,66.94875109,-32.51123,-244.48047,17.4,-11.67
11644,555,100.3499985,15.7303345,1.81099999,104.1999969,38.90000153,67.54999924,13.01832819,843.3718872,54.91724014,0.717000008,168,65.29999537,3.279720964,122.3330479,42.980957,-367.76953,6.3,-1.48
11648,555,99.54999924,15.66657003,1.796499968,82.40000153,32.70000076,66.85000229,24.51662445,1985.846619,77.47253418,0.629000008,211,49.70000077,3.227412135,120.096027,42.980957,-367.76953,9.3,-4.48
11651,555,100.8999977,16.26988515,1.590000034,62,28.5,59.59999847,19.31910038,1784.810242,67.66588593,0.503000021,551,33.5,2.528100108,94.76399959,42.980957,-367.76953,12.3,-7.48
11653,555,98.84999848,16.62794993,1.434499979,54.59999847,24,52.35000039,30.40061474,3398.004028,99.04716492,0.470999986,627,30.59999847,2.05779019,75.09607446,42.980957,-367.76953,15.3,-10.48
11656,555,101.0499993,17.75610002,1.122000039,58.70000076,27.39999962,41.85000039,40.32984924,3064.578003,169.6550446,0.363999993,993,31.30000114,1.258884088,46.95570207,42.980957,-367.76953,18.3,-13.48
11670,556,101.0500031,15.48998996,1.941499949,82.19999695,31.89999962,73.09999848,24.0262928,1922.103333,81.39519501,0.449000001,990,50.29999733,3.769422052,141.9236433,93.305176,-460.23047,11.1,-5.0600004
11672,556,101.7999992,15.30850467,2.072000027,93.80000305,38.09999847,78.59999848,25.59535503,2338.885987,79.43386078,1.02699995,136,55.70000458,4.293184112,162.859199,93.305176,-460.23047,14.1,-8.06
11675,556,100.8500023,17.2067395,1.333499968,50,23.29999924,48.95000077,35.5491066,2966.511597,131.4091034,0.453000009,883,26.70000076,1.778222165,65.27482446,93.305176,-460.23047,17,-10.96
11689,557,98.55000305,14.45993977,2.453999996,109.3000031,43.29999924,90.5,23.60950851,2500.695679,66.68521881,0.558000028,288,66.00000386,6.02211598,222.0869996,143.63037,-552.6953,10,-5.36
11691,557,97.54999924,14.47956011,2.480000019,110.4000015,43,89.04999924,26.28182125,2755.668579,116.6991348,1.192000031,144,67.4000015,6.150400094,220.8439998,143.63037,-552.6953,13,-8.360001
11693,557,99.15000153,15.65185493,1.83950001,79.69999695,34.79999924,67.40000153,26.23278809,1608.290589,43.14925766,0.437999994,395,44.89999771,3.383760287,123.9823035,143.63037,-552.6953,16,-11.360001
11709,558,101.7999993,15.78919491,1.765500009,116.0999985,40.29999924,67.75,36.33363724,4040.339844,99.04716492,1.207000017,94.59999847,75.79999926,3.116990282,119.6126256,193.95703,-645.15625,10.6,-5.0600004
11712,558,98.54999924,15.73033508,1.764500022,80.5,33.20000076,64.5,56.51081848,5746.696533,165.7323914,0.908999979,132,47.29999924,3.113460328,113.8102514,193.95703,-645.15625,13.6,-8.06
11716,558,96.25,16.917345,1.345499993,71,31.20000076,47.14999962,58.39859773,7389.310303,160.8290558,0.721000016,179,39.79999924,1.810370231,63.44032416,193.95703,-645.15625,16.6,-11.06
11726,559,99.75,14.50898973,2.499500036,116.8000031,47.20000076,92.85000229,21.10881329,2490.889039,72.56920624,0.824000001,111,69.60000234,6.24750043,232.0785841,244.28418,-737.6211,8.7,-3.62
11729,559,100.3499985,15.70090547,1.84800005,66.09999847,26.89999962,68.69999886,28.48831749,2172.172852,93.16316986,0.542999983,399,39.19999885,3.415104185,126.9576013,244.28418,-737.6211,11.7,-6.62
11736,559,99,15.37717495,2.028499961,101,36.09999847,73.29999924,42.21762657,4986.681397,124.5444489,1.070000052,241,64.90000153,4.114812092,148.6890456,244.28418,-737.6211,16.2,-11.120001
11745,560,100.7000008,15.48018009,1.957000017,101.5999985,41.40000153,73.09999848,19.6868496,2069.203125,75.51119995,0.903999984,180,60.19999697,3.829849067,143.0566983,-485.51855,310.38672,8.3,-3.1600003
11750,560,101.0999985,16.60342496,1.525000036,59.70000076,26.10000038,56.40000153,23.26627636,1691.647095,88.25984192,0.57099998,484,33.60000038,2.32562511,86.01000436,-485.51855,310.38672,11.3,-6.1600003
11754,560,100.1500016,15.34774533,1.985499978,86.19999695,36.79999924,74.10000229,30.08189774,2020.169861,99.04716492,0.855000019,169,49.39999771,3.942210163,147.1255529,-485.51855,310.38672,14.3,-9.16
11765,561,100.8000031,15.11230544,2.218999982,94.69999695,38.40000153,82.25,17.21067047,1618.097229,128.4671021,0.828999996,143,56.29999542,4.92396092,182.5127485,-435.2036,217.92188,8.1,-3.1400003
11768,561,100.4500008,16.26498051,1.643499971,77.80000305,32.20000076,60.45000076,20.74106407,1510.223999,108.8538132,0.654999971,300,45.60000229,2.701092155,99.3495745,-435.2036,217.92188,11.1,-6.1400003
11772,561,99.45000076,15.76957516,1.810000003,81.69999695,36.90000153,66.25,25.81600475,2770.37854,90.22117615,0.731000006,164,44.79999542,3.276100011,119.9125002,-435.2036,217.92188,14.1,-9.14
11785,562,99.5,15.10249498,2.18599999,72.19999695,30.89999962,79.70000077,33.66132355,4589.511963,97.08583069,0.508000016,508,41.29999733,4.778595956,174.2242009,-384.8872,125.453125,9.9,-4.22
11788,562,100.5499993,17.71685994,1.134500027,42.59999847,21.89999962,42,35.05877304,2677.215332,117.6798019,0.377999991,765,20.69999885,1.287090311,47.64900113,-384.8872,125.453125,12.9,-7.22
11804,563,99.5,15.65185492,1.749500036,106.5,41.5,65.75,35.81878853,5079.844727,119.6411285,0.783999979,119,65,3.060750376,115.0296274,42.87793,-583.46094,8.8,-3.42
11807,563,102.1500016,14.85233999,2.378499985,95.40000153,39.5,90.70000076,33.44067383,2986.124878,111.7958069,0.995999992,94.5,55.90000153,5.657262179,215.7299504,42.87793,-583.46094,11.8,-6.42
11810,563,100.4000015,17.39803525,1.22149998,45,21.79999924,45.20000076,37.26526833,3550.007324,134.3511047,0.398000002,546,23.20000076,1.492062201,55.21180002,42.87793,-583.46094,14.8,-9.42
11813,563,101.2999992,15.64204505,1.906999946,62.29999924,26.29999924,71.5,57.34438513,6418.452149,209.8623199,0.941999972,137,36,3.636648794,136.3504961,42.87793,-583.46094,17.6,-12.22
11827,564,100.2000008,15.50470506,1.959999979,106,40.40000153,72.40000153,27.77733517,2083.913086,102.9698181,1.129999995,68.19999695,65.59999847,3.841599918,141.9040015,118.38867,-675.9375,10.2,-4.2799997
11829,564,98.75,15.52923004,1.886500001,94.59999847,39.40000153,68.79999924,35.35297203,3520.587525,117.6798019,0.783999979,199,55.19999694,3.558882254,129.7911986,118.38867,-675.9375,13.2,-7.2799997
11831,564,97.04999924,15.691095,1.758000016,81,32.5,63.10000038,46.58158684,4089.372803,152.003067,0.551999986,313,48.5,3.090564056,110.9298017,118.38867,-675.9375,16.2,-10.280001
11860,566,97.5,14.72971452,2.186500073,96,38.40000153,80.40000153,13.45962667,563.88237,63.74322128,0.731000006,94.80000305,57.59999847,4.780782569,175.7946092,42.804688,-737.52734,5.3,-0.4000001
11864,566,96.90000153,15.3428401,1.860000015,93.59999847,30.70000076,67.55000305,18.28940201,1564.160584,65.7045517,0.897000015,42.79999924,62.89999771,3.459600056,125.6430067,42.804688,-737.52734,8.3,-3.4
11867,566,99.45000076,14.86214986,2.298500061,104.1999969,41.79999924,84.34999847,21.18236351,2103.526368,68.64654541,0.903999984,95.80000305,62.39999766,5.28310253,193.8784766,42.804688,-737.52734,11.2,-6.2999997
11869,566,100.2000008,15.56356489,1.883000016,95.69999695,38.59999847,70.20000077,28.24315071,2074.106507,151.0223999,0.859000027,135,57.09999848,3.54568906,132.1866026,42.804688,-737.52734,14.2,-9.299999
11886,567,100,15.23002509,1.959500075,77,34,74.89999771,29.34640026,3177.354492,117.6798019,1.269999981,65.5,43,3.839640544,146.7665511,294.6128,-830.08203,9.6,-3.9000006
11888,567,99.70000077,14.88667542,2.125999928,82,34,81.75,22.13851261,3540.200562,157.8870697,0.879999995,114,48,4.519875694,173.8004941,294.6128,-830.08203,12.6,-6.9000006
11890,567,100,15.04363457,2.068500042,89,32,80.54999924,35.13232231,3442.134034,133.3704376,0.395999998,563,57,4.278692424,166.6176768,294.6128,-830.08203,15.6,-9.900001
11907,568,100,14.68066456,2.32099998,87,41,92.54999924,31.43031216,2628.182007,131.4091034,0.910000026,299,46,5.387040907,214.8085464,344.94238,-922.54297,10.1,-4.1600003
11909,568,98.84999848,14.88177019,1.926500023,92,38,76.40000153,20.74106503,2785.088623,93.16316986,0.814999998,156,54,3.711402339,147.1846047,344.94238,-922.54297,13.1,-7.1600003
11911,568,100,17.29012488,1.212000012,56,28,47.64999962,46.1402874,3559.813843,193.1910095,0.409999996,766,28,1.468944029,57.75180011,344.94238,-922.54297,15.9,-9.959999
11925,569,99.70000077,15.58809045,1.837000013,74,34,69.65000153,19.17199993,1054.214875,85.31785583,0.595000029,286,40,3.374569048,127.9470537,395.28662,-984.1914,7.6,-1.7599998
11927,569,100,15.08777988,2.119666656,99,42,81.33333333,25.57901128,3265.61442,101.989151,0.899999976,137,57,4.492986733,172.3995547,395.28662,-984.1914,10.6,-4.76
11929,569,98.70000076,16.59361449,1.403500021,54,26,51.70000077,30.20448208,2991.028199,166.7130585,0.524999976,565,28,1.969812309,72.56095217,395.28662,-984.1914,13.6,-7.76
11931,569,100,17.65309489,1.147500038,43,24,43.89999962,48.98421478,3353.874268,226.5335999,0.405000001,551,19,1.316756337,50.37525123,395.28662,-984.1914,16.5,-10.66
11941,570,99.20000077,14.94062944,2.064500094,84,38,78.25,17.50487042,1122.86142,98.0664978,0.699999988,189,46,4.262160638,161.5471324,445.61816,-1076.6523,7.5,-2.2800002
11944,570,100,15.09268511,2.080500007,88,39,79.09999847,24.3450079,2951.801636,98.0664978,0.810000002,169,49,4.328480279,164.5675474,445.61816,-1076.6523,10.5,-5.28
11946,570,99.84999848,15.15645017,2.02549994,82,37,76.39999771,25.61987305,3966.789673,88.25984192,0.730000019,222,45,4.102650007,154.7481908,445.61816,-1076.6523,13.5,-8.280001
11948,570,100,16.58380521,1.413999975,57,28,53.75,27.3850708,2883.155152,115.7184601,0.389999986,641,29,1.999395929,76.00249866,445.61816,-1076.6523,16.5,-11.280001
11961,571,100,15.69600024,1.797500015,77,37,70.25,29.56704998,3044.964722,82.37585449,0.569999993,318,40,3.231006304,126.2743761,495.95068,-1169.1133,5.9,-0.47000027
11963,571,99.54999924,14.33731489,2.509999991,91,41,95.40000153,22.13851166,3692.203613,74.53054047,1.00999999,167,50,6.300099955,239.454003,495.95068,-1169.1133,8.9,-3.4699998
11965,571,99.29999924,14.85724522,2.11650002,96,42,80.35000229,24.14887428,2294.755982,95.12450409,0.80400002,204,54,4.479572335,170.0607815,495.95068,-1169.1133,11.9,-6.47
11967,571,99.84999848,15.0632549,2.048500062,94,40,77.95000077,31.74902725,3084.191284,93.16316986,0.819999993,149,54,4.196352504,159.6805814,495.95068,-1169.1133,14.9,-9.469999
11981,572,100,14.77386041,2.374500036,95,42,95.45000076,15.29837418,1137.571411,52.95590973,1.279999971,72.19999695,53,5.638250421,226.6460302,546.28394,-1261.5742,5.2,-0.5499997
11983,572,100,14.77876506,2.264500022,88,39,88.20000076,18.73070049,2240.819458,59.82056427,0.839999974,142,49,5.12796035,199.7289037,546.28394,-1261.5742,8.2,-3.5499997
11985,572,98.90000153,16.32874498,1.414499998,69,33,53.84999847,25.69342232,1902.490112,139.254425,0.467000008,379,36,2.000810244,76.17082273,546.28394,-1261.5742,11.2,-6.5499997
11987,572,100,15.03872992,2.050000072,92,40,80.79999924,18.97586727,1907.393433,109.8344803,0.819999993,187,52,4.202500295,165.6400043,546.28394,-1261.5742,14.1,-9.450001
11989,572,100,14.67575992,2.248999954,102,45,87,39.10401726,3741.237061,147.0997467,0.939999998,86.09999847,57,5.058000793,195.662996,546.28394,-1261.5742,17.2,-12.550001
12002,573,100,14.965155,2.071499944,101,43,81.45000076,28.31670284,2995.931397,98.0664978,0.889999986,96.59999847,58,4.291112018,168.723672,596.61865,-1354.0352,8.4,-3.5299997
12004,573,100,15.0632549,2.172500015,97,41,86.85000229,20.1771822,956.1483764,96.1051712,0.814999998,107,56,4.719756315,188.6816313,596.61865,-1354.0352,11.4,-6.5299997
12006,573,100,14.64632972,2.292999983,99,42,88.94999695,24.5166235,2579.148926,91.20184326,0.855000019,193,57,5.257848922,203.9623415,596.61865,-1354.0352,14.4,-9.53
12008,573,100,15.36736508,1.98149997,87,39,77.55000115,44.8654232,4172.729493,152.9837341,0.829999983,115,48,3.926342131,153.665325,596.61865,-1354.0352,17.5,-12.63
12025,574,100,15.37227031,1.89350003,76,39,74.5,11.7679801,2010.36322,68.64654541,0.49000001,280,37,3.585342364,141.0657522,571.39355,-1446.4609,9.5,-4.33
12028,574,100,15.09758975,2.041999936,92,41,80.95000077,26.89473725,1985.846619,109.8344803,0.785000026,150,51,4.169763739,165.2998964,571.39355,-1446.4609,12.5,-7.33
12030,574,100,15.16626004,1.939999998,87,39,76.85000229,25.88955593,2422.242432,111.7958069,0.689999998,178,48,3.763599992,149.0890043,571.39355,-1446.4609,15.5,-10.33
12033,574,100,15.52922946,1.805000007,84,38,70.79999924,35.52458954,2353.595947,160.8290558,0.736999989,189,46,3.258025025,127.7939991,571.39355,-1446.4609,18.5,-13.33
12067,576,99.43333435,17.04977996,1.245000045,47,25,46.59999974,17.53755887,1271.595622,111.7958069,0.39199999,678,22,1.550025112,58.01700177,219.04346,-860.8594,9.6,-3.8200002
12069,576,93.44999695,14.51389496,2.053500057,61,30,73.90000153,21.35397911,1206.217957,98.0664978,0.718999982,293,31,4.216862484,151.7536574,219.04346,-860.8594,12.6,-6.82
12072,576,100,16.10311554,1.651999951,70,31,63.35000038,21.69721317,2412.435913,91.20184326,0.579999983,225,39,2.729103838,104.6541975,219.04346,-860.8594,15.6,-9.82
12088,577,99,16.63776039,1.344500006,83,35,50.34999847,28.75800133,1721.067017,97.08583069,0.412,378,48,1.807680266,67.69557325,269.3584,-984.1367,8.2,-2.6299996
12095,577,98.84999848,15.77938504,1.680500031,81,34,62.64999962,26.67408753,1157.184632,101.0084915,0.569999993,318,47,2.824080354,105.2833263,269.3584,-984.1367,14.4,-8.83
12097,577,99.83333333,15.20223016,2.041333318,95,40,76.30000051,39.58617719,3196.967895,188.287674,0.699999988,180,55,4.167041715,155.7537332,269.3584,-984.1367,17.5,-11.93
12109,578,99.75,14.54332458,2.443499923,85,36,92.35000229,20.64299774,1799.520324,98.0664978,0.964999974,58.5,49,5.970691874,225.6572235,319.70215,-1045.7852,7.4,-1.79
12113,578,100,15.6534902,1.842000008,91,38,70.36666616,31.62644641,1565.795044,116.6991348,0.588,127,53,3.392964029,129.6153996,319.70215,-1045.7852,12.2,-6.5899997
12117,578,99.83333333,15.52922985,1.880999963,87,38,71.66666539,30.72750219,1435.039713,137.2930908,0.623000026,140,49,3.538160861,134.8049949,319.70215,-1045.7852,16.7,-11.09
12138,579,100,15.59790032,1.928000033,83,37,74.5,42.29117775,2363.402588,174.5583649,0.959999979,140,46,3.717184127,143.6360025,370.0332,-1138.2461,15.6,-9.460001
12140,579,100,16.52003956,1.518000007,72,33,58.59999847,18.63263512,907.1151123,125.525116,0.455000013,191,39,2.304324021,88.95479809,370.0332,-1138.2461,18.6,-12.460001
12159,580,99.59999848,15.43113013,1.915500045,82,36,72.89999771,19.44168282,382.4593506,101.989151,0.65200001,156,46,3.669140422,139.6399489,395.19238,-1199.8828,15.2,-8.34
12161,580,100,16.06387488,1.682500005,77,35,65.89999962,54.03463938,3044.964722,230.4562531,0.720000029,192,42,2.830806267,110.8767497,395.19238,-1199.8828,18.2,-11.34
12175,581,100,14.83762488,2.212000013,81,42,85.5,19.09845066,1441.577515,81.39519501,1.049999952,60.40000153,39,4.892944058,189.1260011,495.87207,-1353.9922,8.4,-3.1499996
12177,581,100,14.89648529,2.246999979,87,42,86.70000076,21.89334583,2657.602051,64.72389221,0.920000017,103,45,5.049008906,194.8148999,495.87207,-1353.9922,11.4,-6.1499996
12179,581,99.90000153,14.92100969,2.188499928,87,43,82.60000229,29.73866558,2976.318238,85.31785583,0.745000005,189,44,4.789531935,180.7700991,495.87207,-1353.9922,14.4,-9.15
12181,581,100,15.49489519,1.891000033,84,37,73.54999924,41.08986283,3898.143311,160.8290558,0.785000026,140,47,3.575881125,139.083051,495.87207,-1353.9922,17.5,-12.25
12408,596,100.3499985,15.31831513,1.968999982,70.5,38.70000076,74.20000077,25.25212193,4241.375977,102.9698181,0.629999995,271,31.79999924,3.876960929,146.0998002,-661.51904,803.4922,8.9,-3.0499997
12411,596,100.1500016,16.11783006,1.632999957,58.59999847,35.29999924,60.75,27.06635285,2471.275635,103.9504852,0.589999974,390,23.29999923,2.66668886,99.20474739,-661.51904,803.4922,11.9,-6.0499997
12414,596,100.1000023,17.17240523,1.273000002,48.29999924,24.39999962,47.10000039,31.13611222,3025.351441,101.0084915,0.779999971,136,23.89999962,1.620529005,59.95830059,-661.51904,803.4922,14.9,-9.049999
12425,597,100.4000015,14.8817696,2.128000021,85.69999695,39.29999924,81.95000076,16.84292126,1735.776978,60.80122757,0.720000029,236,46.39999771,4.528384089,174.3896033,-611.2085,711.02344,8.3,-2.73
12427,597,100.5499993,15.86277043,1.766499997,61.5,30.70000076,65.80000115,24.49210739,2387.91919,83.35652924,0.600000024,345,30.79999924,3.120522239,116.2357018,-611.2085,711.02344,11.3,-5.73
12430,597,100.1500015,17.20674008,1.279500008,37.20000076,25.89999962,47.20000077,18.60811806,872.7918398,84.33718872,0.540000021,2140,11.30000114,1.63712027,60.39240136,-611.2085,711.02344,14.3,-8.73
12446,598,100.5,15.90200992,1.75,70,31.39999962,65.15000153,25.54632187,2598.762207,79.43386078,0.689999998,305,38.60000038,3.0625,114.0125027,-560.897,618.5586,12.1,-6.4300003
12450,598,99.54999924,17.61875946,1.122500002,46.40000153,23.79999924,41.45000077,38.56465149,3422.52063,122.5831223,0.370000005,490,22.60000229,1.260006254,46.52762595,-560.897,618.5586,15.1,-9.43
12457,599,100.2000008,14.54823039,2.375500083,89.5,34.5,90.89999771,21.03526402,2417.339111,47.07191849,0.730000019,228,55,5.643000644,215.9329521,-485.41943,495.26562,7.5,-2.44
12459,599,99.65000153,17.19693021,1.268499971,43.40000153,25.29999924,46.59999847,20.00556564,2245.722901,83.35652924,0.389999986,816,18.10000229,1.609092176,59.11209671,-485.41943,495.26562,10.5,-5.44
12463,599,99.5,14.2686446,2.574499965,103,49.40000153,97.20000076,35.30393982,5241.654541,76.49186707,1.049999952,151,53.59999847,6.62805007,250.2413986,-485.41943,495.26562,13.5,-8.440001
12526,604,100.6999969,14.88667484,2.167500019,94,45.70000076,83.29999924,29.9347992,2991.028199,102.9698181,0.810000002,253,48.29999924,4.698056332,180.5527499,-510.45166,772.59766,9.6,-3.8300004
12530,604,100.25,16.61814005,1.467500031,58.29999924,30.39999962,54.29999924,38.54013443,4403.185791,118.6604691,0.569999993,402,27.89999962,2.153556341,79.68525057,-510.45166,772.59766,12.6,-6.8300004
12539,605,100.3499985,15.46546499,1.847500026,65.40000153,40,70.34999848,34.81360626,3358.777588,100.0278244,0.560000002,492,25.40000153,3.413256346,129.971624,-686.78564,649.4414,12,-5.95
12542,605,99.89999773,16.03444468,1.642499984,66.40000153,36.59999847,61.29999924,40.47694779,4192.342774,152.003067,0.469999999,988,29.80000306,2.697806197,100.6852478,-686.78564,649.4414,15.1,-9.05
12567,607,99.79999925,14.87196032,2.240999937,73.40000153,35.70000076,83.55000305,11.91507959,1701.453736,38.24593353,1.120000005,99.19999695,37.70000077,5.022080718,187.2355516,-586.1626,464.5078,5.5,-3.01
12569,607,99.04999924,14.77386041,2.172500015,100.0999985,44.59999847,81.94999695,16.52420616,2069.203125,45.11058807,0.860000014,128,55.50000003,4.719756315,178.0363696,-586.1626,464.5078,8.5,-6.01
12573,607,99.69999695,14.29807481,2.490999937,110,50.5,95.45000076,18.53456879,2167.269654,66.68521881,1.029999971,84.59999847,59.5,6.205080686,237.7659459,-586.1626,464.5078,11.5,-9.01
12584,608,99.70000076,15.83824486,1.754000008,59.70000076,33.20000076,65,48.78808022,5555.467041,164.751709,0.579999983,299,26.5,3.076516028,114.0100005,-837.81885,741.96484,12.5,-8.13
12799,626,100.0499993,14.21959524,2.727499962,115.1999969,39,102.3500023,7.379503965,475.6225281,19.61330032,0.899999976,154,76.1999969,7.439256043,279.1596274,-32.092773,618.28516,6.1,-2.59
12801,626,99.89999769,14.51389496,2.47450006,85.19999695,36.09999847,92.54999924,12.06217909,1304.284363,31.38127899,0.74000001,276,49.09999848,6.123150547,229.0149787,-32.092773,618.28516,7.5,-3.99
12802,626,100.0499993,14.31278992,2.628499985,123.5,44.29999924,99.29999922,14.61190891,1637.71051,63.74322128,0.822000027,228,79.20000076,6.909012171,261.0100465,-32.092773,618.28516,9,-5.49
12803,626,99.93333179,14.74443021,2.306333303,86.30000305,36.59999847,86.60000102,14.59556389,1791.348063,50.0139122,0.714999974,302,49.70000458,5.319173305,199.7284664,-32.092773,618.28516,10.5,-6.99
12804,626,100.7666651,15.83661018,1.758666674,80.80000305,40.59999847,66.30000051,18.30574608,1846.919027,55.89790344,0.694999993,408,40.20000458,3.09290847,116.5996014,-32.092773,618.28516,12,-8.49
12805,626,101.4000015,16.27478999,1.576333324,62.70000076,32.70000076,59.83333333,21.08429655,1775.003581,127.4864426,0.538999975,934,30,2.484826748,94.31727721,-32.092773,618.28516,13.5,-9.99
12807,626,99.85000229,15.09758975,2.105999947,70.69999695,30.20000076,78.54999924,25.91407204,3280.324463,96.1051712,0.370000005,1240,40.49999619,4.435235777,165.4262942,-32.092773,618.28516,15,-11.49
12813,626,99.5,14.86215044,2.199500084,89.59999847,41.79999924,82.39999771,53.25010873,5246.557617,133.3704376,1.054999948,438,47.79999923,4.83780062,181.2388019,-32.092773,618.28516,21.4,-17.89
12814,626,100,14.85724521,2.220000029,108.5999985,43.90000153,83.54999924,58.34956553,5413.270752,102.9698181,1.024999976,363,64.69999697,4.928400129,185.4810007,-32.092773,618.28516,22.9,-19.39
12815,626,99.7666677,14.58747028,2.383999984,107.5999985,38.5,89.63333384,59.65712104,5377.312826,156.9064026,1.187000036,824,69.0999985,5.683455924,213.6858664,-32.092773,618.28516,24.4,-20.89
12816,626,99.35000229,14.60218499,2.370499969,109.6999969,39.20000076,88.5,62.02705958,4466.928956,152.003067,1.14199996,401,70.49999614,5.619270103,209.7892473,-32.092773,618.28516,25.9,-22.39
12817,626,99.40000153,14.55804026,2.381500006,105.1999969,44.29999924,89.35000229,63.7432251,7340.277344,147.0997467,1.085999966,307,60.89999766,5.671542279,212.787031,-32.092773,618.28516,27.4,-23.89
12818,626,97.83333333,14.39127008,2.466000001,100,41.29999924,90.36666616,65.86799622,7328.8361,269.6828613,1.212000012,455,58.70000076,6.081156005,222.8441988,-32.092773,618.28516,29,-25.49
12819,626,99,14.81800455,2.218500019,105,41.59999847,82.40000153,62.02705958,5325.010742,152.9837341,1.049000025,428,63.40000153,4.921742334,182.804405,-32.092773,618.28516,30.4,-26.89
12820,626,98.15000153,14.464845,2.392000079,95.19999695,39.90000153,88.5,60.06572725,4486.542236,171.6163635,1.070000052,521,55.29999542,5.721664378,211.692007,-32.092773,618.28516,31.9,-28.39
12821,626,98.80000305,15.08287523,2.020499945,89.30000305,37.29999924,75.34999847,74.0402069,7227.500976,192.2103424,1.047999978,307,52.00000381,4.082420028,152.2446678,-32.092773,618.28516,33.4,-29.890001
12823,626,95.35000229,16.33855544,1.402999997,54.59999847,26.60000038,50.19999886,52.71074488,4790.548339,279.489502,0.540000021,893,27.99999809,1.968408992,70.43059825,-32.092773,618.28516,34.9,-31.390001
12824,626,97.79999924,16.17178466,1.541500032,68.40000153,31.20000076,56.25,78.4531975,8051.259277,230.4562531,0.685000002,504,37.20000077,2.376222349,86.7093768,-32.092773,618.28516,36.4,-32.890003
12826,626,97.90000153,16.03934991,1.640500009,61,29.39999962,59.29999924,76.73703385,5516.240479,245.1662445,0.68599999,784,31.60000038,2.69124028,97.28164929,-32.092773,618.28516,38.8,-35.29
12827,626,97.34999848,15.94615523,1.640000045,70.40000153,30.60000038,59.30000115,76.49186705,4618.932129,254.9728851,0.693000019,552,39.80000115,2.689600148,97.25200455,-32.092773,618.28516,40.3,-36.79
12828,626,96.86666616,16.02299992,1.605333328,70.40000153,30.39999962,57.53333283,70.60787582,6704.479492,227.514267,0.708000004,684,40.00000191,2.577095094,92.36017666,-32.092773,618.28516,41.8,-38.29
12829,626,98.29999924,16.24536018,1.747000039,87.40000153,32.09999847,63.65000153,86.78884888,5673.146973,269.6828613,0.879999995,703,55.30000306,3.052009136,111.1965552,-32.092773,618.28516,43.3,-39.79
12830,626,96.04999924,15.64695028,1.739499986,71.19999695,33.09999847,61.94999886,95.61483383,8340.55542,287.3348389,0.721000016,265,38.09999848,3.025860201,107.7620221,-32.092773,618.28516,44.5,-40.99
12832,626,92.86666616,14.93735987,2.09799997,125.1999969,54.59999847,70.33333333,74.20365017,8871.749348,519.7524414,0.953000009,582,70.59999843,4.401603874,147.5593312,-32.092773,618.28516,46.1,-42.59
12841,627,100.6666666,14.44686034,2.542666674,74.09999847,43.79999924,96.36666869,4.363959233,202.6707611,119.6411285,1.25,303,30.29999923,6.465153815,245.028317,93.726074,433.34766,6.6,-3.32
12842,627,100.9000015,14.49917986,2.592499972,103.3000031,37.40000153,97.19999693,14.51384163,2319.272705,40.20726395,0.959999979,350,65.90000157,6.721056105,251.9909893,93.726074,433.34766,8.1,-4.8200006
12844,627,94.36666616,17.10210007,1.200333357,45.79999924,24.79999924,42.06666692,14.67728583,898.9428507,64.72389221,0.412,804,21,1.440800168,50.49402352,93.726074,433.34766,9.6,-6.3200006
12846,627,101.3999977,15.71561998,1.858500004,73.80000305,33.20000076,69.89999771,21.35398007,2672.312134,56.87856674,0.629999995,386,40.60000229,3.454022265,129.909146,93.726074,433.34766,11.1,-7.8200006
12847,627,99.79999922,15.14664029,2.080999971,90.19999695,35.90000153,77.45000077,19.19651794,1569.064026,71.58854675,0.797999978,265,54.29999542,4.330560879,161.1734494,93.726074,433.34766,12.6,-9.320001
12848,627,99.74999998,14.45994036,2.531000018,108.6999969,42,94.34999848,23.14369392,2569.342285,68.64654541,1.25999999,232,66.6999969,6.405961091,238.7998479,93.726074,433.34766,14.1,-10.820001
12850,627,95.75,17.86891503,1.003499985,64.19999695,29.70000076,35.75,8.727918147,642.3355408,30.40061378,0.393999994,1710,34.49999619,1.00701222,35.87512446,93.726074,433.34766,15.6,-12.320001
12855,627,98.95000077,14.72971452,2.291499972,98.80000305,37.5,89.79999924,43.95830917,3255.807861,132.3897705,1.133999944,272,61.30000305,5.250972122,205.7766957,93.726074,433.34766,19.8,-16.519999
12856,627,97.29999924,14.82290978,2.135500073,95.5,35.59999847,78.14999771,55.84887125,6982.334717,129.4477844,0.99000001,442,59.90000153,4.560360562,166.8893258,93.726074,433.34766,21.3,-18.019999
12857,627,99.10000229,14.464845,2.394500018,104.4000015,40.20000076,90.20000076,55.16240503,3152.837891,156.9064026,1.067999959,324,64.20000074,5.733630336,215.9839034,93.726074,433.34766,22.8,-19.519999
12858,627,101.1499977,14.73952498,2.311499953,97.59999847,40.79999924,88.60000229,56.3882332,3687.300293,157.8870697,1.018000007,221,56.79999923,5.343032033,204.7989011,93.726074,433.34766,24.3,-21.019999
12859,627,100.5500031,14.56294491,2.397500038,105,38.70000076,91.55000305,60.31089783,3849.109986,149.0610809,1.217000008,189,66.29999924,5.748006432,219.4911358,93.726074,433.34766,25.8,-22.519999
12860,627,99.66666923,14.65286983,2.312000036,104.5999985,41.40000153,87.19999949,64.23355612,7724.371419,172.5970306,1.174999952,186,63.19999697,5.345344166,201.606402,93.726074,433.34766,27.3,-24.019999
12861,627,100.9333344,14.70518993,2.299666722,101.1999969,41,88.56666819,69.79065832,9107.109049,211.8236389,0.981000006,765,60.1999969,5.288467032,203.6738195,93.726074,433.34766,28.8,-25.519999
12862,627,101.6999995,14.65286983,2.348666668,110.0999985,42.5,92,62.43567148,3507.511719,190.2490082,1.072000027,387,67.5999985,5.516235117,216.0773335,93.726074,433.34766,30.3,-27.019999
12863,627,99.15000153,14.82290978,2.174499989,90.19999695,40.20000076,81.64999771,65.21421815,3795.173584,190.2490082,0.913999975,750,49.99999619,4.728450202,177.5479191,93.726074,433.34766,31.8,-28.519999
12864,627,100.4500008,14.51880019,2.409500003,94.5,39.79999924,92.20000077,82.86619185,9635.033203,274.5861816,1.194000006,611,54.70000076,5.805690264,222.1559021,93.726074,433.34766,33.3,-30.019999
12865,627,99.04999924,15.33303023,1.89349997,82.69999695,37,70.80000305,80.65969468,8458.235352,617.8189697,1.35800004,264,45.69999695,3.585342136,134.0598037,93.726074,433.34766,34.8,-31.519999
12867,627,99.84999848,16.82905497,1.341500044,53.79999924,27.29999924,50.04999924,49.0332489,3844.206787,164.751709,0.472000003,1610,26.5,1.799622368,67.14207618,93.726074,433.34766,36.3,-33.02
12869,627,100.25,16.39251004,1.486999989,66.5,31,55.90000153,80.4145279,4310.022705,313.8128052,0.79400003,923,35.5,2.211168967,83.12330166,93.726074,433.34766,38.8,-35.52
12870,627,100.9666646,16.33037986,1.512333314,66.80000305,30.5,57.5,96.59550223,11986.99479,245.1662445,0.689999998,616,36.30000305,2.287152053,86.95916556,93.726074,433.34766,40.3,-37.02
12917,629,94.90000153,12.66961473,4.09800005,135.1000061,47.5,144.6500016,1.372930974,156.4160538,234.3789368,0.952000022,1920,87.6000061,16.79360441,592.7757138,370.49365,-90.60156,3.3,-0.32999992
12918,629,99.09999848,13.16501949,3.833500028,135,48.5,141.75,1.103248149,479.0548478,6.864655018,1.470000029,145,86.5,14.69572246,543.398629,370.49365,-90.60156,5,-2.03
12920,629,99.30000305,14.08225467,2.857999921,108.5999985,42.09999847,105.0499992,0.760015368,46.58158684,44.12992096,1.830000043,199,66.50000003,8.168163548,300.2328894,370.49365,-90.60156,8,-5.0299997
12921,629,100.8000031,13.6996655,3.387500048,112.5,43.90000153,125.9499969,1.765196979,160.3387223,8.825984955,0.99000001,261,68.59999847,11.47515658,426.6556205,370.49365,-90.60156,9.3,-6.33
12922,629,102.4499969,14.34712535,2.756500006,94.90000153,37.70000076,105.8499985,3.334261179,247.6178971,9.806650162,0.867999971,313,57.20000077,7.598292283,291.7755215,370.49365,-90.60156,11,-8.03
12924,629,99.04999922,14.37164974,2.63349998,94.59999847,39.5,96.04999924,3.751043558,193.1909943,18.63263512,0.814999998,358,55.09999847,6.935322145,252.9476711,370.49365,-90.60156,12.5,-9.53
12925,629,100.2000008,15.08777988,2.153499961,88.59999847,37.5,80.20000077,9.733099938,811.0099487,29.41995049,0.85799998,313,51.09999847,4.637562082,172.7106985,370.49365,-90.60156,14,-11.03
12926,629,98.54999924,15.65185493,1.839000046,70.19999695,31.60000038,66.70000077,12.11121178,1392.544251,34.32327271,0.698000014,196,38.59999657,3.381921169,122.6613045,370.49365,-90.60156,15.5,-12.53
12927,629,102.1000023,15.92163026,1.84799999,74.40000153,31.79999924,68.89999771,12.01314592,1500.41742,39.22660065,0.501999974,360,42.60000229,3.415103963,127.3271951,370.49365,-90.60156,17,-14.03
12928,629,99.8000005,15.51942017,1.848666708,102.5,42.70000076,69.43333562,16.39344883,1376.19987,50.9945755,1.24000001,138,59.79999924,3.417568597,128.359096,370.49365,-90.60156,18.5,-15.53
12933,629,100.4666646,15.44747992,1.893000007,91.30000305,39.29999924,71.69999949,53.44624074,5105.995768,140.2350922,0.810000002,213,52.00000381,3.583449027,135.7280995,370.49365,-90.60156,22.2,-19.230001
12934,629,100.4666672,15.17933987,2.048999945,97,39.59999847,77.40000152,75.51119995,9293.435222,151.0223999,0.99000001,172,57.40000153,4.198400775,158.5925989,370.49365,-90.60156,23.8,-20.83
12935,629,100.0333303,14.87850023,2.207999945,104.5,42.20000076,83.10000102,78.45319622,10313.32682,156.9064026,1.100000024,130,62.29999924,4.875263757,183.4847977,370.49365,-90.60156,25.3,-22.33
12936,629,99.69999952,14.57439006,2.418666681,114.1999969,46.20000076,90.56666819,58.18612417,6550.84196,156.9064026,1.200000048,291,67.99999614,5.849948514,219.0505828,370.49365,-90.60156,26.8,-23.83
12937,629,99,14.58746989,2.345000029,112.9000015,45.29999924,87.39999771,86.5436821,8786.757813,151.0223999,1.25,125,67.60000226,5.499025136,204.9529972,370.49365,-90.60156,28.3,-25.33
12938,629,98.65000153,14.71990523,2.253999949,113.5,43.79999924,83.55000305,94.63417053,11983.72607,169.6550446,1.299999952,176,69.70000076,5.08051577,188.3217026,370.49365,-90.60156,29.8,-26.83
12939,629,100,14.45503513,2.493999958,114.3000031,43.79999924,93.90000153,92.42767335,10100.84912,161.8097229,1.25,384,70.50000386,6.220035791,234.1865999,370.49365,-90.60156,31.3,-28.33
12940,629,98.45000076,14.39127008,2.460500002,121.5,46.20000076,91.20000076,96.1051674,9963.555664,202.9976501,1.320000052,181,75.29999924,6.05406026,224.3976021,370.49365,-90.60156,32.8,-29.83
12941,629,96.10000229,14.7002849,2.13199997,114.4000015,43.5,77.45000076,102.2343216,12778.06495,205.9396362,1.25999999,157,70.9000015,4.545423872,165.1233993,370.49365,-90.60156,34.3,-31.33
12942,629,96.25,14.66104482,2.164499998,106.1999969,45.09999847,78.79999924,97.33099748,9968.459474,198.0943298,1.230000019,182,61.09999843,4.685060241,170.5625982,370.49365,-90.60156,35.8,-32.829998
12943,629,97.19999695,14.73952498,2.189999938,113.8000031,47.59999847,79.90000153,105.1763153,11444.36036,243.2049103,1.440000057,108,66.20000463,4.796099728,174.9809984,370.49365,-90.60156,37.3,-34.329998
12944,629,97.63333384,14.78367009,2.178333283,97,38.59999847,79.80000305,119.3142395,13278.2041,225.5529327,1.070000052,168,58.40000153,4.745135892,173.8310026,370.49365,-90.60156,38.8,-35.829998
12946,629,97.86666616,17.10863998,1.21633331,66.5,30.39999962,44.5333341,62.27222825,6103.005208,254.9728851,0.660000026,331,36.10000038,1.479466721,54.16737767,370.49365,-90.60156,40.3,-37.329998
12948,629,100.100001,16.38597012,1.523000002,73.69999695,34.90000153,56.69999949,93.81694538,9058.07552,299.1028137,0.644999981,498,38.79999542,2.319529006,86.35409934,370.49365,-90.60156,42.8,-39.829998
12949,629,100.2999993,16.52494538,1.499000013,77.09999847,33.79999924,55.55000115,110.0796433,13587.11279,294.1994934,0.698000014,435,43.29999923,2.247001039,83.26945245,370.49365,-90.60156,44.3,-41.329998
12950,629,100.9500008,16.35326996,1.541499973,86.19999695,35.5,58.04999924,121.8476257,13390.97949,323.6194458,0.737999976,240,50.69999695,2.376222167,89.48407226,370.49365,-90.60156,45.8,-42.829998
12951,629,100.3666661,16.69335007,1.416000009,48,26.79999924,52.83333333,109.9979273,12091.59896,269.6828613,0.432000011,1480,21.20000076,2.005056025,74.81200047,370.49365,-90.60156,47.3,-44.329998
12952,629,100.9000016,16.78491025,1.334999979,51.09999847,29.20000076,50.89999962,110.8151436,13851.89258,333.4261169,0.40200001,1450,21.89999771,1.782224944,67.95149842,370.49365,-90.60156,48.6,-45.629997
12953,629,97.06666565,17.95230003,0.998000006,41.09999847,26,36.06666692,94.7976176,9221.519368,451.1058655,0.358999997,1550,15.09999847,0.996004012,35.9945338,370.49365,-90.60156,50.3,-47.329998
12958,629,97.65000153,17.49122993,1.121499956,43.29999924,28.89999962,40.75,93.65350725,3152.837769,588.3989868,0.323000014,1660,14.39999962,1.257762151,45.70112321,370.49365,-90.60156,54.2,-51.23
12959,629,99.09999848,17.60404494,1.101999999,49.20000076,31.29999924,40.75,99.53749465,4148.212891,608.0122681,0.370000005,1730,17.90000152,1.214403998,44.90649996,370.49365,-90.60156,55.7,-52.73
12960,629,97.63333384,17.19366044,1.226666689,66.59999847,32.40000153,44.23333359,118.6604614,4076.297282,568.7857056,0.43599999,1890,34.19999694,1.504711166,54.25955686,370.49365,-90.60156,57.1,-54.129997
12961,629,98.45000076,16.191405,1.504000008,88.69999695,43.5,55.80000115,147.0997467,7301.051025,558.9790039,0.805000007,213,45.19999695,2.262016024,83.92320218,370.49365,-90.60156,58.5,-55.53
12985,630,100,14.38636485,2.511999965,98.5,44.40000153,96.5,3.064577937,73.54987335,19.61330032,0.699999988,109,54.09999847,6.310143824,242.4079966,496.344,-244.72266,9.6,-6.6500006
12986,630,99.20000077,14.17544993,2.549999952,91.19999695,39,97.29999924,4.290409327,210.8429642,21.57462883,0.810000002,99.40000153,52.19999695,6.502499755,248.1149934,496.344,-244.72266,11.1,-8.150001
12987,630,100,15.00439508,2.060500026,83.40000153,36.40000153,79.79999924,4.903325081,382.4593506,18.63263512,0.709999979,144,47,4.245660357,164.4279005,496.344,-244.72266,12.6,-9.650001
12988,630,99.84999848,15.36736508,1.862999976,73.59999847,34.29999924,71.75,6.742071868,627.6256104,22.55529404,0.610000014,123,39.29999923,3.470768911,133.6702483,496.344,-244.72266,14.1,-11.150001
12989,630,100,14.7607798,2.214666685,82.40000153,36.29999924,85.5,8.580818653,761.6498413,30.40061378,0.709999979,145,46.10000229,4.904748526,189.3540016,496.344,-244.72266,15.6,-12.650001
12990,630,100,14.86214986,2.147500039,88.09999847,37.59999847,83.09999848,11.03248119,1211.121277,35.30393982,0.829999983,169,50.5,4.611756418,178.45725,496.344,-244.72266,17.1,-14.150001
12992,630,99.59999848,14.93081956,2.081500054,79.59999847,36.09999847,79.25,13.36155987,956.1483458,58.83990097,0.800000012,133,43.5,4.332642475,164.9588793,496.344,-244.72266,18.3,-15.349999
12996,630,99.59999847,15.60444024,1.757666668,72.5,33.09999847,66.53333282,35.95771662,2758.937418,142.1964264,0.920000017,172,39.40000153,3.089392116,116.9434214,496.344,-244.72266,22.3,-19.349998
12997,630,99.46666717,14.82618013,2.173999945,94.5,40.29999924,82.19999695,35.1404953,2275.142741,177.500351,1.120000005,119,54.20000076,4.726275761,178.7027888,496.344,-244.72266,23.8,-20.849998
12998,630,100,14.88504015,2.160000006,93,39.79999924,82.86666616,47.88913854,3988.037598,161.8097229,1.100000024,183,53.20000076,4.665600026,178.9919994,496.344,-244.72266,25.3,-22.349998
12999,630,100,14.84253011,2.269500017,101,44,87.59999847,57.85923385,3991.306519,178.4810333,1.220000029,189,57,5.150630327,198.808198,496.344,-244.72266,26.8,-23.849998
13000,630,99.03333028,14.29643993,2.5236667,107.8000031,49.09999847,94.86666616,64.07011032,4586.243164,187.3070068,1.24000001,196,58.70000463,6.368893613,239.4118463,496.344,-244.72266,28.3,-25.349998
13001,630,100,14.6316152,2.364500046,102.5999985,46,91,62.51739123,3677.493653,201.0363159,1.330000043,188,56.5999985,5.590860468,215.1695042,496.344,-244.72266,29.8,-26.849998
13002,630,99.20000077,14.37165033,2.506500006,103.8000031,48,94.79999924,73.54987335,5658.437012,181.4230194,1.159999967,181,55.8000031,6.28254228,237.6161987,496.344,-244.72266,31.3,-28.349998
13003,630,99.86666616,14.51553004,2.468666712,103,47.90000153,92.93333181,73.87675985,4945.820475,225.5529327,1.370000005,262,55.09999847,6.094315335,229.4214227,496.344,-244.72266,32.8,-29.849998
13004,630,99.89999898,14.31278991,2.606999953,107.5999985,48.70000076,98.26666515,64.39699937,5073.306722,206.9203033,1.389999986,164,58.89999774,6.796448755,256.1811914,496.344,-244.72266,34.3,-31.349998
13005,630,99.93333435,14.45667001,2.476666689,104.3000031,47.70000076,93.63333384,66.35833105,5122.340169,251.0502319,1.5,177,56.60000234,6.133877888,231.8985589,496.344,-244.72266,35.8,-32.85
13006,630,100,14.52370542,2.42050004,106,48.09999847,92.10000229,73.54987335,5089.651123,250.0695648,1.480000019,146,57.90000153,5.858820444,222.9280592,496.344,-244.72266,37.3,-34.35
13007,630,99.96666718,14.56785014,2.414000034,103,47.09999847,91.13333384,77.14564515,5818.612142,259.8762207,1.480000019,917,55.90000153,5.827396164,219.995871,496.344,-244.72266,38.6,-35.649998
13008,630,99.93333435,14.82944989,2.216666698,102.8000031,47.29999924,84.26666514,82.048968,7475.936035,264.779541,1.210000038,91.69999695,55.50000386,4.91361125,186.7911104,496.344,-244.72266,40.3,-37.35
13010,630,99.56666565,17.1446101,1.199000001,45.5,33.5,45.23333231,48.86980439,4527.403239,323.6194458,0.389999986,2530,12,1.437601002,54.23476548,496.344,-244.72266,41.8,-38.85
13013,630,99.73333232,16.21592958,1.498999993,63.59999847,31.10000038,56.83333333,38.40937805,2503.964599,264.779541,0.600000024,409,32.49999809,2.247000979,85.19316626,496.344,-244.72266,43.7,-40.75
13015,630,99.89999898,16.30094966,1.473999977,75.30000305,36.09999847,56.13333384,67.82932663,4478.369954,357.9427185,0.910000026,112,39.20000458,2.172675932,82.74053279,496.344,-244.72266,46.8,-43.85
13018,631,97.79999924,13.31216994,3.462000013,117.8000031,45.90000153,126.949997,7.600153685,661.9488831,17.65196991,1.330000043,120,71.90000157,11.98544409,439.5008913,697.6758,-583.75,5.5,-2.63
13019,631,101.5,15.02892005,2.265000105,89.30000305,37.79999924,85.04999924,5.41817403,338.329422,22.55529404,0.50999999,716,51.50000381,5.130225476,192.6382572,697.6758,-583.75,7,-4.13
13020,631,92.79999924,14.68066515,2.164499998,89.59999847,39.09999847,74.69999886,7.453053475,657.0455322,22.55529404,0.851000011,264,50.5,4.685060241,161.6881474,697.6758,-583.75,8.5,-5.63
13021,631,101.25,14.72480987,2.437000036,90.59999847,39.09999847,91.70000077,10.41956568,1348.414368,32.36194611,0.790000021,248,51.5,5.938969175,223.4729052,697.6758,-583.75,10,-7.13
13022,631,99.96666719,14.83272004,2.340666691,93.69999695,39.20000076,86.33333333,11.57184665,1363.124308,37.26527023,0.74000001,364,54.49999619,5.478720558,202.0775576,697.6758,-583.75,11.5,-8.63
13023,631,99.59999847,14.92591492,2.271499992,77.59999847,36.09999847,83.34999848,17.21067047,1833.843506,44.12992096,0.674000025,461,41.5,5.159712214,189.3295209,697.6758,-583.75,13,-10.13
13024,631,99.5,15.10249499,2.168500066,79.5,35.79999924,79.29999924,19.51523304,2789.991821,63.74322128,0.859000027,465,43.70000076,4.702392536,171.9620536,697.6758,-583.75,14.5,-11.63
13025,631,99.50000002,15.3428401,2.027500034,74.59999847,31.10000038,74.5,26.23278809,3285.227662,70.60787964,0.836000025,436,43.49999809,4.110756388,151.0487525,697.6758,-583.75,16,-13.13
13031,631,93.86666616,17.37350988,1.134666661,42.70000076,26.29999924,39.40000025,44.39143436,3327.723226,313.8128052,0.811999977,658,16.40000152,1.287468432,44.70586673,697.6758,-583.75,21.2,-18.330002
13033,631,98.76666768,15.77121024,1.767333349,86.19999695,38.79999924,64.70000204,65.05077617,6554.111002,154.9450684,0.870000005,210,47.39999771,3.123467166,114.3464713,697.6758,-583.75,22.7,-19.830002
13034,631,99.15000153,14.70519013,2.369499922,111.1999969,44.20000076,86.95000077,66.6852188,6354.709473,156.9064026,1.264999986,267,66.99999614,5.61452988,206.02802,697.6758,-583.75,24.2,-21.330002
13035,631,98.20000076,14.55804027,2.412500024,115.4000015,45.20000076,87.84999847,66.19488525,10184.20606,250.0695648,1.264000058,383,70.20000074,5.820156366,211.9381234,697.6758,-583.75,25.7,-22.830002
13036,631,99.29999924,14.59727976,2.424499989,108,43.40000153,89.5,77.2273674,7266.72754,272.6248474,1.460000038,334,64.59999847,5.878200197,216.992749,697.6758,-583.75,27.2,-24.330002
13037,631,99.90000155,14.37655555,2.578999997,123,47.79999924,96.60000229,78.45319748,6766.588379,193.1910095,1.322999954,228,75.20000076,6.651240985,249.1314056,697.6758,-583.75,30.2,-27.330002
13038,631,98.90000153,14.18526039,2.682999969,123.5,49.29999924,99.39999769,89.48567583,8414.105469,208.8816528,1.416000009,219,74.20000076,7.198488834,266.6901907,697.6758,-583.75,31.7,-28.830002
13039,631,99.75000002,14.32260038,2.516000033,121,46.40000153,95.54999924,91.44700623,8173.842774,223.5916138,1.440000057,341,74.59999847,6.330256166,240.4038012,697.6758,-583.75,33.2,-30.330002
13040,631,99.70000077,14.22940511,2.593999982,118.4000015,46.5,98.34999848,86.05334852,6192.89917,235.3596039,1.460000038,221,71.9000015,6.728835907,255.1198943,697.6758,-583.75,34.4,-31.530003
13041,631,99.14999771,14.32750502,2.541999936,120.6999969,49.20000076,95,91.44701005,7090.207764,274.5861816,1.391000032,221,71.49999614,6.461763675,241.4899939,697.6758,-583.75,36.2,-33.33
13042,631,98.45000077,14.24411963,2.56099999,110.0999985,45.40000153,95.10000229,91.69217683,7992.419678,279.489502,1.169999957,280,64.69999697,6.558720949,243.5511049,697.6758,-583.75,37.7,-34.83
13043,631,98.10000229,14.40598459,2.412999988,105.9000015,46.09999847,89.5,92.42767715,6192.89917,353.0393677,1.195000052,275,59.80000303,5.822568942,215.9634989,697.6758,-583.75,39.1,-36.23
13045,631,97.89999898,16.79471973,1.370333354,49.40000153,29.10000038,49.56666692,54.10001883,4828.140625,274.5861816,0.524999976,967,20.30000115,1.877813501,67.92285693,697.6758,-583.75,40.7,-37.83
13047,631,96.79999924,16.32383975,1.495500029,64.59999847,31.10000038,53.5,82.62102508,5526.047119,313.8128052,0.717000008,390,33.49999809,2.236520337,80.00925155,697.6758,-583.75,42.8,-39.93
13048,631,96.84999848,16.3581746,1.500500023,63.29999924,30.29999924,53.55000115,92.9180069,8688.691895,558.9790039,0.555999994,1320,33,2.251500319,80.35177796,697.6758,-583.75,44.3,-41.43
13050,632,98.35000229,13.35141001,3.490499973,73.30000305,33.40000153,128.3000031,3.064577937,227.5142822,10.78731441,0.575999975,441,39.90000152,12.18359006,447.8311574,873.8259,-953.5742,4.1,-0.8599999
13051,632,98.70000077,15.74505019,1.741999984,85.90000153,37.20000076,64.04999924,3.334260941,111.7958107,14.70997524,0.834999979,256,48.70000077,3.034563944,111.5750977,873.8259,-953.5742,5.6,-2.36
13052,632,102,15.01911018,2.26549995,79.09999847,33.59999847,85.95000076,5.197524548,463.854538,21.57462883,0.722000003,218,45.5,5.132490023,194.7197224,873.8259,-953.5742,7.1,-3.86
13053,632,99,15.9559651,1.664499998,75.59999847,33.29999924,61.35000038,6.889171363,525.6364136,26.47795486,0.59799999,366,42.29999923,2.770560243,102.1170755,873.8259,-953.5742,8.6,-5.3600006
13054,632,100.9500008,14.62180532,2.547999978,93.19999695,39.79999924,94.75,12.03766251,1338.607666,52.95590973,1.029999971,180,53.39999771,6.492303888,241.4229979,873.8259,-953.5742,10.1,-6.8600006
13056,632,102.3499985,14.09696977,3.02699995,98.40000153,40.90000153,115.1500016,13.33704376,1220.927918,36.28460312,1.083999991,276,57.5,9.162728697,348.5590491,873.8259,-953.5742,11.6,-8.360001
13058,632,96.55000305,14.71009477,2.261000038,113.6999969,48.70000076,80.85000229,16.91647053,844.8428955,53.93657684,1.029999971,167,64.99999614,5.112121172,182.8018582,873.8259,-953.5742,13.1,-9.860001
13059,632,98,16.55928023,1.435499967,112.1999969,48.5,52,24.76179028,1323.897766,64.72389221,1.355000019,148,63.6999969,2.060660155,74.64599828,873.8259,-953.5742,14.6,-11.360001
13061,632,101.75,17.5010398,1.236000002,35.09999847,30,46.04999924,21.81979466,1809.326843,70.60787964,0.412,126,5.09999847,1.527696005,56.91779915,873.8259,-953.5742,16.1,-12.860001
13065,632,99.84999845,15.56356489,1.907500029,66.19999695,35.09999847,70.29999924,46.70416832,4584.608887,110.8151398,0.726000011,209,31.09999848,3.638556361,134.0972506,873.8259,-953.5742,20.7,-17.460001
13066,632,99.65000153,15.93634477,1.745000005,64.09999847,34.20000076,63.85000039,41.6782608,4991.584717,235.3596039,0.536000013,578,29.89999771,3.045025017,111.418251,873.8259,-953.5742,22.2,-18.960001
13067,632,98.75,16.47589543,1.49150002,61.5,29.39999962,54.39999962,51.97524453,4589.511963,156.9064026,0.555000007,442,32.10000038,2.22457231,81.13760052,873.8259,-953.5742,23.6,-20.36
13068,632,99.5,14.48446534,2.488999963,110.5999985,45.59999847,92.5,72.81437303,7624.670166,162.79039,1.126999974,257,65.00000003,6.195120816,230.2324966,873.8259,-953.5742,25.1,-21.86
13069,632,99.59999847,14.47465488,2.442999959,108.4000015,43.90000153,91.95000077,70.36270905,6830.331787,156.9064026,1.180999994,492,64.49999997,5.9682488,224.6338481,873.8259,-953.5742,26.6,-23.36
13070,632,98.80000305,14.23431034,2.596500039,107.9000015,43.09999847,96.65000153,67.66588593,6310.579102,343.2327271,1.715000033,191,64.80000303,6.741812453,250.9517327,873.8259,-953.5742,28.2,-24.960001
13071,632,99.14999771,14.22449989,2.588500023,106.5999985,43.5,97.35000228,69.8723793,6276.256104,176.5196838,1.203999996,138,63.0999985,6.700332369,251.9904831,873.8259,-953.5742,29.7,-26.460001
13072,632,99.29999924,14.25883473,2.628499985,106.5999985,47.79999924,97.95000077,70.8530426,6075.219483,201.0363159,1.065000057,181,58.79999926,6.909012171,257.4615756,873.8259,-953.5742,31.2,-27.960001
13073,632,98.85000229,14.19016503,2.595000029,116.5999985,45.5,97.45000076,80.4145279,7766.866455,304.006134,1.35800004,181,71.0999985,6.734025151,252.8827548,873.8259,-953.5742,32.7,-29.460001
13074,632,98.95000077,14.29317017,2.532999992,104,44,94.95000077,82.3758545,8041.452881,180.4423523,1.276000023,132,60,6.416088959,240.5083512,873.8259,-953.5742,34.2,-30.960001
13075,632,99.00000254,14.34548988,2.487666686,99.80000305,46.09999847,93.36666616,83.35652413,8332.383138,176.5196838,1.254999995,144,53.70000458,6.188485541,232.265145,873.8259,-953.5742,35.7,-32.46
13076,632,98.75,14.31278992,2.498999954,102.5,43.5,93.60000229,85.5630188,8762.241455,313.8128052,1.274999976,295,59,6.24500077,233.9064014,873.8259,-953.5742,37.2,-33.96
13077,632,98.54999924,14.34712477,2.468000055,93,42.09999847,92.14999771,88.01467895,8610.238526,328.5227661,1.095000029,174,50.90000153,6.091024271,227.4261994,873.8259,-953.5742,38.7,-35.46
13079,632,97.66666667,15.99683987,1.603666703,65.40000153,28,58.46666717,97.08583323,9067.882486,253.0115509,0.800000012,201,37.40000153,2.571746894,93.76104738,873.8259,-953.5742,40.2,-36.96
13081,632,98.79999924,16.49551518,1.462499976,53.79999924,27.29999924,53.60000039,78.94353105,7305.954102,245.1662445,0.625999987,458,26.5,2.13890618,78.38999928,873.8259,-953.5742,43.1,-39.859997
13082,632,97.5,16.10802,1.571333329,56.70000076,28.79999924,56.86666616,67.0121053,7341.911459,431.4926147,0.65200001,405,27.90000152,2.469088431,89.35648785,873.8259,-953.5742,44.6,-41.359997
13084,633,100.1666667,13.34159975,3.548000018,143.6999969,49.59999847,135.0666656,1.879607876,174.2314733,9.806650162,1.330000043,75.40000153,94.09999843,12.58830413,479.216532,1100.3748,-1292.6016,5.5,-1.1300001
13085,633,96.64999771,13.45931979,3.287999988,74.30000305,33.79999924,117.3500023,1.765196979,160.3387222,9.806650162,1.008000016,193,40.50000381,10.81094392,385.8468062,1100.3748,-1292.6016,7,-2.63
13086,633,99.80000308,15.22511987,2.077499986,62,32.59999847,76.75,4.21685946,324.6001129,20.59396362,0.577000022,602,29.40000153,4.316006192,159.4481239,1100.3748,-1292.6016,8.5,-4.13
13087,633,101.1000023,14.59237453,2.539499998,94,37.40000153,95.09999848,7.64918661,664.8908692,28.43928337,1.233999968,283,56.59999847,6.44906024,241.5064459,1100.3748,-1292.6016,10,-5.63
13089,633,99.54999924,14.73462033,2.368999958,62.79999924,28.70000076,87.35000229,7.820803405,580.5536804,20.59396362,0.82099998,337,34.09999848,5.612160801,206.9321518,1100.3748,-1292.6016,11.5,-7.13
13091,633,99.56666818,16.65410978,1.463000019,59.20000076,26.89999962,53.46666717,12.63423379,738.1138407,71.58854675,0.335999995,693,32.30000114,2.140369056,78.22173509,1100.3748,-1292.6016,13,-8.63
13094,633,99.5,14.25393009,2.772500038,58.90000153,31.10000038,101.4500008,23.36434269,1377.83429,61.78189468,0.564999998,421,27.80000115,7.686756461,281.2701311,1100.3748,-1292.6016,16,-11.63
13098,633,100.3999977,15.78429026,1.764999985,74.40000153,32.29999924,66.25,36.65235329,3854.01355,112.7764664,0.389999986,1360,42.10000229,3.115224947,116.931249,1100.3748,-1292.6016,19.2,-14.830001
13099,633,97.59999847,15.92163026,1.661000014,65.59999847,32,60.14999962,42.16859436,3059.674683,111.7958069,0.497000009,1480,33.59999847,2.758921047,99.90915021,1100.3748,-1292.6016,20.7,-16.330002
13100,633,98.66666667,15.25454988,1.937333306,80,34.20000076,71.93333181,38.62185669,3631.729329,156.9064026,0.889999986,319,45.79999924,3.753260339,139.3588395,1100.3748,-1292.6016,22.2,-17.830002
13101,633,97.60000229,15.55866025,1.777500034,75.19999695,35.20000076,65,48.22420122,3456.843995,120.6217957,0.675999999,376,39.99999619,3.159506371,115.5375022,1100.3748,-1292.6016,23.7,-19.330002
13102,633,97.25,15.75486006,1.692999959,71,34.90000153,61.54999924,51.9262085,5982.056397,121.6024551,0.787999988,213,36.09999847,2.866248861,104.2041462,1100.3748,-1292.6016,25.2,-20.830002
13103,633,98.26666514,14.82290959,2.219000022,101.6999969,40.59999847,81.3666687,54.26346078,4390.11027,110.8151398,1.304999948,563,61.09999843,4.923961098,180.5526396,1100.3748,-1292.6016,26.7,-22.330002
13104,633,98.29999924,14.12639998,2.616499901,108.5,45.29999924,97.60000229,62.27222633,5148.491211,140.2350922,1.190000057,165,63.20000076,6.846071732,255.3703963,1100.3748,-1292.6016,28.2,-23.830002
13105,633,98.13333384,14.23431015,2.622333368,115.8000031,44.09999847,95.83333333,64.1191457,4396.647949,149.0610809,1.292000055,145,71.70000463,6.876632293,251.3069478,1100.3748,-1292.6016,29.7,-25.330002
13106,633,98.54999924,14.18035516,2.684000016,108.3000031,41.29999924,98.59999848,76.98220062,7173.564453,225.5529327,1.271000028,188,67.00000386,7.203856086,264.6423975,1100.3748,-1292.6016,31.2,-26.830002
13107,633,98.06666565,13.95308987,2.803333362,122.1999969,49,103.2666677,76.4918696,6531.228841,163.7710419,1.22300005,229,73.1999969,7.858677939,289.4908947,1100.3748,-1292.6016,32.7,-28.330002
13108,633,98.10000102,14.0479204,2.735000054,117.1999969,45.09999847,100.6999995,82.5393041,6982.334798,176.5196838,1.330000043,174,72.09999843,7.480225295,275.4145041,1100.3748,-1292.6016,34.2,-29.830002
13109,633,97.76666768,13.98579023,2.748999993,121.0999985,47.70000076,101.1666667,87.44262697,7024.830078,196.1329956,1.470999956,202,73.39999774,7.557000962,278.1071661,1100.3748,-1292.6016,35.7,-31.330002
13110,633,97.46666718,13.90403991,2.728000005,108.9000015,44,101.2666651,70.77132288,5923.216471,196.1329956,1.340000033,249,64.9000015,7.441984027,276.2554629,1100.3748,-1292.6016,37.2,-32.83
13111,633,97.36666616,14.17217997,2.606333335,105.8000031,45,94.90000153,85.15440877,7760.328776,207.9009705,1.256999969,215,60.8000031,6.792973453,247.3410375,1100.3748,-1292.6016,38.7,-34.33
13112,633,97.69999949,14.50571997,2.38866663,97.80000305,39.70000076,87.16666667,86.46196493,8767.14502,220.6496277,1.14199996,423,58.10000229,5.705728269,208.2121079,1100.3748,-1292.6016,40.2,-35.83
13114,633,98.99999746,16.61160014,1.458666682,55.29999924,28.10000038,53.13333384,84.01030223,9568.021159,245.1662445,0.456,660,27.19999886,2.127708489,77.50382378,1100.3748,-1292.6016,41.7,-37.33
13116,633,96.16666667,16.63121989,1.402999997,47.09999847,28.20000076,49.59999975,49.19669468,4347.614746,215.7463074,0.430999994,669,18.89999771,1.968408992,69.5887995,1100.3748,-1292.6016,43.2,-38.83
13117,633,98.10000102,16.56255018,1.458999991,50.90000153,27.29999924,52.66666667,43.31270345,1497.148519,221.6302795,0.469000012,774,23.60000229,2.128680974,76.8406662,1100.3748,-1292.6016,44.6,-40.23
13118,633,95.53333283,16.58216993,1.401333332,54.90000153,26.20000076,49.23333231,80.74141948,7312.491862,372.6526794,0.568000019,344,28.70000077,1.963735107,68.99230961,1100.3748,-1292.6016,46.1,-41.73
13122,634,99.54999924,14.74443021,2.381000042,86.19999695,38.40000153,87.34999847,7.845319985,926.7284546,34.32327271,0.634000003,398,47.79999542,5.6691612,207.98035,-208.40771,525.9336,5.9,1.1300001
13123,634,100.25,14.25883474,2.792999983,96.09999847,42.20000076,103.0500031,8.458235263,1054.214874,26.47795486,0.852999985,226,53.89999771,7.800848905,287.8186569,-208.40771,525.9336,7.4,-0.3699999
13124,634,101.3000031,14.965155,2.315999985,82.30000305,38.90000153,86.5,10.22343206,1147.377991,31.38127899,0.933000028,318,43.40000152,5.363855931,200.3339987,-208.40771,525.9336,8.9,-1.8699994
13125,634,101.1500016,14.67575992,2.474499941,101.1999969,41.5,93,11.5473299,1725.970398,74.53054047,1.143000007,161,59.6999969,6.123149958,230.1284945,-208.40771,525.9336,10.4,-3.3699994
13126,634,101.0499992,14.38636484,2.686499954,100.1999969,41.20000076,101,13.9254427,1706.356995,39.22660065,1.166000009,214,58.99999614,7.217282003,271.3364954,-208.40771,525.9336,11.8,-4.77
13127,634,99.84999849,14.21959524,2.790500045,106.1999969,44.5,102.9500008,16.32807255,1632.807129,38.24593353,1.161999941,139,61.6999969,7.786890501,287.2819819,-208.40771,525.9336,13.4,-6.3699994
13128,634,99.90000153,14.94553525,2.245999933,94,40.5,83.04999924,21.99141216,1804.423584,78.45320129,0.855000019,212,53.5,5.044515699,186.5302927,-208.40771,525.9336,14.9,-7.8699994
13130,634,101.2999993,17.05959022,1.355499983,45.5,28.39999962,50.40000153,32.97486115,1995.653198,115.7184601,0.379999995,655,17.10000038,1.837380204,68.31720122,-208.40771,525.9336,16.5,-9.469999
13133,634,100.7666651,15.78755983,1.783666651,77.5,32.59999847,67.03333282,33.34261004,2386.28479,112.7764664,0.730000019,445,44.90000153,3.181466722,119.5651203,-208.40771,525.9336,19.6,-12.57
13134,634,101.0500031,15.11230486,2.077000022,86.59999847,36.40000153,79.54999924,40.6975956,3824.593506,105.9118195,0.910000026,90.09999847,50.19999694,4.313929091,165.2253502,-208.40771,525.9336,21.1,-14.07
13135,634,100.7333349,15.49652988,1.913333336,81.19999695,34.40000153,72.06666819,40.87738419,3425.789551,129.4477844,0.910000026,87.80000305,46.79999542,3.660844455,137.8875587,-208.40771,525.9336,22.6,-15.57
13136,634,100.0333329,15.1760701,2.07099994,81.40000153,37.5,77.43333435,36.77493604,2556.266764,110.8151398,0.99000001,195,43.90000153,4.289040751,160.3644308,-208.40771,525.9336,24.1,-17.07
13137,634,97.80000305,14.63161461,2.293499947,105.0999985,42.29999924,84,49.64616393,3064.578003,130.4284515,0.949999988,84.80000305,62.79999926,5.260142007,192.6539955,-208.40771,525.9336,25.6,-18.57
13138,634,100.2000008,14.715,2.34800005,111.9000015,46.59999847,88.10000229,54.91723825,6016.379883,147.0997467,1.210000038,133,65.30000303,5.513104235,206.8588098,-208.40771,525.9336,27.1,-20.07
13139,634,98.86666617,14.5253401,2.442666689,110,44.79999924,90.16666921,57.69578935,3893.23999,168.6743774,1.080000043,104,65.20000076,5.966620554,220.2471193,-208.40771,525.9336,28.6,-21.57
13140,634,98.64999771,14.64632972,2.328999997,107.4000015,44.29999924,85.90000153,64.7238922,4432.605713,154.9450684,1.120000005,132,63.10000226,5.424240986,200.0611033,-208.40771,525.9336,30.1,-23.07
13141,634,92.40000153,14.54822981,2.360499978,97.19999695,41.70000076,85.65000153,61.53672793,4104.083008,156.9064026,1.029999971,115,55.49999619,5.571960146,202.1768267,-208.40771,525.9336,31.6,-24.57
13142,634,99.10000102,14.51226027,2.399333398,105.5,43.20000076,89.6333313,62.43567275,4213.590495,185.3456726,1.129999995,192,62.29999924,5.756800755,215.0602454,-208.40771,525.9336,33.1,-26.069998
13143,634,97.80000051,15.02237994,2.534666777,89.80000305,38.5,75.96666717,81.39519247,7531.506836,362.8460388,1.100000024,333,51.30000305,6.42453567,192.5501874,-208.40771,525.9336,34.6,-27.569998
13145,634,96.53333283,16.57236025,1.420333346,57.40000153,30.5,50.43333308,56.38823573,4909.86263,185.3456726,0.50999999,677,26.90000153,2.017346814,71.63214472,-208.40771,525.9336,36.1,-29.069998
13147,634,98.06666819,16.47752972,1.469333331,61.5,31.29999924,53.23333359,59.16678747,4873.905029,213.7849731,0.529999971,660,30.20000076,2.158940438,78.21751136,-208.40771,525.9336,37.6,-30.569998
13148,634,99.29999924,16.42194025,1.50849998,70.80000305,32.29999924,55.5,75.0208702,5364.237305,222.6109467,0.589999974,367,38.50000381,2.27557219,83.72174889,-208.40771,525.9336,39,-31.97
13149,634,98.79999924,16.35326996,1.525000036,72.90000153,33.90000153,55.75,82.13069153,7649.186768,235.3596039,0.649999976,422,39,2.32562511,85.01875201,-208.40771,525.9336,40.5,-33.47
13155,635,100.0666682,15.97068021,1.775000016,112.6999969,40.59999847,66.26666514,24.85985692,2304.562703,60.80122757,0.921000004,120,72.09999843,3.150625057,117.6233317,-82.59131,340.9922,7.4,-1.3600001
13157,635,102.2666651,16.89608979,1.387666663,64.69999695,29.5,52.76666641,16.34441694,1105.209412,65.7045517,0.617999971,2980,35.19999695,1.925618768,73.22254389,-82.59131,340.9922,10.4,-4.3599997
13158,635,102.2999992,16.554375,1.499000013,67.40000153,30.89999962,57.20000077,16.59775496,1353.317688,90.22117615,0.423000008,403,36.50000191,2.247001039,85.7428019,-82.59131,340.9922,11.9,-5.8599997
13159,635,101.6999995,16.92224984,1.382000009,65,30.79999924,52,25.90589968,1824.036825,77.47253418,0.579999983,227,34.20000076,1.909924025,71.86400047,-82.59131,340.9922,13.4,-7.3599997
13167,635,99.14999771,15.55375501,1.873500049,87,36.29999924,68.84999847,41.18792725,2995.931519,122.5831223,0.519999981,175,50.70000076,3.510002434,128.9904755,-82.59131,340.9922,20.3,-14.259999
13168,635,98.54999924,14.97005964,2.074500084,96.90000153,41.59999847,77.25,50.25907898,4589.512208,124.5444489,1.049999952,107,55.30000306,4.303550599,160.2551315,-82.59131,340.9922,21.8,-15.759999
13169,635,98.95000076,15.42622491,1.949999988,87.69999695,38,71.14999771,53.4462433,5727.083496,135.3317719,0.850000024,237,49.69999695,3.802499953,138.7424947,-82.59131,340.9922,23.3,-17.259998
13170,635,99.14999771,15.16626003,2.054499984,87.40000153,40.70000076,75.90000153,53.44623948,3844.206543,137.2930908,1.080000043,145,46.70000077,4.220970184,155.9365519,-82.59131,340.9922,24.8,-18.759998
13171,635,97.75,14.35203,2.516499997,102.6999969,46,91.70000076,52.95590975,2932.188233,132.3897705,1.139999986,142,56.6999969,6.332772235,230.7630516,-82.59131,340.9922,26.3,-20.259998
13172,635,100.6333338,14.69865002,2.415666659,107.1999969,44.79999924,90.46666463,58.1861229,5102.726562,146.1190796,1.139999986,103,62.39999766,5.835445407,218.5373055,-82.59131,340.9922,27.8,-21.759998
13173,635,99.93333436,14.48282968,2.511333307,100.1999969,43.40000153,93.8666687,53.28279749,4723.536458,118.6604691,1.110000014,95.30000305,56.79999537,6.306794979,235.7304915,-82.59131,340.9922,29.3,-23.259998
13174,635,99.54999924,14.68066515,2.370999933,105.5999985,42.59999847,87.95000077,70.36271288,6261.545655,158.8677216,1.070000052,183,63.00000003,5.621640682,208.5294459,-82.59131,340.9922,30.8,-24.759998
13175,635,100.1500015,14.57275478,2.411499977,106.5,43.70000076,91,71.58854675,7649.187012,155.9257355,1.080000043,223,62.79999924,5.815332139,219.4464979,-82.59131,340.9922,32.3,-26.259998
13176,635,99.90000153,14.86705509,2.228999973,96.59999847,40.09999847,83.5,70.36271285,6197.802735,186.3263397,1.029999971,246,56.5,4.96844088,186.1214977,-82.59131,340.9922,33.8,-27.759998
13177,635,99.73333486,14.80329023,2.294666608,97.80000305,41.40000153,85.26666514,69.6272138,4589.511963,184.3650208,1.090000033,235,56.40000152,5.265494842,195.6585693,-82.59131,340.9922,35.3,-29.259998
13179,635,97.45000077,17.03996989,1.274500013,53.5,30,45.79999924,65.94971848,5035.7146,196.1329956,0.529999971,609,23.5,1.624350283,58.37209963,-82.59131,340.9922,36.8,-30.759998
13181,635,97.06666565,16.83069025,1.324000001,59.09999847,31.5,47.60000102,65.37766393,4252.817139,225.5529327,0.560000002,813,27.59999847,1.752976003,63.0224014,-82.59131,340.9922,38.3,-32.26
13182,635,98.93333435,16.43502008,1.492000023,70.80000305,33.90000153,54.66666794,72.73265077,4569.898845,220.6496277,0.589999974,339,36.90000152,2.226064069,81.56266982,-82.59131,340.9922,39.7,-33.66
13183,635,100.3999977,16.39741527,1.543500007,70.09999847,33.5,57.35000038,55.4075718,6065.412842,235.3596039,0.600000024,246,36.59999847,2.382392272,88.51972599,-82.59131,340.9922,41.2,-35.16
13228,637,101.1999969,14.75424008,2.416500092,90.40000153,43.90000153,90.75,21.4520464,2535.018921,59.82056427,0.899999976,173,46.5,5.839472695,219.2973833,345.35156,1.8476562,10.7,-4.9199996
13229,637,101.1333339,15.2970603,2.081666708,86.09999847,39.90000153,77.93333181,23.69940376,2209.765055,66.68521881,0.730000019,79.40000153,46.19999694,4.333336283,162.2312223,345.35156,1.8476562,12.2,-6.4199996
13230,637,98.06666565,15.20877008,2.007666628,92.40000153,39.59999847,73.16666667,33.1137867,4020.726318,89.24051666,0.819999993,136,52.80000306,4.030725289,146.894275,345.35156,1.8476562,13.7,-7.9199996
13234,637,103.1499977,18.143595,1.044500053,39.20000076,28.20000076,39.85000039,28.63541603,755.1119995,147.0997467,0.370000005,601,11,1.090980361,41.62332752,345.35156,1.8476562,16.7,-10.92
13236,637,102,17.48142005,1.171999991,54.20000076,30.5,44.65000153,47.04740143,3035.158203,205.9396362,0.400000006,220,23.70000076,1.373583979,52.32980139,345.35156,1.8476562,18.2,-12.42
13241,637,96.30000051,14.85234018,2.245666583,103.5999985,44.59999847,82.16666921,48.33043799,3484.629557,156.9064026,0.910000026,371,59.00000003,5.043018402,184.5189433,345.35156,1.8476562,22.9,-17.119999
13242,637,100.7000008,15.11230486,2.028499961,100.5,41.90000153,77.89999771,51.73007775,4687.578613,147.0997467,0.801999986,377,58.59999847,4.114812092,158.0201423,345.35156,1.8476562,24.4,-18.619999
13243,637,99.15000153,14.75914531,2.219499946,104,43.5,83.35000229,58.34956553,4947.454834,170.6357117,1.082999945,504,60.5,4.92618001,184.9953256,345.35156,1.8476562,25.9,-20.119999
13244,637,98.40000153,14.54332458,2.298500061,113.5,45,86,61.78189278,4275.699219,149.0610809,1.100000024,398,68.5,5.28310253,197.6710052,345.35156,1.8476562,27.4,-21.619999
13245,637,99,14.40107995,2.395499945,120.5,47,90.70000077,68.15621565,6085.026368,181.4230194,1.095000029,367,73.5,5.738419986,217.2718469,345.35156,1.8476562,28.9,-23.119999
13246,637,99.20000077,14.50898973,2.38349998,114,44.59999847,89.60000229,70.11754608,4937.648194,142.1964264,1.100000024,141,69.40000153,5.681072155,213.5616037,345.35156,1.8476562,30.4,-24.619999
13247,637,98.80000051,14.36183987,2.474333366,120.1999969,46.09999847,92.56666565,65.70455297,3912.853272,169.6550446,1.129999995,197,74.09999843,6.122325606,229.0407894,345.35156,1.8476562,31.9,-26.119999
13248,637,97.66666667,14.18852996,2.572333415,118.5,46.79999924,94.63333638,69.463768,4086.104085,166.7130585,1.230000019,158,71.70000076,6.616899198,243.4284933,345.35156,1.8476562,33.4,-27.62
13249,637,98,14.52370483,2.363000036,110,43.09999847,86.84999848,79.4338646,5913.409668,203.978302,1.230000019,137,66.90000153,5.58376917,205.2265495,345.35156,1.8476562,34.9,-29.12
13250,637,98.59999847,14.59727976,2.333500028,105.5,44.40000153,86.5,66.44005203,3741.236939,225.5529327,1.330000043,131,61.09999847,5.445222381,201.8477524,345.35156,1.8476562,36.4,-30.62
13251,637,98.25,14.5187996,2.391499996,108,41.70000076,88.04999924,83.11135483,5393.657227,254.9728851,1.309999943,170,66.29999924,5.719272231,210.5715728,345.35156,1.8476562,37.8,-32.02
13253,637,96.96666718,16.86665997,1.281666637,54.20000076,28.39999962,46.36666743,69.62721252,4730.074137,205.9396362,0.519999981,679,25.80000114,1.642669368,59.42661071,345.35156,1.8476562,39.4,-33.620003
13255,637,98.34999848,16.1374504,1.570500017,67.40000153,29,57.54999924,81.64036178,5374.04419,232.4175873,0.600000024,604,38.40000153,2.466470303,90.38227478,345.35156,1.8476562,40.9,-35.120003
13256,637,97.03333283,15.96087014,1.623333375,71.40000153,36.29999924,58.53333282,80.41453043,5929.753906,186.3263397,0.689999998,388,35.10000229,2.635211246,95.01911272,345.35156,1.8476562,42.3,-36.52
13257,637,97.80000051,15.95432983,1.624666651,71.69999695,32.90000153,59.30000051,56.388237,3226.387858,250.0695648,0.639999986,508,38.79999542,2.639541727,96.34273323,345.35156,1.8476562,43.6,-37.82
13263,638,99.69999693,16.75548004,1.388500035,45.40000153,32.79999924,51.39999962,10.68924809,570.7470093,144.1577606,0.330000013,1170,12.60000229,1.927932347,71.36890127,194.16943,-182.96094,8.4,-3.5899997
13264,638,99.40000153,14.91774012,2.241666675,86.80000305,34.79999924,82.73333486,10.05181599,1588.677205,30.40061378,0.889999986,133,52.00000381,5.025069482,185.4605597,194.16943,-182.96094,9.9,-5.0899997
13265,638,98.35000228,14.71009477,2.308499932,103.5,40.5,84.35000229,11.62088013,1421.964173,32.36194611,0.709999979,115,63,5.329171936,194.7219746,194.16943,-182.96094,11.4,-6.5899997
13266,638,99.26666514,15.79083038,1.767666697,71.19999695,31,64.96666463,15.21665192,1758.65918,56.87856674,0.680000007,266,40.19999695,3.124645552,114.8394095,194.16943,-182.96094,12.9,-8.09
13267,638,99.60000232,16.76038527,1.397499979,57.29999924,30.79999924,51.5,21.37849522,7286.341065,78.45320129,0.460000008,416,26.5,1.953006191,71.97124892,194.16943,-182.96094,14.4,-9.59
13269,638,103.0999985,17.1675,1.334999979,51.70000076,27,50.75,16.49968863,677.1491699,308.9094849,0.300000012,2040,24.70000076,1.782224944,67.75124893,194.16943,-182.96094,15.9,-11.09
13275,638,98.10000229,15.48998996,1.874000013,82.59999847,36.09999847,68.09999848,46.33641815,1922.103394,153.9644012,0.776000023,295,46.5,3.511876049,127.619398,194.16943,-182.96094,22.2,-17.390001
13276,638,98.25,14.85724522,2.213000059,97.30000305,42.20000076,80.65000153,52.9068756,2196.689576,182.4036865,0.916000009,529,55.10000229,4.897369261,178.4784581,194.16943,-182.96094,23.7,-18.890001
13277,638,99.09999847,14.83271966,2.219499946,99.30000305,41.70000076,82.54999924,49.0332489,1691.647095,135.3317719,1.128999949,374,57.60000229,4.92618001,183.2197189,194.16943,-182.96094,25.2,-20.390001
13278,638,99,14.92100969,2.198500038,100.0999985,40.29999924,81,56.3882351,2338.885864,152.003067,1.10800004,287,59.79999926,4.833402417,178.0785031,194.16943,-182.96094,26.7,-21.890001
13279,638,100.1999969,14.60708964,2.432500005,108,43.59999847,91.14999771,64.23355675,4721.901856,171.6163635,1.120000005,222,64.40000153,5.917056274,221.7223699,194.16943,-182.96094,28.2,-23.390001
13280,638,99.34999848,14.44032003,2.480499983,109.5999985,44.29999924,92.70000077,64.96905137,2432.049194,196.1329956,1.202999949,211,65.29999926,6.152880166,229.9423503,194.16943,-182.96094,29.7,-24.890001
13281,638,99.79999924,14.65123495,2.357500077,108.8000031,43.5,88.39999771,74.77570343,4677.772217,199.0749817,1.205000043,239,65.3000031,5.557806613,208.4030014,194.16943,-182.96094,31.2,-26.390001
13282,638,99.89999773,14.44522526,2.529500008,111.5,46.20000076,94.59999848,67.17555235,5393.657227,173.5776978,1.286999941,276,65.29999924,6.39837029,239.2906969,194.16943,-182.96094,32.7,-27.890001
13283,638,99.04999924,14.56294491,2.404000044,108,45.90000153,89.14999771,77.4725342,3873.626709,235.3596039,1.325999975,246,62.09999847,5.779216212,214.3165984,194.16943,-182.96094,34.2,-29.390001
13284,638,99.93333434,14.5940098,2.410999934,107.8000031,49.09999847,90.36666616,82.86619058,4958.895996,228.4949341,1.169999957,338,58.70000463,5.812920682,217.8740261,194.16943,-182.96094,35.7,-30.890001
13285,638,100.0499992,14.51389496,2.416999936,107.3000031,49,91.69999695,83.84685515,4344.345948,236.340271,1.202000022,258,58.3000031,5.841888691,221.6388868,194.16943,-182.96094,37.2,-32.39
13286,638,98.75,14.77386041,2.23300004,96.90000153,43.20000076,82.84999848,84.5823555,9399.673829,357.9427185,0.99000001,470,53.70000077,4.986289179,185.0040499,194.16943,-182.96094,38.7,-33.89
13287,638,100.0499993,14.85233999,2.203000069,95.69999695,42.79999924,83.39999771,82.6210251,5496.626953,333.4261169,1.029999971,366,52.89999771,4.853209304,183.7302007,194.16943,-182.96094,40.2,-35.39
13291,638,98,16.12764052,1.585500002,67.40000153,35.40000153,57.60000038,76.73703385,3491.167359,328.5227661,0.54400003,604,32,2.513810256,91.32480072,194.16943,-182.96094,43.6,-38.789997
13292,638,98.76666769,16.42521001,1.511333346,67.80000305,30.89999962,55.0333341,88.58673605,5586.521647,233.3982697,0.657999992,456,36.90000343,2.284128483,83.17371297,194.16943,-182.96094,45.1,-40.289997
13305,639,100.4499969,16.17178525,1.607999981,91.09999847,34.40000153,60.09999847,20.59396458,1946.619934,55.89790344,0.910000026,115,56.69999694,2.585663939,96.6407964,320.01758,-337.08203,14.1,-8.32
13306,639,99.49999998,16.68681034,1.408000052,56.40000153,29.29999924,52,20.54493141,1976.039856,69.62721252,0.569999993,98.90000153,27.10000229,1.982464146,73.2160027,320.01758,-337.08203,15.6,-9.82
13307,639,95.79999924,14.80819468,2.125999928,88,40.70000076,75.90000153,22.89852715,2956.704957,70.60787964,0.819999993,54.90000153,47.29999924,4.519875694,161.3633978,320.01758,-337.08203,17.1,-11.32
13309,639,100.4500008,16.94186998,1.367000043,53.20000076,29.89999962,50.59999847,28.88058281,1421.964234,115.7184601,0.409999996,301,23.30000114,1.868689118,69.17020008,320.01758,-337.08203,18.6,-12.82
13312,639,98.69999949,15.96741005,1.660666665,70.80000305,30.5,60.93333308,42.83871587,3161.010091,135.3317719,0.74000001,114,40.30000305,2.757813772,101.189955,320.01758,-337.08203,23,-17.22
13313,639,98.54999924,15.70581011,1.759500027,80.5,37.5,64.54999924,55.65273668,7001.948242,152.9837341,0.99000001,148,43,3.095840345,113.5757254,320.01758,-337.08203,24.4,-18.619999
13314,639,98.10000229,14.94553466,2.118000031,97,42.09999847,77.75,58.3495655,6898.978272,137.2930908,1.059999943,137,54.90000153,4.485924131,164.6745024,320.01758,-337.08203,25.9,-20.119999
13315,639,97.35000229,14.91119981,2.10650003,98.19999695,39.40000153,76.79999924,60.5560627,5530.950196,217.7076263,1.059999943,130,58.79999542,4.437342376,161.7792007,320.01758,-337.08203,27.4,-21.619999
13316,639,99.85000228,14.86214986,2.208500028,102,40.09999847,83.04999924,70.60787963,7448.150635,191.2296753,1.159999967,66,61.90000153,4.877472374,183.4159256,320.01758,-337.08203,29.1,-23.32
13318,639,99.30000305,14.76404995,2.242999912,112,47.20000076,83.89999771,88.01467895,9674.259766,237.3209381,1.120000005,161,64.79999924,5.031048605,188.1876875,320.01758,-337.08203,30.3,-24.519999
13319,639,100.7999992,14.6316152,2.368999958,115,43.20000076,90.5,81.15002443,9571.290528,190.2490082,1.230000019,127,71.79999924,5.612160801,214.3944962,320.01758,-337.08203,31.7,-25.92
13320,639,100.5999985,14.70518954,2.330999971,106,42.40000153,88.5,81.88552475,6227.222656,225.5529327,1.289999962,82.90000153,63.59999847,5.433560865,206.2934974,320.01758,-337.08203,33.3,-27.519999
13321,639,99.45000077,14.59237453,2.343500019,106,43.20000076,88.15000153,89.97601318,9232.960938,234.3789368,1.279999971,137,62.79999924,5.491992339,206.5795303,320.01758,-337.08203,34.8,-29.019999
13322,639,99.04999924,14.37164974,2.481999994,114.4000015,48.20000076,93.04999924,87.2791786,8600.43164,333.4261169,1.289000034,190,66.20000074,6.16032397,230.9500976,320.01758,-337.08203,36.3,-30.519999
13323,639,100.6500015,14.75914472,2.282999992,109.1999969,46.40000153,87,95.36967088,10037.10547,313.8128052,1.695000052,209,62.79999537,5.212088963,198.6209993,320.01758,-337.08203,37.8,-32.02
13324,639,99.7666677,14.70518993,2.288333257,113.9000015,45,86.23333231,82.86618803,9378.425943,264.779541,1.370000005,142,68.9000015,5.236469095,197.3306022,320.01758,-337.08203,39.3,-33.52
13325,639,98.34999848,14.56294491,2.387499929,115.8000031,44.5,87.5,98.80199813,11802.30323,240.2629242,1.450000048,183,71.3000031,5.700155911,208.9062438,320.01758,-337.08203,40.8,-35.02
13326,639,97.94999695,15.20059547,1.985500038,91,36.90000153,72.54999924,97.0858307,8276.812744,210.8429871,1.110000014,268,54.09999847,3.942210401,144.0480262,320.01758,-337.08203,42.3,-36.52
13328,639,94.76666768,17.04651019,1.234666665,51.70000076,28.60000038,43.16666794,66.5217743,6390.666666,274.5861816,0.389999986,1770,23.10000038,1.524401774,53.29644594,320.01758,-337.08203,43.8,-38.02
13330,639,97.5,16.23554972,1.538000047,69.09999847,31.60000038,55.5,86.29851533,5163.200928,254.9728851,0.74000001,359,37.49999809,2.365444145,85.35900261,320.01758,-337.08203,45.8,-40.02
13331,639,96.76666768,16.50695993,1.441666682,68.40000153,28.70000076,51.43333308,113.5936966,12101.40592,269.6828613,0.800000012,82.5,39.70000077,2.078402822,74.14972265,320.01758,-337.08203,47.3,-41.52
13341,640,99,16.37289029,1.519500017,64.80000305,33.29999924,55.70000077,31.62644482,3299.937622,155.9257355,0.400000006,1190,31.50000381,2.308880302,84.63615212,521.33203,-706.9297,11.7,-7.0299997
13342,640,98.19999695,17.75119479,1.0625,65.30000305,27.29999924,38.80000115,54.57400705,3981.499634,250.0695648,0.340000004,138,38.00000381,1.12890625,41.22500122,521.33203,-706.9297,13.8,-9.13
13343,640,100.5,15.37226973,1.990500033,81.5,36.59999847,74.5,52.46558,7492.280762,127.4864426,0.75999999,163,44.90000153,3.962090381,148.2922525,521.33203,-706.9297,14.7,-10.03
13344,640,99.90000153,14.827815,2.297000051,92.59999847,41.29999924,85.40000153,40.20726395,5741.793213,106.8924866,0.959999979,107,51.29999923,5.276209234,196.1638079,521.33203,-706.9297,16.2,-11.530001
13349,640,98.84999847,15.96577498,1.663999975,72,31.29999924,61.09999847,53.69141008,4927.841553,147.0997467,0.670000017,203,40.70000076,2.768895917,101.6703959,521.33203,-706.9297,23.6,-18.93
13350,640,99.75,15.3134099,1.952499986,94.5,39.59999847,73.15000153,61.04639435,6060.509522,147.0997467,0.930000007,140,54.90000153,3.812256195,142.825377,521.33203,-706.9297,25.1,-20.43
13351,640,99.69999695,14.77876505,2.228500009,105.5,43.90000153,84.14999771,73.30470658,6810.718262,213.7849731,1.379999995,158,61.59999847,4.96621229,187.5282707,521.33203,-706.9297,26.6,-21.93
13352,640,98.70000076,14.60709022,2.305500031,102.5999985,40.40000153,86,64.7238865,6590.068848,156.9064026,1.039999962,178,62.19999697,5.315330393,198.2730027,521.33203,-706.9297,28.1,-23.43
13353,640,98.89999898,14.59074004,2.298333327,108,44.40000153,86.3666687,76.32842255,9466.686197,195.1523285,1.279999971,95.90000153,63.59999847,5.282336082,198.499393,521.33203,-706.9297,29.6,-24.93
13354,640,99.5,14.6316152,2.371999979,114,46.40000153,88.40000153,88.2598419,9316.316895,186.3263397,1.309999943,249,67.59999847,5.6263839,209.6848018,521.33203,-706.9297,31.1,-26.43
13355,640,99.84999845,14.42560551,2.448500038,118.5999985,47.40000153,93.04999924,86.29852295,9100.570801,174.5583649,1.230000019,75.30000305,71.19999697,5.995152436,227.8329267,521.33203,-706.9297,32.6,-27.929998
13356,640,99.13333384,14.45994017,2.458000024,116,46.40000153,91.63333384,86.62540437,9669.356771,198.0943298,1.360000014,70.59999847,69.59999847,6.041764118,225.2347368,521.33203,-706.9297,34.1,-29.429998
13357,640,99.25,14.33241025,2.499000073,117.1999969,48.90000153,94.30000305,93.16317368,10713.76514,206.9203033,1.299999952,164,68.29999537,6.245001365,235.6557145,521.33203,-706.9297,35.6,-30.929998
13358,640,99.19999695,14.18035516,2.603999973,121.1999969,50.09999847,98.5,97.0858307,9610.516602,230.4562531,1.309999943,129,71.09999843,6.780815859,256.4939973,521.33203,-706.9297,37.1,-32.43
13359,640,98.40000153,14.44358979,2.404999971,114.5,43.29999924,89.43333435,80.08763885,8463.138672,226.5335999,1.269999981,88.59999847,71.20000076,5.784024861,215.0871665,521.33203,-706.9297,38.6,-33.93
13360,640,98.63333384,14.70518993,2.27333339,112,42.5,84.1333313,102.3160451,10842.88574,264.779541,1.289999962,81.30000305,69.5,5.168044702,191.2631113,521.33203,-706.9297,40.1,-35.43
13361,640,98,14.84743476,2.197499991,111.0999985,40.20000076,80.20000076,105.6666527,11316.87403,250.0695648,1.299999952,132,70.89999774,4.82900621,176.2395009,521.33203,-706.9297,41.6,-36.93
13363,640,96.40000153,17.03670013,1.228333354,57.29999924,29.10000038,44.10000102,73.71331915,6658.715169,235.3596039,0.49000001,1020,28.19999886,1.508802829,54.16950216,521.33203,-706.9297,43.1,-38.43
13365,640,98.56666819,16.58216993,1.390333334,67.40000153,31,51.33333333,93.4900589,8182.014648,240.2629242,0.660000026,298,36.40000153,1.93302678,71.37044447,521.33203,-706.9297,45.1,-40.43
13366,640,97.60000229,16.4709902,1.476499975,68.5,31.79999924,53,94.8793373,8644.561768,237.3209381,0.540000021,541,36.70000076,2.180052176,78.25449868,521.33203,-706.9297,46.7,-42.03
13377,641,101.0499992,15.03872993,2.240499973,89.5,37.40000153,83.64999771,8.924051285,676.658844,41.18792725,0.680000007,86.09999847,52.09999847,5.019840129,187.4178176,722.67554,-1045.9531,11.3,-3.3100004
13378,641,98.55000305,14.56785014,2.447000027,105.5,42.09999847,89,17.84810257,1402.350891,57.85923004,0.879999995,66.69999695,63.40000153,5.987809132,217.7830024,722.67554,-1045.9531,12.2,-4.21
13379,641,100.5500031,14.6316152,2.458999992,104.5,42.70000076,92.09999848,16.6713047,2314.369324,50.9945755,1.090000033,148,61.79999924,6.046680961,226.4738955,722.67554,-1045.9531,14.3,-6.3100004
13380,641,100.0999985,14.37655497,2.636999965,91.59999847,35.90000153,98.20000077,13.11639404,936.5350647,45.11058807,1.080000043,127,55.69999694,6.953768815,258.9533986,722.67554,-1045.9531,15.8,-7.8100004
13381,641,94.20000076,16.6377598,1.340499997,59.70000076,26.10000038,46.64999962,14.46480847,872.7918091,53.93657684,0.879999995,141,33.60000038,1.796940242,62.53432435,722.67554,-1045.9531,17.3,-9.309999
13382,641,99.25,14.7297151,2.39199996,94.59999847,37.29999924,87.35000229,18.36295128,2181.979615,56.87856674,1.120000005,43.90000153,57.29999923,5.721663809,208.941202,722.67554,-1045.9531,18.8,-10.809999
13383,641,99.79999924,14.34222012,2.660999894,114,45.20000076,98.45000076,23.85467625,1730.873657,82.37585449,1.210000038,107,68.79999924,7.080920436,261.9754416,722.67554,-1045.9531,20.3,-12.309999
13387,641,91.09999848,16.48079987,1.342000008,52.09999847,29.89999962,45.30000051,38.00076803,3494.43628,105.9118195,0.670000017,292,22.19999885,1.800964021,60.79260105,722.67554,-1045.9531,24.3,-16.31
13388,641,97.15000153,16.2600747,1.53549999,58.59999847,27.20000076,55.04999924,44.62025833,2466.372559,135.3317719,0.680000007,274,31.39999771,2.357760219,84.52927328,722.67554,-1045.9531,25.9,-17.91
13389,641,99.54999924,16.81433987,1.368000031,53.59999847,28,50.5,49.52358246,4883.71167,103.9504852,0.689999998,199,25.59999847,1.871424085,69.08400157,722.67554,-1045.9531,27.4,-19.41
13390,641,99.5,15.42131968,1.91049999,83.40000153,35.79999924,71.14999771,68.15621568,3290.131226,159.8483887,0.722000003,373,47.60000229,3.650010212,135.9320699,722.67554,-1045.9531,28.9,-20.91
13391,641,100.3000031,14.62670997,2.39049995,106.9000015,43.5,90.15000153,56.14307213,5447.593994,152.003067,1.15199995,250,63.4000015,5.714490011,215.5035741,722.67554,-1045.9531,30.4,-22.41
13392,641,99.46666462,14.55804007,2.411999941,106.8000031,44.59999847,90,49.85047085,6053.97168,186.3263397,1.289999962,184,62.20000463,5.817743715,217.0799947,722.67554,-1045.9531,31.9,-23.91
13393,641,100.25,14.59237512,2.396999955,108.5,42.40000153,90.75,64.47872162,7163.757813,175.539032,1.226999998,295,66.09999847,5.745608784,217.5277459,722.67554,-1045.9531,33.3,-25.31
13394,641,98.79999924,14.3667451,2.541999936,122,45.29999924,93.84999848,76.73703385,8575.915039,171.6163635,1.210000038,169,76.70000076,6.461763675,238.5666901,722.67554,-1045.9531,34.9,-26.910002
13395,641,100.1000023,14.56785014,2.394500017,119.5,43.29999924,90.65000153,78.69836428,8384.685791,186.3263397,1.210000038,221,76.20000076,5.733630331,217.0614302,722.67554,-1045.9531,36.4,-28.410002
13396,641,98.89999771,14.30298004,2.550500035,120.4000015,47,95.10000229,78.2080307,8320.942383,174.5583649,1.340000033,10.5,73.4000015,6.505050429,242.5525592,722.67554,-1045.9531,37.9,-29.910002
13397,641,99.69999693,14.5629455,2.375500083,118.5,46,89.65000153,89.24050903,9012.311524,225.5529327,1.279999971,149,72.5,5.643000644,212.9635861,722.67554,-1045.9531,39.4,-31.410002
13398,641,99.70000077,14.45503513,2.436999917,116.5,42,92.09999847,86.78885268,11571.84668,227.514267,1.279999971,154,74.5,5.938968595,224.4476886,722.67554,-1045.9531,40.9,-32.910004
13399,641,99.64999771,14.56785014,2.367500067,110.8000031,41.5,89.40000153,98.55682755,11390.42383,225.5529327,1.120000005,124,69.3000031,5.605056567,211.6545096,722.67554,-1045.9531,42.4,-34.410004
13400,641,99.35000229,14.78857493,2.219500065,104.1999969,40.90000153,83.25,93.40834045,11341.39063,232.4175873,1.24000001,151,63.29999537,4.926180539,184.7733804,722.67554,-1045.9531,43.9,-35.910004
13402,641,96.20000076,17.03016001,1.269500018,46.40000153,27.70000076,44.89999962,80.90485765,8698.498047,210.8429871,0.400000006,1000,18.70000077,1.611630296,57.00055033,722.67554,-1045.9531,45.4,-37.410004
13404,641,99.29999797,16.77836975,1.382666667,63.5,30.20000076,50.83333333,57.36890157,4331.270223,205.9396362,0.569999993,310,33.29999924,1.911767112,70.28555557,722.67554,-1045.9531,48.9,-40.910004
13405,641,98.83333079,16.62795012,1.456666668,70.19999695,31.79999924,52.86666743,98.06649525,12804.21549,279.489502,0.670000017,217,38.39999771,2.121877782,77.00911229,722.67554,-1045.9531,50.3,-42.309998
13410,642,92.79999796,16.95494981,1.232333342,42.70000076,26.39999962,42.19999949,14.93879636,1582.139486,68.64654541,0.395999998,842,16.30000114,1.518645466,52.0044664,924.02246,-1415.7891,6.6,-0.8299999
13411,642,94.85000229,17.07920997,1.211499989,65.80000305,31.5,42.5,24.22242546,1990.749817,119.6411285,0.444000006,1040,34.30000305,1.467732223,51.48874953,924.02246,-1415.7891,8.1,-2.3300004
13412,642,99.74999998,15.05344445,2.105500103,54.79999924,35.5,78.79999924,18.01971913,1951.523377,112.7764664,0.338,1520,19.29999924,4.433130684,165.9134065,924.02246,-1415.7891,9.6,-3.8300004
13415,642,101.0499992,15.18588037,2.060500026,90,39.09999847,78.44999695,18.63263417,2250.626099,48.0525856,0.797999978,206,50.90000153,4.245660357,161.6462208,924.02246,-1415.7891,11.1,-5.3300004
13416,642,98.65000153,15.95105987,1.664499998,82.59999847,36.70000076,61.35000039,12.38089514,554.0756836,86.29851532,0.524999976,691,45.89999771,2.770560243,102.1170755,924.02246,-1415.7891,12.6,-6.8300004
13417,642,99.29999924,16.07858999,1.588,98.59999847,36.09999847,59.20000077,24.68824101,3309.744385,72.56920624,0.77700001,658,62.5,2.521744,94.00960122,924.02246,-1415.7891,14.1,-8.33
13418,642,98,14.15092553,2.631500006,124.5999985,47.09999847,97,17.52938652,3216.581177,63.74322128,1.200000048,182,77.50000003,6.924792282,255.2555006,924.02246,-1415.7891,15.6,-9.83
13419,642,100.0999985,15.45074988,1.879500032,94,38.5,70.94999695,23.04562664,3157.741211,41.18792725,0.550999999,276,55.5,3.53252037,133.3505215,924.02246,-1415.7891,17.1,-11.33
13420,642,99.34999847,14.53841994,2.39199996,126.6999969,48.09999847,89.70000077,35.59814072,5202.427735,217.7076263,1.422000051,179,78.59999843,5.721663809,214.5623983,924.02246,-1415.7891,18.6,-12.83
13425,642,93.75,16.31402988,1.411500037,44.20000076,26.79999924,49.25,48.29775048,5045.52124,166.7130585,0.363999993,1160,17.40000152,1.992332354,69.51637682,924.02246,-1415.7891,23,-17.23
13426,642,98.45000076,15.94125,1.648499966,65.09999847,32.59999847,60.54999924,57.85923388,6928.398438,117.6798019,0.57099998,837,32.5,2.717552138,99.81667169,924.02246,-1415.7891,24.5,-18.73
13427,642,100.1500015,15.60280497,1.828999997,64.19999695,34.90000153,68.70000076,57.12373543,7369.69751,225.5529327,0.688000023,546,29.29999542,3.345240989,125.6523012,924.02246,-1415.7891,26,-20.23
13428,642,100.1000023,16.46117974,1.467500031,82.59999847,35.59999847,54.95000077,59.08506395,7482.473877,163.7710419,0.768999994,243,47,2.153556341,80.63912783,924.02246,-1415.7891,27.5,-21.73
13429,642,99.90000153,14.94063002,2.175499916,102,41.20000076,81.54999924,68.89171603,7570.733399,146.1190796,1.340000033,119,60.79999924,4.732799885,177.4120165,924.02246,-1415.7891,29,-23.23
13430,642,99.55000305,14.52370483,2.446499944,109.5999985,43.70000076,91.40000153,76.98220062,8816.178223,161.8097229,1.309999943,150,65.89999774,5.985361976,223.6100986,924.02246,-1415.7891,30.5,-24.73
13431,642,99.25,14.42070028,2.505499959,107.6999969,41.5,93.29999924,76.24670028,8247.392334,198.0943298,1.309999943,172,66.1999969,6.277530045,233.7631443,924.02246,-1415.7891,32,-26.23
13432,642,99.19999949,14.41415997,2.495333354,115.4000015,43.90000153,92.99999746,73.38642882,8306.232422,171.6163635,1.330000043,118,71.49999997,6.226688548,232.0659956,924.02246,-1415.7891,33.5,-27.73
13433,642,99.25,14.59237512,2.378999949,100.5999985,42.79999924,88.54999924,78.94353105,9870.393067,183.3843536,1.129999995,166,57.79999926,5.659640757,210.6604437,924.02246,-1415.7891,35,-29.23
13434,642,98.5,14.23430975,2.596000076,117.6999969,44.29999924,96.14999771,87.76951217,10973.64161,201.0363159,1.220000029,174,73.39999766,6.739216395,249.6054014,924.02246,-1415.7891,36.5,-30.73
13435,642,99.90000155,14.51389496,2.443500042,111.5999985,43.09999847,92,92.18250655,9237.86377,210.8429871,1.340000033,77.40000153,68.50000003,5.970692455,224.8020039,924.02246,-1415.7891,38,-32.23
13436,642,98.69999949,14.46320993,2.425333341,105.1999969,43.20000076,90.13333384,94.47072602,11944.49935,205.9396362,1.110000014,140,61.99999614,5.882241815,218.6033797,924.02246,-1415.7891,39.5,-33.73
13437,642,98.75,14.14601973,2.652500033,100.0999985,44.59999847,98.84999847,86.78884888,10419.56543,215.7463074,1.190000057,97.09999847,55.50000003,7.035756425,262.1996242,924.02246,-1415.7891,41,-35.23
13438,642,99.39999898,14.60709041,2.362999996,94.19999695,39.40000153,88.26666768,81.55863698,4909.862793,205.9396362,1.029999971,95.5,54.79999542,5.583768981,208.5741354,924.02246,-1415.7891,42.5,-36.73
13440,642,99.04999924,17.35388994,1.156000018,41.09999847,32.40000153,42.84999847,68.64654923,5781.02002,259.8762207,0.25999999,1250,8.69999694,1.336336042,49.534599,924.02246,-1415.7891,44,-38.23
13442,642,99.34999847,16.66228478,1.387999952,58.79999924,31,51.44999886,83.6016884,10674.53808,269.6828613,0.709999979,284,27.79999924,1.926543867,71.41259595,924.02246,-1415.7891,47.2,-41.43
13443,642,99.75,16.31402988,1.524500013,62.29999924,32.5,56.85000038,102.4794884,13435.10987,274.5861816,0.75999999,123,29.79999924,2.32410029,86.66782632,924.02246,-1415.7891,48.7,-42.93
14572,671,100,14.93327247,2.333499968,86.90000153,43.20000076,87.375,7.931127906,865.4368134,21.57462883,1.100000024,140,43.70000077,5.445222101,203.8895597,-57.213867,741.5508,5.6,-2.58
14574,671,100,16.72359751,1.475750029,54.40000153,32.20000076,55.70000077,11.04473925,1174.346268,88.25984192,0.40200001,778,22.20000077,2.177838148,82.19927775,-57.213867,741.5508,8.6,-5.5800004
14576,671,99.75,16.05651762,1.676249981,69.09999847,36.90000153,62.39999866,19.02490068,2118.236389,68.64654541,0.414000005,486,32.19999694,2.809813999,104.5979966,-57.213867,741.5508,11.6,-8.58
14584,671,99.69999886,15.21776261,2.043750018,86.69999695,38.40000153,75.95000077,50.90876865,5540.75708,118.6604691,1.019999981,469,48.29999542,4.176914136,155.2228154,-57.213867,741.5508,19.5,-16.48
14586,671,99.85000038,14.84252953,2.275250018,100.6999969,48.59999847,84.90000153,59.82056425,5785.92334,154.9450684,0.958000004,231,52.09999843,5.176762644,193.16873,-57.213867,741.5508,22.5,-19.48
14588,671,99.77499962,14.65368785,2.432999969,95,45.90000153,90.125,55.03982259,7227.500977,171.6163635,1.080000043,294,49.09999847,5.919488849,219.2741222,-57.213867,741.5508,25.5,-22.48
14590,671,99.64999962,14.99948985,2.204999924,89.40000153,45.5,81.32500076,67.54329873,7739.898316,163.7710419,0.94599998,469,43.90000153,4.862024665,179.3216205,-57.213867,741.5508,28.5,-25.48
14592,671,100,15.28397998,1.999750078,80.5,37.29999924,75.25000191,74.28537177,9801.746582,201.0363159,0.986000001,354,43.20000076,3.999000374,150.4811972,-57.213867,741.5508,31.5,-28.48
14595,671,99.19999886,16.8609375,1.324249983,58.59999847,30.20000076,49.09999943,71.4659605,8453.332276,363.8267212,0.48300001,1150,28.39999771,1.753638017,65.02067341,-57.213867,741.5508,34.5,-31.48
14597,671,100,16.18404744,1.604250014,69.30000305,32.20000076,59.80000019,84.7049389,10988.35083,202.016983,0.731000006,385,37.10000229,2.573618107,95.93415114,-57.213867,741.5508,37.5,-34.48
14599,671,99.97500038,16.36553245,1.552000016,68.69999695,32.40000153,57.57499981,88.87276649,12324.50708,283.4122009,0.745000005,268,36.29999542,2.40870405,89.35640063,-57.213867,741.5508,40.5,-37.48
14602,671,96.19999886,14.90874749,2.191500008,98.69999695,54.90000153,76.97499847,59.20765019,10679.44153,537.4044189,0.781000018,894,43.79999542,4.802672285,168.6907098,-57.213867,741.5508,43.5,-40.48
14708,674,99.42499924,13.68249749,3.296500027,96.5,43.20000076,121.9250031,3.885885,429.0409241,11.76797962,1.100000024,219,53.29999924,10.86691243,401.925776,68.71924,803.1172,3.5,-0.43000007
14711,674,99.52499962,15.31095757,2.059000015,59,27.89999962,76.125,8.323393702,703.6271209,30.40061378,0.998000026,209,31.10000038,4.239481062,156.7413761,68.71924,803.1172,6.4,-3.3300002
14713,674,97.85000229,14.29071755,2.580500007,104.5999985,39.79999924,93.875,13.69253492,1338.607727,37.26527023,1.019999981,182,64.79999926,6.658980286,242.2444382,68.71924,803.1172,9.4,-6.33
14716,674,99.27499962,14.56784985,2.473750055,90.5,40.70000076,90.875,18.33843517,1522.482376,98.0664978,1.149999976,338,49.79999924,6.119439335,224.8020362,68.71924,803.1172,12.4,-9.33
14719,674,99.22500038,16.5396599,1.52125001,52.40000153,28.29999924,55.125,20.49589825,1189.056274,74.53054047,0.592999995,279,24.10000229,2.314201593,83.8589068,68.71924,803.1172,15.6,-12.530001
14724,674,99.70000076,15.05834967,2.109499991,81.30000305,37.70000076,78.77499962,45.698987,1326.34935,120.6217957,0.888000011,269,43.60000229,4.449990212,166.175861,68.71924,803.1172,20.5,-17.43
14726,674,99.57500267,14.67085499,2.354750037,96,43.90000153,87.80000115,50.13649654,3873.626648,148.0804138,1.159999967,152,52.09999847,5.544847737,206.747056,68.71924,803.1172,23.5,-20.43
14728,674,99.79999924,14.52125251,2.458500028,94.19999695,44.79999924,92.82500076,55.2849865,4248.731018,155.9257355,1.059999943,193,49.39999771,6.044222388,228.210267,68.71924,803.1172,26.5,-23.43
14730,674,99.39999962,14.72235755,2.293249965,85,42.5,85.64999962,59.69797993,4184.987793,174.5583649,0.943000019,304,42.5,5.258995402,196.4168586,68.71924,803.1172,29.5,-26.43
14732,674,99.35000038,14.71009506,2.336749971,83,44.70000076,86.85000038,61.6593094,6038.444458,186.3263397,1.039999962,437,38.29999924,5.460400427,202.9467359,68.71924,803.1172,32.5,-29.43
14734,674,98.27500153,16.73095507,1.397249997,54.59999847,30.60000038,50.57499886,66.31746864,7374.600586,166.7130585,0.552999973,822,23.99999809,1.952307554,70.66591701,68.71924,803.1172,35.5,-32.43
14736,674,99.69999886,16.18895267,1.609750003,65.59999847,35.5,59.47500038,71.46595954,6109.542785,90.22117615,0.579999983,270,30.09999847,2.591295072,95.73988204,68.71924,803.1172,38.5,-35.43
14738,674,99.25,16.11292484,1.61225003,65.19999695,34.5,59.59999943,78.57578088,11191.83936,354.02005,0.676999986,455,30.69999695,2.599350159,96.09010087,68.71924,803.1172,41.5,-38.43
14741,674,99.72499848,16.03444468,1.715000034,75.59999847,34.5,63.59999943,95.86000061,7266.727539,282.4315186,0.828000009,261,41.09999847,2.941225117,109.0740012,68.71924,803.1172,44.5,-41.43
14869,677,99.72500038,14.65614017,2.575999975,103.3000031,50.20000076,96.35000228,14.3054502,1110.603104,70.60787964,1.059999943,95.19999695,53.10000234,6.635775871,248.1976035,-82.319336,895.6289,6.8,-3.0800002
14871,677,99.75,14.63406781,2.531000018,99.09999847,46.29999924,93.39999962,11.57184661,1140.023041,38.24593353,0.853999972,127,52.79999923,6.405961091,236.3954007,-82.319336,895.6289,9.8,-6.08
14873,677,99.79999924,14.44277235,2.695500016,108.5999985,50.59999847,99.4750004,18.47327709,1784.810303,58.83990097,1.159000039,127,58.00000003,7.265720336,268.1348652,-82.319336,895.6289,12.8,-9.08
14879,677,99.92499924,15.81372018,1.821249992,72.90000153,33.5,67.42500114,28.19411707,4577.253784,137.2930908,0.744000018,197,39.40000153,3.316951533,122.7977828,-82.319336,895.6289,18.3,-14.579999
14881,677,99.64999962,14.85724492,2.302000046,95.5,45.40000153,84.85000038,41.28599501,3500.973938,147.0997467,1.136000037,174,50.09999847,5.299204212,195.3247048,-82.319336,895.6289,21.2,-17.480001
14884,677,99.60000038,14.70273751,2.388999939,100.0999985,40.70000076,88.39999962,58.38634109,6156.124268,156.9064026,1.162999988,130,59.39999774,5.707320709,211.1875937,-82.319336,895.6289,24.3,-20.58
14887,677,99.35000038,14.81800513,2.30250001,86.80000305,43,84.72500038,61.20575333,5680.501831,176.5196838,1.00999999,234,43.80000305,5.301506296,195.0793142,-82.319336,895.6289,27.3,-23.58
14889,677,99.95000076,15.05835026,2.204000056,85.40000153,48.5,82.125,66.39101887,7207.887573,196.1329956,1.126000047,361,36.90000153,4.857616247,181.0035046,-82.319336,895.6289,30.3,-26.58
14891,677,99.89999962,16.92960749,1.40625,52.90000153,33.70000076,52.125,60.06573009,5408.36731,245.1662445,0.465000004,915,19.20000077,1.977539063,73.30078125,-82.319336,895.6289,33.3,-29.58
14893,677,99.72500038,16.08594753,1.707750023,71.30000305,38.79999924,62.42499924,81.22357751,9193.734254,294.1994934,0.860000014,224,32.50000381,2.916410141,106.6062939,-82.319336,895.6289,36.3,-32.579998
14900,677,93.64999962,16.39741497,1.363499999,55.40000153,39.90000153,47.94999885,47.89322424,4155.56781,411.8792725,0.467999995,1570,15.5,1.859132247,65.37982338,-82.319336,895.6289,43.2,-39.48
15296,686,100.25,14.58011263,2.515000045,93.19999695,40.90000153,93.77499963,6.031089664,684.0138168,16.6713047,0.529999971,147,52.29999542,6.325225226,235.8441283,269.88623,186.76172,8.4,-6.16
15298,686,100.6250019,14.7002849,2.476999998,94.5,39.5,91.90000151,8.985343338,1206.217926,27.45862007,1,10.5,55,6.13552899,227.6363036,269.88623,186.76172,11.4,-9.16
15300,686,100.4750004,15.34529243,2.022500038,86.90000153,40.79999924,75.40000153,17.38228703,2736.055298,43.14925766,0.74000001,206,46.10000229,4.090506404,152.496506,269.88623,186.76172,14.4,-12.16
15313,686,100.3500004,16.06877982,1.68599999,85.40000153,38.29999924,62.89999866,42.64666891,6131.607788,126.5057755,0.680000007,239,47.10000229,2.842595966,106.0493971,269.88623,186.76172,22.1,-19.86
15327,686,99.79999923,16.10066264,1.640500009,72.59999847,38.20000076,60.75,81.07647706,12223.98926,269.6828613,0.839999974,305,34.39999771,2.69124028,99.66037555,269.88623,186.76172,40.2,-37.96
15329,686,98.92500114,16.14235504,1.617000014,71.90000153,36.59999847,59.07499981,81.78745843,8352.814088,270.6635437,0.74000001,479,35.30000306,2.614689045,95.52427552,269.88623,186.76172,43.2,-40.96
15331,686,99.07499886,16.24290727,1.590999991,74.69999695,36.70000076,58.12500096,110.9622421,12437.28369,283.4122009,0.620000005,348,37.99999619,2.531280971,92.476876,269.88623,186.76172,46.2,-43.96
15334,686,99.12500192,17.45199014,1.20025,54.59999847,31.5,43.75,97.4290638,10453.88867,400.1112976,0.419999987,1660,23.09999847,1.440600063,52.5109375,269.88623,186.76172,49.2,-46.96
15585,691,100.125,13.80266976,3.106999993,109.3000031,48.20000076,116.7250004,6.031089665,1064.0215,17.65196991,1.350000024,82.5,61.10000234,9.653448957,362.6645754,370.64307,248.34375,8.5,-5.67
15587,691,100.0750008,14.56784985,2.563749969,95.19999695,36.59999847,94.42500115,9.365350484,2152.559601,20.59396362,1.059999943,149,58.59999848,6.572813904,242.0820938,370.64307,248.34375,11.5,-8.67
15589,691,100.3250008,15.72543015,1.892500013,64.69999695,29.70000076,69.90000153,16.41388035,2343.789276,57.85923004,0.469999999,138,34.99999619,3.581556299,132.2857538,370.64307,248.34375,14.5,-11.67
15598,691,100.0250015,16.88791509,1.375499994,59.79999924,29.39999962,50.75,33.23228455,4089.372925,103.9504852,0.370000005,390,30.39999962,1.892000233,69.8066247,370.64307,248.34375,19,-16.17
15602,691,100.3250008,14.77386041,2.309499979,103.5999985,35.70000076,86.92499924,61.65931034,12326.95874,154.9450684,1.24000001,234,67.89999774,5.333790153,200.7532839,370.64307,248.34375,24,-21.17
15604,691,100.5,14.60954254,2.457249999,108.0999985,41.70000076,92.19999886,67.37168311,12331.86157,172.5970306,1.190000057,207,66.39999774,6.038077558,226.5584471,370.64307,248.34375,27,-24.17
15606,691,100.2250004,14.50163247,2.470999956,112.3000031,53.90000153,93.30000115,73.30470563,18210.94873,173.5776978,1.230000019,211,58.40000157,6.105840783,230.5442987,370.64307,248.34375,30,-27.17
15608,691,100.1500015,14.21223739,2.671249926,114.8000031,53.29999924,101.1500015,51.43587971,8977.987916,143.1770935,1.519999981,219,61.50000386,7.135576167,270.196934,370.64307,248.34375,33,-30.17
15610,691,99.87499807,14.54087255,2.399999976,106.9000015,49.40000153,90.69999886,95.29612159,23670.80078,258.8955688,1.5,155,57.49999997,5.759999885,217.6799951,370.64307,248.34375,36,-33.17
15613,691,98.54999924,17.05959022,1.289499998,51.20000076,26.70000076,46.90000057,80.53711129,17882.42554,262.8182068,0.540000021,1120,24.5,1.662810245,60.47755064,370.64307,248.34375,39,-36.17
15616,691,100.1749992,16.09821002,1.629500002,67.40000153,33.20000076,60.85000039,73.57439041,15469.98975,276.5475159,0.75999999,291,34.20000077,2.655270257,99.15507576,370.64307,248.34375,42,-39.17
15618,691,100.3500004,16.08839986,1.656500012,76.90000153,36.40000153,61.67500019,123.097971,22494.00293,298.1221619,0.860000014,151,40.5,2.74399229,102.1646386,370.64307,248.34375,45,-42.17
15620,691,99.39999963,16.78736228,1.368750006,57.79999924,28.70000076,50.57500077,92.2805748,8786.758423,388.3433228,0.419999987,1940,29.09999848,1.873476579,69.22453261,370.64307,248.34375,48,-45.17
15626,691,98.375,17.39803525,1.162250012,50.20000076,31.89999962,42.45000077,111.2564449,9939.039672,523.6751099,0.270000011,2900,18.30000114,1.35082509,49.3375139,370.64307,248.34375,52.6,-49.769997
17054,718,97.375,13.83209996,2.997750044,86.69999695,42.29999924,109.2250004,2.427145839,125.0347805,6.864655018,1.139999986,74.19999695,44.39999771,8.986505326,327.4292498,244.60596,-28.917969,11.1,-4.34
17056,718,99.54999924,14.04791982,2.912500024,95.40000153,41.5,107.3500004,5.773664953,664.4005127,23.53595924,1.149999976,106,53.90000153,8.48265639,312.6568787,244.60596,-28.917969,14.1,-7.34
17058,718,99.40000153,15.89710498,1.746749997,56.70000076,30.39999962,64.10000038,10.84860635,693.8204651,33.34260941,0.540000021,302,26.30000114,3.051135552,111.9666755,244.60596,-28.917969,17.1,-10.34
17060,718,100.4249992,16.15706985,1.646499992,65.40000153,32.40000153,61.22499943,15.61708951,1071.376465,55.89790344,0.50999999,406,33,2.710962224,100.8069611,244.60596,-28.917969,20.1,-13.34
17065,718,99.25,14.61935271,2.359749973,94.69999695,47.79999924,87.97499848,51.54620171,3608.847107,139.254425,1.039999962,175,46.89999771,5.568419935,207.5990003,244.60596,-28.917969,25.8,-19.039999
17067,718,99.94999884,14.76895489,2.265499949,112,47.40000153,85.375,66.44005108,6357.160644,156.9064026,1.00999999,311,64.59999847,5.132490019,193.4170581,244.60596,-28.917969,28.8,-22.039999
17069,718,98.87499809,14.32995763,2.50274998,117.4000015,50.29999924,93.64999962,79.67903138,7406.472168,182.4036865,1.039999962,201,67.10000226,6.263757462,234.3825347,244.60596,-28.917969,31.8,-25.039999
17071,718,98.85000038,14.33486228,2.492500007,110,43.5,93.32499885,69.38204766,4506.15564,218.6882935,1.129999995,234,66.5,6.212556285,232.6125603,244.60596,-28.917969,34.8,-28.039999
17073,718,98.24999809,14.24412022,2.507499993,113.5999985,53.40000153,93.67499924,64.35613919,5388.753845,212.804306,1.269999981,341,60.19999697,6.287556215,234.8900599,244.60596,-28.917969,37.8,-31.039999
17075,718,97.27500153,14.31033759,2.475249946,106.3000031,56,90.42499924,45.96867037,4793.000122,198.0943298,1.090000033,312,50.3000031,6.126862295,223.8244745,244.60596,-28.917969,40.8,-34.04
17078,718,98.42500116,16.67209495,1.422500015,49.70000076,28.10000038,51.75000096,76.2467022,7833.061646,212.804306,0.49000001,1020,21.60000038,2.023506293,73.61437714,244.60596,-28.917969,43.8,-37.04
17080,718,99.22499848,16.14235504,1.611000002,68.09999847,38,59.27499962,94.38900184,7909.062866,300.0834656,0.670000017,345,30.09999847,2.595321006,95.49202451,244.60596,-28.917969,46.8,-40.04
17083,718,99.55000115,16.06142256,1.643749982,79.69999695,41.20000076,60.75000095,101.4988232,5785.923401,302.0447998,0.709999979,211,38.49999619,2.701914003,99.85781297,244.60596,-28.917969,49.8,-43.04
17085,718,95.95000076,17.06940009,1.21875,51.5,30.60000038,43.47500038,96.10516739,4533.123779,379.517334,0.460000008,568,20.89999962,1.485351563,52.98515671,244.60596,-28.917969,52.8,-46.04
17091,718,97.22500039,16.11047251,1.415250003,56.29999924,34,53.14999962,125.1573715,6928.398193,548.1917114,0.469999999,1060,22.29999924,2.002932571,75.22053712,244.60596,-28.917969,61.3,-54.54
18009,850,99.39999962,15.6199724,1.853000015,79.30000305,34,68.27500057,35.38974714,2569.342194,161.8097229,0.873000026,116,45.30000305,3.433609056,126.5135771,345.25586,-213.84375,26.2,-18.91
18012,850,99.24999809,14.89158007,2.229250014,93,36,82.32500077,44.1666975,4069.759522,186.3263397,1.177999973,149,57,4.969555625,183.5230091,345.25586,-213.84375,29.2,-21.91
18014,850,99.47499847,14.52861006,2.476749957,109.5999985,45.70000076,91.75,59.19538975,4922.938293,222.6109467,1.355999947,193,63.89999774,6.134290349,227.2418086,345.25586,-213.84375,32.1,-24.809998
18017,850,99.57499884,14.50408508,2.473500013,102.6999969,42.5,92.125,57.17276859,5234.299438,231.4369202,1.534000039,101,60.1999969,6.118202314,227.8711887,345.25586,-213.84375,35.3,-28.009998
18019,850,99.27499962,14.40598518,2.516749978,95.30000305,43.5,93.72500039,63.70645046,5521.143982,304.9867859,1.498000026,128,51.80000305,6.334030452,235.8823927,345.25586,-213.84375,38.3,-31.009998
18022,850,100.0249996,14.32750502,2.609749973,101,44.40000153,98.10000038,64.93227959,4746.418579,305.9674683,1.707999945,178,56.59999847,6.810794922,256.0164733,345.25586,-213.84375,41.3,-34.01
18024,850,99.02499962,15.56601751,1.854000002,92.59999847,37.90000153,68.22499943,80.20613861,8262.102539,311.8514709,0.998000026,303,54.69999694,3.437316007,126.4891491,345.25586,-213.84375,44.3,-37.01
18028,850,99.125,16.52985032,1.459500015,66.40000153,29.5,53.64999962,74.12601661,7357.439027,322.6387634,0.597000003,375,36.90000153,2.130140294,78.30217525,345.25586,-213.84375,47.3,-40.01
18031,850,100.5999985,15.99765721,1.699999959,70,31.10000038,63.49999904,87.34047126,8982.891235,357.9427185,0.866999984,143,38.89999962,2.889999861,107.9499958,345.25586,-213.84375,50,-42.71
18035,850,98.95000077,17.61876004,1.125999987,47.20000076,27,41.20000076,60.31089784,4211.955933,394.2273254,0.409999996,1330,20.20000076,1.267875971,46.39120032,345.25586,-213.84375,53,-45.71
18216,859,98.89999963,15.70580982,1.768749982,73.40000153,35.09999847,65.30000019,20.42234779,1034.601562,115.7184601,0.660000026,519,38.30000306,3.128476499,115.4993742,-32.003418,803.16406,9.9,-2.8999996
18217,859,100.9250012,15.01420524,2.203249991,112,47.40000153,83.07499886,38.14786816,3241.097718,122.5831223,0.970000029,151,64.59999847,4.854310523,183.0349905,-32.003418,803.16406,12.9,-5.8999996
18218,859,100.625,16.31648249,1.581999988,73.90000153,32.79999924,58.97499943,36.24782944,2726.248657,141.2157593,0.519999981,325,41.10000229,2.502723962,93.29844839,-32.003418,803.16406,15.9,-8.9
18219,859,101.2250004,16.13009226,1.680999994,88,39.20000076,64.10000038,56.68243409,3802.528381,191.2296753,0.469999999,432,48.79999924,2.82576098,107.7521003,-32.003418,803.16406,18.9,-11.9
18228,861,96.14999771,15.3011477,1.968000054,82,46.59999847,69.15000153,17.40680361,983.1166612,89.24051666,0.600000024,126,35.40000153,3.873024213,136.0872067,647.1052,-1076.7383,12.8,-7.3500004
18230,861,96.62500191,15.80636263,1.758249998,68,37.59999847,61.87499905,27.58120298,2588.955567,100.0278244,0.629999995,150,30.40000153,3.091443055,108.791717,647.1052,-1076.7383,15.8,-10.35
18234,862,96.55000115,14.80574265,2.236000002,77,52.40000153,79.22500038,10.9098978,1059.118195,49.0332489,0.709999979,89.69999695,24.59999847,4.999696009,177.147101,647.1052,-1076.7383,12.8,-7.48
18236,862,99.69999884,15.47282224,1.937250018,74.69999695,43.5,71.50000191,11.58410502,593.3022994,39.22660065,0.620000005,111,31.19999695,3.752937632,138.51338,647.1052,-1076.7383,15.8,-10.48
18245,864,97.64999962,16.59116246,1.451499999,58.70000076,36.59999847,51.94999981,20.22621489,1488.159149,83.35652924,0.479999989,215,22.10000229,2.106852247,75.40542467,823.45483,-953.5547,9.8,-3.7400002
18247,864,98.64999962,14.92346259,2.234000027,97.5,57.09999847,81.125,19.98104858,1431.770813,56.87856674,0.949999988,134,40.40000153,4.990756121,181.2332522,823.45483,-953.5547,12.8,-6.7400002
18253,865,97.14999962,12.79714484,4.02275002,139.5,57,147.8250008,1.287122816,22.06496286,14.70997524,1.649999976,64.69999695,82.5,16.18251772,594.6630249,949.4636,-737.91016,3.8,2.6200001
18255,865,99.47500037,13.42253233,3.463,138.3000031,64.80000305,129.4250012,1.900038421,73.54987145,20.59396362,1.799999952,101,73.50000005,11.992369,448.1987792,949.4636,-737.91016,6.8,-0.3800001
18257,865,98.5,14.16318744,2.737999976,95.90000153,45.90000153,99.84999845,4.290409386,534.4624023,19.61330032,0.949999988,125,50,7.496643869,273.3892934,949.4636,-737.91016,9.8,-3.38
18259,865,99.94999885,15.11966241,2.085500062,87.40000153,50.20000076,78.02500153,4.658158659,308.9094696,30.40061378,0.850000024,167,37.20000077,4.349310509,162.7211455,949.4636,-737.91016,12.8,-6.38
18263,865,93.67500114,17.87627259,1.036499992,35.09999847,23.5,35.42500019,3.00328654,122.5831223,18.63263512,0.300000012,270,11.59999847,1.074332233,36.71801241,949.4636,-737.91016,15.8,-9.38
18265,865,95.34999848,16.49551517,1.433999986,44.79999924,27,50.17499924,29.91028214,2645.34375,129.4477844,0.400000006,345,17.79999924,2.05635596,71.95094821,949.4636,-737.91016,18.8,-12.379999
18268,866,100.9249992,15.1736173,2.008000016,80.69999695,50.09999847,77.17499924,9.046634674,220.6496201,32.36194611,0.819999993,291,30.59999848,4.032064064,154.9673997,949.4636,-737.91016,3.6,3.1
18270,866,100.2999973,12.97372491,4.213750005,146.3999939,66.09999847,158.4000015,0.796790302,12.2583127,12.74864388,1.649999976,63.29999924,80.29999543,17.7556891,667.4580071,949.4636,-737.91016,6.6,0.099999905
18273,866,99.04999924,14.06263463,2.823750019,94,46.70000076,104.2250004,1.16453968,63.74322606,8.825984955,0.910000026,173,47.29999924,7.97356417,294.3053469,949.4636,-737.91016,9.6,-2.9000006
18276,866,96.09999847,15.99029995,1.615000009,58.90000153,34,57.25000096,4.780741811,411.8792801,20.59396362,0.460000008,329,24.90000153,2.608225029,92.45875207,949.4636,-737.91016,12.6,-5.9000006
18278,866,95.42499924,17.85419993,1.080750004,31.39999962,18.79999924,37.55000019,5.700115264,335.8777542,30.40061378,0.239999995,552,12.60000038,1.168020571,40.58216286,949.4636,-737.91016,15.6,-8.900001
18281,866,98.40000153,14.22204756,2.666000009,96.69999695,52.20000076,97.42499924,17.0390544,1760.293701,110.8151398,0.839999974,142,44.49999619,7.107556048,259.7350489,949.4636,-737.91016,18.6,-11.900001
18284,867,93.47499848,13.96698734,2.57675004,91,49.70000076,89.72500038,14.34222555,1311.639374,49.0332489,0.899999976,90.80000305,41.29999924,6.639640769,231.1988983,999.7993,-830.3711,14.8,-4.1400003
18286,867,94.32500077,16.13990243,1.480250001,49.09999847,30.20000076,52.02499962,4.412992418,299.1028061,161.8097229,0.370000005,619,18.89999771,2.191140065,77.01000574,999.7993,-830.3711,17.8,-7.1399994
18288,867,96.37500191,15.5929951,1.73999998,68.30000305,38.79999924,62.60000038,9.193734288,404.5243073,52.95590973,0.800000012,162,29.50000381,3.02759993,108.9239994,999.7993,-830.3711,20.8,-10.139999
18290,867,98.82500077,16.20121487,1.619749993,76,44.5,58.69999885,24.49210787,2010.363251,87.27918243,0.699999988,155,31.5,2.62359004,95.07932273,999.7993,-830.3711,23.8,-13.139999
18302,869,98.39999962,14.90384256,2.107999951,94.30000305,51.09999847,78.375,13.36156058,696.2721405,80.41452789,0.610000014,210,43.20000458,4.443663793,165.2144962,1050.1472,-892.0156,18.3,-6.489999
18306,869,96.95000267,15.19078501,1.853249997,63.09999847,43.90000153,68.52500153,16.85517907,1115.506393,76.49186707,0.779999971,177,19.19999694,3.434535551,126.9939589,1050.1472,-892.0156,21.3,-9.489999
18309,869,99.79999923,14.30297975,2.70449996,106.9000015,61.40000153,99.8999996,26.47795487,2628.182129,77.47253418,1.070000052,173,45.49999997,7.314320034,270.1795449,1050.1472,-892.0156,24.3,-12.489999
18311,870,98.50000001,13.90812751,2.688500047,111.4000015,63,102.5750008,3.971693099,120.1314621,20.59396362,1.029999971,54.5,48.4000015,7.228032503,275.7728945,1050.1362,-922.8281,14.3,-2.4099998
18316,870,96.89999962,13.95962979,2.759499967,100.5,56,99.90000154,3.885885,112.7764721,24.51662445,0.75999999,128,44.5,7.614840068,275.674051,1050.1362,-922.8281,20.3,-8.409999
18318,870,97.44999886,15.64449737,1.771250009,65,48.5,64.10000133,2.696828723,73.54987431,10.78731441,0.5,276,16.5,3.137326594,113.5371279,1050.1362,-922.8281,23.3,-11.409999
18322,871,98.14999962,13.88850776,2.375500024,121.8000031,53.5,95.25,27.88765907,2054.493164,95.12450409,0.870000005,129,68.3000031,5.643000364,226.2663773,1100.4851,-984.47266,21.9,-9.99
18324,871,100.0000019,14.59237512,2.501500011,110.8000031,59.59999847,92.42500115,20.8391304,916.9217681,86.29851532,1.00999999,129,51.20000463,6.257502305,231.2011414,1100.4851,-984.47266,24.6,-12.690001
18329,872,98.29999924,13.72418989,3.041750014,129.1000061,60,112.2250004,4.204601049,308.9094849,25.49728775,1.230000019,80.90000153,69.1000061,9.252243148,341.3603965,1100.4739,-1015.28516,14.2,-2.3999996
18332,872,99.34999848,16.84131717,1.395500034,49.09999847,31.29999924,50.84999943,12.13572907,902.2118073,46.09125519,0.280000001,665,17.79999923,1.947420345,70.96117593,1100.4739,-1015.28516,17.2,-5.4000006
18335,872,92.35000038,14.896485,1.972249985,68.5,30.39999962,67.64999962,11.97637081,639.8838882,60.80122757,0.75,119,38.10000038,3.889770003,133.4227107,1100.4739,-1015.28516,20.2,-8.400001
18337,872,98.07499885,15.1196624,2.083250016,77,41.79999924,75.42499924,17.27196264,924.2767639,72.56920624,0.779999971,141,35.20000076,4.339930629,157.1291309,1100.4739,-1015.28516,23.2,-11.400001
18341,873,98.82499886,13.45441515,3.466250003,132.3999939,60.5,126.8500023,4.008468211,392.2659989,31.38127899,1.409999967,68.40000153,71.8999939,12.01488908,439.6938209,1125.627,-1107.7344,13.7,-2.08
18344,873,96.37500191,14.96024977,2.122499973,76.19999695,37.29999924,75.35000038,4.903324962,487.8808212,24.51662445,0.790000021,233,38.89999771,4.505006135,159.9303738,1125.627,-1107.7344,16.7,-5.080001
18346,873,93.97500038,15.44584495,1.800500035,60.5,34,62.25,13.37381887,1230.734528,66.68521881,0.560000002,215,26.5,3.241800376,112.0811272,1125.627,-1107.7344,19.7,-8.080001
18348,873,98.14999962,14.61444719,2.395500004,100.8000031,49.90000153,86.82499886,12.52799535,313.8127937,37.26527023,0.819999993,144,50.90000157,5.738420269,207.9892851,1125.627,-1107.7344,22.7,-11.080001
18350,873,97.25,17.6678097,1.128750026,40.29999924,28.5,40.12499905,23.14369297,1953.974945,156.9064026,0.25,679,11.79999924,1.274076621,45.29109372,1125.627,-1107.7344,25.7,-14.080001
18355,874,98.72500038,14.08470758,2.756749988,97.59999847,44.09999847,101.8500004,2.21875453,68.64655113,9.806650162,0.870000005,115,53.5,7.599670496,280.7749874,1125.627,-1107.7344,14.9,-3.12
18358,874,98.17500114,14.45503513,2.530499995,88.69999695,53.09999847,91.375,6.362064005,975.7616271,25.49728775,0.75,121,35.59999848,6.403430225,231.224437,1125.627,-1107.7344,17.9,-6.12
18360,874,98.375,17.62611759,1.136000008,42.70000076,28.10000038,41.07499886,12.62606144,507.4941254,152.003067,0.219999999,736,14.60000038,1.290496018,46.66119903,1125.627,-1107.7344,20.9,-9.12
18362,874,99.29999924,14.02830007,2.865999997,107.3000031,46.70000076,106.0500012,18.26488519,3025.351441,63.74322128,1.080000043,140,60.60000234,8.213955983,303.9393031,1125.627,-1107.7344,23.9,-12.12
18364,874,93.39999771,16.77264747,1.281999976,42.29999924,27,44.27499962,35.05877304,943.8900147,284.3928528,0.300000012,524,15.29999924,1.643523938,56.76054845,1125.627,-1107.7344,26.9,-15.12
18367,875,98.17499924,16.28460026,1.557249993,56.29999924,33.09999847,56.30000019,4.511058867,154.4547406,46.09125519,0.360000014,506,23.20000077,2.425027541,87.6731749,1150.791,-1169.3672,18.8,-7.0099993
18369,875,98.625,17.90815482,1.091999978,41.29999924,28,39.27499866,15.20030666,495.2358093,80.41452789,0.289999992,795,13.29999924,1.192463952,42.88829767,1150.791,-1169.3672,21.8,-10.009999
18371,875,99.97500036,14.34957738,2.667999983,94.59999847,54.09999847,98.85000037,19.42942524,458.4608917,40.20726395,0.829999983,100,40.5,7.118223909,263.7317993,1150.791,-1169.3672,24.8,-13.009999
18380,876,98.52499962,13.94736759,2.882250011,108.6999969,47.09999847,106,1.7774553,36.77493763,22.55529404,0.899999976,114,61.59999843,8.307365126,305.5185012,1175.956,-1231.0039,10.1,1.3999996
18382,876,100.3750019,13.60401763,3.477749944,133.3999939,59.59999847,128.375,1.88778019,78.45319748,9.806650162,0.99000001,117,73.79999543,12.09474467,446.4561491,1175.956,-1231.0039,13.1,-1.6000004
18384,876,100.3500004,14.2539298,2.836750031,110.5,57.09999847,104.3500004,3.432327509,100.5181646,18.63263512,0.810000002,119,53.40000153,8.047150738,296.0148669,1175.956,-1231.0039,16.1,-4.6000004
18386,876,98.57500077,16.52494508,1.497500002,55.70000076,32.40000153,54.05000019,6.803363324,634.9805908,24.51662445,0.430000007,312,23.29999923,2.242506256,80.93987539,1175.956,-1231.0039,19.1,-7.6000004
18388,876,99.97500038,14.74933514,2.440500021,106.5,46.79999924,89.32499886,9.340833901,723.2404098,32.36194611,0.910000026,110,59.70000076,5.956040353,217.9976616,1175.956,-1231.0039,22.1,-10.6
18390,876,99.50000001,13.92039,3.006500065,109.4000015,58.70000076,111.0749989,17.18615389,1559.257324,62.76255798,1.25999999,102,50.70000074,9.039042641,333.9469914,1175.956,-1231.0039,25.1,-13.6
18393,876,94.82499886,15.61261484,1.774250031,70.5,32.40000153,61.625,24.5166235,1904.941712,106.8924866,0.699999988,347,38.09999847,3.147963173,109.3381582,1175.956,-1231.0039,28.1,-16.6
18405,877,98.07500077,17.63347456,1.097499967,45.90000153,24,40.00000096,50.93328762,5351.979004,208.8816528,0.379999995,500,21.90000153,1.204506178,43.89999973,-309.9912,-1137.9219,13.8,-10.87
18406,877,97.85000039,17.02035014,1.282499999,53.5,28.70000076,46.42500019,56.87857056,6256.642456,207.9009705,0.419999987,540,24.79999924,1.644806247,59.5400627,-309.9912,-1137.9219,14.9,-11.969999
18407,877,99.92500115,17.0694001,1.279999971,56.59999847,31.79999924,47.44999981,59.08506394,4869.001648,235.3596039,0.50999999,490,24.79999923,1.638399926,60.73599838,-309.9912,-1137.9219,16.3,-13.369999
18408,877,100.2249985,17.14297532,1.262499988,60.70000076,34,47.25,51.48491192,4283.054321,191.2296753,0.49000001,405,26.70000076,1.59390622,59.65312443,-309.9912,-1137.9219,17.8,-14.869999
18409,877,99.79999922,15.59790032,1.87500003,73.69999695,34.40000153,69.57499886,72.81437301,7874.739868,205.9396362,0.779999971,165,39.29999542,3.515625113,130.4531249,-309.9912,-1137.9219,19.6,-16.67
18410,877,99.60000039,15.57337535,1.850000024,85,43.09999847,68.72499848,69.87238218,7519.248902,191.2296753,0.889999986,162,41.90000153,3.422500089,127.1412488,-309.9912,-1137.9219,20.7,-17.77
18411,877,100.0999985,15.32812471,1.977499992,92.19999695,45.40000153,74.07499885,70.97562885,7899.25647,204.9589691,0.99000001,115,46.79999542,3.910506218,146.4833096,-309.9912,-1137.9219,22.2,-19.27
18412,877,99.32500077,14.88667484,2.184999943,103.8000031,48.40000153,81.60000038,74.04020692,8823.533082,238.30159,1.090000033,150,55.40000157,4.774224751,178.2959962,-309.9912,-1137.9219,24.1,-21.17
18413,877,100.5499992,14.86214986,2.235000014,106.0999985,49.59999847,84.72500229,73.18212415,5996.766358,237.3209381,1.090000033,160,56.50000003,4.995225063,189.3603813,-309.9912,-1137.9219,25.2,-22.27
18414,877,99.39999962,14.76404995,2.277499974,107.0999985,50.79999924,85.125,84.70493889,8289.070801,301.0641479,1.100000024,125,56.29999926,5.187006132,193.8721853,-309.9912,-1137.9219,26.7,-23.77
18415,877,100.2999992,14.83762488,2.25,105.8000031,48.79999924,85.12499809,93.28575706,8781.854736,261.8375549,1.179999948,115,57.00000386,5.0625,191.5312457,-309.9912,-1137.9219,28.2,-25.27
18416,877,101.6500016,14.76404995,2.297499955,105.9000015,50.09999847,88.75,96.10516739,11147.70874,282.4315186,1.100000024,141,55.80000303,5.278506043,203.903121,-309.9912,-1137.9219,30,-27.07
18417,877,100.0250015,14.715,2.282499969,108,53.90000153,86.42499924,93.40833855,11535.07165,269.6828613,1.049999952,167,54.09999847,5.209806108,197.2650581,-309.9912,-1137.9219,31.7,-28.77
18418,877,99.77499962,14.59237512,2.357499957,104.5,47.5,89,88.25984764,9615.420044,284.3928528,1.309999943,155,57,5.557806047,209.8174962,-309.9912,-1137.9219,32.7,-29.77
18419,877,100.25,14.81309991,2.24000001,103.4000015,52.09999847,84.64999962,106.2795677,13263.4939,286.354187,1.190000057,170,51.30000303,5.017600045,189.616,-309.9912,-1137.9219,34.7,-31.77
18437,878,97.94999886,18.0749253,0.998249993,50.20000076,25.39999962,36.125,26.60053825,3780.46344,304.006134,0.379999995,780,24.80000114,0.996503049,36.061781,-360.37988,-1168.707,16.1,-13.14
18438,878,99.67499924,16.99582487,1.330000013,60,31.10000038,49.10000038,69.13688277,6268.901123,196.1329956,0.460000008,400,28.89999962,1.768900035,65.30300114,-360.37988,-1168.707,17.8,-14.839999
18439,878,99.35000038,15.6224253,1.827499986,75.59999847,39.40000153,67.72500038,65.82713415,6357.160767,183.3843536,0.839999974,165,36.19999694,3.339756199,123.7674372,-360.37988,-1168.707,19.2,-16.240002
18440,878,100.0250015,15.67147526,1.800000012,75.80000305,39.40000153,67.07499886,75.63378621,7320.664063,230.4562531,0.889999986,215,36.40000152,3.240000043,120.7349988,-360.37988,-1168.707,20.6,-17.64
18441,878,100.375,15.42622549,1.957500011,90.5,40.5,73.25,86.17593575,8835.791382,231.4369202,1.00999999,188,50,3.831806293,143.3868758,-360.37988,-1168.707,22.3,-19.34
18442,878,100.0500012,14.715,2.305000007,104.5999985,49.09999847,87.07499886,86.54368401,9056.441161,245.1662445,1.169999957,170,55.50000003,5.313025032,200.707873,-360.37988,-1168.707,23.8,-20.84
18443,878,100.3000012,14.88667484,2.225000024,99.80000305,50.09999847,83.80000114,55.89790536,4562.543823,205.9396362,0.920000017,180,49.70000458,4.950625107,186.4550045,-360.37988,-1168.707,25.3,-22.34
18444,878,100.5499992,14.78857493,2.262499988,109.9000015,51.70000076,86.10000038,74.1627903,6891.623169,213.7849731,1.070000052,151,58.20000074,5.118906196,194.8012498,-360.37988,-1168.707,27,-24.04
18445,878,101.25,14.91119981,2.215000034,110.8000031,54.90000153,84.99999809,88.25984955,9367.802125,268.7022095,1.210000038,167,55.90000157,4.906225151,188.2749987,-360.37988,-1168.707,28.1,-25.14
18446,878,100.8500004,14.66595005,2.342499912,105,48.20000076,89.80000115,52.58815956,4631.19043,209.8623199,1.039999962,168,56.79999924,5.487305838,210.3564948,-360.37988,-1168.707,29.9,-26.939999
18447,878,101.0249996,14.88667483,2.202500045,106.5,50.40000153,84.60000229,81.5177784,8519.526978,225.5529327,1.080000043,161,56.09999847,4.851006448,186.3315089,-360.37988,-1168.707,31.1,-28.14
18448,878,101.1499996,14.8130999,2.254999995,106.4000015,50.29999924,86.67499924,96.71808433,11645.39673,294.1994934,1.230000019,166,56.10000226,5.085024977,195.4521229,-360.37988,-1168.707,33.1,-30.14
18450,878,100.2000008,15.54885037,1.854999989,99.80000305,49.70000076,69.77499962,103.2149868,11736.10815,304.006134,1.00999999,195,50.10000229,3.441024959,129.4326235,-360.37988,-1168.707,34.2,-31.240002
18460,879,100.3250008,17.65800012,1.122500003,52,28.10000038,41.77500058,53.38494873,5410.819092,202.9976501,0.360000014,630,23.89999962,1.260006257,46.89243828,-410.75195,-1168.6797,13.2,-10.12
18464,879,100.7499981,17.06940009,1.315000028,62.09999847,32.5,49.05000019,61.41414356,6590.068604,202.016983,0.620000005,257,29.59999847,1.729225074,64.50075162,-410.75195,-1168.6797,17,-13.92
18465,879,99.19999885,15.89220005,1.697499991,65.80000305,37.70000076,62.90000153,62.0270586,6009.024658,215.7463074,0.829999983,119,28.10000229,2.881506219,106.772752,-410.75195,-1168.6797,18.5,-15.42
18466,879,99.82500077,15.74505019,1.795000017,77.09999847,38,66.52500153,72.56921004,7266.727539,215.7463074,0.970000029,150,39.09999847,3.222025061,119.4123789,-410.75195,-1168.6797,20,-16.92
18467,879,102.4750004,15.49980042,1.970000029,81.80000305,42.20000076,75.72500038,68.27879811,6769.039795,205.9396362,0.839999974,210,39.60000229,3.880900114,149.1782529,-410.75195,-1168.6797,21.5,-18.42
18468,879,99.75,15.15644958,2.077499926,92.80000305,48,77.32500076,67.05296801,5925.668091,225.5529327,1.070000052,141,44.80000305,4.316005943,160.6426834,-410.75195,-1168.6797,23,-19.92
18469,879,100.6749992,14.88667484,2.220000029,104.0999985,53.90000153,84.32500077,77.71769905,7752.156372,250.0695648,1.129999995,169,50.19999697,4.928400129,187.2015042,-410.75195,-1168.6797,24.5,-21.42
18470,879,100.1750012,14.83762488,2.267499984,103.1999969,54.70000076,85.04999924,79.67902946,7703.123413,227.514267,1.210000038,172,48.49999614,5.141556177,192.8508719,-410.75195,-1168.6797,26,-22.92
18471,879,101.375,14.98477474,2.182500065,103.3000031,51.90000153,83.52499771,80.53710938,6896.526367,264.779541,1.320000052,120,51.40000157,4.763306534,182.2933129,-410.75195,-1168.6797,27.5,-24.42
18472,879,101.1250019,14.78857493,2.294999957,107.6999969,57,87.44999886,76.24670029,8941.212891,264.779541,1.200000048,154,50.6999969,5.267024803,200.6977436,-410.75195,-1168.6797,28.9,-25.82
18473,879,100.6999988,14.8130999,2.237500012,104.5999985,54,85.72500038,90.46634293,10309.24048,291.2575073,1.200000048,128,50.5999985,5.006406304,191.8096894,-410.75195,-1168.6797,30.4,-27.32
18474,879,100.2250004,14.6169001,2.327499926,107.8000031,57.20000076,88.72500038,95.0019188,11049.64282,279.489502,1.25,170,50.60000234,5.417255906,206.5074318,-410.75195,-1168.6797,32,-28.92
18475,879,100.3999996,14.88667483,2.200000048,108.0999985,56.70000076,83.57500077,92.9180069,9527.160278,296.1608276,1.320000052,130,51.39999774,4.840000211,183.8650057,-410.75195,-1168.6797,33.5,-30.42
18502,880,100.5249996,17.82967495,1.026999995,35.09999847,19.39999962,38.92500019,54.42690563,5258.81604,240.2629242,0.370000005,2000,15.69999885,1.05472899,39.975975,-461.1079,-1137.8398,15.4,-12.15
18503,880,101.9500008,17.06940009,1.255000025,61.79999924,31.20000076,48.55000019,58.71731663,6219.867676,215.7463074,0.479999989,470,30.59999848,1.575025063,60.93025145,-461.1079,-1137.8398,16.9,-13.65
18504,880,101.3249989,15.86767507,1.662499994,65.90000153,26,64.17500019,68.76913263,6938.204712,230.4562531,0.779999971,162,39.90000153,2.76390623,106.6909374,-461.1079,-1137.8398,18.4,-15.15
18505,880,102.1749993,15.99029995,1.629999995,76.40000153,36.5,63.52500057,60.18831254,6401.29065,196.1329956,0.709999979,247,39.90000153,2.656899984,103.5457506,-461.1079,-1137.8398,19.9,-16.65
18506,880,100.7499981,15.59790032,1.799999982,87.69999695,44.29999924,68.65000153,65.33680344,6997.044678,196.1329956,0.850000024,303,43.39999771,3.239999935,123.5700015,-461.1079,-1137.8398,21.4,-18.15
18507,880,101.6249981,15.35264998,1.919999987,91.09999847,44,74.5,66.31746674,4231.569519,230.4562531,0.939999998,212,47.09999847,3.68639995,143.039999,-461.1079,-1137.8398,22.9,-19.65
18508,880,102.0750008,15.0338247,2.097499907,99.69999695,48.79999924,82.27499962,79.55644608,6430.710693,230.4562531,1.029999971,210,50.89999771,4.39950586,172.5718041,-461.1079,-1137.8398,24.4,-21.15
18509,880,101.125,14.86214986,2.19750005,105.3000031,48.70000076,84.75,84.95010376,9056.441163,264.779541,1.090000033,170,56.60000234,4.82900647,186.2381292,-461.1079,-1137.8398,25.9,-22.65
18510,880,99.82499886,14.83762488,2.200000048,107.4000015,49.70000076,83.17499924,83.11135675,7266.727539,245.1662445,1.080000043,150,57.70000074,4.840000211,182.9850023,-461.1079,-1137.8398,27.4,-24.15
18511,880,99.72500038,14.56785014,2.340000033,111.3000031,47.09999847,88.99999809,84.95010185,10473.50195,269.6828613,1.100000024,160,64.20000463,5.475600154,208.2599985,-461.1079,-1137.8398,28.9,-25.65
18512,880,100.8000011,14.83762488,2.210000038,110.8000031,51.09999847,84.77500153,96.84066581,8198.35913,284.3928528,1.230000019,183,59.70000463,4.884100168,187.3527566,-461.1079,-1137.8398,30.4,-27.15
18513,880,100.4500008,14.76404995,2.257499993,111.0999985,51.59999847,86.19999886,100.88591,9100.571166,294.1994934,1.200000048,220,59.50000003,5.096306218,194.5964968,-461.1079,-1137.8398,31.9,-28.65
18514,880,99.72499847,15.05834967,2.105000019,106.5,51.20000076,78.54999924,109.3441467,9755.164552,294.1994934,1.190000057,220,55.29999924,4.43102508,165.3477499,-461.1079,-1137.8398,33.4,-30.150002
18534,881,99.34999847,17.95230013,1.039999962,34.29999924,23.20000076,38.27500057,53.81399155,3547.555664,308.9094849,0.370000005,3750,11.09999848,1.081599921,39.80599914,-511.46387,-1107,14.4,-11.19
18537,881,99.80000115,16.77510008,1.377499998,55.40000153,31.79999924,51.32499981,52.95590879,6396.387329,186.3263397,0.430000007,860,23.60000229,1.897506244,70.70018714,-511.46387,-1107,15.9,-12.69
18538,881,100.6750012,16.28459967,1.572499961,65.69999695,31.20000076,59.02499962,64.72388841,7499.635498,147.0997467,0.730000019,202,34.49999619,2.472756127,92.8168096,-511.46387,-1107,17.4,-14.19
18539,881,99.54999924,15.8431501,1.689999998,65.59999847,31.10000038,63.29999924,59.69798089,5700.115174,196.1329956,0.810000002,220,34.49999809,2.856099993,106.9769986,-511.46387,-1107,18.9,-15.69
18540,881,102.4500008,15.91672502,1.762499988,91.09999847,43.79999924,67.60000038,75.38862037,7578.088501,215.7463074,0.850000024,185,47.29999923,3.106406208,119.1449999,-511.46387,-1107,20.4,-17.189999
18541,881,100.8249988,15.35264998,1.994999975,91.19999695,41.40000153,75.375,78.8209467,8612.690185,205.9396362,0.949999988,220,49.79999542,3.9800249,150.3731231,-511.46387,-1107,21.9,-18.689999
18542,881,98.95000075,14.81309991,2.150000036,91,45.70000076,80.97499848,80.53711319,10010.13745,225.5529327,1.149999976,190,45.29999924,4.622500155,174.0962496,-511.46387,-1107,23.4,-20.189999
18543,881,99.97500036,15.08287465,2.087499976,101.0999985,48.09999847,78.55000115,79.67902948,9622.774903,264.779541,1.049999952,193,53.00000003,4.35765615,163.9731255,-511.46387,-1107,24.9,-21.689999
18544,881,100.9499989,14.83762488,2.242500007,111.1999969,50.29999924,85.77499962,78.57578278,8164.036011,220.6496277,0.959999979,175,60.89999766,5.028806281,192.3504372,-511.46387,-1107,26.2,-22.990002
18545,881,100.6499996,14.86214986,2.182500065,105,53.70000076,83.69999886,84.70493699,10794.66992,274.5861816,1.100000024,160,51.29999924,4.763306534,182.675253,-511.46387,-1107,27.9,-24.689999
18546,881,100.5,14.81309991,2.237500012,91.5,34.20000076,85.09999847,89.11792946,9740.454833,294.1994934,1.190000057,154,57.29999924,5.006406304,190.4112476,-511.46387,-1107,29.4,-26.189999
18547,881,100.9750004,14.73952498,2.314999938,105.0999985,54.40000153,88.52500153,95.73741721,11351.19727,284.3928528,1.389999986,215,50.69999697,5.359224713,204.9353731,-511.46387,-1107,30.9,-27.689999
18548,881,99.94999885,14.83762488,2.20750004,105.4000015,54.20000076,83.52499962,92.55025673,10485.76001,304.006134,1.24000001,210,51.20000074,4.873056427,184.38144,-511.46387,-1107,32.4,-29.190002
18573,882,100.2000008,17.31464986,1.189999998,46.70000076,28,44.57499981,48.72679043,3915.305053,176.5196838,0.439999998,980,18.70000076,1.416099995,53.04424968,-587.0215,-1106.9609,14.8,-11.690001
18574,882,100.7749977,16.33364992,1.542499989,83.69999695,54,58.09999943,53.93657304,4878.808228,186.3263397,0.49000001,400,29.69999695,2.379306216,89.61924848,-587.0215,-1106.9609,16.3,-13.19
18575,882,98.44999886,15.86767507,1.712499976,97.59999847,40.5,62.44999885,62.14964199,6298.320984,181.4230194,0.791000009,235,57.09999847,2.932656168,106.9456215,-587.0215,-1106.9609,17.8,-14.69
18576,882,99.25000001,15.79410014,1.710000009,81.5,45.09999847,63.80000019,64.96905423,7556.023682,201.0363159,0.639999986,270,36.40000153,2.924100031,109.0980009,-587.0215,-1106.9609,19.3,-16.189999
18577,882,100.6499996,15.64695028,1.805000007,83.30000305,52.09999847,68.54999924,73.18212509,7286.340943,171.6163635,0.939999998,255,31.20000458,3.258025025,123.7327491,-587.0215,-1106.9609,20.8,-17.689999
18578,882,100.6250019,15.05834996,2.122500003,91.90000153,50.59999847,80.47499848,77.3499527,7803.641602,233.3982697,0.899999976,240,41.30000306,4.505006263,170.8081845,-587.0215,-1106.9609,22.3,-19.189999
18579,882,101.0999985,15.00929972,2.172500074,97.80000305,41.20000076,82.94999886,84.09202386,8284.167358,242.2242584,1.00999999,235,56.60000229,4.719756572,180.2088787,-587.0215,-1106.9609,23.7,-20.59
18580,882,100.4500008,14.86214986,2.220000029,97.19999695,39.59999847,84.12500191,84.09202195,8016.936157,250.0695648,1.129999995,170,57.59999848,4.928400129,186.7575067,-587.0215,-1106.9609,25.2,-22.09
18581,882,100.5,14.86214986,2.220000029,102.3000031,51.09999847,84.5,95.12450218,10294.53064,250.0695648,1.179999948,142,51.20000463,4.928400129,187.5900025,-587.0215,-1106.9609,26.7,-23.59
18582,882,101.0500012,14.8130999,2.269999981,107.5,50,86.87499809,93.40833663,9514.901856,279.489502,1.179999948,133,57.5,5.152899914,197.206244,-587.0215,-1106.9609,28.1,-24.99
18583,882,100.3500004,14.66595005,2.297499955,105.3000031,50.20000076,87.625,103.2149906,12405.41162,284.3928528,1.129999995,160,55.10000234,5.278506043,201.3184336,-587.0215,-1106.9609,29.6,-26.49
18584,882,100.9750004,15.40169993,1.944999993,92.90000153,49.40000153,73.82500076,124.1767044,17921.65235,284.3928528,1.269999981,195,43.5,3.783024973,143.589626,-587.0215,-1106.9609,31.2,-28.09
18594,883,99.42499925,14.49917986,2.538250029,120.3000031,48,93.54999923,2.047138095,49.03324843,13.72931004,1.110000014,150,72.3000031,6.44271321,237.4532883,371.2119,1542.4922,1.8,-6.5699997
18596,883,100.7250004,15.61752007,1.902750015,74.69999695,33.29999924,71.12500191,10.86086464,463.3641892,48.0525856,0.660000026,236,41.39999771,3.62045762,135.3330985,371.2119,1542.4922,4.8,-9.57
18598,883,99.35000038,15.31586251,1.999500007,75.40000153,32.70000076,73.69999886,13.864151,779.6286469,46.09125519,0.670000017,140,42.70000077,3.998000278,147.3631482,371.2119,1542.4922,7.8,-12.57
18600,883,100.2999992,14.51144293,2.551000059,98.59999847,41.20000076,95.05000114,17.76229429,921.8250733,52.95590973,0.980000019,133,57.39999771,6.507601301,242.4725585,371.2119,1542.4922,10.8,-15.57
18602,883,100.4499989,14.63651984,2.42475003,102.1999969,42.70000076,91.10000039,22.06496096,1527.385742,88.25984192,0.889999986,147,59.49999614,5.879412708,220.8947287,371.2119,1542.4922,13.8,-18.57
18604,883,101.4750004,14.67821253,2.449999988,104.6999969,44.40000153,92.90000153,24.18565083,1652.420502,73.54987335,0.850000024,162,60.29999537,6.002499941,227.6050026,371.2119,1542.4922,16.8,-21.57
18606,883,99.47499845,14.50898973,2.478749991,100.1999969,42.40000153,92.02500153,39.63112354,3209.226074,126.5057755,1.129999995,170,57.79999537,6.144201518,228.1069717,371.2119,1542.4922,19.8,-24.57
18608,883,100.5250015,14.57030217,2.468500018,98.5,45.59999847,92.94999886,46.70416927,3216.581116,138.2737579,1.080000043,250,52.90000153,6.093492339,229.4470739,371.2119,1542.4922,22.8,-27.57
18610,883,98.80000115,14.87441264,2.208249986,88.19999695,43.20000076,81.40000153,51.01909638,5011.197876,147.0997467,1.070000052,240,44.99999619,4.876368001,179.7515522,371.2119,1542.4922,25.8,-30.57
18612,883,98.89999962,14.74197759,2.278750003,88.30000305,45.20000076,84.35000038,57.06244181,3731.430298,150.0417328,0.910000026,330,43.10000229,5.192701576,192.2125636,371.2119,1542.4922,28.8,-33.57
18614,883,98.32499886,15.6886421,1.768749982,72.69999695,34.29999924,64.70000076,47.30482722,3312.195953,164.751709,0.629999995,370,38.39999771,3.128476499,114.4381252,371.2119,1542.4922,31.8,-36.57
18616,883,100.4500008,16.04180252,1.663750023,80.80000305,37.90000153,62.27750015,69.78657246,6371.870728,244.1855774,0.720000029,250,42.90000152,2.768064139,103.6141923,371.2119,1542.4922,34.8,-39.57
18618,883,95.64999962,17.5844249,1.098250002,42,21,38.77499962,31.79806185,2983.673188,263.7988892,0.319999993,1700,21,1.206153067,42.58464341,371.2119,1542.4922,37.8,-42.57
18639,884,100.6500015,15.09268482,2.201749981,72,32.70000076,81.97500038,10.46859837,831.1135711,30.40061378,0.899999976,180,39.29999924,4.847702979,180.4884555,648.13794,1449.9375,8.5,-15.2
18641,884,98.82500076,14.60463731,2.424000025,83.59999847,37.5,88.65000153,12.90800285,1370.479324,31.38127899,1.120000005,100,46.09999847,5.875776121,214.8876059,648.13794,1449.9375,11.5,-18.2
18643,884,99.87499811,14.71990494,2.375250042,91.40000153,39.59999847,88.17499924,16.73259592,1468.545807,45.11058807,1.049999952,106,51.80000306,5.641812762,209.4376706,648.13794,1449.9375,14.5,-21.2
18645,884,101.6499996,14.52615745,2.555249989,99.30000305,41.70000076,97.40000153,22.83723545,1760.293655,72.56920624,1.049999952,155,57.60000229,6.529302506,248.8813528,648.13794,1449.9375,17.5,-24.2
18647,884,99.55000115,14.0184899,2.84224993,111.8000031,44.09999847,106.3499985,29.38317442,3201.871094,73.54987335,1.029999971,163,67.70000463,8.078384665,302.2732758,648.13794,1449.9375,20.5,-27.2
18649,884,99.47499846,14.05037243,2.769249976,109.0999985,44.59999847,104.1000004,33.9677825,4086.921204,76.49186707,1.210000038,175,64.50000003,7.66874543,288.2789236,648.13794,1449.9375,23.5,-30.2
18651,884,99.47500038,14.1705447,2.692000032,103.8000031,44,100.9500008,38.38077545,2998.383179,91.20184326,1.100000024,170,59.8000031,7.246864172,271.7574054,648.13794,1449.9375,26.5,-33.2
18653,884,98.75,14.22449988,2.62924999,100.5999985,43.20000076,97.375,40.74662924,3437.230713,116.6991348,0.930000007,235,57.39999774,6.91295551,256.0232178,648.13794,1449.9375,29.5,-36.2
18655,884,101.2000008,14.68066486,2.419000089,97.09999847,42.59999847,91.77499962,45.19639683,3042.513153,126.5057755,0.819999993,255,54.5,5.851561431,222.0037322,648.13794,1449.9375,32,-38.7
18657,884,97.20000076,14.91855737,2.121749968,65,34.20000076,76.875,54.59852218,4126.147888,148.0804138,0.699999988,525,30.79999924,4.501822927,163.1095288,648.13794,1449.9375,35.5,-42.2
18659,884,99.57500075,15.38698541,1.987749994,74.59999847,35.29999924,73.125,49.18034935,4817.516785,156.9064026,0.810000002,300,39.29999923,3.951150039,145.3542183,648.13794,1449.9375,38.5,-45.2
18662,884,100.375,15.99275257,1.703499973,68.69999695,32,63.375,55.34627915,3731.430237,177.500351,0.75,192,36.69999695,2.901912158,107.9593108,648.13794,1449.9375,41.5,-48.2
18671,885,100.2249985,15.10985253,2.165249944,61.29999924,28.39999962,80.25,3.959434867,215.7462978,20.59396362,0.680000007,320,32.89999962,4.68830732,173.761308,673.14185,1018.54297,1.8,-7.8999996
18673,885,99.57499884,15.70581011,1.815750003,75.80000305,32.40000153,67.04999828,11.00796437,943.8900222,42.16859436,0.810000002,190,43.40000152,3.296948073,121.7460346,673.14185,1018.54297,4.8,-10.9
18675,885,100.1500015,15.12701996,2.136499941,77,34,79.32500267,19.94427347,2027.524811,66.68521881,0.790000021,145,43,4.564631998,169.4778635,673.14185,1018.54297,7.8,-13.9
18677,885,99.67499924,14.69292764,2.438249946,91.80000305,40.09999847,89.45000077,18.16681862,1569.063965,63.74322128,1.059999943,140,51.70000458,5.945062799,218.1014595,673.14185,1018.54297,10.8,-16.9
18679,885,100.8750019,14.47955982,2.565499961,100.3000031,40,96.87499999,28.50057554,1990.749909,72.56920624,1.049999952,190,60.3000031,6.58179005,248.5328087,673.14185,1018.54297,13.8,-19.9
18681,885,100.9249992,14.34712506,2.635249973,102.5999985,41.20000076,100.0749989,37.05687714,3429.875794,90.22117615,1.070000052,150,61.39999774,6.94454242,263.7226381,673.14185,1018.54297,16.8,-22.9
18683,885,98.85000038,13.99887016,2.753749967,110.6999969,48.40000153,103.3500004,34.7890892,3898.143372,91.20184326,1.029999971,160,62.29999537,7.583138881,284.6000602,673.14185,1018.54297,19.8,-25.9
18685,885,101.2250004,14.32259979,2.645750046,107.6999969,45.09999847,101.3250008,48.26097584,4332.087524,136.3124237,1.450000048,140,62.59999843,6.999993306,268.0806255,673.14185,1018.54297,22.8,-28.9
18687,885,99.35000038,13.91058012,2.887250066,113.4000015,45.5,108.5249996,50.82296372,4741.515137,147.0997467,1.320000052,190,67.9000015,8.336212944,313.3388123,673.14185,1018.54297,25.8,-31.9
18689,885,98.74999809,14.48937027,2.407000005,99.69999695,41.70000076,89.52500153,52.93139267,5268.622681,143.1770935,1.029999971,255,57.99999619,5.793649024,215.4866791,673.14185,1018.54297,28.8,-34.899998
18692,885,98.14999962,17.00808736,1.304749996,48.70000076,25.39999962,47.19999981,52.74751855,3380.842529,205.9396362,0.449999988,650,23.30000114,1.702372552,61.58419956,673.14185,1018.54297,31.8,-37.899998
18695,885,100.7999992,15.8848425,1.745999992,71.40000153,33.5,65.52500057,58.77860545,4775.838501,182.4036865,0.800000012,315,37.90000153,3.048515972,114.4066505,673.14185,1018.54297,34.8,-40.899998
18697,885,100.25,15.88729511,1.706,78.90000153,29.39999962,63.99999809,75.27829553,5989.411255,252.030899,0.870000005,150,49.50000191,2.910436,109.1839967,673.14185,1018.54297,37.8,-43.899998
18699,885,99.52500155,16.52739741,1.485249996,53.29999924,28.5,55.14999866,76.06282711,5959.991577,282.4315186,0.430000007,1300,24.79999924,2.205967551,81.91153529,673.14185,1018.54297,40.8,-46.899998
18721,886,100.1750012,16.81188754,1.417000026,93.69999695,39,52.47500038,4.707191766,154.454731,31.38127899,0.870000005,107,54.69999695,2.007889074,74.3570769,1226.9006,432.88672,1.8,-8.95
18723,886,100.0749988,14.15337727,2.721249998,117.0999985,44,103.1500016,9.475675583,583.4956513,27.45862007,1.570000052,108,73.0999985,7.405201552,280.6969416,1226.9006,432.88672,4.8,-11.950001
18725,886,99.74999999,14.4084375,2.529500008,96.90000153,37.20000076,94.82499886,11.85378742,546.7207336,31.38127899,0.99000001,132,59.70000077,6.39837029,239.8598354,1226.9006,432.88672,7.8,-14.950001
18727,886,99.77499963,14.42560493,2.536500037,89.09999847,31.79999924,94.79999924,14.58739138,786.9836579,48.0525856,0.980000019,103,57.29999923,6.433832438,240.4602016,1226.9006,432.88672,10.8,-17.95
18729,886,99.85000036,13.84681478,2.962000012,114.1999969,40.70000076,112.25,20.44686556,1318.994385,56.87856674,1.360000014,110,73.49999614,8.773444071,332.4845013,1226.9006,432.88672,13.8,-20.95
18731,886,100.0500011,13.78305001,3.059999943,122.8000031,49.09999847,115.8250008,25.20676756,2451.662476,77.47253418,1.399999976,145,73.70000463,9.363599651,354.4244958,1226.9006,432.88672,16.8,-23.949999
18733,886,100.4750004,13.76342997,3.045249999,115,43.09999847,116.9249992,33.13421822,2557.083985,85.31785583,1.370000005,130,71.90000153,9.273547556,356.0658537,1226.9006,432.88672,19.8,-26.949999
18735,886,99.05000116,13.60892227,3.047499955,114,46.20000076,116.2749996,39.96209717,4202.149536,106.8924866,1.360000014,140,67.79999924,9.287255976,354.348056,1226.9006,432.88672,22.8,-29.949999
18737,886,100.8000011,13.92529493,2.838749945,115.0999985,47.20000076,110.5500012,42.85505867,4474.283936,128.4671021,0.699999988,1180,67.89999774,8.05850125,313.8238098,1226.9006,432.88672,25.8,-32.95
18740,886,98,17.12090266,1.24000001,40.5,25.29999924,45.125,38.20915842,3020.448181,184.3650208,0.670000017,140,15.20000076,1.537600025,55.95500045,1226.9006,432.88672,28.8,-35.95
18743,886,99.47500039,15.68128484,1.780749977,61,31.60000038,66.32499981,34.60521603,3032.706482,116.6991348,1.080000043,130,29.39999962,3.171070481,118.1082419,1226.9006,432.88672,31.8,-38.95
18745,886,97.79999924,15.75731268,1.773250014,63.59999847,30.20000076,63.77499867,60.62961196,6249.287598,147.0997467,0.620000005,275,33.39999771,3.144415612,113.0890173,1226.9006,432.88672,34.8,-41.95
18747,886,98.00000191,16.32138772,1.530999988,58,31.79999924,55.35000038,62.33351611,5766.310181,207.9009705,0.579999983,317,26.20000076,2.343960963,84.74084992,1226.9006,432.88672,37.8,-44.95
18850,890,86.125,16.30912524,1.261000007,51.40000153,27.5,40.625,86.17593575,7634.476684,441.2992554,0.497999996,590,23.90000153,1.590121018,51.22812528,-107.49951,895.6406,41.8,-38.02
18856,890,97.04999924,17.99399224,1.010749996,41.70000076,32.5,36.20000077,99.29232979,8796.564818,647.2388916,0.342000008,1200,9.20000076,1.021615554,36.58915063,-107.49951,895.6406,58.7,-54.920002
18858,890,92.52499962,17.62611759,1.03549999,43.79999924,27.39999962,35.5,109.2215595,12618.70666,666.8522339,0.409000009,760,16.39999962,1.072260229,36.76024964,-107.49951,895.6406,61.7,-57.920002
18866,891,99.42500115,15.2864326,2.120999932,94.09999847,44.79999924,76.72499848,40.69759655,2444.307465,105.9118195,0.897000015,170,49.29999923,4.498640712,162.7337166,-157.9375,741.60156,12.2,-2.8999996
18869,891,97.97500038,15.23493003,2.114749998,76.40000153,32.09999847,75.44999981,67.9110508,5045.52124,181.4230194,0.83099997,390,44.30000306,4.472167554,159.5578869,-157.9375,741.60156,18.3,-8.999999
18871,891,95.39999962,16.36553274,1.496999979,62.90000153,26.5,52.10000134,48.78808212,3221.484436,122.5831223,0.59799999,320,36.40000153,2.241008937,77.99370091,-157.9375,741.60156,21.2,-11.900001
18873,891,98.92499922,15.05099271,2.177999944,79.80000305,36.09999847,79.375,49.52358055,3508.32898,129.4477844,0.996999979,280,43.70000458,4.743683756,172.8787456,-157.9375,741.60156,27.2,-17.900002
18875,891,96.12499808,14.30052743,2.364500046,92.09999847,42.09999847,86.47500038,49.1558323,5062.682922,171.6163635,0.996999979,215,50,5.590860468,204.4701424,-157.9375,741.60156,33.1,-23.8
18916,893,91.5,17.15769032,1.325333317,101.8000031,43.40000153,45.69999949,20.75740814,1421.964203,90.22117615,0.564999998,122,58.40000157,1.756508401,60.56773191,119.109375,864.71875,12.1,-2.4000006
18918,893,98.02499772,15.29133783,1.957500041,91.40000153,40.5,71.77499962,37.69431019,2885.60669,142.1964264,0.763999999,200,50.90000153,3.831806411,140.4995647,119.109375,864.71875,18.5,-8.8
18922,893,100.1999988,15.01175263,2.150750041,88.19999695,40.20000076,80.80000115,48.1138754,2819.411804,181.4230194,0.663999975,195,47.99999619,4.625725739,173.7806058,119.109375,864.71875,28.9,-19.2
18924,893,97.375,14.39862763,2.422750056,89,38.5,88.44999886,60.0657301,6369.418824,147.0997467,1.062999964,330,50.5,5.869717834,214.2922397,119.109375,864.71875,34.9,-25.2
18926,893,96.89999962,14.65614017,2.229249954,72.09999847,40.59999847,81.02499962,68.15621566,6739.619995,205.9396362,0.930000007,285,31.5,4.969555357,180.6249767,119.109375,864.71875,40.9,-31.2
19014,896,96.20000076,14.45503513,2.397000015,91,42.29999924,85.80000113,27.33603668,2395.27417,76.49186707,0.887000024,134,48.70000076,5.745609072,205.662604,345.3921,94.28906,10.5,-5.27
19016,896,98.875,14.74688253,2.362500012,100.0999985,39.70000076,86.10000038,32.23936129,2667.408661,93.16316986,0.953000009,114,60.39999774,5.581406307,203.4112519,345.3921,94.28906,13.1,-7.8700004
19018,896,99.10000039,15.54639747,1.873999983,85.09999847,36.20000076,68.87499809,44.62025642,4606.673706,119.6411285,0.757000029,210,48.89999771,3.511875936,129.0717452,345.3921,94.28906,16.2,-10.970001
19020,896,98.89999962,16.46363236,1.507750005,64.69999695,33.29999924,54.90000057,49.27841377,4628.738647,151.0223999,0.532000005,310,31.39999771,2.273310078,82.77547613,345.3921,94.28906,19.1,-13.870001
19028,896,98.82499886,14.80574265,2.309500039,102.5999985,45.70000076,84.20000076,65.58196928,7212.79065,178.4810333,1.105999947,220,56.89999774,5.33379043,194.459905,345.3921,94.28906,27,-21.77
19029,896,99.27499962,14.45013019,2.539500058,111,41.5,93.64999962,80.53711319,9257.477418,181.4230194,1.162999988,197,69.5,6.449060545,237.8241795,345.3921,94.28906,30,-24.77
19030,896,99.39999962,14.47710749,2.493000031,109.5999985,39.70000076,92.625,84.09202195,8056.162597,199.0749817,1.335999966,260,69.89999774,6.215049155,230.9141279,345.3921,94.28906,33,-27.77
19031,896,99.00000191,14.47955981,2.50699997,107.1999969,43,92.125,86.29851915,11522.81335,222.6109467,1.38499999,177,64.1999969,6.28504885,230.9573722,345.3921,94.28906,36,-30.77
19032,896,98.67499924,14.50163247,2.448750019,94.59999847,43.59999847,90.15000153,89.24051286,10860.86475,240.2629242,1.218999982,350,51,5.996376656,220.754818,345.3921,94.28906,39,-33.77
19034,896,97.82500076,16.95903741,1.322499991,52.70000076,29,47.59999943,74.1627884,8414.105591,235.3596039,0.605000019,890,23.70000076,1.749006226,62.95099882,345.3921,94.28906,42,-36.77
19065,897,97.75,17.38822537,1.172500014,44.5,28.39999962,42.39999962,43.46797371,1711.260376,227.514267,0.328999996,860,16.10000038,1.374756283,49.71400015,647.25635,-706.98047,22.9,-17.42
19068,897,98.65000153,14.9528928,2.098749995,95.80000305,45,78.35000038,50.79844569,4606.673645,140.2350922,0.947000027,140,50.80000305,4.404751542,164.4370629,647.25635,-706.98047,26.5,-21.02
19070,897,96.92500114,14.29562278,2.487500012,101.6999969,49.5,90.29999733,50.03843118,3344.067749,169.6550446,1.162999988,138,52.1999969,6.18765631,224.6212444,647.25635,-706.98047,29.5,-24.02
19072,897,98.07499886,14.50898973,2.325749993,97.40000153,45.20000076,86.45000076,28.45154238,1618.09729,205.9396362,1.192999959,148,52.20000077,5.40911303,201.0610887,647.25635,-706.98047,32.5,-27.02
19074,897,98.17499924,14.29317017,2.430750012,104,50.59999847,91.375,68.04588985,7722.736572,238.30159,1.488000035,124,53.40000153,5.908545621,222.1097823,647.25635,-706.98047,35.5,-30.02
19076,897,97.40000153,14.09451745,2.546750009,106.5,46.20000076,94.87499809,80.2919464,8835.791748,253.0115509,1.472000003,125,60.29999924,6.485935608,241.6229022,647.25635,-706.98047,38.5,-33.02
19078,897,97.97500038,14.31278991,2.448500037,103,47.40000153,91.15000153,79.67902946,8347.9104,274.5861816,1.332000017,127,55.59999847,5.995152431,223.1807821,647.25635,-706.98047,41.5,-36.02
19116,898,97.97499847,16.30421971,1.524500013,57.40000153,32.20000076,55.32499981,40.57501316,4533.12384,112.7764664,0.708000004,300,25.20000077,2.32410029,84.34296293,672.42896,-737.8047,20.2,-15.620001
19118,898,92.17500115,17.83212728,1.000500008,37.40000153,28.70000076,34.12499952,41.06534434,3584.330566,156.9064026,0.508000016,360,8.70000077,1.001000266,34.14206229,672.42896,-737.8047,23.3,-18.72
19121,898,98.625,14.41579505,2.485249996,103,40.79999924,91.79999924,61.78189089,6867.106446,156.9064026,1.225999951,160,62.20000076,6.176467543,228.1459477,672.42896,-737.8047,26.3,-21.72
19123,898,98.10000038,14.27600245,2.570499957,109.4000015,46,94.29999924,69.50463104,7244.662598,169.6550446,1.218999982,280,63.4000015,6.607470029,242.398144,672.42896,-737.8047,29.3,-24.72
19125,898,98.25,14.19506997,2.591000021,111.1999969,44.90000153,96,72.20145798,7433.440552,186.3263397,1.271999955,190,66.29999537,6.713281109,248.736002,672.42896,-737.8047,32.3,-27.72
19127,898,98.35000038,14.1852598,2.604749978,111.5,43.79999924,96.62500191,80.2919426,9191.28247,202.9976501,1.309000015,340,67.70000076,6.784722448,251.6839716,672.42896,-737.8047,35.3,-30.72
19129,898,98.35000038,14.24902515,2.515000045,104.0999985,42.79999924,94.02499962,90.46634293,9534.515137,245.1662445,1.302000046,170,61.29999926,6.325225226,236.4728783,672.42896,-737.8047,38.3,-33.72
19132,898,96.42500114,16.00011012,1.622249991,68,31,57.75,89.48567963,9735.551269,259.8762207,0.874000013,340,37,2.631695033,93.68493698,672.42896,-737.8047,41.3,-36.72
19175,899,96.77500153,16.73586,1.321999967,59.5,34.20000076,47.69999981,42.27891827,2922.381653,151.0223999,0.467999995,700,25.29999924,1.747683913,63.05939817,697.58887,-799.4414,21.2,-16.67
19177,899,97.64999962,16.77509979,1.351499975,59.79999924,34.29999924,48.85000038,42.34020996,2716.442078,152.003067,0.522000015,410,25.5,1.826552182,66.02077429,697.58887,-799.4414,24.2,-19.67
19179,899,99.47499848,14.41088982,2.451250017,105.6999969,41.59999847,92.72500038,70.48529625,8249.844117,150.0417328,1.202999949,178,64.09999843,6.008626646,227.2921588,697.58887,-799.4414,27.2,-22.67
19181,899,98.35000229,14.33240995,2.476999998,109.6999969,42.79999924,92.17499924,55.22369671,4692.481873,189.2683411,1.322000027,142,66.89999766,6.13552899,228.3174729,697.58887,-799.4414,30.1,-25.57
19183,899,99.14999962,14.28826494,2.523750007,112.9000015,51.20000076,95.125,69.93367099,6335.095825,223.5916138,1.335999966,154,61.70000074,6.369314098,240.0717194,697.58887,-799.4414,33.2,-28.67
19185,899,99.32500267,14.30298004,2.494499982,113.8000031,48.70000076,94.49999809,69.07559014,7183.371094,235.3596039,1.424999952,122,65.10000234,6.22253016,235.7302435,697.58887,-799.4414,36.2,-31.67
19187,899,99.60000038,14.58501756,2.351749957,104.5,49.5,88.72500038,78.75965309,9916.974611,237.3209381,1.394999981,122,55,5.53072786,208.6590158,697.58887,-799.4414,39.2,-34.670002
19229,900,97.85000229,16.19876225,1.574749976,58.5,31.79999924,56.84999943,42.53634262,3871.175049,127.4864426,0.568000019,340,26.70000076,2.479837487,89.52453524,722.7617,-830.2617,20.5,-14.83
19231,900,97.75,15.93634477,1.671499997,64.40000153,31,60.42500115,43.88475704,3773.108521,124.5444489,0.663999975,470,33.40000153,2.79391224,101.0003892,722.7617,-830.2617,23.6,-17.93
19233,900,99.375,15.48508502,1.895249963,80.69999695,38.5,70.12500191,53.20107556,4300.215942,137.2930908,0.833999991,330,42.19999695,3.591972422,132.9044073,722.7617,-830.2617,26.6,-20.93
19235,900,99.04999924,14.44767758,2.500999987,104.1999969,42.90000153,92.57500076,58.22698309,3341.616028,150.0417328,1.225999951,195,61.29999537,6.255000935,231.5300757,722.7617,-830.2617,29.6,-23.93
19237,900,99.25,14.101875,2.736000002,120.0999985,48.5,102.2749996,68.03363228,5893.796448,189.2683411,1.338999987,187,71.5999985,7.485696011,279.8243991,722.7617,-830.2617,32.6,-26.929998
19239,900,98.97500229,14.16809267,2.605499983,117.3000031,46.79999924,98.12499999,81.5177784,8593.077027,183.3843536,1.394999981,225,70.50000386,6.788630161,255.6646858,722.7617,-830.2617,35.6,-29.929998
19241,900,99.17499924,14.30298004,2.514750004,116.9000015,44.59999847,94.82500076,80.65969468,8195.907593,220.6496277,1.39199996,400,72.30000303,6.323967583,238.461171,722.7617,-830.2617,38.6,-32.93
19243,900,98.97499847,14.28581262,2.504750073,106.5,46.40000153,94.44999886,90.46634293,8825.984619,235.3596039,1.123000026,145,60.09999847,6.273772928,236.5736415,722.7617,-830.2617,41.6,-35.93
19363,903,96.52499962,18.25641001,0.9595,35.5,23.70000076,34.07500029,25.35018969,1056.666534,608.0122681,0.200000003,1350,11.79999924,0.92064025,32.69496278,118.86426,340.89453,16.8,-6.909999
19366,903,95.125,17.59914,1.089750022,45.70000076,25.10000038,38.22500038,45.34349633,3290.131104,196.1329956,0.365999997,1050,20.60000038,1.18755511,41.65569501,118.86426,340.89453,20.9,-11.009999
19368,903,97.30000115,16.63040254,1.417250008,69.80000305,33.09999847,50.95000076,71.83370971,6303.224243,237.3209381,0.52700001,176,36.70000458,2.008597585,72.20888898,118.86426,340.89453,24,-14.11
19370,903,99,16.37289029,1.487000018,83,37.90000153,54.94999981,88.87276269,6680.780274,308.9094849,0.601999998,229,45.09999847,2.211169054,81.71065071,118.86426,340.89453,27,-17.11
19371,903,98.47499847,15.24228729,1.984750003,88.5,39.79999924,72.95000076,66.68521881,6339.999268,127.4864426,0.823000014,223,48.70000076,3.939232574,144.7875142,118.86426,340.89453,28.8,-18.91
19372,903,99.25,14.61199487,2.409250021,95.59999847,42.79999924,89.30000115,52.95591068,5481.917175,127.4864426,0.810000002,178,52.79999923,5.804485664,215.1460296,118.86426,340.89453,31.9,-22.009998
19375,903,99.375,14.57275508,2.391250014,100.5,46.09999847,89.30000115,63.74322415,5550.563721,201.0363159,1.164999962,144,54.40000153,5.718076629,213.538629,118.86426,340.89453,34.8,-24.91
19376,903,99.39999962,14.62916258,2.361749947,98.5,44,88.14999962,70.97562789,6805.814941,196.1329956,1.274999976,125,54.5,5.577862812,208.1882569,118.86426,340.89453,37.8,-27.91
19377,903,99.75,14.58256495,2.387249947,90.5,39.09999847,89.97500038,60.43347836,6004.121155,245.1662445,1.110000014,227,51.40000153,5.698962309,214.7928149,118.86426,340.89453,40.8,-30.91
19971,915,94.15000153,15.72297753,1.67475003,91.19999695,40.20000076,58.92500019,29.05220032,2843.928528,78.45320129,0.606000006,130,50.99999619,2.804787663,98.68464584,269.84473,94.32031,14.9,-4.87
19974,915,98.45000077,15.09023249,2.091750026,64.19999695,29.5,76.32499886,27.87540293,2557.083923,83.35652924,0.791999996,113,34.69999695,4.375418171,159.6528183,269.84473,94.32031,17.9,-7.87
19976,915,98.34999848,16.42194025,1.482000023,66,27.20000076,54.02499962,40.88147259,3846.658447,141.2157593,0.519999981,260,38.79999924,2.196324068,80.06505068,269.84473,94.32031,20.9,-10.87
19978,915,99.27500153,16.33855486,1.475000024,63.79999924,29.10000038,55.17500019,46.0299635,3851.561646,203.978302,0.483999997,350,34.69999886,2.175625071,81.3831266,269.84473,94.32031,23.9,-13.87
19982,915,97.52499962,17.05468499,1.298749969,70.69999695,30.79999924,46.84999943,60.42122269,4844.484985,237.3209381,0.961000025,93,39.89999771,1.686751482,60.84643531,269.84473,94.32031,26.9,-16.869999
19986,915,98.75,15.12211502,2.009750038,93.30000305,38.70000076,74.80000115,60.10250471,3569.620423,230.4562531,0.874000013,143,54.60000229,4.039095215,150.3293052,269.84473,94.32031,31.4,-21.369999
19992,915,97.05000115,16.46853758,1.407249988,62.20000076,26.5,51.125,66.6974764,5756.503418,283.4122009,0.67900002,340,35.70000076,1.980352529,71.94565564,269.84473,94.32031,46.3,-36.27
20269,920,98.39999962,14.97496487,2.003749967,99.80000305,34.09999847,75.47499848,55.8733883,4425.250855,244.1855774,0.952000022,145,65.70000458,4.01501393,151.2330257,320.1548,-28.953125,30.5,-20.15
20270,920,98.22500038,14.65368785,2.295000017,99,34.70000076,84.47500038,56.19210244,4251.182739,187.3070068,1.123000026,164,64.29999924,5.267025078,193.8701273,320.1548,-28.953125,33.5,-23.15
20271,920,99.10000038,14.35202971,2.46875,112.8000031,34.09999847,93.09999847,66.03552819,6413.549072,201.0363159,1.254999995,140,78.70000463,6.094726563,229.8406212,320.1548,-28.953125,36.5,-26.15
20272,920,99.42499924,14.45748716,2.35650003,111.8000031,42.90000153,89.97500038,66.34198474,5136.23291,231.4369202,1.241999984,135,68.90000157,5.553092391,212.0260911,320.1548,-28.953125,39.5,-29.15
20273,920,99.125,14.39617501,2.484499991,105.4000015,38.09999847,92.875,66.83231545,6138.963013,261.8375549,1.363999963,140,67.30000303,6.172740205,230.7479367,320.1548,-28.953125,42.5,-32.15
20274,920,99.54999924,14.45994036,2.351250053,100.3000031,42.40000153,90.04999924,75.58475305,7141.692505,559.9597168,1.398000002,142,57.90000157,5.528376812,211.7300655,320.1548,-28.953125,45.5,-35.15
20452,923,97.85000038,17.26314758,1.231249988,64.09999847,27.5,44.27499962,95.82322501,7533.958862,305.9674683,0.493000001,160,36.59999847,1.515976533,54.51359275,345.31055,-90.58984,24,-13.65
20454,923,97.17500115,15.49734751,1.785249978,97.80000305,35.90000153,65.07499886,81.55455398,10272.46557,260.8569031,0.759000003,135,61.90000152,3.187117484,116.1751403,345.31055,-90.58984,26.7,-16.35
20457,923,97.77499771,16.51022998,1.45024997,65.30000305,26.29999924,52.39999962,66.62392809,6580.261963,232.4175873,0.652999997,180,39.00000381,2.103224975,75.99309788,345.31055,-90.58984,29,-18.65
20458,923,99.42500115,14.96025006,2.131749988,92.19999695,39,79.79999924,58.22698213,4648.352112,182.4036865,0.943000019,120,53.19999695,4.544358011,170.1136474,345.31055,-90.58984,32,-21.65
20459,923,98.27499962,14.60954254,2.352500022,104.0999985,45.29999924,86.27499962,64.51549721,5111.716187,192.2103424,1.120000005,185,58.79999926,5.534256354,202.9619385,345.31055,-90.58984,35,-24.65
20460,923,99.57500076,14.53596761,2.409000039,106,40.59999847,90.45000077,75.71959686,7685.961548,208.8816528,1.376999974,113,65.40000153,5.803281188,217.8940554,345.31055,-90.58984,38,-27.65
20462,923,98.97500038,14.22940511,2.563749969,111.4000015,39.20000076,96.40000153,79.45837975,9093.215944,211.8236389,1.358999968,120,72.20000074,6.572813904,247.1455009,345.31055,-90.58984,41,-30.65
20463,923,99.35000038,14.38636513,2.484499991,102.5999985,34.79999924,93.47500038,70.38722801,8720.563111,282.4315186,1.302999973,137,67.79999926,6.172740205,232.2386376,345.31055,-90.58984,44,-33.65
20464,923,98.47499848,14.89157977,2.090499997,96.59999847,32.90000153,78.19999886,86.64174842,10402.40393,294.1994934,1.241999984,180,63.69999694,4.370190237,163.4770974,345.31055,-90.58984,47,-36.65
21344,957,98.79999924,17.8223174,1.057249993,43.29999924,23.70000076,38.80000019,20.49589872,777.1770019,70.60787964,0.610000014,220,19.59999848,1.117777548,41.02129993,1251.4517,-1415.9062,12.4,-5.99
21350,957,100.1499996,16.12028238,1.62924999,61.59999847,29.10000038,60.69999885,30.4251318,2145.204682,142.1964264,0.550000012,477,32.49999809,2.65445553,98.89547252,1251.4517,-1415.9062,21.2,-14.790001
21352,957,100.2999992,15.36245985,1.992249996,64.30000305,33,74.32500076,22.49400282,1439.125855,91.20184326,0.810000002,179,31.30000305,3.969060047,148.0739825,1251.4517,-1415.9062,24.2,-17.79
21353,957,98.32500076,14.89648471,2.163999975,73.40000153,33.29999924,79.52499962,21.66043854,1625.452179,128.4671021,0.930000007,181,40.10000229,4.682895892,172.0920972,1251.4517,-1415.9062,25.7,-19.29
21354,957,99.6499996,15.13683013,2.132499993,67.90000153,32.20000076,78.47500038,20.0300827,1515.12738,86.29851532,0.689999998,148,35.70000077,4.54755622,167.3479378,1251.4517,-1415.9062,27.2,-20.79
21356,957,100.7500019,14.08225525,2.804250062,100.8000031,36.79999924,107.2250004,24.14887524,3912.853272,80.41452789,1.350000024,96.19999695,64.00000386,7.86381841,300.685714,1251.4517,-1415.9062,30.2,-23.79
21357,957,100.5750008,14.0454675,2.806500077,94.19999695,44.09999847,107.4999981,29.19929981,3773.10852,78.45320129,1.299999952,82.69999695,50.09999848,7.876442682,301.6987529,1251.4517,-1415.9062,31.7,-25.29
21358,957,100.1749973,13.92774755,2.881500006,84.80000305,42,110.0499992,27.5444274,2895.41333,85.31785583,1.299999952,72.80000305,42.80000305,8.303042285,317.1090734,1251.4517,-1415.9062,33.2,-26.79
21360,957,99.25,13.85417262,2.879999995,92,43.79999924,109.0249996,34.59295607,2750.765289,106.8924866,1.190000057,90.59999847,48.20000076,8.294399971,313.9919983,1251.4517,-1415.9062,36.2,-29.79
21361,957,99.79999924,13.88605515,2.886250019,89.09999847,42.09999847,109.9750004,34.10262489,3150.386291,127.4864426,1.169999957,85.09999847,47,8.330439172,317.415347,1251.4517,-1415.9062,37.7,-31.29
21362,957,100.2500019,13.99887016,2.801500023,76.30000305,38.79999924,107.4500008,38.56465054,5410.819092,137.2930908,1.350000024,81.90000153,37.50000381,7.848402379,301.0211797,1251.4517,-1415.9062,39.2,-32.79
21364,957,99.82500076,14.14356769,2.725000024,75.59999847,40.09999847,102.6000004,37.11816978,3827.045044,169.6550446,1.00999999,97.09999847,35.5,7.425625131,279.5850036,1251.4517,-1415.9062,42.2,-35.79
21366,957,99.97499845,15.22511986,2.003000021,56.20000076,29.5,75.625,48.1016159,5977.152832,152.003067,0.829999983,131,26.70000076,4.012009084,151.4768766,1251.4517,-1415.9062,43.7,-37.29
21375,958,98.04999924,14.28581262,2.660999954,91.5,45,95.87499999,4.155567885,437.1314163,12.74864388,0.910000026,89.19999695,46.5,7.080920755,255.1233706,1276.6597,-1354.2891,11.7,-6.2999997
21376,958,99.44999886,15.00194217,2.212749958,83.69999695,36.09999847,81.09999848,12.41767025,1210.140564,42.16859436,0.829999983,113,47.59999848,4.896262377,179.4540182,1276.6597,-1354.2891,13.2,-7.7999997
21378,958,99.125,14.45503484,2.530250073,92.30000305,42.79999924,93.125,26.87022019,3084.436463,80.41452789,1.149999976,81.80000305,49.50000381,6.402165432,235.629538,1276.6597,-1354.2891,14.7,-9.299999
21381,958,99.45000077,15.80881495,1.809249967,67.5,36.5,65.94999886,19.88298249,1612.213196,103.9504852,0.660000026,286,31,3.273385443,119.3200333,1276.6597,-1354.2891,16.2,-10.800001
21383,958,98.125,16.27969502,1.54549998,61.40000153,28.60000038,56.25,37.22849464,3007.209137,109.8344803,0.540000021,419,32.80000115,2.388570188,86.93437388,1276.6597,-1354.2891,17.7,-12.300001
21384,958,94.75,16.03444497,1.575250029,67.69999695,33.5,55.05000019,25.54632282,1848.063172,84.33718872,0.579999983,427,34.19999695,2.481412654,86.7175144,1276.6597,-1354.2891,19.2,-13.800001
21386,958,97.67499924,15.10249499,2.045000017,84.40000153,34.79999924,74.2499981,31.699996,3122.927674,101.0084915,0.819999993,231,49.60000229,4.18202507,151.8412474,1276.6597,-1354.2891,20.7,-15.300001
21387,958,97.17499924,15.23983497,1.981750011,75.69999695,33.40000153,71.17499924,26.25730419,2328.098663,96.1051712,0.689999998,269,42.29999542,3.927333106,141.0510555,1276.6597,-1354.2891,22.2,-16.800001
21388,958,99.35000038,15.45074988,1.94600004,77.09999847,35.59999847,71.55000114,33.37938357,3468.367004,93.16316986,0.860000014,160,41.5,3.786916156,139.2363051,1276.6597,-1354.2891,23.7,-18.300001
21389,958,99.95000076,15.32076745,2.051250011,80.80000305,36.5,75.65000153,33.52648306,3469.102478,93.16316986,0.899999976,169,44.30000305,4.207626608,155.1770665,1276.6597,-1354.2891,25.2,-19.800001
21390,958,99.64999961,14.87196002,2.309249997,82.5,38.79999924,84.80000115,33.17099285,4404.166321,90.22117615,0.939999998,79.19999695,43.70000076,5.332635549,195.8244024,1276.6597,-1354.2891,26.7,-21.300001
21391,958,100.4749985,14.18035516,2.78974998,98.80000305,48.59999847,104.7749996,35.40200615,4926.370484,82.37585449,1.25999999,79.69999695,50.20000458,7.782704951,292.296053,1276.6597,-1354.2891,28.2,-22.800001
21392,958,100.3249989,14.19016503,2.768750012,100.5,47.59999847,103.875,41.04082966,5252.441529,93.16316986,1.330000043,74.90000153,52.90000153,7.665976629,287.6039075,1276.6597,-1354.2891,29.7,-24.300001
21393,958,99.07500076,13.91303215,2.885749996,102.5999985,48.79999924,107.8499985,37.70656872,4433.34137,100.0278244,1.409999967,137,53.79999926,8.327553039,311.2281327,1276.6597,-1354.2891,31.2,-25.800001
21394,958,98.875,13.92774784,2.89774996,105.5999985,46.90000153,107.4000016,42.18085289,4501.00708,107.8731537,1.440000057,86.69999695,58.69999697,8.396954831,311.2183503,1276.6597,-1354.2891,32.7,-27.300001
21395,958,99.45000076,14.00132277,2.888249993,96.69999695,46.79999924,107.625,43.05119419,4100.895752,117.6798019,1.169999957,107,49.89999771,8.341988022,310.8479055,1276.6597,-1354.2891,34.2,-28.800001
21396,958,98.90000152,14.00868003,2.791249931,102.9000015,45.79999924,104.0500012,49.81778145,5586.358032,132.3897705,1.279999971,73.90000153,57.10000226,7.791076177,290.4295587,1276.6597,-1354.2891,35.7,-30.300001
21397,958,99.30000114,14.06263521,2.747500003,100.9000015,44.29999924,103.2249985,51.58297824,6233.106812,139.254425,1.679999948,66.09999847,56.60000226,7.548756266,283.6106837,1276.6597,-1354.2891,37.2,-31.800001
21398,958,100.2250004,14.22204756,2.611750007,94.69999695,44.59999847,99.97499848,59.46507358,7391.271973,147.0997467,1.25999999,72.19999695,50.09999848,6.821238099,261.109703,1276.6597,-1354.2891,38.7,-33.3
21399,958,100.5750008,14.32014747,2.584749937,96,45.40000153,98.72500038,63.68193149,7736.710938,156.9064026,1.360000014,85.80000305,50.59999847,6.680932237,255.1794385,1276.6597,-1354.2891,40.2,-34.8
21400,958,99.67499924,14.93572479,2.141500026,86.69999695,37.20000076,80.72500038,73.611166,8596.999268,156.9064026,0.949999988,92,49.49999619,4.586022361,172.8725904,1276.6597,-1354.2891,41.7,-36.3
21402,958,97.47500038,17.38577247,1.203000009,41.5,24.39999962,42.94999981,45.1596241,3330.583405,222.6109467,0.360000014,911,17.10000038,1.447209022,51.66885016,1276.6597,-1354.2891,43.2,-37.8
21445,959,99.25000001,15.71561969,1.83950001,69.90000153,40.09999847,67.14999962,36.07621288,2898.355347,117.6798019,0.839999974,169,29.80000306,3.383760287,123.522425,1301.8359,-1385.1094,23.1,-17.86
21446,959,100.1499996,15.18097485,2.125250042,78,37.90000153,78.64999962,27.17667914,2130.249512,98.0664978,0.949999988,156,40.09999847,4.516687741,167.150915,1301.8359,-1385.1094,24.6,-19.36
21447,959,99.60000039,15.30605264,2.043749958,74.80000305,37.5,75.02499962,22.84949446,1544.302124,89.24051666,0.639999986,180,37.30000305,4.176913891,153.3323398,1301.8359,-1385.1094,26.1,-20.86
21448,959,100.1499996,14.34712477,2.672999978,96.80000305,43.79999924,99.42499923,24.29597569,2442.836426,87.27918243,1.159999967,95.69999695,53.00000381,7.144928882,265.7630208,1301.8359,-1385.1094,27.6,-22.36
21449,959,100.2000008,13.93755742,2.969500005,103.5,47.09999847,111.7000008,29.95931625,3297.731079,82.37585449,1.409999967,98.40000153,56.40000153,8.81793028,331.6931529,1301.8359,-1385.1094,29.1,-23.86
21450,959,100.8250008,14.02829978,2.936250031,103.9000015,44.79999924,110.9749985,30.79287958,3596.343506,84.33718872,1.370000005,70,59.10000226,8.621564245,325.8503428,1301.8359,-1385.1094,30.6,-25.36
21451,959,100.5749989,13.94491497,2.997500062,99.5,46.40000153,113.0500011,35.61039639,3998.906739,95.12450409,1.279999971,70.09999847,53.09999847,8.985006622,338.8673853,1301.8359,-1385.1094,32.1,-26.859999
21452,959,99.79999924,13.80021744,3.054500043,105.9000015,47.20000076,114.7999993,41.49438667,4844.484985,102.9698181,1.289999962,90.5,58.70000074,9.329970513,350.6566028,1301.8359,-1385.1094,33.6,-28.359999
21453,959,99.67500116,13.84191013,2.957500041,105.3000031,48.79999924,111.8249989,44.32605743,4839.091431,115.7184601,1.5,75,56.50000386,8.746806493,330.7224388,1301.8359,-1385.1094,35.1,-29.859999
21454,959,100.3499985,14.03320472,2.820249975,105.5999985,48.90000153,107.3749981,48.75130749,6470.182495,144.1577606,1.360000014,78.09999847,56.69999697,7.953809921,302.8243357,1301.8359,-1385.1094,36.6,-31.359999
21455,959,100.25,14.04792011,2.826999963,95.40000153,47.79999924,107.0999985,52.87500668,6314.991944,146.1190796,1.590000033,73.19999695,47.60000229,7.991928791,302.7716918,1301.8359,-1385.1094,38.1,-32.86
21456,959,100.2250004,14.18035487,2.738749981,99.80000305,43.5,103.2999992,54.68433095,7061.768433,147.0997467,1.429999948,69.19999695,56.30000305,7.500751458,282.9128708,1301.8359,-1385.1094,39.6,-34.36
21457,959,100.2749996,14.50163276,2.492749989,90.19999695,41.90000153,93.90000153,60.17605305,8445.977295,152.003067,1.279999971,62.90000153,48.29999542,6.213802508,234.0692278,1301.8359,-1385.1094,41.1,-35.86
21459,959,99.9750023,16.75793266,1.434749991,55.79999924,32.5,52.72500038,50.44295311,4253.879273,192.2103424,0.439999998,308,23.29999924,2.058507537,75.64719382,1301.8359,-1385.1094,42.6,-37.36
21475,959,99.02499963,16.49306227,1.489250005,59.29999924,33.20000076,54.42500115,99.39039803,10225.8844,431.4926147,0.540000021,494,26.09999848,2.217865577,81.05243323,1301.8359,-1385.1094,68.4,-63.160004
21479,959,99.12499809,17.81495985,1.086999983,42.5,28.89999962,39.72500038,103.2762833,9321.220703,549.1723633,0.409999996,798,13.60000038,1.181568963,43.18107474,1301.8359,-1385.1094,71.4,-66.16
21481,959,98.72500038,18.09209244,1.003749982,36.5,27.70000076,36.72500038,104.992445,9605.613281,394.2273254,0.379999995,921,8.79999924,1.007514026,36.86271847,1301.8359,-1385.1094,74.3,-69.060005
21482,959,99,17.95720506,1.013500005,33,24.10000038,37.40000057,101.0084915,7994.871094,872.7918091,0.340000004,2170,8.89999962,1.02718226,37.90490076,1301.8359,-1385.1094,75.9,-70.66
21483,959,99.29999924,17.37105765,1.20874998,46,28.5,44.30000019,117.5572148,10338.6604,534.4624023,0.460000008,873,17.5,1.461076514,53.54762434,1301.8359,-1385.1094,79,-73.76
21484,959,98.49999809,17.85665225,1.072749987,39.20000076,27.70000076,38.97499943,110.0183525,8566.108521,902.211731,0.449999988,204,11.5,1.150792535,41.81043013,1301.8359,-1385.1094,80.4,-75.16
21512,960,99.24999999,15.72788247,1.803499997,78.30000305,35.90000153,66.19999886,63.0690174,4815.064941,235.3596039,0.720000029,224,42.40000152,3.252612239,119.3916977,1327.0125,-1415.9336,28.1,-18.98
21513,960,98.69999886,15.2986948,2.00850001,80.09999847,39,73.27500153,38.2091589,2383.01593,191.2296753,0.720000029,205,41.09999847,4.03407229,147.1728413,1327.0125,-1415.9336,29.6,-20.48
21514,960,99.67499923,15.09759004,2.143000007,89.40000153,42.59999847,79.14999962,30.47416544,1990.749893,111.7958069,0.870000005,68.5,46.80000306,4.59244903,169.6184497,1327.0125,-1415.9336,31.1,-21.98
21515,960,99.94999888,13.99151231,2.977499962,119.5,53.40000153,110.3750019,24.34500885,2557.083954,74.53054047,1.24000001,83.09999847,66.09999847,8.865506024,328.641564,1327.0125,-1415.9336,32.6,-23.48
21516,960,100.3750019,13.99151231,2.976499975,114.9000015,52.29999924,111.3500004,25.25212288,2508.050781,81.39519501,1.200000048,70.90000153,62.60000226,8.859552101,331.4332734,1327.0125,-1415.9336,34.1,-24.98
21517,960,99.60000037,13.77324014,3.129500032,120.3000031,52.79999924,116.4499989,24.79856539,2383.0159,80.41452789,1.330000043,110,67.50000386,9.79377045,364.4302753,1327.0125,-1415.9336,35.6,-26.48
21518,960,100.125,13.80021744,3.114500046,115.5999985,49.40000153,116.8249989,27.51991129,2623.278809,91.20184326,1.409999967,80.30000305,66.19999697,9.700110537,363.8514644,1327.0125,-1415.9336,37.1,-27.98
21519,960,100.0249996,13.97189227,2.935749948,113.0999985,54.5,110.1500015,34.3845644,3596.588684,103.9504852,1.350000024,94.59999847,58.5999985,8.618627757,323.3728612,1327.0125,-1415.9336,38.6,-29.48
21520,960,99.95000077,13.91548536,2.984499991,120.5999985,52.5,111.8249989,26.46569586,2240.819458,107.8731537,1.389999986,85.69999695,68.0999985,8.907240196,333.7417082,1327.0125,-1415.9336,40.1,-30.98
21521,960,100.3250008,13.94491497,2.987499952,115.3000031,48.70000076,112.2999992,39.55757237,5045.521363,132.3897705,1.720000029,69.09999847,66.60000234,8.925155963,335.4962422,1327.0125,-1415.9336,41.6,-32.48
21522,960,98.89999962,13.94246236,2.889500022,109.4000015,54.59999847,107.0250015,42.6957016,4520.865479,132.3897705,1.269999981,90.90000153,54.80000303,8.349210377,309.2487442,1327.0125,-1415.9336,43.1,-33.98
21523,960,100.3500023,14.15092495,2.800249994,106.4000015,44.70000076,105.2499981,43.60281754,4731.708618,137.2930908,1.190000057,80.09999847,61.70000074,7.841400029,294.7263065,1327.0125,-1415.9336,44.6,-35.48
21525,960,98.69999886,14.86460247,2.333250016,85,41.40000153,84,49.13131524,6141.414307,147.0997467,0.949999988,103,43.59999847,5.444055637,195.9930013,1327.0125,-1415.9336,46.1,-36.98
21576,961,100.2750015,15.48018009,1.988999993,70.19999695,35.5,73.27499962,26.47795391,1951.523285,154.9450684,1.129999995,172,34.69999695,3.956120972,145.7439737,1352.2197,-1354.3164,25.7,-20.37
21578,961,100.7249985,14.11168487,2.891250014,85.30000305,43.90000153,108.4750004,17.55390286,2493.340668,96.1051712,1.049999952,93.59999847,41.40000152,8.359326643,313.6283464,1352.2197,-1354.3164,28.7,-23.37
21579,961,100.500002,13.93265249,2.956999958,99.59999847,41.79999924,112.25,17.90939402,2125.591309,88.25984192,1.139999986,87.90000153,57.79999923,8.743848752,331.9232453,1352.2197,-1354.3164,30.2,-24.87
21581,961,100.7749996,13.98415505,2.898750007,96,46.59999847,110.8000012,31.98193598,3380.842529,109.8344803,1.409999967,70.80000305,49.40000153,8.402751603,321.1815043,1352.2197,-1354.3164,33.2,-27.87
21583,961,100.3249989,14.03810995,2.959999979,86.30000305,46.09999847,110.1499996,31.25869656,2476.179016,135.3317719,1.399999976,78.30000305,40.20000458,8.761599876,326.0439965,1352.2197,-1354.3164,36.2,-30.87
21584,961,100.2250004,14.1165901,2.85074997,84.80000305,38.79999924,106.4499989,43.88475609,4690.030334,129.4477844,1.389999986,95.09999847,46.00000381,8.126775391,303.4623312,1352.2197,-1354.3164,37.7,-32.370003
21586,961,100.8000012,14.24166731,2.706499994,77.69999695,41.40000153,102.8250027,48.51840019,4893.518189,156.9064026,1.210000038,88.5,36.29999542,7.325142218,278.2958692,1352.2197,-1354.3164,40.7,-35.370003
21587,961,100.2000008,14.56049259,2.436999977,75.09999847,38.5,91.79999924,49.70745658,4971.971497,149.0610809,1.059999943,81.59999847,36.59999847,5.938968888,223.716596,1352.2197,-1354.3164,42.2,-36.870003
21647,962,98.82499886,15.92898751,1.704750031,81.59999847,38.5,62.25,100.4446087,14016.15418,279.489502,0.810000002,134,43.09999847,2.906172668,106.1206894,1377.4265,-1292.6953,33.5,-23.89
21648,962,99.57500268,16.09575741,1.649499983,95.40000153,42,60.75,69.18591309,7077.949462,290.276825,0.839999974,132,53.40000153,2.720850194,100.207124,1377.4265,-1292.6953,34.7,-25.09
21649,962,99.75,14.95044018,2.24000001,107.1999969,45.70000076,82.64999962,87.78177644,12724.12817,272.6248474,1.029999971,85.30000305,61.49999614,5.017600045,185.136,1377.4265,-1292.6953,36.5,-26.89
21650,962,100.1499996,14.82781501,2.27974999,105.1999969,45.09999847,85.42500115,92.81994056,13361.5603,259.8762207,1.070000052,97,60.09999843,5.197260017,194.7476455,1377.4265,-1292.6953,38,-28.39
21651,962,100.25,14.68802241,2.359499991,105.9000015,46,88.82500076,92.94252395,12773.16113,284.3928528,1.090000033,78.30000305,59.9000015,5.567240208,209.5825885,1377.4265,-1292.6953,39.5,-29.89
21652,962,100,14.72480987,2.308999956,107.1999969,49.5,86.97500038,91.32442665,10860.8645,258.8955688,1.139999986,104,57.6999969,5.331480797,200.8252721,1377.4265,-1292.6953,41,-31.39
21653,962,100.0000019,14.39862763,2.526500046,103.6999969,46.29999924,95.34999848,85.90625191,12822.19458,236.340271,1.100000024,77.19999695,57.39999766,6.383202482,240.9017755,1377.4265,-1292.6953,42.5,-32.89
21654,962,100.1000004,14.41088982,2.525250018,97,44.70000076,95.375,74.4202156,10363.177,220.6496277,1.179999948,72.09999847,52.29999924,6.376887653,240.8457205,1377.4265,-1292.6953,44,-34.39
21655,962,99.62500191,14.41334273,2.505249977,96.19999695,47.09999847,94.04999924,64.1967783,7965.451416,205.9396362,1.049999952,98.19999695,49.09999848,6.276277447,235.6187584,1377.4265,-1292.6953,45.5,-35.89
21656,962,100.5249996,14.76895518,2.299749971,88.80000305,43.09999847,87.04999924,71.72338296,9877.748046,225.5529327,1.080000043,82.90000153,45.70000458,5.288849929,200.1932332,1377.4265,-1292.6953,47,-37.39
21658,962,100.3999977,16.90753513,1.316999972,49.5,26.29999924,49.65000057,65.33680343,8173.842652,240.2629242,0.460000008,368,23.20000076,1.734488926,65.38904936,1377.4265,-1292.6953,48.5,-38.89
21700,963,100.5,16.28705229,1.491250038,68.40000153,34.29999924,56.85000038,73.54987145,6058.057739,323.6194458,0.720000029,185,34.10000229,2.223826676,84.77756523,1402.603,-1323.5195,28.1,-19.900002
21701,963,100.2250023,15.93389245,1.639999986,75.5,36,62.14999962,83.23394204,6751.878418,325.58078,0.579999983,337,39.5,2.689599954,101.9259985,1402.603,-1323.5195,29.6,-21.400002
21702,963,100.5249996,16.43420244,1.409999967,67.80000305,34.79999924,54.125,100.5181599,8112.55127,298.1221619,0.680000007,183,33.00000381,1.988099907,76.31624821,1402.603,-1323.5195,31.3,-23.099998
21703,963,100.0750008,15.80636263,1.661750018,81.90000153,36.70000076,63.375,83.74879075,6979.882935,338.3294373,0.75999999,150,45.20000077,2.761413122,105.3134074,1402.603,-1323.5195,32.7,-24.5
21704,963,98.72500038,14.89403239,2.226249993,102.4000015,45.90000153,81.39999962,95.90903473,12209.27905,298.1221619,1.049999952,88.90000153,56.49999997,4.956189031,181.2167486,1402.603,-1323.5195,34.3,-26.099998
21705,963,98.89999962,14.83762488,2.259500027,103.1999969,47.29999924,82.92500115,95.83548546,13851.89282,328.5227661,1.049999952,97.80000305,55.89999766,5.105340372,187.3690423,1402.603,-1323.5195,35.8,-27.599998
21706,963,99.17500115,14.71990494,2.341250002,104.0999985,47.29999924,86.30000114,96.30130385,13876.40942,333.4261169,1.080000043,92.90000153,56.79999926,5.481451572,202.0498778,1402.603,-1323.5195,37.3,-29.099998
21707,963,99.10000037,14.63161461,2.391000032,102.5999985,44.09999847,88.09999848,100.2852516,12822.19434,357.9427185,1.070000052,99.40000153,58.50000003,5.716881153,210.6470992,1402.603,-1323.5195,38.8,-30.599998
21708,963,99.07500077,14.58501757,2.443750024,101,49.40000153,89.77499962,95.35741234,12422.57385,297.1414795,1.299999952,77.69999695,51.59999847,5.97191418,219.3876575,1402.603,-1323.5195,40.2,-32
21709,963,99.47499847,14.53841993,2.499000013,92.59999847,49.70000076,92.05000114,82.33908273,11767.97949,272.6248474,1.120000005,78.5,42.89999771,6.245001065,230.032954,1402.603,-1323.5195,41.8,-33.6
21710,963,99.55000116,14.4918226,2.560500026,95.5,48,94.07499886,69.61495209,9264.832276,215.7463074,1.179999948,84.40000153,47.5,6.556160383,240.879037,1402.603,-1323.5195,43.3,-35.1
21711,963,99.79999926,14.37165003,2.647499919,99,49.29999924,97.79999924,56.36371898,7504.538697,178.4810333,1.090000033,77.69999695,49.70000076,7.009255821,258.9254901,1402.603,-1323.5195,44.8,-36.6
21713,963,100.3249989,15.59790003,1.91475001,72.40000153,41.59999847,71.12499905,58.20246791,6950.463013,190.2490082,0.839999974,94.59999847,30.80000306,3.666267601,136.1865926,1402.603,-1323.5195,46.3,-38.1
21718,963,98.27499771,17.44217997,1.163749993,47.09999847,28.39999962,42.34999943,118.7953053,10321.49902,750.2087402,0.389999986,883,18.69999885,1.354314046,49.28481154,1402.603,-1323.5195,57.7,-49.5
21719,963,99.375,16.08104231,1.650000006,51.20000076,27.29999924,60.72499943,136.9866409,12675.09497,872.7918091,0.430000007,584,23.90000152,2.72250002,100.1962494,1402.603,-1323.5195,59.2,-51
21721,963,98.5,17.32936496,1.203999967,56.70000076,30.60000038,43.90000057,139.9286385,12231.344,514.8491211,0.670000017,98.09999847,26.10000038,1.449615921,52.85559924,1402.603,-1323.5195,60.7,-52.5
21723,963,99.6000023,17.92777515,1.037249983,39.09999847,26.5,38.39999962,137.231802,13143.36255,912.0184326,0.439999998,1070,12.59999847,1.075887527,39.83039895,1402.603,-1323.5195,62.2,-54
21741,963,98.14999961,17.10373494,1.228249997,46.20000076,28.10000038,45,137.2930965,12733.93482,961.0516968,0.439999998,807,18.10000038,1.508598055,55.27124987,1402.603,-1323.5195,78.1,-69.9
21742,963,100.3500004,17.29257721,1.224500001,42,26.29999924,45.64999962,123.4412079,17644.61475,853.1785278,0.430000007,404,15.70000076,1.499400252,55.89842458,1402.603,-1323.5195,79.6,-71.4
21743,963,100.0750008,17.34162775,1.192750007,42.5,25.5,44.47500038,145.5674553,15975.03272,804.1452637,0.519999981,346,17,1.422652579,53.04755701,1402.603,-1323.5195,80.9,-72.700005
21785,964,98.27499962,15.3403872,1.975250006,70.30000305,31.20000076,71.625,85.97980118,9348.188844,270.6635437,0.629999995,208,39.10000229,3.901612586,141.4772817,1427.7698,-1385.1523,29.5,-22.2
21786,964,96.625,15.36000782,1.922250033,67.19999695,30.39999962,68.37500095,82.08165933,7296.147705,263.7988892,0.720000029,101,36.79999733,3.695045189,131.4338478,1427.7698,-1385.1523,31,-23.7
21787,964,98.125,14.83517256,2.29825002,80.09999847,35.70000076,82.52499962,97.06131554,7911.514649,318.7161255,0.930000007,90,44.39999771,5.281953154,189.663082,1427.7698,-1385.1523,32.5,-25.2
21788,964,98.39999962,14.43050986,2.432249963,87,38.29999924,90.125,81.51777649,8406.750367,244.1855774,1.019999981,78.69999695,48.70000076,5.915839883,219.2065279,1427.7698,-1385.1523,34,-26.7
21789,964,98.02499962,14.3520297,2.605499983,86.59999847,44.90000153,93.92499924,94.65868759,8423.912109,275.566864,1.24000001,122,41.69999694,6.788630161,244.7215839,1427.7698,-1385.1523,35.5,-28.2
21790,964,98.52499962,14.13866246,2.679499924,98,46.59999847,99.15000152,75.02086926,8629.851929,218.6882935,1.169999957,82.19999695,51.40000153,7.179719843,265.6724215,1427.7698,-1385.1523,37,-29.7
21791,964,97.27499962,14.19752259,2.564249993,86.69999695,41.20000076,93.6249981,71.58854103,7524.152222,213.7849731,1.039999962,87.90000153,45.49999619,6.575378027,240.0779007,1427.7698,-1385.1523,38.5,-31.2
21792,964,100.0250015,14.32995763,2.64625001,95.30000305,42.79999924,98.80000116,85.47721291,7779.124877,236.340271,1.080000043,76.40000153,52.50000381,7.002639115,261.4495041,1427.7698,-1385.1523,40,-32.7
21793,964,98.40000153,14.17545022,2.664000035,98.09999847,43.5,98.04999924,74.34666634,6876.913086,225.5529327,1.100000024,95.30000305,54.59999847,7.096896186,261.2052014,1427.7698,-1385.1523,41.5,-34.2
21794,964,100.875,14.44277235,2.587500036,89.90000153,42.59999847,97.75000001,75.02087211,6945.559693,213.7849731,1.129999995,88.30000305,47.30000306,6.695156436,252.9281285,1427.7698,-1385.1523,43,-35.7
21795,964,100.6249981,14.74197759,2.351750016,80.69999695,38.09999847,88.60000038,78.8822384,6234.577637,248.1082306,0.970000029,88.40000153,42.59999848,5.530728138,208.3650523,1427.7698,-1385.1523,44.5,-37.2
21809,965,99.05000116,16.39741498,1.560250044,57.29999924,27.5,56.59999943,77.47253227,6704.561157,290.276825,0.620000005,240,29.79999924,2.4343802,88.3101516,1427.7896,-1323.5273,25.5,-19.66
21810,965,98.22499848,15.9976578,1.657750011,70.59999847,31.89999962,60.27499962,70.36271286,4705.230408,274.5861816,1.129999995,142,38.69999885,2.748135099,99.92088128,1427.7896,-1323.5273,27,-21.16
21811,965,99.62500001,15.93879768,1.738249987,68,32,63.75,80.65969658,7684.000489,268.7022095,0.75999999,173,36,3.021513017,110.8134367,1427.7896,-1323.5273,28.5,-22.66
21812,965,100,15.84069748,1.788749993,66.30000305,31.39999962,65.89999962,82.86618995,8952.4906,289.2961731,0.639999986,106,34.90000343,3.199626537,117.8786239,1427.7896,-1323.5273,30,-24.16
21813,965,99.89999964,14.94063002,2.189500034,82.40000153,37.5,81.92499924,88.87276267,11399.98511,298.1221619,0.920000017,92.30000305,44.90000153,4.793910399,179.3747886,1427.7896,-1323.5273,31.5,-25.66
21814,965,100.5749969,14.94798728,2.265750051,86.40000153,41,84.50000191,91.44701004,9693.383057,257.9148865,0.959999979,104,45.40000153,5.133623294,191.4558836,1427.7896,-1323.5273,33,-27.16
21815,965,100.0499992,14.72971481,2.371750057,85.19999695,40.70000076,88.17500115,88.7501812,10147.67603,284.3928528,1.019999981,79.90000153,44.49999619,5.625198333,209.129064,1427.7896,-1323.5273,34.5,-28.66
21816,965,99.32500076,14.63406752,2.377499998,91.09999847,43.59999847,88.59999848,78.08544543,8594.302612,269.6828613,1.070000052,108,47.5,5.65250624,210.6464962,1427.7896,-1323.5273,36,-30.16
21817,965,98.875,14.56785014,2.40049994,91.80000305,44.09999847,88.77500153,89.73084639,9318.278565,277.5281677,1.090000033,80.40000153,47.70000458,5.762399962,213.1043858,1427.7896,-1323.5273,37.5,-31.66
21818,965,99.90000153,14.54332487,2.412500083,88.30000305,40.90000153,90.95000076,83.35652353,10131.24975,264.779541,1.100000024,81.80000305,47.40000152,5.82015665,219.4168844,1427.7896,-1323.5273,39,-33.16
21819,965,97.75,14.31769514,2.461500049,90.30000305,42.70000076,90.92499924,70.4852953,6983.805664,216.7269592,1.00999999,102,47.60000229,6.058982491,223.8118901,1427.7896,-1323.5273,40.5,-34.66
21820,965,99.52500154,14.42805754,2.48725003,90.90000153,44.40000153,93.25000191,69.38204765,8047.33667,210.8429871,1,78.09999847,46.5,6.186412712,231.93607,1427.7896,-1323.5273,42,-36.16
21822,965,99.20000076,15.1049476,2.092500001,76.09999847,33.90000153,77.39999962,65.09163571,7440.060059,284.3928528,0.879999995,88.09999847,42.19999694,4.378556254,161.9594993,1427.7896,-1323.5273,43.5,-37.66
21830,966,97.90000153,15.3967947,1.917250007,84.19999695,33.5,69.47500038,37.26526833,3456.844055,117.6798019,0.709999979,294,50.69999695,3.675847589,133.200945,169.31348,525.75,8.2,-4.62
21832,966,98.57499695,14.59482744,2.438500047,102,43.20000076,88.70000077,33.0974431,3309.744324,104.93116,0.949999988,123,58.79999924,5.946282479,216.294956,169.31348,525.75,11.2,-7.62
21834,966,93.82499887,17.2091924,1.184999973,56,26.70000076,41.19999981,25.74245548,2059.396454,153.9644012,0.430000007,349,29.29999924,1.404224936,48.82199866,169.31348,525.75,14.2,-10.62
21837,966,98.42499924,14.97251255,2.14624995,97.80000305,37.70000076,78.52499962,30.03286457,3579.427185,100.0278244,0.939999998,97.5,60.10000229,4.606388848,168.5342765,169.31348,525.75,17.1,-13.52
21841,966,96.3999977,17.46915727,1.140249998,57,24.29999924,40.60000038,59.20764732,4682.675232,500.1391296,0.239999995,1180,32.70000076,1.300170058,46.29415035,169.31348,525.75,19.8,-16.22
21845,966,98.87499999,14.98722765,2.101749987,84.30000305,38.59999847,78.07500267,70.24012947,6840.138306,189.2683411,0.910000026,147,45.70000458,4.417353008,164.0941358,169.31348,525.75,24,-20.42
21846,966,100.1999988,14.57275508,2.387499988,90.90000153,39.5,90.625,62.39480878,6594.972046,153.9644012,1.100000024,93.59999847,51.40000153,5.700156193,216.3671864,169.31348,525.75,27,-23.42
21847,966,99.92499729,14.58501727,2.364750028,83.19999695,43.70000076,89.5,71.09821224,6496.905518,172.5970306,1.139999986,106,39.49999619,5.592042695,211.6451275,169.31348,525.75,30,-26.42
21848,966,99.89999962,14.78612231,2.209500015,82,40.09999847,83.95000077,81.15002633,9071.150879,189.2683411,1.00999999,132,41.90000153,4.881890316,185.487528,169.31348,525.75,33,-29.42
21849,966,99.22500038,15.36000724,1.889999986,59.70000076,33.90000153,70.77499962,83.72427179,10517.63184,216.7269592,0.800000012,255,25.79999923,3.572099947,133.7647483,169.31348,525.75,36,-32.42
21894,967,99.70000076,15.69845226,1.826249987,80.59999847,38.09999847,67.39999962,41.06534576,4241.376038,135.3317719,0.670000017,173,42.5,3.335189015,123.0892484,219.69043,556.54297,10,-4.31
21896,967,100.4750004,15.62487792,1.86650002,75.69999695,36.5,69.70000076,36.65235329,5173.007813,101.989151,0.800000012,132,39.19999695,3.483822325,130.0950528,219.69043,556.54297,13.1,-7.4100003
21898,967,101.25,15.9559651,1.735250026,78.59999847,38.40000153,65.27499962,58.22698306,6055.606323,179.4617004,0.709999979,116,40.19999694,3.011092653,113.2684448,219.69043,556.54297,16.1,-10.41
21902,967,98.32499885,16.24290727,1.555000007,66.40000153,31,57.10000038,52.58815861,5001.391358,164.751709,0.800000012,92.59999847,35.40000153,2.418025022,88.79050099,219.69043,556.54297,19.1,-13.41
21911,967,99.75,14.76159734,2.235000014,97,42.79999924,84.45000267,58.71731759,5025.907959,198.0943298,0.980000019,148,54.20000076,4.995225063,188.7457571,219.69043,556.54297,26.8,-21.109999
21912,967,99.92499923,14.59482744,2.334499956,99.90000153,44,88.67500115,61.6593094,7134.337768,151.0223999,1.190000057,91.90000153,55.90000153,5.449890045,207.0117863,219.69043,556.54297,29.8,-24.109999
21913,967,99.90000155,14.49672753,2.407500029,95.19999695,44.09999847,91.42499924,72.20145799,8090.486206,151.0223999,1.129999995,133,51.09999848,5.79605639,220.1056883,219.69043,556.54297,32.8,-27.109999
21914,967,100,14.57030246,2.342750013,95.30000305,44.40000153,89.39999962,71.34337615,8286.619019,164.751709,1.049999952,154,50.90000152,5.488477623,209.4418503,219.69043,556.54297,35.8,-30.109999
21915,967,100.6499996,14.90138994,2.170999944,78.40000153,38,83.07500076,63.98838901,7698.220093,145.1384125,0.99000001,197,40.40000153,4.713240757,180.355822,219.69043,556.54297,38.8,-33.11
21958,968,97.22500038,15.45565511,1.924000025,97.30000305,40.90000153,68.67500019,42.00923634,5199.976074,116.6991348,0.860000014,130,56.40000152,3.701776096,132.1307021,18.166016,402.5703,12.6,-2.79
21972,968,94.89999771,17.33917513,1.168249995,55.29999924,30.89999962,40.77499962,78.62481498,4302.667724,313.8128052,0.389999986,373,24.39999962,1.364808051,47.6353931,18.166016,402.5703,22,-12.19
21975,968,96.72500038,16.41948733,1.542500019,65,31.89999962,54.07500076,45.08607197,2713.990357,154.9450684,0.540000021,136,33.10000038,2.379306309,83.4106897,18.166016,402.5703,25,-15.19
21976,968,98.80000115,14.87931758,2.27974999,95.30000305,42.40000153,82.77499962,45.2086544,4552.737183,137.2930908,1.090000033,158,52.90000152,5.197260017,188.7063046,18.166016,402.5703,26.5,-16.689999
21978,968,98.20000077,14.81555223,2.324750006,88.40000153,44.29999924,83.42500115,55.95919418,7597.702026,143.1770935,0.920000017,212,44.10000229,5.40446259,193.9422719,18.166016,402.5703,29.5,-19.689999
21979,968,99.52499961,14.58501727,2.504000068,103.6999969,46.90000153,91.70000076,67.77620791,8563.657103,165.7323914,1.179999948,105,56.79999537,6.270016341,229.6168081,18.166016,402.5703,32.5,-22.689999
21980,968,99.64999961,14.57766031,2.476249933,97.30000305,45.5,91.42500115,70.62013626,9782.133179,166.7130585,1.129999995,139,51.80000305,6.131813731,226.391153,18.166016,402.5703,35.5,-25.689999
21981,968,99.22500038,14.86215015,2.303499937,88.40000153,44.5,84.04999924,75.9525032,11169.77393,184.3650208,1,208,43.90000153,5.30611196,193.609168,18.166016,402.5703,38.5,-28.689999
21982,968,98.72499848,15.32076745,2.036250025,77.59999847,40.5,73.67500115,77.70544243,11748.36645,211.8236389,0.870000005,342,37.09999847,4.146314164,150.0207229,18.166016,402.5703,41.5,-31.689999
21984,968,96.75,16.15216491,1.664000005,63,32.70000076,57.95000076,69.62721442,8855.404907,258.8955688,0.589999974,291,30.29999924,2.768896017,96.42880155,18.166016,402.5703,44.4,-34.59
22026,969,98.42499924,15.26926459,2.136250019,82,38.70000076,75.875,45.15962124,5278.429138,156.9064026,0.50999999,359,43.29999924,4.563564144,162.0879702,68.543945,433.35938,13.7,-4.4799995
22028,969,98.52499962,15.27907505,2.152750015,94.40000153,44.29999924,76.02499962,49.26615715,6246.835877,148.0804138,0.74000001,119,50.10000229,4.634332627,163.6628191,68.543945,433.35938,16.4,-7.1799994
22030,969,96.30000115,18.05040003,1.034500003,35.40000153,26.20000076,36.30000019,39.60660744,3773.108459,164.751709,0.460000008,710,9.20000077,1.070190256,37.55235031,68.543945,433.35938,19.5,-10.28
22032,969,98.67500114,16.61814005,1.501249999,63.59999847,31.5,53.80000019,60.50702858,5457.400604,205.9396362,0.569999993,270,32.09999847,2.253751559,80.76725023,68.543945,433.35938,22.7,-13.4800005
22034,969,99.25,16.19876225,1.658000022,78.19999695,32.59999847,60.02499962,86.76433563,9115.281005,318.7161255,0.629999995,186,45.59999848,2.748964073,99.52145069,68.543945,433.35938,25.8,-16.579998
22036,969,99.65000154,15.24719252,2.111249983,82.40000153,41.40000153,77.02499962,58.98699762,6594.972168,178.4810333,0.879999995,191,41,4.457376491,162.6190291,68.543945,433.35938,28.9,-19.68
22037,969,100.5500011,14.53596732,2.586999953,100.9000015,46.59999847,95.82499886,57.8592348,6543.487061,158.8677216,1.159999967,124,54.30000303,6.692568757,247.8992675,68.543945,433.35938,31.9,-22.68
22038,969,99.72500038,14.59973237,2.490000069,97.09999847,48.40000153,91.60000038,78.22028922,9053.989257,149.0610809,1.169999957,143,48.69999694,6.200100344,228.0840073,68.543945,433.35938,34.9,-25.68
22039,969,99.72500039,14.94308234,2.269250035,86.80000305,44.5,83.27499962,67.88653183,8830.888305,193.1910095,1.039999962,170,42.30000305,5.149495721,188.9717958,68.543945,433.35938,37.9,-28.68
22040,969,99.27500153,15.34774475,2.05399999,75.09999847,40.09999847,74.50000191,70.20335388,8933.857665,203.978302,0.839999974,164,35,4.218915959,153.0230032,68.543945,433.35938,40.9,-31.68
22088,970,98.42499924,14.77385983,2.269249976,108.8000031,48,83.22500038,35.38974667,4564.995362,90.22117615,0.819999993,116,60.8000031,5.149495454,188.8583301,320.22363,125.11328,11.3,-5.9
22090,970,100.0249996,15.23738264,2.063749999,96.59999847,43.70000076,76.67499924,39.98661518,4538.027222,118.6604691,0.949999988,100,52.89999771,4.259064058,158.2380296,320.22363,125.11328,14.5,-9.1
22092,970,99.60000039,16.26988486,1.57100001,76,34.79999924,57.94999981,49.26615715,7600.153564,143.1770935,0.649999976,188,41.20000076,2.468041031,91.03945028,320.22363,125.11328,17.6,-12.200001
22094,970,99.60000038,16.62059267,1.49574998,62.20000076,31.89999962,54.39999962,51.95072748,6830.331543,177.500351,0.540000021,261,30.30000114,2.237268003,81.36879834,320.22363,125.11328,20.6,-15.200001
22098,970,99.47499848,14.92100998,2.222500026,94.59999847,43.40000153,82.19999886,51.80362607,6011.476136,163.7710419,0.860000014,180,51.19999694,4.939506366,182.6894996,320.22363,125.11328,24.6,-19.2
22099,970,99.00000001,14.74443021,2.330750048,99.59999847,46,85.57500076,65.81487943,8178.745972,147.0997467,0.949999988,193,53.59999847,5.432395786,199.4539371,320.22363,125.11328,27.7,-22.300001
22100,970,99.87500001,14.36429248,2.588999987,111,48.09999847,97,54.19400119,7021.561157,158.8677216,1.120000005,140,62.90000153,6.702920933,251.1329987,320.22363,125.11328,30.6,-25.2
22101,970,99.55000115,14.5065377,2.520999968,110,50.40000153,93.07500076,78.7596569,10431.82361,174.5583649,1.139999986,119,59.59999847,6.355440839,234.6420739,320.22363,125.11328,33.7,-28.300001
22102,970,99.32499886,14.59727976,2.446999967,103.5,46.70000076,90.04999924,88.4559803,11969.01587,207.9009705,1.149999976,165,56.79999924,5.987808838,220.3523452,320.22363,125.11328,36.7,-31.300001
22103,970,98.39999962,14.66595005,2.386750043,99,47.29999924,86.52499771,90.34375764,11895.46607,225.5529327,1.25,196,51.70000076,5.696575768,206.513542,320.22363,125.11328,39.7,-34.3
22143,971,102.4499989,15.96332237,1.733000011,58.09999847,30.29999924,66.92500019,38.36851692,2427.145813,113.7571335,0.779999971,86,27.79999923,3.003289038,115.9810261,395.79785,186.70703,8.6,-6.1200004
22145,971,101.125,15.69354762,1.824000031,83.30000305,38.5,69.07499886,47.31708527,4094.276306,126.5057755,0.769999981,112,44.80000305,3.326976113,125.9928001,395.79785,186.70703,11.6,-9.120001
22147,971,100.1750012,15.76712226,1.768249989,75.90000153,27.89999962,66.22499943,52.3429947,8065.969483,154.9450684,0.620000005,213,48.00000191,3.126708024,117.1023545,395.79785,186.70703,14.6,-12.120001
22149,971,101.3249989,15.04608748,2.143000066,94.5,40.59999847,81.92499924,57.85923386,6570.455201,155.9257355,0.649999976,182,53.90000153,4.592449283,175.5652788,395.79785,186.70703,17.6,-15.120001
22156,971,100.3249989,14.93327247,2.173999965,98.19999695,42,82.29999924,67.05296708,8041.452637,198.0943298,1.039999962,156,56.19999695,4.726275848,178.9201955,395.79785,186.70703,24.3,-21.82
22157,971,99.7250004,14.60463731,2.326250017,105.8000031,44.79999924,88.22500038,71.58854294,7207.887573,176.5196838,1.070000052,120,61.00000386,5.411439142,205.2334086,395.79785,186.70703,27.2,-24.720001
22158,971,100.2750015,14.37655468,2.453499973,109.4000015,48,94.60000038,71.71112634,7796.286499,222.6109467,1.110000014,144,61.4000015,6.019662118,232.1010984,395.79785,186.70703,30.2,-27.720001
22159,971,100.6750012,14.4918226,2.366000056,108.3000031,45.40000153,91.97500038,85.80818749,9782.132935,221.6302795,1.149999976,94.59999847,62.90000157,5.597956265,217.612856,395.79785,186.70703,33.2,-30.720001
22160,971,101.4499988,14.58011263,2.317999959,106.8000031,46.79999924,91.125,88.99534609,9291.800781,242.2242584,1.169999957,157,60.00000386,5.37312381,211.2277463,395.79785,186.70703,36.2,-33.72
22162,971,96.90000153,16.81433987,1.271750003,47.20000076,24.89999962,46.375,68.15621853,8556.301879,281.4508362,0.409999996,995,22.30000114,1.61734807,58.97740639,395.79785,186.70703,39.3,-36.82
22201,972,97.95000076,13.46667764,3.351000011,119.5,51.70000076,122.0749989,3.910401642,203.4879875,15.6906395,1.059999943,83.09999847,67.79999924,11.22920107,409.0733227,320.08643,-183.01953,10.9,-0.60999966
22203,972,98.32499886,13.32688474,3.596000075,128.8000031,50.59999847,130.875,3.567168713,154.454731,18.63263512,1.100000024,65.40000153,78.20000463,12.93121654,470.6265098,320.08643,-183.01953,13.9,-3.6099997
22206,972,98.37500001,14.99703752,2.248749972,79.59999847,38.59999847,81.10000135,8.899534465,436.3958969,42.16859436,0.879999995,111,41,5.056876437,182.3736258,320.08643,-183.01953,17,-6.71
22208,972,99.32500076,15.36736508,2.009250015,77.80000305,37.40000153,73.4999981,16.87969589,2071.654724,48.0525856,0.560000002,179,40.40000152,4.037085623,147.6798723,320.08643,-183.01953,20,-9.71
22210,972,95.52499962,16.31157755,1.537749976,61.70000076,31,53.44999981,18.36295199,2037.331574,77.47253418,0.460000008,225,30.70000076,2.364674989,82.19273593,320.08643,-183.01953,23,-12.71
22212,972,97.35000229,17.52556507,1.201249987,46.90000153,25.5,42.32499981,40.26855564,5001.391358,177.500351,0.340000004,533,21.40000153,1.443001531,50.84290547,320.08643,-183.01953,26,-15.71
22216,972,99.5,15.16625974,2.144499958,86,37.5,78.27499962,45.6254387,4096.728088,136.3124237,0.810000002,130,48.5,4.59888007,167.8607334,320.08643,-183.01953,29,-18.71
22217,972,99.17499924,14.896485,2.230499983,97.40000153,38.59999847,82.19999886,60.02895641,7104.917481,143.1770935,0.959999979,211,58.80000306,4.975130174,183.3470961,320.08643,-183.01953,32,-21.71
22218,972,99.75000002,14.69292764,2.393000066,102.9000015,46.79999924,88.57500076,65.60648824,6938.204894,163.7710419,0.99000001,190,56.10000226,5.726449316,211.9599827,320.08643,-183.01953,34.8,-24.509998
22219,972,100.0499992,14.52860977,2.507499933,110.5999985,46.20000076,93.45000077,59.59991456,8409.202392,160.8290558,1.169999957,106,64.39999774,6.287555914,234.3258707,320.08643,-183.01953,37.9,-27.61
22220,972,99.67500114,14.37900788,2.607500017,109.5,46.29999924,96.72499847,80.42678832,9468.320314,207.9009705,1.279999971,141,63.20000076,6.799056339,252.2104352,320.08643,-183.01953,40.9,-30.61
22221,972,99.82500077,14.44032003,2.579250038,109.3000031,52.40000153,95.57500076,83.98169709,8973.08435,243.2049103,1.320000052,149,56.90000157,6.652530759,246.5118243,320.08643,-183.01953,43.8,-33.51
22223,972,98.77499962,15.86031781,1.795250029,73.19999695,34.20000076,64.87499905,89.1792202,10471.05017,245.1662445,0.74000001,273,38.99999619,3.222922667,116.4668439,320.08643,-183.01953,47,-36.71
22242,972,94.5,17.77898973,0.980333328,39,24.39999962,34.76666641,110.8314883,14497.49707,912.0184326,0.409999996,1270,14.60000038,0.961053434,34.08292179,320.08643,-183.01953,75.8,-65.51
22347,995,98.22499848,14.69292763,2.418500006,110.0999985,47.90000153,86.625,24.05080891,1664.678772,130.4284515,1.019999981,251,62.19999697,5.849142279,209.502563,1755.3384,-892.2422,25.9,-20.58
22348,995,97.57499886,15.23983497,2.083500058,100.5,47.59999847,73.77499962,55.5546713,3091.546326,196.1329956,0.947000027,408,52.90000153,4.340972492,153.710216,1755.3384,-892.2422,26.8,-21.48
22349,995,97.65000153,14.91120011,2.244499981,111.1999969,46.79999924,80,55.30950355,3694.655396,135.3317719,1.019999981,240,64.39999766,5.037780165,179.5599985,1755.3384,-892.2422,27.4,-22.08
22350,995,97.27499962,14.38391223,2.583999992,117.0999985,52.5,91.64999962,43.271842,2888.05835,121.6024551,1.080000043,257,64.5999985,6.677055959,236.8235983,1755.3384,-892.2422,27.9,-22.58
22351,995,98.42499924,14.28581232,2.632250011,122.9000015,54.79999924,97.74999999,22.66561961,821.3069382,47.66031647,0.852999985,345,68.10000226,6.92874012,257.3024385,1755.3384,-892.2422,28.8,-23.48
22352,995,97.375,13.82229009,3.016250015,122.5999985,59,108,8.372427105,380.0076828,28.92961502,0.916999996,143,63.5999985,9.097764153,325.7550016,1755.3384,-892.2422,29.7,-24.380001
22353,995,99.35000039,13.78550234,3.163250029,127.6999969,57.70000076,116.125,7.244662643,262.3278809,26.57602119,0.995999992,232,69.99999614,10.00615075,367.3324096,1755.3384,-892.2422,30.6,-25.28
22354,995,98.60000038,13.738905,3.224749983,121.9000015,56.20000076,116.1999989,26.19601345,1652.420471,88.75017548,1.330000043,334,65.70000074,10.39901245,374.7159445,1755.3384,-892.2422,31.5,-26.18
22355,995,99.14999771,13.69475998,3.24725008,123.1999969,58.5,118.9250012,28.25540924,1963.781647,77.27639771,1.379999995,346,64.6999969,10.54463308,386.1792197,1755.3384,-892.2422,32.4,-27.080002
22356,995,99.70000078,13.79286018,3.202250063,123,58.09999847,117.6250019,15.8745141,634.9805566,73.54987335,1.350000024,207,64.90000153,10.25440547,376.6646697,1755.3384,-892.2422,33.3,-27.98
22357,995,97.625,14.32750502,3.497999966,133.5,60.90000153,124.1499996,32.9135685,2294.756134,84.33718872,1.440000057,70.5,72.59999847,12.23600376,434.2766944,1755.3384,-892.2422,34.2,-28.880001
22358,995,97.92499924,13.95963008,2.938250005,117.4000015,58.70000076,105.5500012,35.89233828,3564.717224,89.24051666,1.379999995,104,58.70000074,8.633313092,310.1322916,1755.3384,-892.2422,35.1,-29.779999
22359,995,97.84999848,13.63099521,3.216499984,123.5,60.79999924,116.125,40.12145519,4533.12378,88.25984192,1.340000033,118,62.70000076,10.34587215,373.5160606,1755.3384,-892.2422,35.9,-30.580002
22360,995,98.77499962,13.70947508,3.240499973,112.9000015,55,117.0250016,45.24542904,6462.582153,100.0278244,1.5,127,57.9000015,10.50084008,379.2195145,1755.3384,-892.2422,36.8,-31.48
22362,995,98.07500077,13.6555199,3.174000025,120,56.5,115.3250008,30.9032054,2841.476791,105.9118195,1.450000048,118,63.5,10.07427616,366.0415554,1755.3384,-892.2422,38.6,-33.28
22363,995,98.37499809,13.81002731,3.036499977,112.6999969,59.40000153,110.8249989,44.10540676,5351.979248,122.5831223,1.269999981,87.40000153,53.29999537,9.22033211,336.5201066,1755.3384,-892.2422,39.5,-34.18
22364,995,98.42500115,14.00867974,2.870249927,111.6999969,56,104.5999985,47.89322567,4871.453369,142.1964264,1.24000001,95.19999695,55.6999969,8.238334643,300.2281381,1755.3384,-892.2422,40.4,-35.08
22365,995,97.8749981,13.92038971,2.880999982,112.3000031,54.59999847,104.9499969,52.64945221,6707.748413,115.7184601,1.169999957,93.69999695,57.70000463,8.300160896,302.3609392,1755.3384,-892.2422,41.3,-35.98
22366,995,98.92500114,14.50408508,2.459250033,97.5,48,90.82500077,56.74372671,5685.405029,144.1577606,0.860000014,135,49.5,6.047910725,223.3613861,1755.3384,-892.2422,42.2,-36.88
22367,995,97.39999962,16.45137045,1.499750018,67,34.5,53.64999962,48.42033291,6487.098999,160.8290558,0.340000004,1760,32.5,2.249250116,80.4615879,1755.3384,-892.2422,43.1,-37.78
22368,995,98.94999886,16.98111006,1.331999987,41.5,30.89999962,48.5,50.50424672,5793.278198,134.3511047,0.470999986,1190,10.60000038,1.774223965,64.60199937,1755.3384,-892.2422,44,-38.68
22369,995,98.75,16.89527264,1.372999966,43.70000076,28.60000038,49.67500019,55.55467128,4474.283875,194.1716614,0.432999998,1230,15.10000038,1.885128907,68.20377357,1755.3384,-892.2422,44.9,-39.58
22370,995,98.97499848,16.90998745,1.365500033,51.40000153,29.79999924,49.625,56.9521179,5658.437012,331.4647827,0.425000012,1050,21.60000229,1.86459034,67.76293914,1755.3384,-892.2422,45.8,-40.48
22371,995,99.07500077,17.06694777,1.318000019,49.20000076,32.79999924,47.92499924,74.677639,10551.95557,294.1994934,0.430999994,1450,16.40000152,1.73712405,63.16514991,1755.3384,-892.2422,46.7,-41.38
22372,995,95.35000038,16.83641252,1.324249983,43,29,46.35000038,15.05320692,348.1360588,218.6882935,0.423999995,1220,14,1.753638017,61.37898722,1755.3384,-892.2422,47.6,-42.28
22373,995,97.40000153,16.67699988,1.42324999,54,30.60000038,50.72500038,77.59511566,8320.942383,248.1082306,0.513999999,475,23.39999962,2.025640534,72.19435628,1755.3384,-892.2422,48.5,-43.18
22374,995,97.14999962,16.57399504,1.46600002,59,34.90000153,51.92500019,80.04677963,8137.067627,248.1082306,0.509000003,697,24.09999847,2.149156059,76.12205132,1755.3384,-892.2422,49.4,-44.08
22375,995,93.95000077,17.42255993,1.126500011,46.40000153,34.40000153,38.92499924,44.05637264,3692.203675,253.992218,0.331,1860,12,1.269002275,43.84901207,1755.3384,-892.2422,50.3,-44.98
22762,1005,99.92500115,16.33119731,1.526250005,53.90000153,32.20000076,56.89999962,21.20688009,1426.867508,50.0139122,0.680000007,200,21.70000077,2.329439078,86.8436247,194.91992,1450.1328,14.8,-9.22
22763,1005,99.97500039,16.16442711,1.60074997,64.5,31.39999962,59.65000057,21.01074743,872.7918396,69.62721252,0.529999971,340,33.10000038,2.562400466,95.48473662,194.91992,1450.1328,16.3,-10.719999
22764,1005,99.99999998,15.60280526,1.822249979,61.90000153,34.40000153,68.39999962,17.63971138,760.0153504,73.54987335,0.529999971,160,27.5,3.320594986,124.6418979,194.91992,1450.1328,17.8,-12.219999
22765,1005,99.82500076,14.85969754,2.172250033,78.5,37.40000153,82.30000115,22.95981836,1811.778534,65.7045517,0.810000002,250,41.09999847,4.718670206,178.7761802,194.91992,1450.1328,19.3,-13.719999
22766,1005,100.1250019,14.9528928,2.139000058,79.09999847,38.09999847,81.04999924,25.98762131,1775.00354,99.04716492,0.99000001,210,41,4.575321248,173.3659531,194.91992,1450.1328,20.8,-15.219999
22767,1005,99.37500001,14.92836753,2.209249973,84.5,38.09999847,81.67499924,24.7250154,3368.584259,99.04716492,0.910000026,380,46.40000153,4.880785443,180.4404899,194.91992,1450.1328,22.3,-16.72
22768,1005,99.64999963,14.48446475,2.553000033,89.19999695,40.90000153,94.17499924,37.46140194,4214.407654,107.8731537,1.080000043,190,48.29999542,6.517809168,240.4287762,194.91992,1450.1328,23.8,-18.22
22769,1005,100.75,14.75178776,2.298749983,81.69999695,40.40000153,87.54999924,37.87818527,3804.980103,106.8924866,1.039999962,260,41.29999542,5.284251484,201.2555593,194.91992,1450.1328,25.3,-19.72
22770,1005,100.4249992,14.48691766,2.468500018,83.09999847,41.20000076,93.77499962,47.09643459,5437.787354,137.2930908,1.190000057,330,41.89999771,6.093492339,231.4835882,194.91992,1450.1328,26.8,-21.22
22771,1005,101.2750016,14.63897246,2.338500023,80.40000153,40.20000076,90.64999771,51.11716176,6538.583862,156.9064026,1.179999948,180,40.20000077,5.468582358,211.9850217,194.91992,1450.1328,28.3,-22.72
22772,1005,100.3500004,14.63406752,2.308749974,73.5,40.40000153,88.52499962,55.94693662,6396.387329,156.9064026,0.930000007,335,33.09999847,5.330326442,204.3820906,194.91992,1450.1328,29.8,-24.22
22773,1005,99.99999999,14.38881746,2.501749993,75.5,40.20000076,94.94999886,51.61975289,5307.849243,156.9064026,1.970000029,340,35.29999924,6.258753027,237.541159,194.91992,1450.1328,31.3,-25.72
22774,1005,100.4249973,14.68802241,2.22875005,68.09999847,38.09999847,86.24999809,60.80122948,6352.257446,156.9064026,1.00999999,600,30,4.967326785,192.2296876,194.91992,1450.1328,32.8,-27.22
22775,1005,100.0000019,14.78857493,2.12074998,62.90000153,37.09999847,82.10000038,59.80830479,5597.145142,187.3070068,0.99000001,270,25.80000306,4.497580478,174.1135742,194.91992,1450.1328,34.3,-28.72
22777,1005,100.0499992,16.03444497,1.663750023,54.29999924,33.29999924,62.17500114,59.08506585,3451.940735,258.8955688,0.589999974,390,21,2.768064139,103.4436596,194.91992,1450.1328,35.8,-30.22
22778,1005,99.54999924,16.65247491,1.369500011,55.59999847,31.70000076,51.32499885,47.8319335,3608.847107,254.9728851,0.50999999,680,23.89999771,1.87553028,70.28958649,194.91992,1450.1328,37.3,-31.72
22780,1005,100.7750015,16.00746767,1.598499984,52.90000153,32,61.24999905,65.7045536,5177.911011,266.7408752,0.579999983,500,20.90000153,2.555202199,97.9081225,194.91992,1450.1328,38.8,-33.22
22781,1005,99.34999846,15.96822759,1.704250008,58,34.70000076,62.625,50.82296086,3920.208374,296.1608276,0.569999993,430,23.29999924,2.90446809,106.7286568,194.91992,1450.1328,40.3,-34.72
22782,1005,99.42500115,16.58135259,1.464749992,44.29999924,31,53.72500038,44.2279892,3331.809204,346.1747437,0.439999998,568,13.29999924,2.145492539,78.69369388,194.91992,1450.1328,41.8,-36.22
22798,1006,99.85000039,16.00010983,1.678249985,61,28.60000038,62.29999828,16.79388785,1184.152924,84.33718872,0.449999988,410,32.39999962,2.816523012,104.5549712,295.55225,1265.2109,14.5,-9.23
22799,1006,99.125,15.80145769,1.482974991,58.79999924,28.10000038,64.0274992,20.23847342,1196.411285,66.68521881,0.620000005,270,30.69999886,2.199214824,94.95118005,295.55225,1265.2109,16,-10.73
22800,1006,100,15.759765,1.86925,64.5,35.40000153,68.22500038,21.635921,1299.381088,70.60787964,0.810000002,180,29.09999847,3.494095563,127.529582,295.55225,1265.2109,17.5,-12.23
22801,1006,99.77499771,15.328125,1.932249993,75.59999847,37.20000076,72.67499924,27.09087038,1377.834274,78.45320129,0.529999971,335,38.39999771,3.733590035,140.4262668,295.55225,1265.2109,19,-13.73
22802,1006,100.7749996,14.83517227,2.221500039,87.59999847,40.5,85.05000115,31.62644529,2047.138123,94.14383698,0.74000001,108,47.09999847,4.935062423,188.9385809,295.55225,1265.2109,20.5,-15.23
22803,1006,100.5499992,14.83271994,2.192250014,84.09999847,40.20000076,84.02499962,28.46380186,2628.182129,92.18251038,0.649999976,270,43.89999771,4.805960124,184.2038066,295.55225,1265.2109,22,-16.73
22804,1006,100.6000004,15.08287494,2.10100007,82.69999695,37.5,79.60000038,32.46001148,2900.31659,101.0084915,0.75999999,210,45.19999695,4.414201294,167.2396064,295.55225,1265.2109,23.5,-18.23
22805,1006,99.32500074,14.62670997,2.382000029,89,41.29999924,89.17499924,31.33224535,2052.041443,100.0278244,1.039999962,180,47.70000076,5.673924138,212.4148508,295.55225,1265.2109,25,-19.73
22806,1006,100.3500004,14.54087255,2.478000045,93.59999847,41.29999924,93.17499924,41.40857887,3613.750427,131.4091034,0.779999971,66,52.29999923,6.140484223,230.8876523,295.55225,1265.2109,26.5,-21.23
22807,1006,100.0250015,14.32014776,2.682999969,100.8000031,42.40000153,99.62500001,46.93707657,5673.146912,128.4671021,0.769999981,420,58.40000157,7.198488834,267.2938719,295.55225,1265.2109,28,-22.73
22808,1006,100.375,14.39862763,2.50274998,93.40000153,43.20000076,95.57499886,49.80552196,4118.792847,156.9064026,1.309999943,560,50.20000077,6.263757462,239.2003265,295.55225,1265.2109,29.5,-24.23
22809,1006,99.80000115,14.38881746,2.570749939,94.59999847,43.5,96.02500153,52.19589329,5834.956787,156.9064026,1.200000048,450,51.09999847,6.608755249,246.8562668,295.55225,1265.2109,31,-25.73
22810,1006,100.4500008,14.71745261,2.267750025,81.90000153,38.79999924,86.85000038,56.14307021,6776.395142,156.9064026,1.389999986,700,43.10000229,5.142690176,196.9540905,295.55225,1265.2109,32.2,-26.93
22811,1006,100.5,14.40353227,2.509000004,82,42.40000153,95.94999886,56.17984675,6648.908447,156.9064026,1.299999952,620,39.59999847,6.29508102,240.7385475,295.55225,1265.2109,34,-28.73
22812,1006,99.65000153,14.97251255,2.224499941,74.19999695,37.29999924,82.00000191,55.15014649,3952.079834,156.9064026,0.920000017,1100,36.89999771,4.948399988,182.4089994,295.55225,1265.2109,35.5,-30.23
22813,1006,99.67500116,14.46974994,2.374750018,75.80000305,40.5,90.72500038,56.81727601,6256.642578,156.9064026,0.860000014,500,35.30000305,5.639437648,215.4491963,295.55225,1265.2109,37,-31.73
22815,1006,100.4500008,15.1343778,2.03549996,69.30000305,37.29999924,77.64999962,64.01290608,5553.015259,196.1329956,1.059999943,500,32.00000381,4.143260087,158.0565711,295.55225,1265.2109,38.5,-33.23
22817,1006,99.62499999,16.04916007,1.640249997,56.70000076,33.5,60.875,59.12183954,4864.098327,210.8429871,0.75,490,23.20000076,2.690420053,99.85021857,295.55225,1265.2109,40,-34.73
22818,1006,99.56666563,15.87911983,1.683999975,64.30000305,35,65.10000102,61.29155985,3746.140218,225.5529327,0.959999979,260,29.30000305,2.835855916,109.6284001,295.55225,1265.2109,41.5,-36.23
22819,1006,100.0333328,15.83987994,1.748000026,61.79999924,34,65.06666565,73.46815363,7286.340982,243.2049103,0.779999971,490,27.79999924,3.055504091,113.7365332,295.55225,1265.2109,43,-37.73
22820,1006,100.4666672,15.86931015,1.625333349,61.40000153,35,62.46666718,79.12331898,5919.94751,304.006134,0.889999986,280,26.40000153,2.641708495,101.5291574,295.55225,1265.2109,44.5,-39.23
22821,1006,100.7333323,15.76140017,1.710666696,68.19999695,36.5,65.49999873,90.22117868,6230.491374,313.8128052,0.920000017,300,31.69999695,2.926380545,112.0486664,295.55225,1265.2109,46,-40.73
22822,1006,99.66666923,15.71562037,1.676666657,67.19999695,37.20000076,63.83333333,74.56322605,5609.403564,313.8128052,0.569999993,370,29.99999619,2.811211079,107.0272216,295.55225,1265.2109,47.5,-42.23
22823,1006,100.4333344,15.4115102,1.716666658,70.19999695,39.29999924,67.76666769,100.027827,8103.561523,416.7826233,0.699999988,230,30.89999771,2.946944415,116.3327789,295.55225,1265.2109,48.9,-43.63
22832,1007,99.94999885,16.33364963,1.544499994,63.90000153,31.89999962,57.37500096,36.89752007,3567.168823,117.6798019,0.479999989,350,32.00000191,2.385480231,88.61568864,396.18848,1080.2852,14.6,-9.150001
22833,1007,100.3500004,15.79164753,1.744500011,67.5,33.20000076,65.65000153,25.77923107,1402.350876,106.8924866,0.639999986,104,34.29999924,3.043280288,114.5264284,396.18848,1080.2852,16.1,-10.650001
22834,1007,99.67500115,15.82598267,1.84799999,66.80000305,35.40000153,66.92499924,27.04183674,1292.026047,90.22117615,0.660000026,106,31.40000152,3.415103963,123.6773979,396.18848,1080.2852,17.6,-12.150001
22835,1007,99.89999962,15.75731238,1.815249979,69.59999847,35.5,67.00249958,22.3346448,1382.737595,67.66588593,0.560000002,108,34.09999847,3.295132486,121.626286,396.18848,1080.2852,19.1,-13.650001
22836,1007,100.3249989,15.30360002,1.987249971,78,36.90000153,74.72500038,25.92633009,2601.213928,94.14383698,0.790000021,103,41.09999847,3.949162447,148.4972548,396.18848,1080.2852,20.6,-15.150001
22838,1007,100.6000004,14.51879989,2.465000033,94.09999847,40,93.64999962,28.78251696,2611.020477,88.25984192,0.860000014,178,54.09999847,6.076225163,230.8472522,396.18848,1080.2852,22.1,-16.650002
22839,1007,100.4250011,14.97986981,2.217250049,81.59999847,40.40000153,82.92500115,34.98522377,5249.009277,103.9504852,1.039999962,106,41.19999694,4.91619778,183.8654629,396.18848,1080.2852,23.6,-18.150002
22840,1007,99.79999923,14.68066486,2.361000002,90.19999695,40.29999924,88.15000153,41.62922859,5641.275452,118.6604691,1.019999981,370,49.89999771,5.574321009,208.1221538,396.18848,1080.2852,25.1,-19.650002
22841,1007,100.375,14.53106238,2.482500017,93.09999847,38.70000076,93.47500038,43.5047493,4422.799072,128.4671021,1,240,54.39999771,6.162806334,232.05169,396.18848,1080.2852,26.4,-20.95
22842,1007,100.4500008,14.32259979,2.482749999,87.09999847,40.20000076,94.25000191,46.80223656,4827.323364,133.3704376,1.340000033,240,46.89999771,6.164047558,233.9991921,396.18848,1080.2852,28.1,-22.650002
22843,1007,99.92500116,14.31279021,2.682499945,97.5,41.20000076,99.54999924,52.78429031,6053.154785,156.9064026,1.340000033,200,56.29999924,7.195805955,267.0428675,396.18848,1080.2852,29.6,-24.150002
22844,1007,100.6499977,14.36184016,2.571750045,89.09999847,40.29999924,98.02500153,55.79983806,6151.221436,156.9064026,1.210000038,220,48.79999923,6.613898294,252.0958021,396.18848,1080.2852,31.1,-25.650002
22845,1007,99.97499849,14.34957767,2.443749964,89.30000305,43.5,94.14999962,50.99458027,6408.645691,156.9064026,1.279999971,200,45.80000305,5.971913887,230.0790582,396.18848,1080.2852,32.6,-27.149998
22846,1007,99.79999923,14.50653741,2.371999979,86,39.09999847,90.375,54.14496328,7058.336182,156.9064026,1.139999986,550,46.90000153,5.6263839,214.3694981,396.18848,1080.2852,34.1,-28.649998
22847,1007,100.2249985,14.58256466,2.348500013,85.69999695,40.59999847,89.67500115,59.90637111,6528.777222,156.9064026,1.25,550,45.09999848,5.515452311,210.6017414,396.18848,1080.2852,35.6,-30.149998
22848,1007,100.125,14.45013019,2.416999996,86.09999847,42.40000153,92.65000153,60.26186275,6568.003662,156.9064026,1.100000024,400,43.69999694,5.841888981,223.9350533,396.18848,1080.2852,37.1,-31.649998
22849,1007,100.4000016,15.15399755,2.055749953,71.59999847,37.70000076,77.79999924,55.73854448,4692.482056,184.3650208,0.879999995,480,33.89999771,4.226107869,159.9373448,396.18848,1080.2852,38.6,-33.149998
22851,1007,99.64999962,15.19568995,2.014750004,72.5,38,75.5,64.34388066,6732.265015,156.9064026,0.790000021,450,34.5,4.059217579,152.1136253,396.18848,1080.2852,40.1,-34.649998
22853,1007,100.0333329,16.03608014,1.637666623,58.5,32.20000076,61.36666743,59.4936765,6057.240722,191.2296753,0.699999988,390,26.29999924,2.681951968,100.498143,396.18848,1080.2852,41.6,-36.149998
22854,1007,100.299998,15.83334003,1.718333364,62,27.29999924,64.69999822,56.0776914,5253.095378,176.5196838,0.660000026,580,34.70000076,2.95266955,111.1761656,396.18848,1080.2852,43,-37.55
22855,1007,100.5666657,15.89873996,1.694333355,62.70000076,33.59999847,64.00000127,72.89609783,6652.177572,156.9064026,0.75,300,29.10000229,2.870765518,108.4373369,396.18848,1080.2852,44.6,-39.149998
22856,1007,99.89999896,15.81372028,1.735999982,62.70000076,33.09999847,64.76666641,41.3513724,2258.79834,225.5529327,0.730000019,225,29.60000229,3.013695938,112.4349317,396.18848,1080.2852,46.1,-40.649998
22857,1007,99.83333587,15.79736991,1.729666631,64.80000305,29.39999962,64.69999949,67.99276988,3376.756347,264.779541,0.889999986,320,35.40000343,2.991746654,111.9094301,396.18848,1080.2852,47.4,-41.95
22858,1007,99.26666514,15.60771001,1.806666652,67.59999847,36.5,67.10000102,76.05056762,5740.159098,236.340271,0.720000029,420,31.09999847,3.264044391,121.2273342,396.18848,1080.2852,49,-43.55
22859,1007,100.1666667,16.32383995,1.467999975,54.70000076,30.5,55.76666769,87.76951853,7675.337891,294.1994934,0.850000024,300,24.20000076,2.155023927,81.86546677,396.18848,1080.2852,50.6,-45.149998
22860,1007,100.1666667,16.15053004,1.583666682,60.09999847,34.59999847,59.56666692,84.46794128,5593.059245,343.2327271,0.629999995,300,25.5,2.50800016,94.33374576,396.18848,1080.2852,52.1,-46.649998
22861,1007,99.79999797,16.48080027,1.515666644,60.79999924,30.89999962,55.73333486,99.5865275,6083.391602,372.6526794,0.370000005,310,29.89999962,2.297245376,84.47315661,396.18848,1080.2852,53.6,-48.149998
22862,1007,99.96666718,16.27478999,1.504666686,52.70000076,32.09999847,56.96666591,92.78724923,4936.01359,421.6859741,0.769999981,160,20.60000229,2.264021836,85.71584441,396.18848,1080.2852,55.1,-49.649998
22863,1007,99.66666668,16.57236026,1.452333331,59.5,31.60000038,53.69999949,106.2387034,4556.823161,598.2056274,0.560000002,170,27.89999962,2.109272104,77.99029913,396.18848,1080.2852,56.6,-51.149998
22874,1008,98.07499886,15.38943744,1.863749981,68.19999695,38,69.19999981,46.21383762,3488.715759,109.8344803,0.74000001,450,30.19999695,3.473563992,128.9714983,94.11719,1265.3008,9.6,-2.6800003
22875,1008,99.62499809,15.59789974,1.851999998,81.5,45,68.92500115,40.82018089,3368.584106,113.7571335,0.730000019,53,36.5,3.429903993,127.649102,94.11719,1265.3008,11.1,-4.1800003
22880,1008,98.29999924,17.80024504,1.054749995,39.59999847,25,38.72499943,34.93618966,2878.251648,234.3789368,0.379999995,1230,14.59999847,1.112497552,40.84519296,94.11719,1265.3008,15.6,-8.68
22881,1008,97.25,16.92224994,1.289499998,53,29.89999962,46.69999886,69.4433384,3265.614258,187.3070068,0.50999999,288,23.10000038,1.662810245,60.21964844,94.11719,1265.3008,16.9,-9.98
22882,1008,97.92500115,16.71133503,1.353749991,56.09999847,30.39999962,49.42500019,57.85923481,3996.2099,162.79039,0.479999989,420,25.69999885,1.832639038,66.90909356,94.11719,1265.3008,18.5,-11.58
22883,1008,99.55000115,16.43910708,1.496749997,67.69999695,36,55.57500077,59.45281506,4199.697693,164.751709,0.560000002,173,31.69999695,2.240260554,83.18188224,94.11719,1265.3008,19.8,-12.879999
22884,1008,99.70000076,15.35510259,1.953749955,82.30000305,42.90000153,73.22500038,46.15254784,3893.23999,128.4671021,0.769999981,242,39.40000152,3.817138887,143.0633412,94.11719,1265.3008,21.5,-14.58
22885,1008,99.45000076,15.49734751,1.842000038,77.59999847,40.5,68.94999886,50.38166238,4383.572632,133.3704376,0.860000014,375,37.09999847,3.39296414,127.0059005,94.11719,1265.3008,22.9,-15.98
22886,1008,99.44999886,15.16380742,2.065000028,80.5,43.20000076,76.875,40.08468152,4354.152527,140.2350922,0.860000014,330,37.29999924,4.264225116,158.7468772,94.11719,1265.3008,24.5,-17.58
22887,1008,99.67500114,14.82781501,2.226749957,83.40000153,46.59999847,83.57499886,61.5980196,4724.353516,147.0997467,0.949999988,475,36.80000306,4.958415371,186.1006251,94.11719,1265.3008,26,-19.08
22888,1008,99.02499962,14.83026733,2.195500016,81.30000305,45.40000153,81.85000038,52.710742,3731.430298,148.0804138,0.920000017,295,35.90000152,4.82022032,179.7016771,94.11719,1265.3008,27.5,-20.58
22889,1008,98.60000038,14.66104482,2.268000007,83.09999847,47.29999924,84.44999886,56.81727886,5121.522827,162.79039,0.970000029,365,35.79999923,5.143824032,191.532598,94.11719,1265.3008,29,-22.08
22890,1008,98.97500038,14.60708993,2.310249985,83.90000153,49.40000153,86.54999924,64.84647178,4361.507385,173.5776978,0.949999988,310,34.5,5.337254993,199.9521344,94.11719,1265.3008,30.5,-23.58
22891,1008,99.29999924,14.8523397,2.185000002,75.80000305,45.20000076,81.875,76.24670219,5668.24353,201.0363159,0.959999979,375,30.60000229,4.774225009,178.8968752,94.11719,1265.3008,32,-25.08
22892,1008,99.07500076,14.9112001,2.138250053,74.5,47.5,79.85000038,80.72098923,6756.781738,208.8816528,0.959999979,510,27,4.572113289,170.7392675,94.11719,1265.3008,33.5,-26.58
22893,1008,99.125,15.14909262,1.994750023,70.19999695,45,74.67499924,94.32771493,6898.978272,249.0888977,0.74000001,385,25.19999695,3.979027654,148.9579565,94.11719,1265.3008,35,-28.08
22895,1008,95.75,16.48570501,1.397249997,54.79999924,37.40000153,49.89999962,99.59878921,7068.142945,328.5227661,0.560000002,740,17.39999771,1.952307554,69.72277432,94.11719,1265.3008,36.5,-29.58
22899,1008,98.14999962,16.16197479,1.549250007,56.70000076,37.79999924,56.72500038,114.4926357,9196.185913,343.2327271,0.620000005,550,18.90000152,2.400175584,87.88120724,94.11719,1265.3008,39.7,-32.78
22901,1008,93.5,17.04978005,1.22299999,42.5,26.5,42.05000115,40.45243072,3064.578064,460.9125061,0.449999988,1620,16,1.495728976,51.42715099,94.11719,1265.3008,41.5,-34.58
22909,1009,98.29999924,15.31095758,1.953999996,85.09999847,44.09999847,71.40000153,41.12663841,1564.160645,112.7764664,0.75999999,240,41,3.818115984,139.5156027,521.853,525.59375,18.6,-5.8500004
22910,1009,98.40000153,15.46056005,1.877000004,83.5,43.09999847,68.75,35.64717293,2218.754547,107.8731537,0.720000029,235,40.40000153,3.523129015,129.0437503,521.853,525.59375,20.1,-7.3500004
22911,1009,98.04999924,15.23983497,1.989749998,86.40000153,44.90000153,72.42499924,35.76975441,2348.692596,97.08583069,0.839999974,199,41.5,3.959105055,144.1076421,521.853,525.59375,21.6,-8.85
22912,1009,97.94999886,15.4948949,1.861749977,88.80000305,46.5,67.72499943,34.32327461,2329.079346,104.93116,0.819999993,227,42.30000305,3.466112977,126.0870161,521.853,525.59375,23.1,-10.35
22913,1009,97.25,16.00011012,1.615500003,64.80000305,37.5,58.39999962,52.62493324,3407.810791,147.0997467,0.600000024,276,27.30000305,2.60984026,94.34519956,521.853,525.59375,24.6,-11.85
22914,1009,98.25000191,17.21654995,1.212249994,50.79999924,29.79999924,44.25000095,34.24972439,2110.881378,164.751709,0.449999988,445,21,1.469550048,53.64206339,521.853,525.59375,26.1,-13.35
22915,1009,98.92499924,17.27786269,1.188000024,52.5,29.79999924,44.00000095,57.7979431,3035.158051,158.8677216,0.5,312,22.70000076,1.411344057,52.27200218,521.853,525.59375,27.6,-14.85
22918,1009,98.27499962,16.00746767,1.686250001,91.30000305,47.59999847,60.77499962,65.45938683,4189.891235,182.4036865,0.699999988,447,43.70000458,2.843439066,102.4818432,521.853,525.59375,30.6,-17.85
22919,1009,98.97500038,15.07551768,2.079000056,81.19999695,42.20000076,76.97499848,63.19159985,4535.575562,168.6743774,0.920000017,167,38.99999619,4.322241233,160.0310262,521.853,525.59375,32.2,-19.45
22920,1009,99.00000191,14.98232242,2.157999992,90.80000305,47.90000153,79.52499962,57.55277443,3699.558655,196.1329956,0.949999988,158,42.90000152,4.656963965,171.6149485,521.853,525.59375,33.7,-20.95
22921,1009,99.64999962,14.62916229,2.393999994,96.19999695,51.20000076,89.42500115,51.85266208,3643.170349,171.6163635,1.159999967,247,44.99999619,5.731235971,214.0834522,521.853,525.59375,35.2,-22.45
22922,1009,99.69999886,14.6316149,2.369999945,102,56.79999924,88.90000153,58.10439968,3949.628113,179.4617004,1.159999967,314,45.20000076,5.616899739,210.6929987,521.853,525.59375,36.7,-23.95
22923,1009,97.875,14.30298004,2.483500004,101.6999969,54.29999924,92.17500114,67.97234154,3410.262451,201.0363159,1.340000033,244,47.39999766,6.16777227,228.9166157,521.853,525.59375,38.2,-25.45
22924,1009,99.04999924,14.29807511,2.561749995,104.1999969,55.5,95.625,63.62063886,6173.286011,181.4230194,1.320000052,225,48.6999969,6.562563037,244.9673433,521.853,525.59375,39.7,-26.95
22925,1009,98.85000038,14.22204756,2.553000033,108.8000031,59.70000076,96.02499962,62.94643306,5646.178711,192.2103424,1.299999952,190,49.10000234,6.517809168,245.1518272,521.853,525.59375,41.2,-28.45
22926,1009,99.27499962,14.17790255,2.664250016,106.5,59.70000076,99.82500077,71.09820938,5173.007874,196.1329956,1.299999952,265,46.79999924,7.098228148,265.9587599,521.853,525.59375,42.7,-29.95
22927,1009,99.80000115,14.34221983,2.57099998,107.5,60.09999847,96.77500153,71.34337806,5491.723999,200.0556488,1.289999962,265,47.40000153,6.610040897,248.808527,521.853,525.59375,44.2,-31.45
22928,1009,99.19999885,14.25883502,2.607000053,97.80000305,53.20000076,97.35000039,77.6564064,4545.382202,223.5916138,1.470000029,210,44.60000229,6.796449276,253.7914562,521.853,525.59375,45.7,-32.95
22929,1009,99.85000038,14.43541509,2.488999963,105.9000015,60.29999924,94.32499886,79.49515533,5771.213379,235.3596039,1.370000005,285,45.60000226,6.195120816,234.7749187,521.853,525.59375,47.2,-34.45
22930,1009,99.82500076,14.82045746,2.234499991,87,52,84.02499962,82.13069343,5579.983765,245.1662445,0.959999979,380,35,4.99299021,187.7538609,521.853,525.59375,48.7,-35.95
22932,1009,96.29999924,17.17976278,1.216499984,47.59999847,29.60000038,43.22500038,76.6757431,5511.337158,402.0726318,0.389999986,1050,17.99999809,1.479872211,52.58321227,521.853,525.59375,50.2,-37.45
22934,1009,99.34999847,16.04425514,1.680750012,68.5,43.5,61.64999962,77.71769905,4408.089051,250.0695648,0.660000026,355,25,2.824920603,103.6182376,521.853,525.59375,51.7,-38.95
22935,1009,99.45000076,16.2330974,1.57100001,61.09999847,37.90000153,58.125,82.0694008,6092.381226,254.9728851,0.560000002,510,23.19999694,2.468041031,91.31437558,521.853,525.59375,53.2,-40.45
22936,1009,98.99999809,16.44891725,1.502750009,59.40000153,36.29999924,54.92500115,102.6020718,7502.087158,271.6441956,0.639999986,375,23.10000229,2.25825759,82.53854597,521.853,525.59375,54.7,-41.95
22937,1009,99.62499809,16.25516976,1.60224998,76,41.5,58.79999924,128.7122726,8485.203491,319.6967773,0.709999979,275,34.5,2.567204998,94.21229761,521.853,525.59375,56.2,-43.45
22938,1009,98.57500077,16.87810493,1.344500035,57.90000153,34.20000076,48.95000076,139.8673477,6827.879883,449.1445618,0.5,585,23.70000077,1.807680344,65.81327774,521.853,525.59375,57.7,-44.95
22939,1009,98.55000115,17.42991748,1.160250008,47.20000076,28.89999962,42.42499924,113.6345501,4653.255432,490.332489,0.400000006,905,18.30000114,1.346180081,49.22360571,521.853,525.59375,59.2,-46.45
22941,1009,97.72500038,17.42746487,1.165749997,51.40000153,32,42.05000019,130.5510254,5403.463867,456.0092163,0.5,405,19.40000153,1.358973056,49.0197876,521.853,525.59375,60.7,-47.95
22943,1009,98.12500191,18.31527013,0.953250006,35.59999847,25.20000076,34.5,124.7283268,5219.589478,446.2025757,0.469999999,425,10.39999771,0.908685574,32.88712521,521.853,525.59375,62.2,-49.45
22944,1009,98.30000115,18.01116025,1.0185,37.29999924,26,37,129.3251915,5761.40686,441.2992554,0.439999998,1160,11.29999924,1.03734225,37.6845,521.853,525.59375,63.7,-50.95
22958,1010,99.79999924,17.57952025,1.166249991,40.09999847,27.89999962,42.875,30.74384785,2331.530945,107.8731537,0.319999993,119,12.19999885,1.360139042,50.00296836,672.9541,556.34766,10.4,-7.99
22959,1010,99.70000076,17.12090208,1.295749992,49.20000076,29.20000076,47.59999943,24.83534122,1186.604614,139.254425,0.439999998,840,20,1.678968042,61.67769888,672.9541,556.34766,11.9,-9.49
22961,1010,97.47500038,16.56663749,1.432999999,50.5,30,51.625,36.4439621,2444.307434,144.1577606,0.5,930,20.5,2.053488997,73.97862495,672.9541,556.34766,13.4,-10.99
22962,1010,97.82500077,15.88239017,1.692000002,64.19999695,38.90000153,61.27499962,40.4401722,2991.02826,110.8151398,0.649999976,415,25.29999542,2.862864007,103.6772995,672.9541,556.34766,14.9,-12.49
22963,1010,98.625,15.72788247,1.780750036,65.90000153,36.5,64.97500038,37.24075222,2687.022034,141.2157593,0.479999989,960,29.40000153,3.171070691,115.7042343,672.9541,556.34766,16.4,-13.99
22964,1010,98.42499924,15.66411771,1.805250019,70.80000305,39.40000153,65.75,34.07810831,3128.321259,103.9504852,0.800000012,270,31.40000152,3.258927631,118.6951887,672.9541,556.34766,17.9,-15.49
22965,1010,97.47500038,15.92162996,1.668499977,64.5,36.79999924,60.22500134,43.46797466,3111.159668,107.8731537,0.610000014,343,27.70000076,2.783892173,100.4854134,672.9541,556.34766,19.4,-16.99
22966,1010,99.52499962,15.01175263,2.185000062,86.69999695,47.09999847,80.67500114,43.45571709,3096.449646,125.525116,0.949999988,199,39.59999848,4.774225271,176.2748825,672.9541,556.34766,20.9,-18.49
22967,1010,98.5,14.41579535,2.496749938,90.5,49,91.82500076,47.64805985,3231.291077,146.1190796,1.149999976,382,41.5,6.233760253,229.264065,672.9541,556.34766,22.4,-19.99
22968,1010,99.60000038,14.61935242,2.420249998,90.59999847,49.20000076,89.875,43.13700104,2964.059815,119.6411285,1.080000043,110,41.39999771,5.857610053,217.5199686,672.9541,556.34766,23.9,-21.49
22969,1010,98.89999962,14.16809267,2.721749962,100.3000031,53,100.2999993,45.0370388,3893.239929,145.1384125,1.320000052,390,47.3000031,7.407922856,272.9915193,672.9541,556.34766,25.4,-22.99
22970,1010,98.875,14.44522497,2.562000036,93.59999847,48.90000153,93.52499962,53.01720143,4219.311096,159.8483887,1.230000019,235,44.69999694,6.563844184,239.6110524,672.9541,556.34766,26.9,-24.49
22971,1010,99.30000115,14.23431005,2.668500006,99.90000153,57.09999847,99.1250019,53.44624042,3917.756592,196.1329956,1.25999999,125,42.80000306,7.120892282,264.5150682,672.9541,556.34766,28.2,-25.79
22972,1010,99.55000115,14.25638241,2.552000046,93.5,49.59999847,96.95000076,73.0595417,5685.405274,177.500351,1.169999957,220,43.90000153,6.512704235,247.4164064,672.9541,556.34766,29.9,-27.49
22973,1010,99.72500038,14.25638241,2.622249961,97.40000153,54.29999924,98.97500038,75.1434536,6911.236451,218.6882935,1.330000043,195,43.10000229,6.876194858,259.5371909,672.9541,556.34766,31.4,-28.99
22974,1010,99.52499962,14.13130491,2.715499997,96.40000153,52.40000153,102,67.60459328,5979.604614,223.5916138,1.309999943,194,44,7.373940234,276.9809997,672.9541,556.34766,32.8,-30.39
22975,1010,99.20000076,14.28581262,2.614000023,94.30000305,55.90000153,97.09999848,76.18540954,5798.181519,234.3789368,1.320000052,188,38.40000152,6.83299612,253.8193983,672.9541,556.34766,34.3,-31.89
22976,1010,99.17499924,14.35203029,2.533500016,89.30000305,54.70000076,94.67499924,75.26603697,6815.621827,225.5529327,1.129999995,175,34.60000229,6.418622331,239.8591121,672.9541,556.34766,35.7,-33.29
22977,1010,99.29999924,14.33486228,2.554750026,74.5,53.5,95.54999734,61.1689787,4187.439453,256.9342041,1.25999999,390,21,6.526747695,244.1063582,672.9541,556.34766,37.3,-34.89
22979,1010,99.5,15.60035265,1.801500052,66.40000153,46.59999847,67.42500115,88.32113838,6994.59314,231.4369202,0.660000026,450,19.80000306,3.245402437,121.4661431,672.9541,556.34766,38.8,-36.39
22981,1010,97.62499809,16.15707014,1.600499988,53.20000076,37,57.5,55.03982258,2978.769806,245.1662445,0.610000014,425,16.20000076,2.561600212,92.02874931,672.9541,556.34766,40.3,-37.89
22982,1010,97.85000038,16.06877982,1.619749993,53.90000153,39.70000076,58.55000019,87.70822144,6945.559753,299.1028137,0.699999988,500,14.20000077,2.62359004,94.8363624,672.9541,556.34766,41.8,-39.39
22983,1010,98.27499962,16.19876255,1.628499985,56.79999924,37.70000076,58.40000057,88.3211422,6482.195313,268.7022095,0.699999988,263,19.09999848,2.652012201,95.10440005,672.9541,556.34766,43.3,-40.89
22984,1010,98.44999886,15.97803776,1.696249992,60,40.40000153,61.32500076,97.82132911,7492.280396,294.1994934,0.810000002,297,19.59999847,2.877264035,104.022532,672.9541,556.34766,44.8,-42.39
22985,1010,97.90000153,16.56418487,1.457249999,54.5,37,52.375,112.4087219,8531.785279,309.8901367,0.569999993,435,17.5,2.12357756,76.3234687,672.9541,556.34766,46.3,-43.89
22986,1010,99.34999848,17.20183514,1.257750005,46.70000076,33.79999924,46.125,127.4251537,7989.96814,529.559082,0.479999989,625,12.90000152,1.581935075,58.01371898,672.9541,556.34766,47.8,-45.39
22987,1010,96.07500076,17.53537494,1.14199999,47.79999924,33.5,40.27500057,111.0603123,7833.061523,568.7857056,0.360000014,1420,14.29999924,1.304163977,45.99405025,672.9541,556.34766,49.3,-46.89
22988,1010,96.70000076,17.40048757,1.137499988,39.29999924,28,40.90000057,129.9381103,6729.813355,509.9457703,0.419999987,930,11.29999924,1.293906223,46.52375016,672.9541,556.34766,50.8,-48.39
22989,1010,96,17.89098739,1.020999968,35.5,26.39999962,36.22500038,125.0347824,8803.919922,442.2799377,0.319999993,1380,9.10000038,1.042440935,36.98572423,672.9541,556.34766,52.3,-49.89
22990,1010,96.35000038,16.58871014,1.38349998,46.59999847,33.79999924,49.42749977,114.3087635,3152.83783,460.9125061,0.5,1170,12.79999923,1.914072195,68.38294494,672.9541,556.34766,53.8,-51.39
22991,1010,96.07499886,17.33672222,1.154000014,40.70000076,29.79999924,41.09999943,125.7089882,5177.911072,549.1723633,0.400000006,1800,10.90000152,1.331716032,47.42939992,672.9541,556.34766,55.3,-52.89
23046,1012,99.54999925,16.44401261,1.574499965,73.59999847,40.20000076,57.85000038,14.30545068,630.0772323,58.83990097,0.479999989,504,33.39999771,2.47905014,91.08482357,1176.2788,-306.60938,14.7,-10.34
23047,1012,99.19999886,16.03689758,1.690749973,60.59999847,33.29999924,61.69999981,18.76747561,1019.891587,90.22117615,0.579999983,309,27.29999923,2.858635471,104.319273,1176.2788,-306.60938,16.2,-11.84
23048,1012,99.8500023,16.0099197,1.722750008,66.40000153,34.79999924,63.67500019,20.71654797,1223.379563,85.31785583,0.709999979,386,31.60000229,2.96786759,109.6961071,1176.2788,-306.60938,17.6,-13.24
23050,1012,98.125,15.69354733,1.809249967,69.40000153,36.09999847,65.42500019,20.96171427,1331.252747,88.25984192,0.860000014,228,33.30000306,3.273385443,118.3701794,1176.2788,-306.60938,19.3,-14.939999
23051,1012,99.99999808,15.20550012,2.090999991,82.80000305,39.79999924,77.47500038,20.16492414,1414.609238,70.60787964,0.959999979,217,43.00000381,4.372280962,162.0002251,1176.2788,-306.60938,20.8,-16.439999
23052,1012,99.82499885,15.24719252,2.109250039,83,42.5,77.77499867,20.83912993,1105.699799,81.39519501,0.779999971,343,40.5,4.448935727,164.046919,1176.2788,-306.60938,22.3,-17.939999
23053,1012,100.6250019,15.3698177,2.072750032,80.90000153,38.79999924,76.70000076,20.55718947,1385.189301,87.27918243,0.720000029,153,42.10000229,4.296292695,158.979929,1176.2788,-306.60938,23.8,-19.439999
23054,1012,101.1499996,14.27600274,2.807250023,111.0999985,51.20000076,105.1499996,24.0385499,1701.453705,91.20184326,1.210000038,228,59.89999774,7.880652692,295.1823388,1176.2788,-306.60938,25.3,-20.939999
23055,1012,100.5750008,14.22204785,2.801999986,111.3000031,51.59999847,104.6499996,25.68116427,2606.117218,86.29851532,1.25999999,213,59.70000463,7.851203922,293.2292974,1176.2788,-306.60938,26.8,-22.439999
23056,1012,100.9500027,14.09206484,2.894999981,116.6999969,54.79999924,109.3749981,30.13093138,2748.313538,95.12450409,1.179999948,299,61.89999766,8.38102489,316.6406174,1176.2788,-306.60938,28.3,-23.939999
23057,1012,100.6749993,13.91057983,3.009750009,121.9000015,61.79999924,114.1749992,31.98193693,3304.840943,109.8344803,1.230000019,572,60.10000226,9.058595117,343.6382049,1176.2788,-306.60938,29.9,-25.539999
23058,1012,100.4000015,14.03810994,2.852500022,118.5999985,59.59999847,108.1000004,38.45432663,4133.502808,108.8538132,1.179999948,446,59.00000003,8.136756376,308.3552535,1176.2788,-306.60938,31.3,-26.939999
23059,1012,100.5,14.01358467,2.876999974,118.9000015,60.79999924,109.2749996,35.63491344,3420.069122,112.7764664,1.210000038,323,58.10000226,8.27712885,314.384171,1176.2788,-306.60938,32.8,-28.439999
23060,1012,100.75,14.02830007,2.87349999,115.4000015,58,109.5500012,44.16669846,4675.320313,139.254425,1.460000038,520,57.4000015,8.257002193,314.7919274,1176.2788,-306.60938,34.3,-29.939999
23061,1012,100.4499988,13.99151261,2.879999936,115.3000031,62.20000076,109.5749989,42.65892601,4785.64508,166.7130585,1.299999952,422,53.10000234,8.294399631,315.5759898,1176.2788,-306.60938,35.8,-31.439999
23062,1012,100.7000008,14.07980235,2.845749974,115.8000031,56.09999847,108,37.37559319,3025.351441,138.2737579,1.299999952,369,59.70000463,8.098292915,307.3409972,1176.2788,-306.60938,37.3,-32.94
23063,1012,100.1000004,14.41824737,2.521500051,104.1999969,51.70000076,95.20000076,53.91205787,5462.303955,176.5196838,1.139999986,409,52.49999614,6.357962507,240.0468068,1176.2788,-306.60938,38.8,-34.44
23065,1012,100.6750012,15.84069748,1.819999993,61.5,35.90000153,67.80000114,46.1648035,4211.956116,211.8236389,0.620000005,557,25.59999847,3.312399975,123.3960016,1176.2788,-306.60938,40.3,-35.94
23067,1012,100.1000004,16.73586,1.414000035,53,31,52.37750054,50.84747887,5403.463989,212.804306,0.589999974,654,22,1.999396099,74.0617876,1176.2788,-306.60938,41.8,-37.44
23068,1012,100.5249996,16.43420273,1.542000026,61,34.79999924,57.22499943,49.02099038,5849.666626,202.9976501,0.629999995,373,26.20000076,2.37776408,88.24095061,1176.2788,-306.60938,43.3,-38.94
23069,1012,100.1750012,15.83579254,1.796499998,66.30000305,35.5,66.27499867,48.26097584,6462.582336,200.0556488,0.779999971,355,30.80000305,3.227412243,119.063035,1176.2788,-306.60938,44.8,-40.44
23070,1012,101.1749992,16.31893511,1.630999983,63.40000153,35.29999924,60.54999924,56.73146915,4297.764343,205.9396362,0.810000002,175,28.10000229,2.660160945,98.75704773,1176.2788,-306.60938,46.3,-41.94
23071,1012,99.55000115,16.31157755,1.596249968,61,33.09999847,58.27500057,43.884758,2262.884521,232.4175873,0.620000005,616,27.90000153,2.54801396,93.0214678,1176.2788,-306.60938,47.2,-42.84
23110,1014,99.375,15.27171779,2.048500001,79.19999695,40.70000076,75.12500191,23.92822599,1556.805634,69.62721252,0.790000021,555,38.49999619,4.196352254,153.8935665,1352.4634,-614.8008,16.3,-12.879999
23112,1014,99.67499924,14.81309991,2.318750084,82.59999847,43.09999847,85.64999962,19.11070871,1179.249664,52.95590973,1.059999943,302,39.5,5.376601952,198.6009438,1352.4634,-614.8008,17.8,-14.379999
23113,1014,99.07499695,14.92591492,2.274999976,82.19999695,39.5,83.22500039,19.12296677,1127.764694,50.9945755,0.769999981,308,42.69999695,5.175624891,189.3368739,1352.4634,-614.8008,19.3,-15.879999
23114,1014,98.94999886,14.67821253,2.418249906,78.59999847,46.79999924,88.02499771,16.00935602,740.4020843,47.07191849,0.620000005,287,31.79999923,5.847932608,212.8664424,1352.4634,-614.8008,20.8,-17.38
23115,1014,99.94999884,14.61199515,2.497749984,99.30000305,45.09999847,92.125,16.38936353,1071.37648,49.0332489,0.959999979,158,54.20000458,6.238754983,230.1052173,1352.4634,-614.8008,22.3,-18.88
23116,1014,99.54999924,14.30788498,2.705749989,98.59999847,45.79999924,99.49999998,12.94477773,943.8900682,54.91724014,1.100000024,199,52.79999923,7.321083003,269.2221239,1352.4634,-614.8008,23.8,-20.38
23117,1014,100.2750016,14.0037748,2.96025002,109.1999969,53.90000153,110.5,15.58031535,836.0169221,59.82056427,1.139999986,156,55.29999537,8.763080181,327.1076272,1352.4634,-614.8008,25.3,-21.88
23118,1014,100.4250012,13.96698763,3.016000033,108.5,54.5,112.6999988,18.39972687,1108.151413,59.82056427,1.200000048,140,54,9.096256199,339.9032001,1352.4634,-614.8008,26.8,-23.38
23119,1014,101,13.94491498,3.05675,106.3000031,52,115.3000012,23.87919235,1686.743774,66.68521881,1.210000038,265,54.3000031,9.343720563,352.4432787,1352.4634,-614.8008,28.3,-24.88
23120,1014,100.875,13.72173757,3.202250004,116,57.90000153,122.0750027,25.00695658,1571.515656,89.24051666,1.409999967,211,58.09999847,10.25440509,390.9146779,1352.4634,-614.8008,29.8,-26.38
23121,1014,100.5,13.98660737,2.972499967,103.6999969,49.20000076,111.7000008,28.47605848,2233.464539,99.04716492,1.149999976,118,54.49999614,8.835756054,332.0282487,1352.4634,-614.8008,31.3,-27.88
23122,1014,100.5000019,13.94246265,2.957750023,107.5999985,57.09999847,112.125,32.2761364,2924.833313,101.989151,1.320000052,164,50.50000003,8.748285199,331.6377213,1352.4634,-614.8008,32.8,-29.38
23123,1014,100.6000004,13.91058012,3.000250042,107.9000015,49.79999924,113.750002,34.05359268,2843.928467,108.8538132,1.659999967,163,58.10000226,9.001500315,341.2784483,1352.4634,-614.8008,34.3,-30.88
23124,1014,100.6499996,14.0184899,2.890500009,104.5999985,51.5,109.8999996,36.87300396,2939.543274,115.7184601,1.190000057,354,53.0999985,8.354990302,317.6659498,1352.4634,-614.8008,35.8,-32.379997
23125,1014,100.125,14.06999247,2.801500022,103,53.59999847,105.9750023,45.26994801,4819.968323,132.3897705,1.269999981,202,49.40000153,7.848402373,296.8889713,1352.4634,-614.8008,37.3,-33.879997
23126,1014,100.5250015,14.6168998,2.466750026,92.09999847,49,92.375,45.51511574,4851.840088,172.5970306,1.149999976,176,43.09999847,6.084855691,227.8660337,1352.4634,-614.8008,38.8,-35.379997
23129,1014,98.62500191,17.33672251,1.243999988,44.5,29.70000076,44.80000019,42.87957574,3285.227722,169.6550446,0.360000014,1610,14.79999924,1.54753597,55.7311997,1352.4634,-614.8008,40.3,-36.879997
23130,1014,100.375,16.57644765,1.520749986,53.09999847,31.20000076,55.85000038,39.7414484,3760.850189,165.7323914,0.550000012,582,21.89999771,2.31268052,84.9338873,1352.4634,-614.8008,41.8,-38.379997
23131,1014,100.3500023,16.19876255,1.670249969,58.90000153,32.70000076,61.40000057,54.708848,5523.595337,206.9203033,0.600000024,341,26.20000077,2.789734959,102.553349,1352.4634,-614.8008,43.3,-39.879997
23132,1014,100.0999985,16.39496265,1.593250006,53.09999847,33,58.22499943,59.74701499,6011.476196,245.1662445,0.699999988,129,20.09999847,2.538445582,92.76698069,1352.4634,-614.8008,44.8,-41.379997
23134,1014,99.82500077,17.10373494,1.345249981,46.40000153,28.10000038,48.94999981,70.16657924,8571.011841,249.0888977,0.600000024,605,18.30000115,1.809697511,65.84998631,1352.4634,-614.8008,46.3,-42.879997
23174,1016,99.60000038,15.92898751,1.723749995,71.90000153,32.29999924,63.75,9.132442594,458.4608917,27.94895172,0.639999986,96,39.60000229,2.971314045,109.8890622,1050.4387,-90.875,14.4,-7.2799997
23176,1016,99.77499772,14.80819526,2.314249993,89,39,85.77499771,8.396944164,605.5606232,27.94895172,0.560000002,160,50,5.35575303,198.5047878,1050.4387,-90.875,17.4,-10.28
23177,1016,100.0000026,15.77121024,1.806666692,63.20000076,29.70000076,66.90000025,10.54214827,523.0213114,42.16859436,0.449999988,900,33.5,3.264044536,120.8660021,1050.4387,-90.875,18.9,-11.78
23189,1017,99.34999848,15.97068021,1.693500042,62.20000076,28.70000076,62.35000229,4.045243144,318.7161332,26.47795486,0.430000007,180,33.5,2.867942392,105.5897315,1125.9441,-214.15234,13.7,-6.33
23191,1017,99.85000038,15.39924732,2.009000003,82,36,74.02500153,9.561483503,495.2357941,37.75559998,0.699999988,120,46,4.036081012,148.7162283,1125.9441,-214.15234,16.7,-9.330001
23192,1017,99.94999885,16.57889998,1.523000002,55.20000076,26.5,56.15000057,13.05510235,1088.538116,39.22660065,0.680000007,120,28.70000076,2.319529006,85.51645098,1125.9441,-214.15234,18.2,-10.830001
23193,1017,100.0249996,16.03689729,1.691000015,48.59999847,25.70000076,62.59999848,15.13901568,1279.767792,137.2930908,0.439999998,1900,22.89999771,2.859481051,105.8565984,1125.9441,-214.15234,19.7,-12.330001
23229,1020,99.72500038,17.33917513,1.224249959,49.59999847,24.70000076,45.25,21.81979561,1534.740661,132.3897705,0.389999986,420,24.89999771,1.498787962,55.39731064,1427.9778,-738.0781,15.8,-9.110001
23230,1020,99.25,16.56663749,1.538750023,97.5,40.5,56.17500115,21.02300596,1546.998993,79.43386078,0.25,390,57,2.367751633,86.43928431,1427.9778,-738.0781,17.3,-10.609999
23231,1020,99.82500076,17.21164531,1.279250026,54.79999924,28.20000076,46.95000077,29.60382414,2105.978088,100.0278244,0.379999995,190,26.59999848,1.636480629,60.06078971,1427.9778,-738.0781,18.8,-12.109999
24199,1047,89.64999962,16.33364992,1.34375,57.90000153,34.09999847,44.94999886,16.18097234,1512.675721,249.0888977,0.216000006,540,23.80000306,1.805664063,60.40156097,949.92554,494.60938,6.8,-0.25
24200,1047,91.07500077,15.93143983,1.500999987,68.69999695,40.70000076,50.70000077,20.10363174,1953.975006,299.1028137,0.354999989,450,27.99999619,2.253000961,76.1007005,949.92554,494.60938,8,-1.4499998
24201,1047,90.85000038,16.31648249,1.372249991,62.70000076,37.20000076,46.32499981,30.64578104,2637.988739,346.1747437,0.243000001,600,25.5,1.883070038,63.56948057,949.92554,494.60938,9.9,-3.3499994
24202,1047,90.5,17.16014245,1.11925,37.5,22.60000038,37.75000095,13.36156011,1721.066986,421.6859741,0.319000006,480,14.89999962,1.252720563,42.25168856,949.92554,494.60938,11.4,-4.8499994
24205,1047,99.05000113,16.42684518,1.51700002,83.69999695,42.59999847,55.5,38.73626661,2919.929993,150.0417328,0.638000011,185,41.09999848,2.301289061,84.19350111,949.92554,494.60938,18.4,-11.849999
24206,1047,100.4500008,16.37043738,1.563749999,79.09999847,39.79999924,57.95499897,44.62025643,3052.319794,149.0610809,0.61500001,210,39.29999923,2.445314059,90.62712958,949.92554,494.60938,19.9,-13.349999
24207,1047,99.97499847,15.95841772,1.659500033,90.90000153,42.59999847,62.12499905,49.52358151,5001.391236,171.6163635,0.711000025,170,48.30000306,2.75394036,103.096438,949.92554,494.60938,21.4,-14.849999
24208,1047,99.05000115,15.67392758,1.755250007,85.80000305,44.90000153,65.27499962,53.07849312,4008.468201,202.016983,0.667999983,220,40.90000152,3.080902587,114.5739435,949.92554,494.60938,22.9,-16.349998
24209,1047,100.4000015,16.17668989,1.574249983,90.30000305,41.79999924,59.27499866,56.75598621,6273.804199,210.8429871,0.671000004,140,48.50000381,2.478263009,93.31366563,949.92554,494.60938,24.4,-17.849998
24210,1047,99.17499924,15.16871236,1.995499998,108.9000015,52.70000076,74.52499962,52.58815956,4719.450134,188.287674,0.816999972,215,56.20000074,3.982020242,148.7146366,949.92554,494.60938,25.9,-19.349998
24211,1047,99.57500077,14.82045775,2.216249943,119.1999969,57.90000153,83.125,56.75598431,6102.187866,194.1716614,0.967000008,115,61.29999537,4.91176381,184.2257765,949.92554,494.60938,27.4,-20.849998
24212,1047,94.97500038,14.71990494,2.075999916,119.0999985,58.79999924,74.52499962,55.53015614,5239.202637,195.1523285,0.98299998,150,60.29999926,4.309775651,154.713893,949.92554,494.60938,28.9,-22.349998
24213,1047,99.34999848,14.40107995,2.458999992,128.3999939,65,92.47500229,60.4334793,5305.397461,203.978302,1.16900003,130,63.3999939,6.046680961,227.3960299,949.92554,494.60938,30.4,-23.849998
24214,1047,98.27500153,14.49672753,2.307000041,119.5999985,59.59999847,86.5,62.02705861,5155.846069,206.9203033,1.095999956,120,60.00000003,5.322249189,199.5555035,949.92554,494.60938,31.9,-25.349998
24215,1047,98.77499962,14.41579505,2.454250038,121.3000031,61,91.25,60.67864514,5788.375122,216.7269592,1.118999958,160,60.3000031,6.023343249,223.950316,949.92554,494.60938,33.3,-26.75
24216,1047,99.5,14.39372269,2.471750021,121.1999969,59.79999924,93.22499848,58.83989813,5974.701294,201.0363159,1.208999991,125,61.39999766,6.109548166,230.428892,949.92554,494.60938,34.8,-28.25
24217,1047,99.94999885,14.30543237,2.535249949,121.8000031,58.59999847,96.47500038,52.95590783,4876.356568,188.287674,1.139000058,135,63.20000463,6.427492304,244.5882398,949.92554,494.60938,36.3,-29.75
24218,1047,99.4750004,14.1705447,2.592750013,120.4000015,60.59999847,98.72499846,49.64616395,4577.253784,170.6357117,1.128999949,120,59.80000303,6.72235263,255.969241,949.92554,494.60938,37.8,-31.25
24219,1047,99.67500114,14.19752259,2.604499996,118.9000015,64.69999695,98.37500192,50.13649559,4650.803711,156.9064026,1.110000014,110,54.20000455,6.783420229,256.2176921,949.92554,494.60938,39.3,-32.75
24220,1047,99.8750019,14.17544993,2.639999986,119,61.20000076,100.3999996,51.11716366,5104.361206,140.2350922,1.20599997,120,57.79999924,6.969599926,265.0559975,949.92554,494.60938,40.8,-34.25
24221,1047,100.375,14.61444777,2.333750009,109.1999969,57.29999924,89.17500115,55.77531912,5920.764893,182.4036865,0.97299999,115,51.89999766,5.446389105,208.1121597,949.92554,494.60938,42.3,-35.75
24224,1047,99.45000077,16.55437471,1.458999991,57.40000153,36.20000076,53.67500019,57.61406611,6624.391724,176.5196838,0.628000021,240,21.20000077,2.128680974,78.31182479,949.92554,494.60938,43.8,-37.25
24225,1047,100.5999985,16.27724212,1.588749975,65.30000305,39.79999924,59.17500019,50.2590809,4172.729431,241.2435913,0.485000014,350,25.50000381,2.524126483,94.01428007,949.92554,494.60938,45.3,-38.75
24226,1047,98.82500078,16.22574013,1.558500022,66.40000153,40.40000153,57.14999962,68.27879716,7852.674683,235.3596039,0.60799998,280,26,2.428922319,89.06827567,949.92554,494.60938,46.8,-40.25
24227,1047,100.1000004,16.19140499,1.602750003,65.5,40.29999924,59.52499962,69.01429749,8600.432007,212.804306,0.816999972,160,25.20000076,2.568807572,95.40369332,949.92554,494.60938,48.3,-41.75
24229,1047,99.77499769,16.08349492,1.667750001,75.80000305,43.70000076,61.32500077,74.53054046,8404.298828,249.0888977,0.837000012,100,32.10000229,2.781390066,102.2747701,949.92554,494.60938,49.8,-43.25
24230,1047,100.0500011,16.27969532,1.573750019,77.5,41.40000153,58.32499886,77.34995079,9983.169555,277.5281677,0.713999987,125,36.09999847,2.476689122,91.78896806,949.92554,494.60938,51.3,-44.75
24231,1047,98,17.36615243,1.172749996,44.29999924,29.60000038,42.55000019,70.85304451,4900.873047,364.807373,0.409000009,750,14.69999886,1.375342553,49.90051255,949.92554,494.60938,52.8,-46.25
24232,1047,99.07500078,17.00808765,1.30125004,58.59999847,35.79999924,47.65000057,89.48567771,6376.774048,345.1940613,0.444999993,460,22.79999923,1.693251667,62.00456515,949.92554,494.60938,54.3,-47.75
24233,1047,99.99999999,16.93451214,1.32525,54.70000076,36.20000076,49.22500038,103.0924053,9578.644898,347.1553955,0.501999974,240,18.5,1.756287563,65.23543175,949.92554,494.60938,55.8,-49.25
24234,1047,98.75000191,16.90017758,1.305000007,59.20000076,39.40000153,48.07499981,112.6538849,9424.190674,428.5505981,0.472000003,410,19.79999923,1.703025018,62.73787509,949.92554,494.60938,57.3,-50.75
24235,1047,96.92499924,17.27295746,1.176750004,47.20000076,35.09999847,42.30000019,133.2478561,6631.746948,294.1994934,0.272000015,510,12.10000229,1.384740572,49.77652539,949.92554,494.60938,58.6,-52.05
24237,1047,97.37499999,17.2239075,1.171499997,44.29999924,27.29999924,42.65000057,59.69798184,2804.701843,411.8792725,0.213,350,17,1.372412243,49.96447554,949.92554,494.60938,60,-53.45
24245,1047,97.97999956,15.65921248,1.679500014,80.45000077,50.40000153,62.42499924,121.2347126,5307.849121,451.1059113,0.614499986,230,30.04999924,2.820720297,104.8427871,949.92554,494.60938,68.1,-61.55
24247,1047,97.09999848,17.91796499,1.035999954,36.70000076,26.10000038,37.04999924,59.33023073,2167.269654,733.5374146,0.112999998,470,10.60000038,1.073295905,38.38379751,949.92554,494.60938,69.8,-63.250004
24250,1047,95.70000076,17.50594503,1.087000013,38.90000153,28.79999924,38.70000077,79.67902945,4633.641968,693.3301392,0.243000001,530,10.10000229,1.181569028,42.06690134,949.92554,494.60938,72.7,-66.149994
24251,1047,98.09999847,17.32445974,1.16899997,44.59999847,32.5,42.69999886,127.4864464,5432.884034,678.6201782,0.272000015,540,12.09999847,1.36656093,49.91629739,949.92554,494.60938,74.2,-67.649994
24252,1047,96.90000153,14.94553525,1.937999964,82.59999847,55.90000153,72.25,107.1376534,5477.013916,487.3904724,0.781000018,160,26.69999694,3.75584386,140.0204974,949.92554,494.60938,75.5,-68.95
24267,1048,99.45000076,15.40415254,1.876749993,71.30000305,33.90000153,70.35000038,13.23897719,367.7493592,47.07191849,0.541000009,150,37.40000152,3.522190536,132.0293627,1050.5842,309.6953,11.9,-5.6899996
24269,1048,99.15000153,14.01603729,2.763750017,110.4000015,47.09999847,103.7250023,10.6647315,308.9094658,39.22660065,0.874000013,120,63.30000303,7.638314156,286.6699769,1050.5842,309.6953,13.4,-7.1899996
24270,1048,99.47500038,14.11904242,2.74000001,99.69999695,41.29999924,102.3750019,6.496905328,161.8097229,38.24593353,0.791000009,135,58.39999771,7.507600055,280.5075062,1050.5842,309.6953,14.9,-8.69
24271,1048,99.30000115,14.77386012,2.212000072,72.59999847,39.5,83.25,4.535575568,193.6813316,16.6713047,0.899999976,120,33.09999847,4.892944319,184.149006,1050.5842,309.6953,16.5,-10.29
24272,1048,99.05000115,14.80574236,2.248249948,78.40000153,37,83.125,12.25831199,544.2690811,34.32327271,0.763999999,150,41.40000153,5.054627829,186.8857769,1050.5842,309.6953,18,-11.79
24273,1048,99.14999962,14.88667513,2.219250023,83.90000153,38.09999847,81.82500076,13.9744761,821.3069001,45.11058807,0.80400002,130,45.80000306,4.925070665,181.5901348,1050.5842,309.6953,19.5,-13.29
24274,1048,98.70000076,14.5359679,2.398750067,92.69999695,43.09999847,88.57500076,17.52938652,931.6317291,42.16859436,0.907000005,155,49.59999848,5.754001884,212.469289,1050.5842,309.6953,21,-14.79
24275,1048,99.42500115,14.77631244,2.275250018,91.40000153,46.59999847,84.67499924,21.20688009,1203.766236,51.97524261,0.996999979,120,44.80000306,5.176762644,192.6567935,1050.5842,309.6953,22.5,-16.29
24276,1048,99.25,14.96270238,2.172749997,80.69999695,39.29999924,80.34999848,22.92304421,1500.417404,63.74322128,0.783999979,120,41.39999771,4.720842549,174.580459,1050.5842,309.6953,24,-17.79
24277,1048,99.27499962,13.98415506,2.854750037,111,50,106.3249989,29.41994905,2137.84964,72.56920624,1.358999968,100,61,8.149597774,303.5312945,1050.5842,309.6953,25.5,-19.29
24278,1048,98.67500115,13.93019987,2.848249972,112.9000015,49.40000153,105.75,33.0974431,2821.863342,77.47253418,1.328999996,100,63.49999997,8.112527903,301.2024345,1050.5842,309.6953,27,-20.79
24279,1048,99.15000153,13.8934127,2.90625,116.5,49.09999847,108.5249996,35.67168856,2900.31659,82.37585449,1.225999951,110,67.40000153,8.446289063,315.4007801,1050.5842,309.6953,28.5,-22.29
24280,1048,99.625,13.81983748,3.023750007,121.9000015,50.20000076,113.1499996,38.12335014,3211.677796,84.33718872,1.40199995,110,71.70000074,9.143064105,342.1373121,1050.5842,309.6953,30,-23.79
24281,1048,99.64999962,14.04056256,2.796750069,115,50.29999924,105.1750012,39.71693039,3456.844055,100.0278244,1.228999972,140,64.70000076,7.821810948,294.1481919,1050.5842,309.6953,31.4,-25.189999
24282,1048,99.42500115,13.91058013,2.864250064,118.8000031,49,108.0000019,46.70416736,4143.309387,105.9118195,1.299000025,140,69.8000031,8.203928429,309.3390124,1050.5842,309.6953,33,-26.79
24283,1048,99.04999924,13.84436246,2.932250083,117.3000031,50.5,109.5249996,52.09782601,5150.942749,111.7958069,1.527999997,110,66.8000031,8.598090549,321.1546892,1050.5842,309.6953,34.5,-28.29
24284,1048,99.32499886,13.8222898,2.90474999,120.8000031,49.79999924,110.000002,53.9365759,5420.625488,127.4864426,1.348999977,120,71.00000386,8.437572504,319.5225047,1050.5842,309.6953,35.8,-29.59
24285,1048,99.50000191,13.81738515,2.979250074,121.3000031,49.59999847,112.2250004,52.22041035,4731.708618,137.2930908,1.481999993,110,71.70000463,8.875931003,334.3463407,1050.5842,309.6953,37.5,-31.29
24286,1048,99.17499924,13.9767975,2.845499993,115.5999985,50,106.0249996,56.02048589,4873.904907,151.0223999,1.457999945,115,65.5999985,8.09687021,301.6941356,1050.5842,309.6953,39,-32.79
24287,1048,99.125,14.1558296,2.705250025,109.5,48.09999847,100.5249977,62.27222635,6313.030762,151.0223999,1.271999955,105,61.40000153,7.318377698,271.9452525,1050.5842,309.6953,40.5,-34.29
24289,1048,99.42500115,16.0933048,1.592749983,62.5,32.5,59.30000019,56.02048779,5611.855469,147.0997467,0.763999999,180,30,2.536852508,94.45007429,1050.5842,309.6953,42,-35.79
24291,1048,99.14999962,16.15952246,1.553000003,64,33,57.67500019,54.05915832,4766.031739,161.8097229,0.59799999,155,31,2.411809009,89.56927547,1050.5842,309.6953,43.5,-37.29
24292,1048,99.25,15.74259728,1.733999998,66.30000305,35.09999847,64.57499981,65.214221,5839.859985,165.7323914,0.617999971,170,31.20000458,3.006755993,111.9730495,1050.5842,309.6953,45,-38.79
24293,1048,98.90000153,15.32321996,1.924666643,73.69999695,39.5,71.3666687,69.79065578,4697.385335,173.5776978,0.625999987,220,34.19999695,3.704341687,137.3570467,1050.5842,309.6953,46.5,-40.29
24296,1048,99.375,15.83088761,1.70874998,78.30000305,35.70000076,63.44999981,84.21460343,9281.993775,202.9976501,0.796999991,165,42.60000229,2.919826494,108.4201859,1050.5842,309.6953,49.5,-43.29
24297,1048,95.89999962,16.89282003,1.26424998,52.5,30.70000076,45.27499962,71.22079279,5141.136109,210.8429871,0.545000017,340,21.79999924,1.598328012,57.23891736,1050.5842,309.6953,51,-44.79
24298,1048,97.54999924,16.95413247,1.265500009,54.59999847,31.89999962,46.00000096,89.97601319,6229.674194,316.7547913,0.458000004,370,22.69999885,1.601490273,58.21300163,1050.5842,309.6953,52.5,-46.29
24299,1048,97.95000076,16.87319999,1.289500028,55.90000153,32.29999924,47.15000058,92.55025673,5584.887024,401.09198,0.375,460,23.60000229,1.662810322,60.79992707,1050.5842,309.6953,54,-47.79
24300,1048,98.44999886,16.6524749,1.36650002,59,33.79999924,50.29999924,101.6214104,6487.098755,391.2853394,0.465000004,380,25.20000076,1.867322305,68.73494997,1050.5842,309.6953,55.5,-49.29
24301,1048,95.15000153,17.21164472,1.155000001,50.40000153,30.70000076,40.95000076,92.79542351,4182.536011,457.9705505,0.381999999,440,19.70000077,1.334025002,47.29725092,1050.5842,309.6953,56.8,-50.59
24308,1048,97.20000076,15.9559651,1.605499983,67,39.09999847,58.35000038,104.4408226,4123.696167,347.1553955,0.700999975,215,27.90000153,2.577630195,93.68092462,1050.5842,309.6953,63.3,-57.09
24318,1048,93.14999771,17.32936497,1.134000003,43.29999924,32.20000076,38.89999962,120.6217957,6433.162354,761.9766846,0.375,480,11.09999848,1.285956007,44.11259969,1050.5842,309.6953,72.3,-66.090004
24325,1049,98.57499886,15.28152766,1.901000023,76.69999695,38,70.875,16.79388762,796.7902985,71.58854675,0.853999972,190,38.69999695,3.613801087,134.7333766,1151.2471,124.78125,13.6,-6.6600003
24326,1049,99.22500038,15.65675986,1.786750018,75.80000305,37.70000076,66.22499943,19.12296677,1090.989746,94.14383698,0.717999995,140,38.10000229,3.192475627,118.3275189,1151.2471,124.78125,15.1,-8.16
24327,1049,99.07500076,14.8400775,2.095499993,82,42.79999924,79.52500153,13.23897719,551.6240311,58.83990097,0.708000004,140,39.20000076,4.391120221,166.6446401,1151.2471,124.78125,16.6,-9.66
24328,1049,99.07499886,15.2300248,2.012500018,79.80000305,40.90000153,74.22500039,18.26488519,1034.601578,54.91724014,0.690999985,150,38.90000152,4.050156322,149.3778146,1151.2471,124.78125,18.1,-11.16
24329,1049,99.70000076,15.67147497,1.939749986,76.40000153,37.90000153,71.77499962,23.41337681,1272.412781,73.54987335,0.713999987,150,38.5,3.762630008,139.2255545,1151.2471,124.78125,19.6,-12.66
24330,1049,99.17499924,14.81555252,2.307499945,91.90000153,43.40000153,84.375,17.7745533,909.5667723,60.80122757,0.874000013,125,48.5,5.324555996,194.6953079,1151.2471,124.78125,21.1,-14.16
24331,1049,99.35000229,14.66349743,2.352499962,88.40000153,43.20000076,86.89999962,16.79388762,777.177002,88.25984192,0.833999991,130,45.20000077,5.534256071,204.4322458,1151.2471,124.78125,22.6,-15.66
24332,1049,99.52499962,14.69783228,2.326249957,96.19999695,43.79999924,86.77500153,16.18097234,730.5954132,55.89790344,1.065999985,110,52.39999771,5.411438862,201.8603436,1151.2471,124.78125,24.1,-17.16
24333,1049,99.05000115,14.4771072,2.44024998,92.80000305,42.20000076,90.77499962,17.52938652,909.5667878,54.91724014,0.879999995,98,50.60000229,5.954819965,221.513691,1151.2471,124.78125,25.6,-18.66
24334,1049,99.14999962,13.81493254,3.047749996,117.0999985,48.40000153,112.5750008,20.71654797,1100.796433,54.91724014,1.17900002,110,68.69999697,9.288780038,343.1004582,1151.2471,124.78125,27.1,-20.16
24335,1049,99.50000191,13.88850747,2.978250027,116.5999985,48,110.8250027,23.90370894,1100.796432,56.87856674,1.166000009,120,68.5999985,8.869973223,330.0645673,1151.2471,124.78125,28.6,-21.66
24336,1049,99.32499886,13.94246265,2.932500005,119.3000031,53.79999924,108.6749993,30.89094639,2147.656281,78.45320129,1.258999944,110,65.50000386,8.599556279,318.689436,1151.2471,124.78125,30.1,-23.16
24337,1049,99.32500076,13.78795524,3.100250006,125,57.70000076,114.5249977,31.2586956,1559.257263,83.35652924,1.251999974,125,67.29999924,9.6115501,355.0561248,1151.2471,124.78125,31.6,-24.66
24338,1049,99.375,13.86643482,2.961499989,122.6999969,54.90000153,110.5249996,44.62025547,4153.116211,96.1051712,0.193000004,130,67.79999537,8.770482185,327.3197851,1151.2471,124.78125,33.2,-26.26
24339,1049,99.52499962,13.89095979,3.017749965,122.3000031,56,111.6999989,42.90409374,3648.07367,102.9698181,1.271999955,135,66.3000031,9.106814851,337.0826678,1151.2471,124.78125,34.7,-27.76
24340,1049,99.27499962,13.86888714,3.053000033,121.4000015,56.20000076,112.0749989,43.63959122,3130.77298,107.8731537,1.40199995,125,65.20000074,9.320809201,342.1649753,1151.2471,124.78125,36.2,-29.26
24341,1049,99.02499962,13.91303245,2.968000055,119.5,49,109.1499996,47.80741691,3728.978516,125.525116,1.381999969,120,70.5,8.809024326,323.9572048,1151.2471,124.78125,37.7,-30.76
24342,1049,99.25,13.90076996,2.932249963,118.8000031,49.09999847,109.2749996,54.18173886,6389.032105,131.4091034,1.266000032,115,69.70000463,8.598089846,320.4216135,1151.2471,124.78125,39.2,-32.260002
24343,1049,99.17500115,14.13621014,2.775749982,113.1999969,49.09999847,102.3249989,57.73665143,4949.906433,125.525116,1.213000059,120,64.09999843,7.704787963,284.0286139,1151.2471,124.78125,40.7,-33.760002
24344,1049,99.77499962,14.42805754,2.570500016,102.9000015,49.09999847,95.27499962,57.73665239,5283.33252,140.2350922,1.136000037,120,53.80000303,6.607470332,244.904388,1151.2471,124.78125,42.2,-35.260002
24346,1049,98.75,17.02525478,1.31675002,50.5,31,47.77500058,49.40099812,3616.202087,170.6357117,0.286000013,460,19.5,1.733830615,62.90773297,1151.2471,124.78125,43.7,-36.760002
24348,1049,99.52499962,16.34346009,1.532250017,57.79999924,33.79999924,56.57499981,46.70417023,2620.827088,137.2930908,0.497999996,195,24,2.347790115,86.68704442,1151.2471,124.78125,45.2,-38.260002
24349,1049,99.77500153,16.18159512,1.620499999,65.80000305,36.70000076,59.64999962,77.10478593,8154.229615,207.9009705,0.578000009,270,29.10000229,2.626020247,96.66282432,1151.2471,124.78125,46.7,-39.760002
24350,1049,99.125,16.10556758,1.608750015,67.5,34.90000153,59.27499962,68.52396774,6330.192505,173.5776978,0.595000029,155,32.59999847,2.588076611,95.35865653,1151.2471,124.78125,48.2,-41.260002
24351,1049,99.00000191,16.11292513,1.590000004,71.90000153,35.70000076,58.67500019,80.4145279,6026.18628,243.2049103,0.630999982,240,36.20000077,2.528100013,93.29325054,1151.2471,124.78125,49.7,-42.760002
24353,1049,98.87500191,16.91244007,1.323000014,54.70000076,31.5,48.44999886,76.61445046,5003.84314,235.3596039,0.527999997,270,23.20000076,1.750329037,64.09934917,1151.2471,124.78125,51.2,-44.260002
24355,1049,96.25000191,17.49613486,1.141000003,41.79999924,32.70000076,40.32499981,66.68521976,4736.611939,334.4067688,0.361999989,440,9.09999848,1.301881007,46.0108249,1151.2471,124.78125,52.7,-45.760002
24356,1049,98.67499924,17.20183514,1.20875001,52.59999847,34.40000153,44.45000077,99.78265763,5207.331055,360.8847046,0.421999991,390,18.19999694,1.461076587,53.72893888,1151.2471,124.78125,54.2,-47.260002
24357,1049,98.27500153,17.25824264,1.180999994,54,35.5,43.32499981,99.53749468,7301.050782,328.5227661,0.435000002,510,18.5,1.394760986,51.16682452,1151.2471,124.78125,55.7,-48.760002
24359,1049,98.75,17.71685994,1.123000026,44.20000076,26.79999924,40.69999886,72.81437113,4236.472779,379.517334,0.381999999,410,17.40000152,1.261129058,45.70609978,1151.2471,124.78125,56.8,-49.86
24361,1049,95.04999924,17.96456262,1.024250016,39.09999847,28.70000076,35.54999924,82.00810813,5153.394409,522.694397,0.379000008,510,10.39999771,1.049088095,36.41208729,1151.2471,124.78125,58.7,-51.760002
24365,1049,95.20000076,17.72176517,1.07100004,37.09999847,31.20000076,37.45000076,49.27841377,2476.178955,540.3464355,0.225999996,530,5.89999771,1.147041086,40.10895231,1151.2471,124.78125,64.8,-57.860004
24374,1049,97.5,17.24598016,1.227500022,36.79999924,31.10000038,43.94999886,98.55682755,4383.572266,738.4407349,0.349000007,290,5.69999886,1.506756304,53.94862457,1151.2471,124.78125,73.2,-66.259995
24394,1050,95.75000191,14.715,2.214249999,89.19999695,37.29999924,78.52499962,23.04562616,1770.100296,97.08583069,0.617999971,240,51.89999771,4.902903058,173.8739803,1251.9248,-29.320312,21.9,-15.19
24395,1050,95.67499924,14.86705509,2.141000032,86.30000305,40.09999847,75.52499962,24.51662445,1372.930969,92.18251038,0.713999987,140,46.20000458,4.583881137,161.6990266,1251.9248,-29.320312,23.4,-16.689999
24396,1050,96.59999848,14.68556979,2.296249986,87.69999695,38.70000076,81.67499924,24.14887476,992.9232941,85.31785583,0.760999978,145,48.99999619,5.272763998,187.5462159,1251.9248,-29.320312,24.9,-18.189999
24397,1050,95.67500115,14.78857493,2.17900002,87.90000153,36.70000076,76.92499924,18.26488447,1198.862945,82.37585449,0.763999999,120,51.20000077,4.748041087,167.6195749,1251.9248,-29.320312,26.4,-19.689999
24398,1050,95.67499924,13.62363737,3.064750016,120.3000031,48.59999847,108.0499992,17.77455282,1831.391846,68.64654541,1.166000009,130,71.70000463,9.392692661,331.1462368,1251.9248,-29.320312,27.9,-21.189999
24399,1050,96.04999924,13.61137488,3.034000039,124.9000015,50.40000153,108.4499989,20.71654749,2206.496216,73.54987335,1.149000049,110,74.49999997,9.205156237,329.0373009,1251.9248,-29.320312,29.4,-22.689999
24400,1050,97,13.54761012,3.156000018,123.1999969,52.09999847,114.1499996,22.92304277,2454.114075,73.54987335,1.182999969,120,71.09999843,9.960336114,360.2574008,1251.9248,-29.320312,30.9,-24.189999
24401,1050,95.85000038,13.38574516,3.186999917,130.8000031,53.40000153,114.6250019,25.37470484,2351.144287,79.43386078,1.238999963,120,77.40000157,10.15696847,365.3098715,1251.9248,-29.320312,32.3,-25.59
24402,1050,96.25,13.72664221,2.940500021,128,51.59999847,105.2749996,28.92961693,2961.608215,99.04716492,1.18599999,120,76.40000153,8.646540374,309.5611385,1251.9248,-29.320312,33.8,-27.09
24403,1050,96.625,13.49365523,3.052999973,127.8000031,46.09999847,112.3499985,32.8522768,2687.021973,109.8344803,1.335000038,110,81.70000463,9.320808835,343.0045424,1251.9248,-29.320312,35.3,-28.59
24404,1050,97,13.61137488,2.996749997,125.5,42.5,110.125,34.69102383,3390.649231,144.1577606,1.407999992,115,83,8.980510545,330.0170934,1251.9248,-29.320312,36.8,-30.09
24405,1050,97.10000038,13.60156472,2.967750013,125.6999969,43.29999924,109.8750019,38.36851788,4584.608765,108.8538132,1.302000046,130,82.39999766,8.80754014,326.0815383,1251.9248,-29.320312,38.3,-31.59
24406,1050,97.04999924,13.46667764,3.083500028,122.8000031,44.90000153,114.375,39.22660065,4221.762696,148.0804138,1.60800004,120,77.90000157,9.507972423,352.6753157,1251.9248,-29.320312,39.8,-33.09
24407,1050,97.49999809,13.72418989,2.888249994,119,43.79999924,107.1000004,41.55567837,4381.12085,148.0804138,1.644000053,120,75.20000076,8.341988028,309.3315755,1251.9248,-29.320312,41.3,-34.59
24408,1050,100.0750008,14.56785014,2.416000068,99.19999695,42.70000076,90.92500115,46.58158684,4354.152588,150.0417328,1.266000032,110,56.49999619,5.837056329,219.674809,1251.9248,-29.320312,42.8,-36.09
24410,1050,99.20000076,16.96639525,1.337499976,51.5,29.20000076,48.77499962,38.36851692,3290.130981,177.500351,0.243000001,520,22.29999924,1.788906186,65.23656082,1251.9248,-29.320312,44.3,-37.59
24411,1050,96.62500191,16.65492752,1.382499993,53.29999924,27,49.25,36.28460407,4069.759582,147.0997467,0.671000004,165,26.29999924,1.911306231,68.08812466,1251.9248,-29.320312,45.8,-39.09
24413,1050,97.77500153,15.87748465,1.711749971,71.59999847,35.40000153,61.64999867,35.30393982,3515.683899,199.0749817,0.59799999,245,36.19999694,2.930087963,105.5293834,1251.9248,-29.320312,47.3,-40.59
24414,1050,100.2749996,16.13744981,1.657499969,75.59999847,31.39999962,61.25,53.20107556,5839.86023,195.1523285,0.694000006,160,44.19999885,2.747306147,101.5218731,1251.9248,-29.320312,48.8,-42.09
24416,1050,99.22499846,16.20857271,1.606249958,72.69999695,30.10000038,58.70000077,60.43347836,6305.675904,273.6055298,0.708000004,130,42.59999657,2.580038928,94.28687377,1251.9248,-29.320312,50.3,-43.59
24417,1050,97.17499924,16.68190511,1.385250032,62.59999847,27.5,49.67499924,62.88514233,6335.095825,289.2961731,0.634000003,140,35.09999847,1.918917651,68.81229429,1251.9248,-29.320312,51.8,-45.09
24418,1050,94.35000039,17.0546847,1.211749971,41.20000076,26.79999924,42.34999943,41.18792867,2231.012818,317.7354431,0.344999999,425,14.40000152,1.468337992,51.31761058,1251.9248,-29.320312,53.3,-46.59
24419,1050,96.70000077,16.79717244,1.315499991,57.5,28.39999962,47.20000077,40.94276238,1372.931015,362.8460388,0.375,215,29.10000038,1.730540226,62.09160059,1251.9248,-29.320312,54.8,-48.09
24420,1050,95.10000038,16.67454756,1.30674997,61.59999847,28.79999924,46.35000038,53.32365704,1976.039917,378.5366821,0.40200001,480,32.79999923,1.707595484,60.56786161,1251.9248,-29.320312,56.3,-49.59
24424,1050,93.04999924,16.98601529,1.181999981,46.90000153,26.5,41.05000115,52.46557617,2044.686401,587.4182739,0.308999985,180,20.40000153,1.397123955,48.52110058,1251.9248,-29.320312,60.1,-53.39
24426,1050,98.59999849,15.6763799,1.67899996,82.69999695,37.29999924,62.90000153,44.12992477,1451.384217,480.5258484,0.77700001,99,45.39999771,2.819040866,105.6091001,1251.9248,-29.320312,61.6,-54.89
24431,1050,95.55000305,16.63285516,1.317000032,57,29.20000076,47.04999924,86.29851915,3839.303345,487.3904724,0.39199999,400,27.79999924,1.734489084,61.9648505,1251.9248,-29.320312,66.2,-59.489998
24432,1050,95.65000153,15.58808987,1.823000014,102.6999969,53.20000076,63.75000191,105.4214859,4849.388183,495.2358398,0.837000012,120,49.49999614,3.323329051,116.2162544,1251.9248,-29.320312,67.8,-61.090004
24433,1050,96.20000077,15.6763799,1.657500029,76.30000305,29.5,60.09999847,84.82752228,3290.130982,488.3711548,0.40200001,400,46.80000305,2.747306346,99.61574921,1251.9248,-29.320312,69.2,-62.489998
24434,1050,94,17.43727532,1.074999989,44.20000076,27.10000038,37.75,75.26603697,3363.680786,508.9651184,0.279000014,440,17.10000038,1.155624976,40.58124958,1251.9248,-29.320312,70.6,-63.89
24438,1050,98.09999847,15.78428969,1.688999951,78.30000305,40.20000076,62.10000229,85.8081856,3932.466553,535.4430542,0.522000015,360,38.10000229,2.852720834,104.8869008,1251.9248,-29.320312,74.4,-67.69
24439,1050,96.70000077,17.34408006,1.148999989,59.90000153,31.10000038,41.55000115,72.81437685,4202.149414,516.8104248,0.328999996,230,28.80000115,1.320200975,47.74095086,1251.9248,-29.320312,75.4,-68.69
24533,1053,99.82499888,16.7628373,1.354749978,57,39.40000153,50.54999924,42.59763432,6349.805542,135.3317719,0.405000001,285,17.59999847,1.835347503,68.48261036,-233.57324,556.7617,15.8,-9.84
24535,1053,99.09999847,16.26988515,1.50425002,63.20000076,44.79999924,55.89999962,50.13649749,19951.62915,168.6743774,0.620999992,250,18.40000152,2.262768123,84.08757555,-233.57324,556.7617,17.3,-11.339999
24536,1053,97.60000039,16.34836473,1.452500016,59.29999924,41.09999847,53.07499886,35.92911339,10664.73169,166.7130585,0.497999996,380,18.20000077,2.109756296,77.09143669,-233.57324,556.7617,18.8,-12.839999
24537,1053,99.67500116,16.16933234,1.560000002,71.30000305,52.90000153,58.29999924,34.66650772,12035.21094,302.0447998,0.806999981,373,18.40000152,2.433600006,90.94799893,-233.57324,556.7617,20.3,-14.339999
24538,1053,99.35000038,15.17116468,2.03400001,83.40000153,57.5,75.64999962,30.82965613,10642.66651,145.1384125,0.748000026,218,25.90000153,4.137156041,153.8721,-233.57324,556.7617,21.8,-15.839999
24539,1053,100.4250012,15.07306478,2.130750001,92.80000305,54.5,80.07499886,53.04171752,24945.66529,191.2296753,0.980000019,177,38.30000305,4.540095567,170.6198039,-233.57324,556.7617,23.3,-17.34
24540,1053,100.2749996,15.04363486,2.126999974,91.5,52.5,80,51.77910995,10990.80273,207.9009705,0.913999975,187,39,4.524128889,170.1599979,-233.57324,556.7617,24.6,-18.64
24542,1053,96.74999809,15.39434238,1.842249989,75.40000153,55.40000153,66.47499847,45.71124649,19100.90161,195.1523285,0.76700002,428,20,3.393885022,122.4635652,-233.57324,556.7617,26.3,-20.34
25382,1146,97.27499771,15.23983497,2.144750029,96.5,50.40000153,76.75,61.16897775,6234.577515,237.3209381,0.936999977,416,46.09999847,4.599952687,164.6095647,345.71973,833.8008,21,-8.86
25383,1146,96.48999977,14.7002849,2.277500034,107.9000015,50.59999847,80.89999962,61.1689787,6974.979614,213.7849731,1.116000056,354,57.30000303,5.187006405,184.2497519,345.71973,833.8008,22.5,-10.36
25385,1146,97.95999909,14.90138994,2.233500004,114.0999985,51.29999924,80.39999962,78.0854473,7582.991821,210.8429871,1.023000002,187,62.79999926,4.988522268,179.5733995,345.71973,833.8008,24,-11.86
25387,1146,96.04999924,18.10926015,1.314249993,33.40000153,23.89999962,34.82499981,20.20169866,3125.869568,784.5319824,0.331999987,2150,9.50000191,1.727253044,45.76875576,345.71973,833.8008,25.5,-13.36
25389,1146,98.375,16.53475496,1.445250035,63.59999847,37,52.62500096,60.06572914,5182.814392,246.1469116,0.578000009,354,26.59999847,2.088747664,76.05628448,345.71973,833.8008,28.6,-16.46
25390,1146,98.47500038,15.08777988,2.130500019,98.09999847,44.20000076,77.22500229,49.03324795,4116.341308,175.539032,0.833000004,242,53.89999771,4.539030331,164.5278688,345.71973,833.8008,30.1,-17.96
25391,1146,99.29999924,15.06080258,2.145999968,93.40000153,46.40000153,78.89999962,50.32037068,3920.208252,171.6163635,0.833000004,350,47,4.605315863,169.3193967,345.71973,833.8008,31.6,-19.46
25393,1146,98.47500038,14.95534512,2.205499947,87.90000153,48.59999847,80.02499962,50.01391315,4942.551392,160.8290558,0.980000019,257,39.30000306,4.864230016,176.4951324,345.71973,833.8008,33.2,-21.060001
25394,1146,97.70000076,14.53841994,2.408749998,100.4000015,49.70000076,87.27500153,45.41704655,3863.820007,165.7323914,1.052000046,264,50.70000074,5.802076553,210.2236598,345.71973,833.8008,34.7,-22.560001
25395,1146,99.57500076,14.47710749,2.518999994,99.40000153,52.70000076,93.44999886,45.90737915,4128.599671,156.9064026,1.116000056,232,46.70000077,6.34536097,235.4005466,345.71973,833.8008,36.2,-24.060001
25396,1146,99.70000076,14.71009536,2.35074997,94.09999847,49.5,87.52499771,54.9172392,5479.465698,172.5970306,1.065999985,253,44.59999847,5.526025421,205.7493857,345.71973,833.8008,37.7,-25.560001
25397,1146,96.89999962,14.36184016,2.455749929,123.9000015,53.20000076,88.79999924,49.95262242,4214.407715,170.6357117,1.187000036,313,70.70000074,6.030707714,218.0705918,345.71973,833.8008,39.2,-27.060001
25398,1146,97.34999847,14.49672753,2.429499984,90.90000153,51.5,87.54999924,59.20764638,5163.201172,172.5970306,1.129999995,400,39.40000153,5.902470172,212.7027218,345.71973,833.8008,40.7,-28.560001
25399,1146,98.52499962,14.48446475,2.515999973,101.4000015,50.90000153,91.35000038,56.14307119,4971.971557,196.1329956,1.202000022,340,50.49999997,6.330255864,229.8365985,345.71973,833.8008,42.2,-30.060001
25401,1146,98.92500114,14.5187999,2.563000024,95.59999847,52.59999847,91.80000115,58.8399,5386.30249,196.1329956,1.144999981,540,43,6.568969123,235.2834052,345.71973,833.8008,43.7,-31.560001
25402,1146,97.17499924,14.76895489,2.286750019,76.90000153,50.40000153,81.55000115,63.00772476,5452.497437,209.8623199,1.131999969,590,26.5,5.229225649,186.4844667,345.71973,833.8008,45.2,-33.06
25403,1146,97.67499924,14.8695077,2.216499925,84.80000305,49,79.90000153,68.15621376,5469.658814,241.2435913,1.057999969,545,35.80000305,4.912871918,177.0983474,345.71973,833.8008,46.7,-34.56
25405,1146,97.875,16.74812249,1.366250008,51.40000153,28.29999924,49.44999981,62.0270624,4322.280884,225.5529327,0.537999988,630,23.10000229,1.866639084,67.56106264,345.71973,833.8008,48.2,-36.06
25407,1146,97.82500076,16.11537745,1.620499998,61.90000153,33.29999924,58.30000019,63.6206398,5533.401978,279.489502,0.569999993,463,28.60000229,2.626020244,94.47515019,345.71973,833.8008,49.7,-37.56
25408,1146,97.92499924,16.22328752,1.589000017,64.30000305,38.20000076,57.09999943,73.61116409,5533.4021,233.3982697,0.656000018,451,26.10000229,2.524921054,90.73190006,345.71973,833.8008,51.2,-39.06
25409,1146,98.17500115,16.30421971,1.579249978,57.29999924,35.20000076,56.67500115,77.16607475,6244.384277,297.1414795,0.663999975,372,22.09999848,2.494030493,89.50399432,345.71973,833.8008,52.7,-40.56
25410,1146,97.40000153,16.11047222,1.690500021,64.30000305,36.29999924,59.42500019,77.53382303,8284.167603,310.8708191,0.680999994,285,28.00000381,2.857790321,100.4579641,345.71973,833.8008,54.2,-42.06
25411,1146,98.32499886,16.03689788,1.704249978,71.69999695,40.20000076,61.07499886,88.50501443,7440.795532,317.7354431,0.711000025,331,31.49999619,2.904467988,104.0870655,345.71973,833.8008,55.7,-43.56
25412,1146,98.07499886,16.37289,1.54824996,60.70000076,37.5,55.52500057,110.7538548,8053.711182,431.4926147,0.703999996,299,23.20000076,2.397077939,85.96657991,345.71973,833.8008,57.2,-45.06
25413,1146,95.82499886,16.53720758,1.486750007,61.40000153,36.09999847,51.50000095,108.9763928,7531.50708,519.7524414,0.550000012,494,25.30000306,2.210425583,76.56762677,345.71973,833.8008,58.6,-46.46
25414,1146,96.60000229,17.00808736,1.325499982,56.5,37.40000153,46.55000019,126.7509518,8399.395508,676.6588745,0.458999991,750,19.09999847,1.756950202,61.70202441,345.71973,833.8008,61.7,-49.56
25421,1147,98.2499981,15.67147497,1.885499984,78.80000305,41.5,67.20000076,52.40428351,4273.24762,191.2296753,0.926999986,285,37.30000305,3.55511019,126.7056004,446.36182,648.8789,23.8,-12.48
25422,1147,97.64999962,16.03199236,1.706250012,76.40000153,42.29999924,60.60000038,63.92710018,6543.487061,274.5861816,0.351999998,1180,34.10000229,2.911289103,103.3987514,446.36182,648.8789,25.2,-13.880001
25424,1147,99.29999924,18.41091743,0.975500003,41.70000076,26.39999962,35.375,43.93379212,2478.630799,323.6194458,0.308999985,1490,15.30000114,0.951600256,34.50831261,446.36182,648.8789,26.8,-15.48
25425,1147,98.5,18.41091743,2.060250044,99.09999847,47.5,35.375,87.52435111,8188.552612,305.9674683,0.910000026,235,51.59999847,4.244630244,72.88134531,446.36182,648.8789,31.9,-20.58
25426,1147,98.85000038,15.31095728,2.05399996,92,48,74.54999924,68.27879811,5989.411499,245.1662445,0.894999981,332,44,4.218915836,153.1256955,446.36182,648.8789,33.3,-21.98
25427,1147,97.77500153,14.80083712,2.343249977,105,50.20000076,83.22499847,66.37876035,5013.649536,230.4562531,0.933000028,478,54.79999924,5.490820455,195.0169758,446.36182,648.8789,34.8,-23.48
25428,1147,97.70000076,14.64878233,2.437250018,112.5,53.09999847,86.44999885,68.27879905,5773.664917,210.8429871,1.016000032,340,59.40000153,5.94018765,210.7002613,446.36182,648.8789,36.3,-24.98
25429,1147,98.60000038,14.71009506,2.391750038,104.8000031,49,86.625,55.40756989,6273.804321,186.3263397,1.02699995,372,55.8000031,5.720468244,207.185347,446.36182,648.8789,37.8,-26.48
25430,1147,97.17499924,14.55558765,2.407000005,101.5999985,51.59999847,86.15000153,62.82385062,5540.75708,186.3263397,1.01699996,455,50.00000003,5.793649024,207.3630541,446.36182,648.8789,39.3,-27.98
25431,1147,97.67499924,14.44767758,2.524500012,103.9000015,54.09999847,90.52499962,60.98510265,5131.329468,181.4230194,1.131999969,442,49.80000303,6.373100311,228.5303626,446.36182,648.8789,40.8,-29.48
25432,1147,97.57499886,14.55313474,2.422250033,103.5999985,51.70000076,87.125,58.22698306,4716.998535,213.7849731,1.236999989,610,51.89999774,5.867295222,211.0385341,446.36182,648.8789,42.3,-30.98
25433,1147,97.99999809,14.3397678,2.596250057,101.8000031,53,93.75,60.86252118,5293.139405,245.1662445,1.299000025,680,48.8000031,6.740514358,243.3984428,446.36182,648.8789,43.8,-32.48
25434,1147,99.10000038,14.63406781,2.344500005,100.4000015,51.20000076,87.125,61.72060204,5359.334107,247.1275787,1.279000044,490,49.20000074,5.496680273,204.2645629,446.36182,648.8789,45.3,-33.98
25436,1147,98.97499848,14.97251284,2.185749948,85.80000305,48.40000153,80.20000077,66.68522071,6190.447631,253.992218,1.146999955,600,37.40000152,4.777502835,175.2971475,446.36182,648.8789,46.8,-35.48
25437,1147,98.17499924,16.88301016,1.355749995,55.40000153,31.5,48.875,68.40138244,4508.607178,296.1608276,0.597000003,570,23.90000153,1.838058049,66.26228101,446.36182,648.8789,48.3,-36.98
25438,1147,98.77500153,16.37043768,1.544750005,65.30000305,36.90000153,56.10000038,67.42071629,4425.250794,274.5861816,0.672999978,590,28.40000152,2.386252578,86.66047587,446.36182,648.8789,49.8,-38.48
25439,1147,99.34999848,16.35081763,1.557999998,60.59999847,37,57.20000077,64.172266,4694.933594,279.489502,0.657999992,500,23.59999847,2.427363994,89.11760109,446.36182,648.8789,51.3,-39.98
25440,1147,97.72500038,16.11047252,1.61499998,65.19999695,36.20000076,58.10000038,80.29194451,7362.342041,313.8128052,0.675000012,442,28.99999619,2.608224935,93.83149945,446.36182,648.8789,52.8,-41.48
25441,1147,97.35000038,16.1497123,1.659750015,73.5,37.90000153,58.5,91.44701005,10593.6333,321.6581116,0.666000009,252,35.59999847,2.754770112,97.09537588,446.36182,648.8789,54.3,-42.98
25442,1147,98.60000038,16.33855515,1.638750017,45.70000076,31.20000076,57.97500038,104.8085728,7989.967896,406.9759827,0.773999989,283,14.5,2.685501618,95.00653286,446.36182,648.8789,55.8,-44.48
25443,1147,94.05000115,17.1822151,1.205500007,47.59999847,28.5,41.52499962,72.87566758,4050.146424,706.0787354,0.372000009,740,19.09999847,1.453230267,50.05838733,446.36182,648.8789,57.3,-45.98
25444,1147,97.30000115,16.9590377,1.344749987,57.79999924,34.79999924,47.65000057,122.5831261,8977.987915,686.4654541,0.407999992,940,23,1.808352528,64.07733765,446.36182,648.8789,58.8,-47.48
25447,1147,97,17.08656752,1.271000028,50.59999847,35.70000076,45.27500058,141.1544647,5709.921753,696.2720947,0.409000009,1160,14.89999771,1.615441071,57.544527,446.36182,648.8789,62.5,-51.18
25450,1147,96.52499962,17.56480486,1.122249961,39.59999847,31.29999924,39.89999962,44.90219688,2326.627655,715.885437,0.326999992,1570,8.29999923,1.259444975,44.77777302,446.36182,648.8789,66.5,-55.18
25451,1147,97.89999962,15.43358246,1.827749968,88.09999847,51,67.29999924,133.6156044,5815.343262,598.2056274,0.56099999,1160,37.09999847,3.340669946,123.0075715,446.36182,648.8789,68,-56.68
25452,1147,95.375,15.26190763,2.125,86,49,72.47500134,87.52434635,7578.088623,431.4926147,0.393000007,1190,37,4.515625,154.0093778,446.36182,648.8789,69.5,-58.18
25456,1148,96.19999886,16.39741497,1.433750004,49,35.20000076,51.32499981,27.50765276,1809.326904,235.3596039,0.321999997,892,13.79999924,2.055639074,73.58721868,547.0217,494.76953,8.6,-2.3600006
25457,1148,96.80000115,16.51022969,1.401249975,46.90000153,32.29999924,50.69999981,33.93100786,2485.985748,441.2992554,0.316000015,1610,14.60000229,1.963501492,71.04337347,547.0217,494.76953,10.1,-3.8600006
25458,1148,97.17500114,17.12825992,1.226499975,52.5,30.10000038,44.57500077,51.97524358,3143.03125,215.7463074,0.568000019,251,22.39999962,1.504302189,54.67123733,547.0217,494.76953,11.4,-5.16
25459,1148,99.52500153,15.62732966,1.903750032,93.69999695,46.29999924,69.87500191,52.84558297,3675.041992,198.0943298,0.837000012,228,47.39999771,3.624264184,133.0245371,547.0217,494.76953,13.1,-6.8600006
25461,1148,97.72499847,17.74874218,1.055750027,41.40000153,29.79999924,38.5,24.66372442,2812.056763,446.2025757,0.305999994,1310,11.60000229,1.11460812,40.64637604,547.0217,494.76953,14.6,-8.360001
25462,1148,98.65000153,15.64449737,1.862499982,93.80000305,43.59999847,67.37500191,63.91483784,6266.449219,206.9203033,0.79400003,228,50.20000458,3.468906183,125.4859398,547.0217,494.76953,16,-9.76
25464,1148,97.875,15.71561998,1.862499982,92.59999847,47.40000153,65.95000076,57.55277444,5523.595459,198.0943298,0.760999978,279,45.19999694,3.468906183,122.8318752,547.0217,494.76953,17.5,-11.26
25465,1148,98.25250054,15.72052521,1.79549998,78.90000153,42.40000153,64.97500229,58.83989905,5106.812744,201.0363159,0.59799999,272,36.5,3.223820178,116.6626153,547.0217,494.76953,19,-12.76
25466,1148,97.125,16.91244036,1.364250034,57.09999847,32.90000153,48.17499924,61.04639339,4047.694824,289.2961731,0.442000002,440,24.19999694,1.861178155,65.72274435,547.0217,494.76953,20.5,-14.26
25468,1148,97.32500076,17.91060773,1.05399999,43.20000076,27,37.64999962,60.32315159,3317.099304,372.6526794,0.354999989,315,16.20000076,1.110915979,39.68309922,547.0217,494.76953,22,-15.76
25470,1148,97.72500038,16.8192451,1.425000012,60,32.59999847,50.40000058,60.31089688,3520.58728,348.1360474,0.379000008,580,27.40000153,2.030625034,71.82000143,547.0217,494.76953,23.5,-17.26
25471,1148,97.17499924,15.70090517,1.853500009,78.30000305,39,65.10000038,47.19450092,3032.706482,246.1469116,0.670000017,399,39.30000305,3.435462283,120.6628513,547.0217,494.76953,25,-18.76
25473,1148,96.52499962,14.7983851,2.217750013,104.5999985,52,78.92500115,48.78808308,3687.300293,151.0223999,1.023000002,280,52.5999985,4.91841512,175.0359223,547.0217,494.76953,26.5,-20.26
25474,1148,98.57500076,14.94308263,2.216749907,93.69999695,47.5,80.49999809,42.35246849,3527.9422,153.9644012,1.095999956,340,46.19999695,4.91398015,178.4483633,547.0217,494.76953,28,-21.76
25475,1148,98.78499985,14.77631244,2.337500036,106.3000031,49.09999847,84.95000076,43.63959026,2821.863465,152.9837341,1.19599998,398,57.20000463,5.463906418,198.5706298,547.0217,494.76953,29.5,-23.26
25476,1148,98.64999962,14.78857522,2.333000004,97.09999847,49.5,84.52499962,48.5429163,2976.318054,152.003067,1.055999994,416,47.59999847,5.442889019,197.1968245,547.0217,494.76953,31,-24.76
25477,1148,96,14.3667448,2.439499975,114.5,56,86.92500115,54.05915833,4192.342651,159.8483887,1.228999972,344,58.5,5.951160128,212.0535381,547.0217,494.76953,32.5,-26.26
25478,1148,95.32500076,14.34712506,2.246500015,110,51.09999847,82.14999962,56.69469166,4567.447022,161.8097229,1.175999999,343,58.90000153,5.046762317,184.5499754,547.0217,494.76953,34,-27.76
25479,1148,96.44999886,14.26864519,2.484250009,105.6999969,52.79999924,89.77500153,55.95919419,4415.44397,162.79039,1.296000004,525,52.89999766,6.171498107,223.0235484,547.0217,494.76953,35.5,-29.26
25480,1148,99.02499771,14.32750531,2.559000015,111.1999969,56.90000153,95.125,48.54291534,3925.111572,161.8097229,1.213000059,475,54.29999537,6.548481077,243.4248764,547.0217,494.76953,37,-30.76
25481,1148,98.17499924,14.28826464,2.531000019,100.5999985,52.20000076,93.57500077,54.67207337,4920.48645,189.2683411,1.182999969,620,48.39999774,6.405961096,236.8383287,547.0217,494.76953,38.5,-32.260002
25482,1148,97.07499886,14.18280777,2.661499977,112.8000031,57.20000076,95.39999962,56.69469451,4481.639038,181.4230194,1.261999965,540,55.60000234,7.083582128,253.9070968,547.0217,494.76953,40,-33.760002
25483,1148,99.07499886,14.52615745,2.395750046,106.0999985,54.70000076,89.47499847,70.48529434,8203.262451,233.3982697,1.202999949,640,51.39999774,5.739618283,214.3597317,547.0217,494.76953,41.5,-35.260002
25485,1148,97.97500038,15.41396213,2.003500015,77,42.79999924,71.25,70.48529625,7401.569092,132.3897705,0.930000007,575,34.20000076,4.01401231,142.7493761,547.0217,494.76953,43,-36.760002
25486,1148,96.47499847,16.4709899,1.534249962,64.69999695,34.59999847,53.34999943,63.6819315,5459.852295,266.7408752,0.606000006,650,30.09999848,2.353922946,81.8522346,547.0217,494.76953,44.5,-38.260002
25488,1148,95.57499886,16.07123243,1.703750015,66.30000305,38.20000076,58.15000057,71.28208543,7119.627564,277.5281677,0.666000009,780,28.10000229,2.902764114,99.07306434,547.0217,494.76953,46,-39.760002
25489,1148,96.40000153,16.13009255,1.675000012,73.59999847,36.79999924,58.02499962,78.69836616,8056.16272,301.0641479,0.660000026,570,36.79999923,2.80562504,97.19187506,547.0217,494.76953,47.5,-41.260002
25490,1148,97.125,16.36062751,1.630499989,65.5,36.09999847,56.52499962,85.74689293,10395.04859,303.0254822,0.702000022,400,29.40000153,2.658530214,92.16401126,547.0217,494.76953,49,-42.760002
25491,1148,97.72499848,16.24045495,1.603249997,70.59999847,36.29999924,57.12499904,114.9216767,12778.0647,397.169342,0.708000004,399,34.29999923,2.570410553,91.58565454,547.0217,494.76953,50.5,-44.260002
25493,1148,96.375,17.36369981,1.168749988,45.20000076,32.70000076,41.5,89.97601126,6141.414429,637.432251,0.416999996,1010,12.5,1.365976534,48.5031245,547.0217,494.76953,52,-45.760002
25494,1148,96.77499962,17.10618785,1.261000007,54.20000076,33.90000153,44.85000038,83.66298104,4123.696167,549.1723633,0.469999999,760,20.29999923,1.590121018,56.55585079,547.0217,494.76953,53.5,-47.260002
25497,1148,95.97500038,17.27541007,1.177749991,44.20000076,30,41.80000019,108.1183167,5658.436767,755.1119995,0.395000011,1830,14.20000076,1.387095041,49.22994985,547.0217,494.76953,58.1,-51.86
25498,1148,95.39999962,17.04732744,1.239500001,36.90000153,29.10000038,44.07499981,105.421485,6175.737549,745.3053589,0.317999989,1940,7.80000115,1.536360252,54.63096231,547.0217,494.76953,59.6,-53.36
25499,1148,97.02500153,17.25824236,1.192750007,48.79999924,33.29999924,42.84999943,61.41414358,2466.372376,676.6588745,0.356000006,1520,15.5,1.422652579,51.10933712,547.0217,494.76953,61.2,-54.96
25500,1148,99.44999886,17.50104009,1.173999995,47.70000076,32.59999847,43.22499943,35.05877256,1159.636322,470.7192078,0.308999985,2140,15.10000229,1.378275988,50.74614911,547.0217,494.76953,62.5,-56.260002
25501,1148,97.29999924,17.49858748,1.175750017,43.5,30.89999962,41.80000019,47.25579357,1723.518677,416.7826233,0.344000012,1780,12.60000038,1.382388102,49.14635093,547.0217,494.76953,64.1,-57.86
25502,1148,96.02500153,15.1049476,2.059499979,69.09999847,48.79999924,72.375,45.64995503,2652.698883,647.2388916,0.492000014,1330,20.29999923,4.241540164,149.056311,547.0217,494.76953,65.3,-59.060005
35940,4588,100.5,15.08287524,2.259749949,76,36.55000115,82.92499924,44.17895699,5781.02002,138.2737579,0.879999995,380,39.44999885,5.106469832,187.3897628,-1416.7207,1142.8867,6,4.71
35945,4588,96.12499809,17.35634255,1.207249999,61.45000077,32.55000019,42.24999905,42.80602455,4133.503052,232.4175873,0.419999987,1150,28.90000058,1.45745256,51.00631131,-1416.7207,1142.8867,11.6,-0.89000034
35946,4588,99.19999886,16.48080036,1.537750006,70.39999962,35.25,55.77499962,49.05776406,5070.037903,201.0363159,0.50999999,720,35.14999962,2.364675081,85.768006,-1416.7207,1142.8867,13.1,-2.3900003
35947,4588,99.84999848,16.74321755,1.458250016,87.40000153,41.25,53.15000057,48.95969867,5097.006165,173.5776978,0.620000005,330,46.15000153,2.126493109,77.50598918,-1416.7207,1142.8867,14.6,-3.8900003
35948,4588,99.69999887,16.58870985,1.510250002,94.75,49.25,55.07499981,43.61507416,4476.73584,152.9837341,0.649999976,310,45.5,2.280855069,83.17701857,-1416.7207,1142.8867,16.1,-5.3900003
35949,4588,100.1499996,15.61506746,1.927750022,87.40000153,48.64999962,70.72500038,41.83761978,4795.451843,140.2350922,0.819999993,300,38.75000191,3.716220147,136.340121,-1416.7207,1142.8867,17.6,-6.8900003
35950,4588,100.2250004,15.16380742,2.153249979,79,47.89999962,79.42499924,44.1176672,5146.039551,152.003067,0.970000029,200,31.10000038,4.636485472,171.0218779,-1416.7207,1142.8867,19.1,-8.39
35951,4588,100.6000004,15.08042262,2.237749994,71.59999848,45.89999962,82.57499886,46.81449414,5450.045594,145.1384125,1.059999943,440,25.69999886,5.007525036,184.7822032,-1416.7207,1142.8867,20.6,-9.89
35952,4588,100.5,14.82536269,2.381500006,64.95000077,40.35000038,88.14999962,55.06433869,7237.307373,154.9450684,1.059999943,360,24.60000039,5.671542279,209.9292246,-1416.7207,1142.8867,22.1,-11.39
35953,4588,100.5,14.62670997,2.482000053,61.95000077,34.75,92.47499848,51.52168559,6082.574585,139.254425,1.080000043,370,27.20000077,6.160324263,229.5229511,-1416.7207,1142.8867,23.6,-12.89
35954,4588,100.5250015,14.82536269,2.317750037,63.59999848,35.29999924,86.79999924,55.77532101,7484.925293,150.0417328,0.99000001,250,28.29999924,5.371965234,201.1807015,-1416.7207,1142.8867,25.1,-14.39
35955,4588,100.5499992,14.71254767,2.448750019,63.14999962,36.80000115,90.87500191,58.39860058,7406.472412,149.0610809,1.129999995,310,26.34999847,5.996376656,222.5301627,-1416.7207,1142.8867,26.6,-15.89
35956,4588,100.4250011,14.7444302,2.434000015,67.55000305,44.84999847,89.97500038,61.56124496,7492.28064,159.8483887,1.100000024,275,22.70000458,5.924356073,218.9991523,-1416.7207,1142.8867,28.1,-17.39
35986,4589,97.625,17.60404494,1.167250007,62.25,28.89999962,41.57499981,76.95768548,7281.437378,296.1608276,0.449999988,840,33.35000038,1.362472579,48.52841882,-1240.3867,1266.0312,11,2.4700003
35988,4589,98.375,17.2778624,1.24274996,73.09999847,32.75,44.92500019,67.21232605,6124.252807,228.4949341,0.5,570,40.34999847,1.544427463,55.83054219,-1240.3867,1266.0312,12.3,1.1700001
35989,4589,99.90000154,16.68190511,1.47300002,90.60000229,39.34999847,53.80000019,48.39581775,5570.177124,169.6550446,0.529999971,340,51.25000382,2.169729059,79.24740136,-1240.3867,1266.0312,13.8,-0.32999992
35990,4589,100.0749989,16.17668989,1.730500042,92.54999924,48.10000039,62.62500095,43.00215912,4829.774902,114.7378006,0.689999998,560,44.44999885,2.994630395,108.3725668,-1240.3867,1266.0312,15.3,-1.8299999
35991,4589,100.375,15.22757248,2.145749986,90.45000077,43.45000077,78.89999962,37.41236782,3711.816956,109.8344803,0.819999993,365,47,4.604243002,169.2996731,-1240.3867,1266.0312,16.8,-3.329999
35992,4589,99.92499925,15.31341019,2.052000046,84.20000077,47.5,75.59999848,32.52130175,3765.753418,111.7958069,0.839999974,310,36.70000077,4.210704189,155.1312004,-1240.3867,1266.0312,18.3,-4.829999
35993,4589,99.65000154,14.96270267,2.233999968,81.89999771,50.5,82.27499962,34.31101704,3478.909058,106.8924866,1,370,31.39999771,4.990755857,183.8023465,-1240.3867,1266.0312,19.8,-6.329999
35994,4589,100.7250004,14.78366999,2.304749966,76.70000076,50.5,87.32500077,38.77304077,3704.461853,104.93116,0.810000002,440,26.20000076,5.311872406,201.2622926,-1240.3867,1266.0312,21.3,-7.829999
35995,4589,100.7250004,14.75669269,2.295000017,65.14999771,41.85000039,87.39999962,40.08468151,4491.445557,113.7571335,0.959999979,250,23.29999732,5.267025078,200.5830006,-1240.3867,1266.0312,22.8,-9.329999
35996,4589,100.9500008,14.54087255,2.402750075,66.75,36.79999924,92.69999886,44.37508965,4743.966797,117.6798019,1.039999962,360,29.95000076,5.773207923,222.7349292,-1240.3867,1266.0312,24.3,-10.829999
35997,4589,100.2499981,14.66595005,2.265249968,68.44999695,35.09999847,87.02499771,47.35385991,5606.951904,129.4477844,1.00999999,420,33.34999848,5.131357418,197.1333733,-1240.3867,1266.0312,25.8,-12.329999
35998,4589,100.2749996,14.85969754,2.212500036,88.19999695,42,83.79999924,47.30482769,5224.492798,129.4477844,0.879999995,500,46.19999695,4.895156409,185.4075013,-1240.3867,1266.0312,27.3,-13.829999
36028,4590,99.19999949,17.08901984,1.313000043,62.35000038,30.75,47.80000051,54.91723888,3984.768718,209.8623199,0.449999988,790,31.60000038,1.723969113,62.76140273,-1265.585,1235.2305,10.2,3.38
36029,4590,100.0750008,16.8609375,1.423999995,73.34999847,36.59999847,52,51.17845345,3782.9151,164.751709,0.529999971,355,36.75,2.027775986,74.04799974,-1265.585,1235.2305,11.9,1.6800003
36030,4590,99.84999845,16.70888241,1.453000009,88.30000305,43.89999962,53.22500038,49.14357472,3856.465027,164.751709,0.569999993,260,44.40000343,2.111209026,77.33592603,-1265.585,1235.2305,13.2,0.3800001
36032,4590,100.9000015,15.83088731,1.753500015,93.25,46.25,66.22499943,37.60850144,2559.535645,111.7958069,0.620000005,275,47,3.074762303,116.1255375,-1265.585,1235.2305,14.7,-1.1199999
36033,4590,100.2000008,15.07797,2.072249949,88.94999695,45.54999924,78.44999886,34.97296381,3959.434814,113.7571335,0.939999998,520,43.39999771,4.294219851,162.5680061,-1265.585,1235.2305,16.1,-2.5200005
36034,4590,100.1499996,15.19078473,2.001999974,90.95000077,48.94999886,75.82500076,37.70656967,4256.085876,107.8731537,0.819999993,310,42.00000191,4.008003896,151.8016496,-1265.585,1235.2305,17.2,-3.6200008
36035,4590,100.6000004,15.09513743,2.077750087,85,48.29999924,79,41.82536125,4682.675354,118.6604691,0.800000012,440,36.70000076,4.317045424,164.1422569,-1265.585,1235.2305,19.2,-5.620001
36036,4590,99.77499769,14.67085498,2.471750021,68.75,42.79999924,90.42499924,51.71781827,7369.697266,122.5831223,1.059999943,295,25.95000076,6.109548166,223.5079938,-1265.585,1235.2305,20.7,-7.120001
36037,4590,99.97500039,15.24719281,2.132500053,56.89999962,36.54999924,77.92499733,48.92292595,7006.851196,139.254425,0.899999976,330,20.35000038,4.547556476,166.1750609,-1265.585,1235.2305,22.2,-8.620001
36038,4590,100.3999996,14.79593219,2.383749962,64.64999962,36.54999924,88.30000115,54.81917286,7985.064331,136.3124237,1.059999943,245,28.10000038,5.682263881,210.4851244,-1265.585,1235.2305,23.7,-10.120001
36039,4590,99.59999846,14.6733076,2.411249995,71.84999847,37.70000076,88.89999962,55.55467129,8860.308106,145.1384125,1.029999971,460,34.14999771,5.814126538,214.3601236,-1265.585,1235.2305,25.2,-11.620001
36040,4590,99.72500038,14.57766001,2.491250038,73,38.20000076,91.92499924,52.52686691,6313.030762,140.2350922,1.070000052,540,34.79999924,6.206326752,229.0081578,-1265.585,1235.2305,26.7,-13.120001
36065,4591,99.80000114,17.49122963,1.212250024,58.34999847,31.69999886,44.29999924,74.08923911,7502.087036,246.1469116,0.5,720,26.64999961,1.469550121,53.70267514,-1189.9521,1389.25,11.7,-0.13000011
36066,4591,100.0250015,16.77510008,1.470499992,79.35000229,37.20000077,53.47500038,57.63858415,5881.538086,210.8429871,0.519999981,540,42.15000152,2.162370226,78.63498763,-1189.9521,1389.25,13.2,-1.6300001
36067,4591,100.0749989,15.82598238,1.844000012,83.10000229,40.79999924,67.29999924,44.48541355,4439.960693,164.751709,0.75,265,42.30000305,3.400336044,124.1011994,-1189.9521,1389.25,14.7,-3.13
36068,4591,100.1000004,15.74995513,1.875,84.75,46.34999847,68.52499962,42.56085968,5128.877869,131.4091034,0.810000002,460,38.40000153,3.515625,128.4843743,-1189.9521,1389.25,16.2,-4.630001
36069,4591,99.82500078,15.58318493,1.922000021,85.90000153,49.95000076,70.47500038,43.84798241,5025.908081,107.8731537,0.699999988,520,35.95000077,3.694084081,135.4529522,-1189.9521,1389.25,17.7,-6.130001
36070,4591,101,15.01665756,2.190000057,77.79999924,47.85000039,82.79999924,48.53065873,5354.430725,138.2737579,0.910000026,520,29.94999885,4.79610025,181.3320031,-1189.9521,1389.25,19.2,-7.630001
36071,4591,100.3750019,15.18588037,2.182250023,37.59999847,25.29999924,80.05000115,44.38734913,6038.444702,127.4864426,0.949999988,350,12.29999923,4.762215163,174.6891169,-1189.9521,1389.25,20.7,-9.130001
36085,4592,94.54999924,14.98967998,2.043500006,89.5,39.5,71.09999848,27.45861912,1819.133545,164.751709,0.746999979,140,50,4.175892275,145.2928473,672.854,309.83984,8.5,-2.44
36087,4592,87.80000305,18.42317962,1,44.70000076,26.60000038,27.5,13.48414278,980.664978,311.8514709,0.186000004,330,18.10000038,1,27.5,672.854,309.83984,12.8,-6.7400002
36089,4592,92.32499886,16.39986729,1.405250013,59.20000076,28.20000076,47.67500115,53.93657398,3417.617493,243.2049103,0.354999989,320,31,1.974727599,66.99529599,672.854,309.83984,17.2,-11.140001
36090,4592,90.17500115,16.11537745,1.534000009,59.90000153,27.79999924,49.72500038,47.80741787,3003.28656,213.7849731,0.591000021,300,32.10000229,2.353156028,76.27815103,672.854,309.83984,18.7,-12.640001
36091,4592,91.375,16.07368505,1.502000004,60.40000153,27.70000076,50.35000038,50.01391125,2981.221588,213.7849731,0.634000003,280,32.70000077,2.256004012,75.62570077,672.854,309.83984,20.2,-14.140001
36092,4592,89.19999886,16.15707014,1.468250007,64,28.70000076,49.57500077,55.77532006,4300.215881,190.2490082,0.537999988,170,35.29999924,2.155758083,72.78849523,672.854,309.83984,21.7,-15.640001
36093,4592,88.75,16.17178496,1.468999982,58.40000153,25.79999924,47.75,56.02048682,4572.350403,200.0556488,0.535000026,170,32.60000229,2.157960947,70.14474914,672.854,309.83984,23.2,-17.140001
36095,4592,90.20000076,15.91672531,1.548000008,62.79999924,29.89999962,50.99999904,49.03324795,3383.294067,209.8623199,0.508000016,300,32.89999962,2.396304025,78.94799892,672.854,309.83984,24.7,-18.640001
36096,4592,92.10000229,15.17116497,1.936749965,82.80000305,35.29999924,64.65000153,45.72350407,3900.595062,180.4423523,0.893999994,150,47.50000381,3.751000427,125.2108882,672.854,309.83984,26.2,-20.140001
36097,4592,93.30000115,14.27600245,2.416000008,101.3000031,38.79999924,82.95000076,50.7494135,5023.456482,172.5970306,0.967000008,150,62.50000386,5.837056039,200.4072025,672.854,309.83984,27.7,-21.640001
36098,4592,92.05000114,14.06999247,2.457000017,97.5,37.40000153,84.14999771,42.90409279,4118.792908,151.0223999,1.049999952,150,60.09999847,6.036849084,206.7565458,672.854,309.83984,29.2,-23.140001
36099,4592,94.17500115,13.84926739,2.680999935,111.5,44.5,94.52500153,51.60749436,4108.986145,165.7323914,1.202999949,150,67,7.187760651,253.421523,672.854,309.83984,30.7,-24.640001
36100,4592,95.09999848,13.89095979,2.689249993,113.3000031,44.79999924,94.22500038,49.03324891,5356.882507,158.8677216,1.136000037,140,68.50000386,7.232065525,253.3945816,672.854,309.83984,32.2,-26.140001
36101,4592,94.35000038,13.85662494,2.651499987,110.3000031,42.70000076,94.1249981,52.2204113,4851.839905,184.3650208,1.175999999,140,67.60000234,7.030452181,249.5724312,672.854,309.83984,33.7,-27.640001
36102,4592,94.27499962,13.89586473,2.630750001,112.5999985,45.29999924,93.07500076,55.40757085,5815.343323,180.4423523,1.256000042,140,67.29999926,6.920845568,244.8570583,672.854,309.83984,35.2,-29.140001
36103,4592,93.07499886,13.63835248,2.780249954,112.9000015,46,96.95000076,59.33022976,6190.447876,186.3263397,1.18599999,150,66.9000015,7.729789807,269.5452352,672.854,309.83984,36.7,-30.640001
36104,4592,93.625,13.70702276,2.743749976,106.3000031,44.70000076,96.39999962,58.47214986,6987.238037,185.3456726,1.335000038,140,61.60000234,7.528163931,264.4974966,672.854,309.83984,38.2,-32.14
36105,4592,93.5,13.8786973,2.555999994,105.5999985,45.40000153,90.47500038,60.18831254,5822.69812,204.9589691,1.281999946,140,60.19999697,6.533135969,231.2541004,672.854,309.83984,39.7,-33.64
36106,4592,94.04999924,13.83209997,2.646749974,110.5999985,43.20000076,93.82499886,72.07887458,8911.793213,222.6109467,1.036000013,130,67.39999774,7.005285425,248.3313133,672.854,309.83984,41.2,-35.14
36107,4592,93.30000115,14.22204756,2.337999999,98.09999847,40.5,82.07499886,71.09820938,8892.179688,221.6302795,1.162999988,130,57.59999847,5.466243995,191.8913473,672.854,309.83984,42.7,-36.64
36109,4592,93.22500229,16.90017758,1.269749999,45.29999924,25.20000076,43.44999981,47.80741787,4435.057251,224.5722809,0.354999989,450,20.09999848,1.61226506,55.17063722,672.854,309.83984,44.2,-38.14
36111,4592,92.02500153,15.69354733,1.611499965,64.19999695,31.79999924,55.02499962,82.98877335,9044.182617,300.0834656,0.694000006,270,32.39999771,2.596932137,88.67278496,672.854,309.83984,45.7,-39.64
36112,4592,91.5,15.6199724,1.62650004,65.5,31.79999924,55.22500039,81.2726097,7597.701904,294.1994934,0.605000019,270,33.70000076,2.64550238,89.82346534,672.854,309.83984,47.2,-41.14
36113,4592,94.07500076,16.01482493,1.558500022,64.90000153,28.20000076,54.05000019,86.29851724,10716.2168,275.566864,0.601000011,150,36.70000077,2.428922319,84.23692649,672.854,309.83984,48.7,-42.64
36114,4592,91.89999962,15.66411741,1.65625,75.59999847,35.90000153,56,98.0664997,10348.46716,305.9674683,0.723999977,140,39.69999694,2.743164063,92.75,672.854,309.83984,50.2,-44.14
36116,4592,88.85000038,16.7922675,1.191500038,45.5,27.39999962,39.34999943,69.25946618,5484.369019,810.0292969,0.236000001,300,18.10000038,1.419672341,46.88552582,672.854,309.83984,51.7,-45.64
36118,4592,92.70000077,16.45627509,1.30399999,56.20000076,33.20000076,43.75,83.96943856,4243.82782,557.9983521,0.261999995,500,23,1.700415974,57.04999956,672.854,309.83984,53.2,-47.14
36119,4592,88.625,16.73340739,1.209500015,42.79999924,26.29999924,39.72500038,74.65312384,4383.572632,477.5838318,0.236000001,560,16.5,1.462890286,48.04738856,672.854,309.83984,56.2,-50.14
36120,4592,88.125,16.4292975,1.305999994,47.5,27,42.45000077,102.356905,4834.678406,534.4624023,0.301999986,540,20.5,1.705635984,55.43970075,672.854,309.83984,57.7,-51.64
36121,4592,91.125,15.79655246,1.562999994,72.90000153,33.90000153,53.02500057,126.8735275,7416.279053,506.0231018,0.437999994,450,39,2.442968981,82.87807557,672.854,309.83984,59.2,-53.14
36122,4592,89.30000114,16.5004204,1.282249987,48.59999847,28,42.52500058,106.1569824,4354.152405,586.4376831,1.35800004,450,20.59999847,1.644165029,54.52768144,672.854,309.83984,60.7,-54.64
36124,4592,85.94999885,16.58135259,1.189500034,40.90000153,25.20000076,38.17499924,92.79542543,6940.65625,533.4817505,0.477999985,200,15.70000077,1.414910331,45.40916289,672.854,309.83984,62,-55.94
36127,4592,93.30000305,15.68618977,1.725000024,40.90000153,27,58.5,95.1245041,14631.52148,756.0927124,0.907000005,400,13.90000153,2.975625083,100.9125014,672.854,309.83984,63.7,-57.64
36249,4624,99.14999772,17.27050484,1.187749982,47.70000076,24.10000038,44.05000019,50.49198913,5864.866699,205.9396362,0.349999994,2700,23.60000038,1.41075002,52.32038693,-611.7676,-305.8086,12.9,-10.61
36251,4624,100.5249977,15.86522246,1.698500007,75,32.5,64.32500076,69.50463009,11004.5321,166.7130585,0.75,247,42.5,2.884902274,109.2560142,-611.7676,-305.8086,17,-14.71
36253,4624,99.29999924,15.26926488,1.954249978,90.30000305,36.70000076,73.02499962,82.86619188,15825.48145,210.8429871,0.769999981,392,53.60000229,3.819092977,142.7091039,-611.7676,-305.8086,20.6,-18.310001
36255,4624,98.45000077,14.91610475,2.161499977,97,37.5,79.5,83.11135865,10926.81446,215.7463074,1.039999962,214,59.5,4.672082151,171.8392482,-611.7676,-305.8086,23.4,-21.11
36257,4624,98.60000038,14.7297151,2.255499959,102.5999985,43.70000076,83.40000153,80.4145279,10755.9331,261.8375549,1.190000057,158,58.89999774,5.087280065,188.1087,-611.7676,-305.8086,26,-23.71
36260,4624,96.29999924,17.79043516,1.025999978,33.20000076,20.39999962,36.875,62.19867707,8776.951537,233.3982697,0.319999993,2470,12.80000114,1.052675955,37.83374919,-611.7676,-305.8086,29,-26.71
36266,4624,48.59999943,16.46608497,2.031000048,39,22.29999924,37.10000038,69.87237835,6991.160767,470.7192078,0.349999994,3600,16.70000076,4.124961195,75.35010255,-611.7676,-305.8086,35.2,-32.91
36268,4624,53.52500058,17.0424225,2.221249998,51.09999847,25.29999924,44.52500057,103.7053223,12319.35852,373.6333618,0.449999988,1700,25.79999923,4.933951554,98.90115743,-611.7676,-305.8086,38.5,-36.21
36270,4624,98.32499886,16.05161239,1.605000019,66.69999695,28.60000038,58.82499886,116.4539662,15077.72436,343.2327271,0.670000017,404,38.09999657,2.576025061,94.41412429,-611.7676,-305.8086,41.5,-39.21
36272,4624,98.02500153,16.29440984,1.484250009,64.5,30,54.47499943,132.3897686,19007.49341,387.3626709,0.639999986,402,34.5,2.202998089,80.85451839,-611.7676,-305.8086,44.2,-41.91
36274,4624,98.94999886,16.02218277,1.601000011,74.69999695,31.79999924,59.5,126.138031,20608.67529,389.3240051,0.75999999,214,42.89999771,2.563201035,95.25950065,-611.7676,-305.8086,48.2,-45.91
36276,4624,99.35000038,15.97313253,1.636749953,74,32.20000076,61,145.9964981,21961.99195,470.7192078,0.74000001,237,41.79999924,2.678950409,99.84174713,-611.7676,-305.8086,50.5,-48.21
36277,4624,99.42499924,16.24045524,1.534249991,74.19999695,31.60000038,57.15000057,142.8093395,16904.94861,518.7717896,0.689999998,253,42.59999657,2.353923035,87.68238786,-611.7676,-305.8086,53.4,-51.11
36278,4624,99.37500192,16.2330974,1.513500005,73.09999847,31,56.625,126.2606125,13491.98901,539.3657227,0.610000014,768,42.09999847,2.290682265,85.70193778,-611.7676,-305.8086,56.2,-53.91
36302,4625,97.2499981,15.14909203,1.977499992,39.70000076,22.29999924,71.90000153,80.16936303,14609.45654,156.9064026,0.99000001,208,17.40000152,3.910506218,142.1822525,-485.84863,-305.875,19.6,-16.050001
36304,4625,97.79999924,14.80083742,2.18175,85.40000153,35,80.05000114,83.84685708,14746.74976,170.6357117,0.980000019,281,50.40000153,4.760033063,174.64909,-485.84863,-305.875,22.6,-19.050001
36306,4625,98.79999924,14.72726249,2.273999989,91.40000153,36,84.20000076,91.20184135,16867.43726,176.5196838,1.139999986,171,55.40000153,5.17107595,191.4708008,-485.84863,-305.875,25.6,-22.050001
36308,4625,99.10000038,14.69783228,2.287750006,97.59999847,38.79999924,85.22499848,91.20184138,16727.69312,205.9396362,1.190000057,145,58.79999923,5.23380009,194.9734908,-485.84863,-305.875,28.6,-25.050001
36310,4625,96.60000038,15.37472263,1.886250019,100.4000015,40.09999847,67.54999924,109.9570637,24636.75635,276.5475159,0.980000019,235,60.30000303,3.557939134,127.4161873,-485.84863,-305.875,31.6,-28.050001
36315,4625,93.40000153,17.02034985,1.171250015,44.90000153,22.89999962,40.92500115,67.2981348,8988.775148,392.2659912,0.400000006,4680,22.00000191,1.371826598,47.93340821,-485.84863,-305.875,35.9,-32.350002
36317,4625,102.4499989,16.71133502,1.385749996,45.59999847,23.29999924,50.80000019,110.2022247,18863.09107,333.4261169,0.49000001,685,22.29999923,1.920303051,70.39610006,-485.84863,-305.875,39,-35.45
36322,4626,92.13333384,12.91976992,3.387000004,129.1999969,54,117.3000031,24.09166972,2651.718099,176.5196838,0.819999993,2430,75.1999969,11.47176903,397.295111,-233.9331,-151.9414,5.6,-1
36329,4626,98.32499886,16.60833018,1.393000007,59.90000153,26.29999924,51.34999943,69.01429558,7562.152832,203.978302,0.50999999,564,33.60000229,1.94044902,71.53054957,-233.9331,-151.9414,13.4,-8.799999
36337,4626,100.6000004,15.759765,1.754000038,79.90000153,32.5,66.44999981,74.77570534,10642.91162,204.9589691,0.860000014,145,47.40000153,3.076516133,116.5533022,-233.9331,-151.9414,20.5,-15.9
36338,4626,97.39999771,15.02891976,2.065249979,93.30000305,38.5,74.95000076,78.82094573,9575.212648,207.9009705,1.00999999,222,54.80000305,4.265257476,154.7904875,-233.9331,-151.9414,24.3,-19.699999
36340,4626,98.32500076,14.55803998,2.365750015,107,42.70000076,87.14999962,76.73703384,8628.625854,197.1136627,1.120000005,157,64.29999924,5.596773133,206.1751129,-233.9331,-151.9414,27.3,-22.699999
36342,4626,99.29999924,14.62670997,2.377750039,110.1999969,44.40000153,88.37500191,85.19526864,11623.33167,208.8816528,1.120000005,205,65.79999537,5.653695248,210.1336642,-233.9331,-151.9414,30.3,-25.699999
36344,4626,97.92499924,14.87931758,2.142750025,96.69999695,40.09999847,78.59999848,99.90524293,12987.6814,272.6248474,1.139999986,217,56.59999848,4.59137767,168.4201487,-233.9331,-151.9414,33.3,-28.699999
36345,4626,97.09999847,15.0902322,2.024499983,81.80000305,35.40000153,73.27499962,109.8344784,18635.08667,272.6248474,1.220000029,306,46.40000152,4.098600181,148.3452355,-233.9331,-151.9414,34.8,-30.199999
36350,4626,98.30000115,16.23064478,1.50999999,65.30000305,27.20000076,55.64999962,87.52434826,11406.60449,303.0254822,0.519999981,116,38.10000229,2.28009997,84.03149887,-233.9331,-151.9414,39.3,-34.7
36352,4626,95.34999847,16.11537745,1.469500006,61.59999847,27.20000076,52.75,71.2085371,10130.26953,313.8128052,0.639999986,621,34.39999771,2.159430268,77.51612532,-233.9331,-151.9414,42.3,-37.7
36615,4652,99.14999962,14.05772998,2.753000021,95.19999695,48.09999847,103.5749989,12.01314569,2169.721253,43.14925766,0.922999978,500,47.09999848,7.579009116,285.1419741,44.228516,2251.3477,7.1,-1.7999997
36617,4652,99.14999771,14.78612261,2.234750033,88.69999695,48.59999847,83.22500038,15.20030737,1953.974945,45.11058807,0.82099998,190,40.09999848,4.99410771,185.9870723,44.228516,2251.3477,8.6,-3.3000002
36623,4652,98.94999886,15.17606991,1.950750023,95,47.70000076,73.30000115,32.6071105,3182.257813,90.22117615,0.837000012,110,47.29999924,3.805425652,142.9899789,44.228516,2251.3477,15.3,-10
36624,4652,99.22500038,15.28398028,1.903750003,96.40000153,49,71.75,37.14268589,3947.176575,111.7958069,0.757000029,96,47.40000153,3.624264074,136.5940627,44.228516,2251.3477,16.8,-11.499999
36625,4652,98.92500115,15.76466993,1.737499982,78.19999695,43,64.14999962,40.20726395,4263.441101,109.8344803,0.930000007,150,35.19999695,3.018906187,111.4606232,44.228516,2251.3477,18.3,-12.999999
36626,4652,99.125,16.14235504,1.557249993,88.90000153,45.40000153,57.97499943,45.47833824,4854.291748,133.3704376,0.82099998,140,43.5,2.425027541,90.28156746,44.228516,2251.3477,19.8,-14.499999
36630,4652,99.22499848,15.43603507,1.908250004,86.69999695,46.90000153,70.625,68.8917141,6629.295166,195.1523285,0.864000022,170,39.79999542,3.641418078,134.7701565,44.228516,2251.3477,24.5,-19.2
36635,4652,57.94999981,16.15706986,1.590249986,61.09999847,42.59999847,57.94999981,57.73664855,6013.927979,338.3294373,0.550999999,1300,18.5,2.528895018,92.15498639,44.228516,2251.3477,30.8,-25.5
36641,4652,99.10000038,16.36553244,1.510500014,61.20000076,43.09999847,55.72499943,105.0537338,9850.779664,379.517334,0.485000014,1300,18.10000229,2.281610292,84.17261242,44.228516,2251.3477,42.2,-36.9
36642,4652,99.52499962,16.34346009,1.520500004,66.5,44.59999847,56.34999943,98.18907928,9586,357.9427185,0.550999999,760,21.90000153,2.311920262,85.68017436,44.228516,2251.3477,43.7,-38.4
36644,4652,99.70000076,15.5660178,1.845499993,80.69999695,49.09999847,68.77499962,98.31166078,10610.79517,312.8321228,0.839999974,300,31.59999848,3.405870224,126.9242613,44.228516,2251.3477,45.2,-39.9
36646,4652,99.17499924,15.36491276,1.926500023,85.09999847,48.09999847,71.62499809,119.8862896,14812.94434,309.8901367,1.019999981,180,37,3.711402339,137.9855605,44.228516,2251.3477,48.2,-42.9
36647,4652,99.25,15.72542986,1.78400001,78.90000153,46.70000076,65.75,107.3828182,11665.01001,312.8321228,0.866999984,230,32.20000077,3.182656036,117.2980007,44.228516,2251.3477,49.7,-44.4
36648,4652,99.52499962,15.74750251,1.78125,81.40000153,40.29999924,65.84999847,107.260231,12295.08716,375.5946655,0.750999987,300,41.10000229,3.172851563,117.2953098,44.228516,2251.3477,51.2,-45.9
36649,4652,99.22500229,15.55375502,1.850499988,84.80000305,40.59999847,68.45000076,111.3054752,10002.78296,400.1112976,0.833999991,280,44.20000458,3.424350206,126.6667256,44.228516,2251.3477,52.7,-47.4
36650,4652,99.75000191,15.71561998,1.783250004,80.5,46.29999924,66.44999886,113.1442242,10012.58984,312.8321228,0.837000012,230,34.20000076,3.179980577,118.4969607,44.228516,2251.3477,54.2,-48.9
36652,4652,98.72500038,15.81862483,1.639499992,77.69999695,42.20000076,61.34999943,126.2606163,8257.199036,312.8321228,0.787,210,35.49999619,2.687960224,100.5833236,44.228516,2251.3477,55.5,-50.2
36659,4653,99.14999962,15.328125,1.95025,89.40000153,42,72.57500076,10.78731465,411.8792954,62.76255798,0.620999992,150,47.40000153,3.803475063,141.5393952,-132.02246,2220.621,15.4,-3.6599998
36660,4653,98.27499962,15.54639747,1.87075001,103.4000015,45.5,65.57499981,24.51662445,2066.751434,71.58854675,0.750999987,120,57.9000015,3.4997056,122.6744316,-132.02246,2220.621,17,-5.26
36661,4653,87.17500115,17.04732744,1.098750025,47.90000153,30,35.57500077,44.12992478,2309.465973,150.0417328,0.289000005,900,17.90000153,1.207251617,39.08803299,-132.02246,2220.621,18.5,-6.76
36666,4653,96.82500076,15.23493003,1.890750021,95.90000153,44.5,68.89999962,33.58777571,2667.408692,110.8151398,0.690999985,120,51.40000153,3.574935642,130.2726757,-132.02246,2220.621,23,-11.26
36667,4653,98.125,15.47527486,1.855000019,101.0999985,44.5,67.85000038,56.02048589,4810.161743,163.7710419,0.77700001,110,56.5999985,3.44102507,125.861752,-132.02246,2220.621,24.5,-12.76
36670,4653,96.92500115,15.80391001,1.67475,88.90000153,42.29999924,59.75,71.22079468,3907.94989,202.016983,0.698000014,120,46.60000229,2.804787563,100.0663125,-132.02246,2220.621,26.5,-14.76
36672,4653,95.32500076,15.98539502,1.555750012,88.59999847,39.5,55.32500077,71.46595955,4153.116272,191.2296753,0.508000016,190,49.09999847,2.4203581,86.07187061,-132.02246,2220.621,27.2,-15.460001
36675,4653,97.89999962,15.87748494,1.651500017,79.59999847,42.79999924,60.44999981,118.6604633,11691.9784,291.2575073,0.727999985,220,36.79999923,2.727452306,99.83317571,-132.02246,2220.621,30.6,-18.86
36676,4653,81.63333384,18.55070993,0.76366667,27.29999924,21.79999924,23,21.41118495,2128.04301,454.0478821,0.547999978,820,5.5,0.583186783,17.56433341,-132.02246,2220.621,31.7,-19.960001
36684,4653,97.22499848,15.84805474,1.656500012,72.09999847,38.09999847,60.09999943,93.40833951,7097.562622,528.5784302,0.595000029,600,34,2.74399229,99.55564978,-132.02246,2220.621,48.7,-36.96
36685,4653,99.14999961,15.84560271,1.702499986,81.80000305,45.70000076,63.07499886,115.3507137,10024.84766,463.8545227,0.757000029,340,36.10000229,2.898506202,107.3851847,-132.02246,2220.621,50.2,-38.46
36686,4653,97.60000229,15.48753764,1.818000019,82.19999695,46.79999924,66.375,114.7377987,8914.244995,419.7246399,0.833999991,300,35.39999771,3.305124069,120.6697513,-132.02246,2220.621,51.7,-39.96
36687,4653,99.02499771,15.58809016,1.81099999,83.5,46.79999924,67.07500077,91.20184326,6631.746948,228.4949341,0.651000023,230,36.70000076,3.279720964,121.4728257,-132.02246,2220.621,53.1,-41.36
36688,4653,98.47499848,15.4115101,1.854749978,85.40000153,44.40000153,66.22499943,116.2088013,6553.29364,313.8128052,0.97299999,120,41,3.440097481,122.8308162,-132.02246,2220.621,54.4,-42.660004
36689,4653,97,15.97067991,1.582249999,70.30000305,38.29999924,57.54999924,88.38243103,6587.617066,383.4400024,0.657999992,220,32.00000381,2.503515059,91.05848624,-132.02246,2220.621,56,-44.260002
36692,4653,97,18.03732011,0.946333329,37,24.20000076,34.36666616,63.08944575,3314.647624,458.9512024,0.412,700,12.79999924,0.89554677,32.52232159,-132.02246,2220.621,57.4,-45.660004
36706,4654,99.10000229,15.35264968,1.891749978,87.90000153,46.79999924,70.75,32.11677742,2184.431183,105.9118195,0.634000003,560,41.10000229,3.578717979,133.8413109,94.46582,2004.8164,15.4,-7.5099998
36707,4654,99.5,14.32995763,2.468499959,120.8000031,48.5,95.49999809,26.11020517,1527.385712,54.91724014,0.959999979,110,72.3000031,6.093492048,235.7417414,94.46582,2004.8164,16.9,-9.01
36709,4654,97.67499924,18.02587477,0.997250006,41.79999924,29,36.17499924,22.06496191,1267.509476,139.254425,0.252000004,1400,12.79999924,0.994507574,36.07551821,94.46582,2004.8164,18.4,-10.51
36710,4654,97.67499733,15.60525729,1.803750009,67.30000305,35.59999847,65.44999885,24.63920832,875.2434998,64.72389221,0.734000027,130,31.70000458,3.253514095,118.055436,94.46582,2004.8164,19.8,-11.91
36711,4654,98.05000114,15.52677743,1.801750034,78.5,40.90000153,66.20000076,26.60053778,1429.319214,68.64654541,0.708000004,200,37.59999847,3.246303185,119.2758536,94.46582,2004.8164,21.4,-13.51
36713,4654,99.02499771,14.88422251,2.218250036,100.6999969,48.90000153,81.69999886,25.61987257,1382.737595,65.7045517,0.871999979,140,51.79999537,4.920633222,181.2310254,94.46582,2004.8164,22.9,-15.01
36714,4654,99.20000077,17.10128262,1.310750037,54.29999924,32.90000153,47.67500019,30.52319717,2316.820954,120.6217957,0.617999971,160,21.39999771,1.718065659,62.49000826,94.46582,2004.8164,24.4,-16.51
36715,4654,98.79999924,16.23555001,1.576499999,72.09999847,37.09999847,57.59999943,45.72350693,4496.349029,148.0804138,0.495000005,240,35,2.485352247,90.80639904,94.46582,2004.8164,25.8,-17.91
36717,4654,99.30000115,17.3195548,1.247249991,48,30.10000038,45.375,47.80741692,5084.748047,228.4949341,0.495000005,1600,17.89999962,1.55563254,56.59396834,94.46582,2004.8164,27.4,-19.51
36740,4655,93.52499962,16.16197508,1.452000022,79.69999695,39.90000153,50.89999962,35.79427099,2265.336121,287.3348389,0.272000015,1800,39.79999542,2.108304064,73.90680057,44.155273,2097.2812,23.4,-11.11
36747,4655,93.05000115,16.89282003,1.229750007,73.5,36.20000076,42.80000019,37.75560188,2177.076263,159.8483887,0.358999997,700,37.29999924,1.51228508,52.63330053,44.155273,2097.2812,29.3,-17.009998
36749,4655,98.39999962,16.46608467,1.4375,69.19999695,34.70000076,52.875,56.75598621,5079.844605,198.0943298,0.588,190,34.49999619,2.06640625,76.0078125,44.155273,2097.2812,30.9,-18.61
36750,4655,98.47500038,16.49551488,1.439500034,78,37.09999847,52.80000019,65.58197214,4591.963806,246.1469116,0.555000007,180,40.90000153,2.072160348,76.00560207,44.155273,2097.2812,32.2,-19.91
36751,4655,97.19999886,16.75548004,1.325999975,66.19999695,35,48.02499962,69.74979686,5697.663452,272.6248474,0.643999994,280,31.19999695,1.758275934,63.6811483,44.155273,2097.2812,34,-21.71
36765,4655,98.8750019,15.79164753,1.767250002,76.5,40.5,64.57499886,94.14383698,6465.033936,380.4980164,0.711000025,270,36,3.12317257,114.1201669,44.155273,2097.2812,54.2,-41.91
36766,4655,97.22500038,15.72052521,1.726500005,75.09999847,41.5,62.42499924,111.3054733,7538.861939,405.0146484,0.781000018,240,33.59999847,2.980802267,107.7767615,44.155273,2097.2812,55.7,-43.41
36767,4655,97.95000077,15.71807259,1.756250024,85.09999847,41.40000153,63.80000019,110.4473934,7205.435913,394.2273254,0.860000014,110,43.69999694,3.084414147,112.0487519,44.155273,2097.2812,57.2,-44.91
36768,4655,96.82500077,15.71071534,1.711249978,72.80000305,43.40000153,61.72500038,109.2215614,12743.7417,417.7633057,0.82099998,220,29.40000152,2.928376487,105.6269055,44.155273,2097.2812,58.7,-46.41
36769,4655,97.79999924,15.92408257,1.670249969,74.40000153,42.5,60.40000153,135.3317642,11081.51441,442.2799377,0.783999979,220,31.90000153,2.789734959,100.8831007,44.155273,2097.2812,60.3,-48.01
36771,4655,97.67499924,16.14480737,1.542499989,67.80000305,43,56.25,130.9187717,7239.759155,500.1391296,0.61500001,460,24.80000305,2.379306216,86.76562438,44.155273,2097.2812,61.8,-49.51
38634,4799,99.75000191,16.8731997,1.314750016,56.5,30,49.17500019,46.56932831,3645.62201,176.5196838,0.492000014,500,26.5,1.728567605,64.65283229,-712.4507,-213.3125,13.9,-11.657
38635,4799,99.54999924,16.78245734,1.346500009,60.29999924,27.29999924,50.22499943,45.42930603,4153.116211,247.1275787,0.379000008,1500,33,1.813062274,67.62796218,-712.4507,-213.3125,16.9,-14.657
38636,4799,99.75000191,15.25455007,2.023999989,89.90000153,39.29999924,75.32500076,52.8823595,5454.948974,181.4230194,0.781000018,500,50.60000229,4.096575955,152.4578007,-712.4507,-213.3125,19.9,-17.657
38637,4799,99.82500267,15.0632549,2.110249996,101.6999969,46.20000076,78.92500115,68.57299614,6852.396851,213.7849731,0.959999979,700,55.49999614,4.453155046,166.5514834,-712.4507,-213.3125,22.9,-20.657
38638,4799,99.625,14.96025006,2.101250053,102,46.5,79.45000076,73.0227642,9350.640381,253.0115509,1.103000045,640,55.5,4.415251785,166.9443183,-712.4507,-213.3125,25.9,-23.657
38642,4799,99.52499962,16.82169742,1.368750006,62.29999924,29.5,50.97500038,76.19766903,8335.652099,287.3348389,0.555000007,650,32.79999924,1.873476579,69.77203208,-712.4507,-213.3125,28.9,-26.657
38644,4799,97.5,17.12335499,1.240750015,54.40000153,28.10000038,44.79999924,75.25378036,5315.204102,411.8792725,0.375,1000,26.30000115,1.5394606,55.58559973,-712.4507,-213.3125,32.8,-30.557
38646,4799,96.9999981,17.56971038,1.076999992,47,26.29999924,39.07500077,64.00064754,4319.829163,421.6859741,0.319000006,1670,20.70000076,1.159928983,42.08377552,-712.4507,-213.3125,35.8,-33.557
38647,4799,97.07500076,16.55927994,1.418749988,61.70000076,32.90000153,50.89999962,85.79592705,6550.842041,449.1445618,0.451999992,1500,28.79999923,2.012851528,72.21437385,-712.4507,-213.3125,38.8,-36.557
38648,4799,98.95000267,16.08840015,1.612499952,73.59999847,39,59.32499981,103.9259739,7845.319824,414.8212891,0.574999988,950,34.59999847,2.600156095,95.66155935,-712.4507,-213.3125,41.8,-39.557
38649,4799,99.29999924,16.12028239,1.648750007,78.40000153,35.90000153,60.32499981,99.28006936,8080.679199,367.7493591,0.690999985,300,42.5,2.718376586,99.46084386,-712.4507,-213.3125,44.8,-42.557
38650,4799,99.625,15.85786461,1.702500015,77.40000153,40.09999847,63.47499848,111.7099953,8492.558594,429.5312805,0.671000004,410,37.30000306,2.898506301,108.0661859,-712.4507,-213.3125,47.8,-45.557
38651,4799,98.69999886,16.16933234,1.593250007,76,40,58.19999981,122.2153683,9041.731201,429.5312805,0.643999994,750,36,2.538445585,92.7271501,-712.4507,-213.3125,50.8,-48.557
38709,4803,98.92499924,15.28152766,1.975249976,95.19999695,41,72.99999905,58.6437664,7070.594605,146.1190796,0.750999987,290,54.19999695,3.901612468,144.1932464,-485.89795,-398.3164,8.9,-5.698
38712,4803,98.45000076,17.63102252,1.069499999,45.29999924,26.89999962,39.50000096,45.82157135,4219.311096,230.4562531,0.379000008,700,18.39999962,1.143830248,42.24525099,-485.89795,-398.3164,14.9,-11.698
38714,4803,99.80000115,15.65921248,1.811249972,83.19999695,37.09999847,67.47500038,54.72110557,4829.774963,163.7710419,0.77700001,390,46.09999848,3.280626461,122.2140925,-485.89795,-398.3164,17.9,-14.698
38715,4803,99.80000115,15.40905748,1.887999982,86.09999847,37.59999847,71.04999924,59.14635753,6298.320801,180.4423523,0.744000018,520,48.5,3.564543932,134.1423973,-485.89795,-398.3164,20.9,-17.698
38716,4803,99.77499962,14.78612261,2.222499967,100,42.79999924,84.04999924,70.09302903,7852.674561,171.6163635,0.963,540,57.20000076,4.939506103,186.8011205,-485.89795,-398.3164,23.9,-20.698
38717,4803,99.75,14.7027378,2.246500015,106.3000031,47,85.39999962,60.69090273,6847.493164,220.6496277,1.029999971,340,59.3000031,5.046762317,191.8511004,-485.89795,-398.3164,26.9,-23.698
38719,4803,99.2499981,15.30114741,2.006250024,84.40000153,37.90000153,74.29999924,77.72995759,8590.625366,231.4369202,1.039999962,760,46.5,4.025039159,149.0643753,-485.89795,-398.3164,29.9,-26.698
38724,4803,96.22500038,17.52801768,1.084250003,46.40000153,26.10000038,38.92500019,77.66866494,8649.465332,382.4593506,0.331,2150,20.30000115,1.175598069,42.20443157,-485.89795,-398.3164,37.8,-34.598
38725,4803,98.04999924,16.54947035,1.433500022,59.90000153,31.5,52.07499981,78.22029114,10848.60644,364.807373,0.518000007,890,28.40000153,2.054922313,74.64951337,-485.89795,-398.3164,40.8,-37.598
38726,4803,98,16.39251004,1.490999997,64.19999695,35.20000076,54.10000038,102.2220669,10051.81616,419.7246399,0.550999999,860,28.99999619,2.223080991,80.6631004,-485.89795,-398.3164,43.8,-40.598
38727,4803,99.75,16.191405,1.559000045,74.09999847,34.70000076,58.25,127.7561283,14195.12549,328.5227661,0.661000013,640,39.39999771,2.43048114,90.81175262,-485.89795,-398.3164,46.8,-43.598
38728,4803,99.35000038,15.94370261,1.707499981,77.59999847,38.70000076,62.75,106.9660301,9073.602783,362.8460388,0.727999985,420,38.89999771,2.915556185,107.1456238,-485.89795,-398.3164,49.8,-46.598
38729,4803,98.10000038,16.29440984,1.525750041,69.69999695,36.59999847,55.47499943,124.6792927,7825.706543,394.2273254,0.601000011,580,33.09999848,2.327913188,84.64098265,-485.89795,-398.3164,52.8,-49.598
38730,4803,98.89999962,16.12518732,1.582500011,76.80000305,36.90000153,58.39999962,130.7961903,14611.9082,460.9125061,0.694000006,1900,39.90000152,2.504306285,92.41800004,-485.89795,-398.3164,55.8,-52.598
38733,4803,98.07499886,16.55192268,1.430500001,66.5,34.59999847,52.07500077,146.2416668,11297.26038,505.0424805,0.488000005,960,31.90000153,2.046330253,74.49328865,-485.89795,-398.3164,58.8,-55.598
38755,4804,99.82500077,16.82415004,1.32524997,58.59999847,30.10000038,49.64999962,50.63908863,5177.911255,172.5970306,0.522000015,510,28.49999809,1.756287483,65.79866051,-385.24268,-552.4336,15.9,-12.518999
38756,4804,99.20000077,15.76712255,1.732749999,80.90000153,34.5,64.29999924,55.00304699,5896.247925,170.6357117,0.80400002,310,46.40000153,3.002422559,111.4158236,-385.24268,-552.4336,18.9,-15.518999
38757,4804,99.67500115,15.21531028,2.009500027,88.80000305,38,75.20000076,61.08316804,5896.248169,176.5196838,0.930000007,620,50.80000305,4.038090359,151.1144036,-385.24268,-552.4336,21.9,-18.519
38758,4804,99.72500038,14.64142507,2.307500005,104.8000031,47.29999924,87.375,74.78796196,8394.492066,198.0943298,1.065999985,700,57.50000386,5.324556273,201.6178129,-385.24268,-552.4336,24.9,-21.519
38759,4804,99.85000229,14.61444748,2.31099999,107,45.59999847,87.94999886,67.8742733,7261.824219,220.6496277,1.152999997,840,61.40000153,5.340720954,203.2524465,-385.24268,-552.4336,27.9,-24.519
38761,4804,99.82500267,14.57520711,2.353999973,103.8000031,43.90000153,89.27499962,80.26742934,10110.65576,233.3982697,1.208999991,900,59.90000157,5.541315873,210.1533467,-385.24268,-552.4336,30.9,-27.519
38766,4804,98.29999924,17.11599743,1.241499961,51.90000153,28,45.42500019,68.62203121,6641.553589,294.1994934,0.537999988,1020,23.90000153,1.541322153,56.39513596,-385.24268,-552.4336,38.8,-35.419
38768,4804,97.99999809,16.55192268,1.419499994,59.70000076,31.79999924,51.69999981,69.57818223,8262.102418,451.1058655,0.522000015,1040,27.90000152,2.014980233,73.38814942,-385.24268,-552.4336,41.8,-38.419
38769,4804,96.82500076,16.45382219,1.428499997,61.79999924,32.20000076,51.47500038,89.11792755,8323.393799,519.7524414,0.508000016,1040,29.59999848,2.040612241,73.53203789,-385.24268,-552.4336,44.8,-41.419
38770,4804,99.05000115,16.06877982,1.6065,73.09999847,35.79999924,59.42500019,93.61673164,9093.216064,382.4593506,0.625,1000,37.29999923,2.58084225,95.46626281,-385.24268,-552.4336,47.8,-44.419
38771,4804,99.85000038,16.29195752,1.517249972,71.40000153,35.70000076,56.82499981,122.056015,11299.71216,387.3626709,0.60799998,760,35.70000077,2.302047478,86.21772937,-385.24268,-552.4336,50.8,-47.419
38772,4804,99.82500076,16.28705258,1.527999997,72.59999847,36,57.07499981,126.9961128,10093.49414,460.9125061,0.708000004,1000,36.59999847,2.334783991,87.21059954,-385.24268,-552.4336,53.8,-50.419
38773,4804,98.39999962,17.2508848,1.172500014,55.90000153,28.39999962,43.25,129.0800228,9659.549804,529.559082,0.419,1070,27.50000191,1.374756283,50.71062561,-385.24268,-552.4336,56.8,-53.419
38791,4806,99.42500114,17.348985,1.182749987,48.90000153,26.10000038,43.82499981,33.6490674,3819.690064,154.9450684,0.437999994,1020,22.80000115,1.398897532,51.83401796,-309.83252,-829.78906,13.9,-11.455999
38792,4806,99.80000115,16.90998745,1.332500011,59.5,30.79999924,49.47500038,43.34539127,4474.283936,196.1329956,0.414999992,720,28.70000076,1.775556279,65.92543855,-309.83252,-829.78906,16.9,-14.455999
38793,4806,99.75000191,15.66902264,1.849999964,84.40000153,38.09999847,68.90000153,50.21004677,5977.153076,163.7710419,0.889999986,380,46.30000306,3.422499867,127.4650004,-309.83252,-829.78906,19.9,-17.456
38794,4806,99.89999963,15.04854009,2.108750045,95.30000305,43.90000153,79.125,67.08974266,9196.185669,186.3263397,0.916999996,840,51.40000152,4.446826752,166.8548473,-309.83252,-829.78906,22.9,-20.456
38795,4806,99.82500077,14.67085499,2.270999968,106.8000031,45,86.39999962,74.83699798,10368.08032,215.7463074,1.029999971,760,61.8000031,5.157440855,196.2143964,-309.83252,-829.78906,25.9,-23.456
38796,4806,99.92500115,14.59237512,2.33100003,111.3000031,47.29999924,88.70000077,89.69406893,13263.49365,278.5088501,1.162999988,480,64.00000386,5.43356114,206.7597045,-309.83252,-829.78906,28.9,-26.456
38797,4806,99.80000115,14.60218499,2.346000016,109.0999985,48.5,88.75000191,101.2536564,14881.59082,302.0447998,1.208999991,480,60.5999985,5.503716075,208.2075059,-309.83252,-829.78906,31.9,-29.456
38799,4806,99.59999847,15.50470477,1.861750037,81.80000305,39,69.99999905,119.8495216,19858.46582,305.9674683,1.059999943,580,42.80000305,3.4661132,130.3225008,-309.83252,-829.78906,34.8,-32.356
38800,4806,96,16.56663749,1.393999994,54.59999847,29.39999962,49.47500038,56.37597656,4452.218994,549.1723633,0.462000012,1100,25.19999885,1.943235983,68.96815023,-309.83252,-829.78906,37.8,-35.356
38801,4806,96.22500038,15.88974772,1.653999984,72.40000153,37,58.89999962,85.24430466,5874.183349,588.3989868,0.587000012,1030,35.40000153,2.735715947,97.42059843,-309.83252,-829.78906,40.8,-38.356
40981,6129,103.9000015,13.97597977,3.38499999,116.6999969,45.40000153,129.5333328,35.85000102,5670,16.29999924,1.25999999,66.7457962,71.29999537,11.45822493,438.4703302,4166.9565,-107.53906,1.8,-19.3356
40982,6129,101.4000015,13.35467997,3.895999908,131.3000031,53.40000153,148.0000051,9.133333523,621.6666667,18.89999962,1.389999986,58.48077011,77.90000157,15.17881528,576.6080063,4166.9565,-107.53906,3.8,-21.3356
40983,6129,102.4000015,13.19772004,4.073999882,133.8000031,55.29999924,156.4666697,12.05000019,1069.666667,28.39999962,1.429999948,57.80588531,78.50000386,16.59747504,637.4451939,4166.9565,-107.53906,4.8,-22.335602
40984,6129,102.5,13.37430011,3.875,130,53.70000076,146.6333364,12.10000038,1023,30.79999924,1.450000048,37.7425499,76.29999924,15.015625,568.2041785,4166.9565,-107.53906,5.8,-23.335602
40985,6129,101.1999969,13.28928004,3.806999922,127.4000015,56,146.8999939,10.96666686,550.6666667,31.79999924,1.379999995,85.27484894,71.4000015,14.49324841,559.2482653,4166.9565,-107.53906,6.8,-24.335602
40986,6129,100.5999985,13.10615966,3.937000036,124,52.09999847,149.6666667,18.21666654,1306.666667,42.40000153,1.720000029,92.16345215,71.90000153,15.49996928,589.2376722,4166.9565,-107.53906,8.8,-26.335602
40987,6129,100.6999969,13.16829023,3.90199995,116,57.09999847,145.800003,21.11666679,2210,52.90000153,1.820000052,74.59893799,58.90000153,15.22560361,568.9116044,4166.9565,-107.53906,9.8,-27.335602
40988,6129,100.3000031,12.98516986,3.911999941,121.9000015,57.09999847,149.9666697,22.70000013,2146.666667,67.5,1.850000024,88.02727509,64.80000303,15.30374354,586.669603,4166.9565,-107.53906,10.8,-28.335602
40990,6129,98.90000153,15.25455027,1.998999953,54.20000076,29.70000076,73.73333232,35.33333333,5626.666667,104,0.579999983,161.0434418,24.5,3.996000812,147.3929278,4166.9565,-107.53906,14.8,-32.3356
40995,6129,100.3000031,17.13152988,1.24000001,33.29999924,19.5,47.33333333,29.10000038,4286.666667,142,0.352999985,1965.477173,13.79999924,1.537600025,58.6933338,4166.9565,-107.53906,18.8,-36.3356
40996,6129,97.5,17.16095969,1.149999976,33,24.70000076,43.90000153,33.21666718,3720,200,0.317999989,1410.177002,8.29999924,1.322499945,50.48500071,4166.9565,-107.53906,19.8,-37.3356
40997,6129,101.4000015,17.87709003,1.118000031,30,23.29999924,40.79999924,27.18333403,3733.333333,224,0.27700001,2490.782715,6.70000076,1.249924069,45.61440042,4166.9565,-107.53906,20.8,-38.3356
40998,6129,98.69999695,18.09290997,1.024999976,28.39999962,21.5,37.19999949,32.39999962,5412.333333,172,0.323000014,2183.689941,6.89999962,1.050624951,38.12999858,4166.9565,-107.53906,21.8,-39.3356
40999,6129,97.5,17.35061998,1.238999963,34.5,21.20000076,44.80000051,27.83333302,4570,248,0.402999997,1589.96875,13.29999924,1.535120908,55.50719897,4166.9565,-107.53906,23.8,-41.3356
41000,6129,99.19999695,17.39640017,1.15199995,33.40000153,22.20000076,43.09999974,50.90000026,8446.666667,226,0.333000004,1622.343628,11.20000077,1.327103885,49.65119755,4166.9565,-107.53906,24.8,-42.3356
41014,6129,97.40000153,14.2686449,2.874000072,121,55.90000153,99.95000078,45.72500014,14250,492,1.889999986,23.89895248,65.09999847,8.259876414,287.2563094,4166.9565,-107.53906,37.5,-55.0356
41161,6131,102.0666682,13.5116399,3.38499999,133.3999939,42.20000076,133.699997,18.59999975,1.389999986,45.20000076,1.450000048,139.2175293,91.19999314,11.45822493,452.5744885,2451.9397,-2833.625,8.8,-29.3
41162,6131,100.0666682,13.4658601,3.230666717,129.5,43.20000076,125.5999985,18.46666686,1.266666651,48.40000153,1.381999969,139.9633942,86.29999924,10.43720744,405.7717348,2451.9397,-2833.625,9.8,-30.3
41164,6131,100.9666698,13.71110987,3.046666702,99.59999847,43.29999924,119.1333313,24.58333334,1.586666664,80,1.319000006,117.4681931,56.29999923,9.282177993,362.9595536,2451.9397,-2833.625,13.8,-34.3
41165,6131,99.46666717,13.69149012,2.946000019,107.0999985,37.40000153,113.6666692,27.34999975,2.093333324,82.19999695,1.394000053,134.5614929,69.69999697,8.678916112,334.8620096,2451.9397,-2833.625,14.8,-35.3
41166,6131,99.86666617,13.79939971,2.880333344,108.0999985,39,111.3666661,26.41666571,2,84.09999847,1.315999985,151.871521,69.0999985,8.296320173,320.7731218,2451.9397,-2833.625,15.8,-36.3
41168,6131,99.50000256,16.85030999,1.304999987,40.79999924,22.39999962,48.96666717,35.40000026,3.756666581,180.1000061,0.375,1099.664551,18.39999962,1.703024966,63.90150002,2451.9397,-2833.625,16.8,-37.3
41171,6131,100.899999,17.87381987,1.047999998,34.09999847,24,39.56666565,35.53333346,4.550000032,316.1000061,0.312999994,1045.854248,10.09999847,1.098303996,41.46586552,2451.9397,-2833.625,19.8,-40.3
41172,6131,100.0000026,16.64757026,1.404999972,46.5,22.20000076,52.4666659,25.29999987,3.110000133,163.3000031,0.617999971,314.3403015,24.29999924,1.974024921,73.71566412,2451.9397,-2833.625,21.8,-42.3
41173,6131,99.80000048,16.79144997,1.36500001,50.70000076,22,50.86666616,53.45000078,6.379999955,158.8000031,0.586000025,528.2289429,28.70000076,1.863225027,69.43299982,2451.9397,-2833.625,23.8,-44.3
41174,6131,97.13333384,17.27213982,1.175333341,38.59999847,17.5,42.5,39.90000025,5.453333378,187.6000061,0.398999989,1100.548096,21.09999847,1.381408462,49.95166699,2451.9397,-2833.625,24.8,-45.3
41177,6131,96.33333333,16.76855968,1.338999987,52.09999847,25.89999962,47.80000051,75.71666718,8.693333467,240.6999969,0.625999987,565.8366089,26.19999885,1.792920965,64.00420006,2451.9397,-2833.625,28.8,-49.3
41178,6131,97.10000102,16.58544009,1.379333337,53.79999924,27.89999962,49.89999898,78.43333435,5.076666753,288.6000061,0.579999983,746.7662354,25.89999962,1.902560455,68.82873211,2451.9397,-2833.625,29.8,-50.3
41180,6131,88.46666718,16.35327015,1.288999994,38.40000153,28.39999962,42.66666667,34.61666743,2.419999917,928.0999756,0.363000005,1299.891479,10.00000191,1.661520985,54.99733308,2451.9397,-2833.625,31.8,-52.3
41183,6131,98,17.43564006,1.142999967,41.59999847,25.29999924,39.10000102,79.76666768,6.676666578,694.0999756,0.34799999,1074.499268,16.29999923,1.306448925,44.69129988,2451.9397,-2833.625,35,-55.5
41200,6131,98.86666616,18.20735987,1.02366666,39.20000076,25.39999962,33.90000025,134.5,8.133333365,671.5999756,0.386999995,1657.385498,13.80000114,1.047893431,34.70230003,2451.9397,-2833.625,55.3,-75.8
41202,6131,101.0000026,18.16485022,0.903999984,35.70000076,24.60000038,35.29999923,146.5333303,20.3233331,575.9000244,0.388000011,945.7371826,11.10000038,0.817215971,31.91119874,2451.9397,-2833.625,57.3,-77.8
41228,6132,101.2666651,13.57704023,3.264333328,132.1999969,43.09999847,127.3000005,18.46666718,1.226666649,44.29999924,1.268000007,159.0022888,89.09999843,10.65587208,415.5496343,2034.1492,-3150,9.8,-29.05
41229,6132,101.2666651,13.33505983,3.546666622,128.1000061,48.09999847,138.7666626,22.81666692,1.773333351,50.59999847,1.547000051,139.5231171,80.00000763,12.57884413,492.1590905,2034.1492,-3150,11.8,-31.05
41230,6132,99.73333233,13.51491005,3.170333306,119.4000015,45.40000153,121.899999,22.29999987,1.536666711,74.80000305,1.411999941,122.2083817,73.99999997,10.05101327,386.4636268,2034.1492,-3150,13.7,-32.95
41231,6132,99.23333232,13.83537021,2.87500008,106.6999969,41.59999847,109.1999995,28.53333346,2.2566667,75.90000153,1.164000034,139.7980499,65.09999843,8.26562546,313.9500073,2034.1492,-3150,14.8,-34.05
41232,6132,100.2999979,13.86480003,2.915999969,109.8000031,37.59999847,112.0666656,27.29999987,2.863333344,76.69999695,1.585999966,120.613945,72.20000463,8.503055819,326.7863934,2034.1492,-3150,15.8,-35.05
41233,6132,100.0333354,13.9040403,2.856333335,108.1999969,38.09999847,109.5033341,23.05000019,1.76000003,76.5,1.039999962,146.9538727,70.09999843,8.158640121,312.7780235,2034.1492,-3150,16.8,-36.05
41235,6132,97.06666565,17.32445993,1.180333336,39.59999847,24.60000038,42.33333206,29.28333283,3.896666726,209.3999939,0.398000002,1285.016357,14.99999809,1.393186784,49.96744305,2034.1492,-3150,18.8,-38.05
41238,6132,97.96666717,17.82804007,1.061000009,37.40000153,21.20000076,38.43333308,23.75,3.24333334,294.6000061,0.340999991,1354.351074,16.20000077,1.125721019,40.77776674,2034.1492,-3150,21.8,-41.05
41239,6132,98.46666718,16.51023008,1.437333345,44.40000153,24.60000038,52.23333359,28.51666737,3.643333316,161.5,0.654999971,242.4766998,19.80000115,2.065927145,75.07671209,2034.1492,-3150,23.8,-43.05
41241,6132,98.96666463,16.39578019,1.514333328,53.79999924,25,55.46666717,13.61666679,1.123333355,164.1000061,0.566999972,400.9154968,28.79999924,2.293205428,83.99502269,2034.1492,-3150,24.8,-44.05
41242,6132,98.10000102,16.43828984,1.458666642,52.90000153,24.39999962,47.26666641,22.54999987,3.653333346,166.6000061,0.643999994,188.3961792,28.50000191,2.127708372,68.94630957,2034.1492,-3150,25.8,-45.05
41248,6132,100.2333349,17.48796016,1.156000018,41.5,23,39.43333308,34.71666718,2.856666684,339,0.379000008,1422.268311,18.5,1.336336042,45.58493375,2034.1492,-3150,30,-49.25
41259,6132,97.83333588,16.69335006,1.233999968,62.79999924,30.10000038,48.9666659,68.61666617,3.886666695,425,0.375,1607.14978,32.69999886,1.522755921,60.42486415,2034.1492,-3150,39.4,-58.65
41276,6132,99.59999846,18.79923024,0.830999991,37.40000153,22.70000076,31,77.00000128,8.309999863,578.4000244,0.307000011,1756.080811,14.70000077,0.690560985,25.76099972,2034.1492,-3150,57.3,-76.55
41296,6133,100.7666677,13.25003976,3.742666642,135.6999969,50.40000153,143.3000031,21.76666641,1.369999965,48.70000076,1.707999945,109.11866,85.29999537,14.00755359,536.3241414,3828.4238,-598.73047,9.9,-29
41297,6133,100.0666682,13.17809991,3.794333378,131.6999969,52,143.7666677,22.46666654,1.403333346,59.90000153,1.949000001,125.3961639,79.6999969,14.39696578,545.4986659,3828.4238,-598.73047,10.8,-29.900002
41298,6133,100.0999985,13.30890017,3.60133338,110.4000015,51.59999847,136.600001,25.78333346,2.476666689,72.30000305,1.81400001,112.8508987,58.80000303,12.96960211,491.9421433,3828.4238,-598.73047,11.9,-31
41299,6133,100.3000005,13.26638974,3.656666676,133.5,49.5,139.3666687,27.56666629,3.016666572,78.09999847,1.715000033,116.1044617,84,13.37121118,509.6174532,3828.4238,-598.73047,13.9,-33
41300,6133,100.1999995,14.17217958,2.713333368,102.0999985,43.20000076,102.7333323,35.53333283,4.863333384,92.5,1.376999974,69.23583984,58.89999774,7.362177966,278.7497785,3828.4238,-598.73047,14.9,-34
41302,6133,98.80000051,16.30748996,1.541000008,46,25,56.33333333,31.46666654,3.589999914,104.5999985,0.605000019,448.6701965,21,2.374681025,86.80966711,3828.4238,-598.73047,15.9,-35
41303,6133,98.03333537,17.28194989,1.21966668,36.09999847,23.29999924,44.06666692,29.2166659,6.013333321,196.3999939,0.377999991,1242.813232,12.79999923,1.48758681,53.74664534,3828.4238,-598.73047,16.9,-36
41305,6133,98.8666636,17.55335971,1.164333343,34.40000153,21.29999924,42.33333334,30.36666679,4.430000067,148.1999969,0.398999989,490.6726379,13.10000229,1.355672134,49.29011153,3828.4238,-598.73047,19.9,-39
41306,6133,98.76666769,17.64164994,1.13866667,31.20000076,21.79999924,41.36666616,38.9666659,6.883333365,377.1000061,0.323000014,1091.912231,9.40000152,1.296561785,47.10284401,3828.4238,-598.73047,20.8,-39.9
41307,6133,95.86666616,17.89343962,1.048333327,28,23.29999924,36.80000051,28.54999987,5.163333416,302.6000061,0.321999997,1220.339355,4.70000076,1.099002764,38.57866697,3828.4238,-598.73047,21.9,-41
41309,6133,96.80000051,17.49123031,1.124333342,32.59999847,22,40.30000051,54.40000216,9.663333576,224.1000061,0.43599999,1152.626709,10.59999847,1.264125464,45.31063426,3828.4238,-598.73047,23.9,-43
41310,6133,97.46666718,17.45852996,1.137666663,36.59999847,20.79999924,41.16666667,64.43333308,11.49666659,242.3999939,0.400999993,953.9661255,15.79999923,1.294285436,46.8339443,3828.4238,-598.73047,24.9,-44
41316,6133,95.80000051,16.28786982,1.478666663,57.20000076,29.39999962,52.59999975,82.90000153,5.449999968,480.8999939,0.398999989,1269.391235,27.80000114,2.1864551,77.7778661,3828.4238,-598.73047,31.4,-50.5
15315,686,100.4250031,14.5752074,2.47300005,109.0999985,48.90000153,92.75,60.75219536,7212.790894,159.8483887,1.120000005,230,60.19999697,6.115729247,229.3707546,269.88623,186.76172,25.1,-22.86
15317,686,100.1499996,14.58501727,2.389499962,114.6999969,49.79999924,90.42500115,62.4683609,11336.48718,184.3650208,1.25,132,64.89999766,5.709710068,216.0705368,269.88623,186.76172,28.1,-25.86
15319,686,99.72499848,14.49672753,2.449500024,115,53,92.05000114,65.21422005,11346.2937,202.9976501,1.090000033,186,62,6.000050368,225.47648,269.88623,186.76172,31.1,-28.86
15321,686,99.10000229,14.3937224,2.53399998,114.0999985,50.90000153,93.92499924,75.14345361,12863.8728,215.7463074,1.279999971,167,63.19999697,6.421155899,238.0059462,269.88623,186.76172,34.2,-31.960001
15323,686,100.7000008,15.55620734,1.904750049,89.90000153,44.29999924,71.60000134,87.8185482,16965.5044,258.8955688,1.100000024,208,45.60000229,3.628072749,136.3801061,269.88623,186.76172,37.2,-34.96
19987,915,94.07499886,14.6316149,2.127750069,105.9000015,40.90000153,75.69999886,54.36561393,2650.247101,186.3263397,1.097000003,162,64.99999997,4.527320356,161.0706778,269.84473,94.32031,34.3,-24.27
19988,915,99.60000038,14.52125222,2.366250038,107.5999985,40.59999847,89.74999809,60.39670373,3322.002502,187.3070068,1.187999964,167,67.00000003,5.599139242,212.3709364,269.84473,94.32031,37.3,-27.27
19989,915,99.45000076,14.40598547,2.407000005,103,40.70000076,91.75,63.42450525,3255.807678,268.7022095,1.230000019,142,62.29999924,5.793649024,220.8422505,269.84473,94.32031,40.3,-30.27
19990,915,99.375,14.533515,2.374000013,100.0999985,43.70000076,89.40000153,61.95350934,3071.932984,255.9535522,1.485000014,138,56.39999774,5.635876062,212.2356048,269.84473,94.32031,43.3,-33.27
