,global_id,borehole_id,Sr,gamma_t,e,LL,PL,w,su,E50,Pc,Cc,Cv,PI,e_squared,moisture_void_ratio,x,y,z_depth,elevation
0,2698,173,98.29999923,17.00563474,1.307250023,53.70000076,32.5,47.32499981,50.32037353,2834.121765,240.2629242,0.50999999,1060.0,21.20000076,1.7089026226335002,61.86560709009749,-736.7827,1296.543,18.1,-11.91
1,2699,173,99.875,15.47527515,1.976249993,79.69999695,42.70000076,72.60000038,56.60888386,3731.430115,194.1716614,0.779999971,278.0,36.99999619,3.9055640348324996,143.47575024277498,-736.7827,1296.543,19.6,-13.41
2,2700,173,100.2250023,15.54394485,1.905500025,76.80000305,42.40000153,70.875,70.84078408,6906.33313,213.7849731,0.829999983,273.0,34.40000152,3.630930345275001,135.052314271875,-736.7827,1296.543,21.1,-14.91
3,2702,173,93.35000038,17.95965739,1.019749999,55.5,23.89999962,34.67500019,29.38317394,1745.58371,148.0804138,0.389999986,1660.0,31.60000038,1.0398900604605001,35.3598314090775,-736.7827,1296.543,22.6,-16.41
4,2714,174,100.5500012,17.08656752,1.223499984,56.79999924,29.39999962,46.60000038,26.91925335,1667.130463,121.6024551,0.519999981,543.0,27.39999962,1.4969522108480005,57.015099719329996,-661.2793,1234.875,11.6,-5.4900002
5,2715,174,101.0249977,17.20183514,1.219500006,48.79999924,24.60000038,46.32499981,35.65943051,2561.987244,133.3704376,0.389999986,600.0,24.199998859999997,1.4871802646340002,56.493337546245,-661.2793,1234.875,13.1,-6.9900002
6,2717,174,98.74999999,18.28829254,0.936499998,31.39999962,22.60000038,34.44999981,26.51472902,1814.230255,641.3549194,0.209999993,2710.0,8.799999239999998,0.8770322462539999,32.262424753165,-661.2793,1234.875,14.6,-8.49
7,2718,174,97.47500038,17.99153962,0.989750013,34.59999847,25.5,36.0,27.94895172,2635.537262,304.006134,0.289999992,3010.0,9.099998470000003,0.9796050882335001,35.631000467999996,-661.2793,1234.875,16.1,-9.99
8,2719,174,100.1999989,16.78245734,1.357499987,46.70000076,25.70000076,51.07499981,33.86971665,1897.586731,141.2157593,0.540000021,534.0,21.0,1.8428062147050002,69.3343115781,-661.2793,1234.875,17.6,-11.49
9,2720,174,98.5750027,15.66411741,1.722750008,72.80000305,34.0,64.47500229,50.59005451,4199.697815,145.1384125,0.800000012,247.0,38.80000305,2.967867590064,111.07431071089754,-661.2793,1234.875,19.1,-12.99
10,2721,174,100.875,15.25700269,2.00425002,72.0,32.59999847,76.27499962,46.2015791,3554.910523,132.3897705,0.910000026,246.0,39.40000153,4.017018142670001,152.87416951388502,-661.2793,1234.875,20.6,-14.49
11,2722,174,100.6499977,15.23002509,1.969000012,79.0,38.79999924,75.45000077,53.029459,4947.454834,148.0804138,0.930000007,223.0,40.20000076,3.876961047256,148.56105242153,-661.2793,1234.875,22.1,-15.99
12,2723,174,101.0000019,16.46853759,1.496499956,75.69999695,32.5,56.42499924,41.69052029,3652.977112,143.1770935,0.670000017,286.0,43.19999695,2.239512118308002,84.44000887996003,-661.2793,1234.875,23.6,-17.49
13,2740,175,99.625,14.54087255,2.492000014,57.40000153,34.79999924,92.9750004,20.91268015,1390.092621,52.95590973,0.529999971,384.0,22.60000229,6.210064069775999,231.69370229844998,-661.21094,1358.1289,8.9,-4.3799996
14,2741,175,97.02499963,15.14909232,1.992000043,91.09999847,46.70000076,72.82499886,11.74346328,536.9140777,49.0332489,0.75999999,204.0,44.39999771,3.968064171312002,145.06740086059494,-661.21094,1358.1289,10.4,-5.8799996
15,2747,175,100.3250008,16.65247491,1.416500002,52.5,30.60000038,53.25,26.18375421,1988.298248,92.18251038,0.620000005,621.0,21.89999962,2.006472255666,75.42862510650001,-661.21094,1358.1289,16.0,-11.48
16,2748,175,100.3750019,15.10004237,2.082749963,82.59999847,42.59999847,78.82499885,46.1648035,3721.623535,129.4477844,0.959999979,267.0,40.0,4.337847408376501,164.17276343831253,-661.21094,1358.1289,17.5,-12.98
17,2750,175,101.4750004,14.96025006,2.186999977,86.59999847,43.20000076,84.02499962,30.09415579,2642.892059,114.7378006,1.019999981,240.0,43.39999771,4.782968899398001,183.76267223636503,-661.21094,1358.1289,19.0,-14.48
18,2751,175,101.3750019,15.75240745,1.779999971,76.90000153,39.79999924,68.25000095,42.15633488,3032.706482,145.1384125,0.860000014,291.0,37.10000229,3.168399896760001,121.48499971174998,-661.21094,1358.1289,20.5,-15.98
22,2777,177,98.20000076,13.58194497,3.239250004,117.1999969,49.59999847,118.6999989,2.21875453,88.25984955,15.6906395,0.699999988,236.0,67.59999843,10.492740588414,384.498971911625,-636.03174,1358.1133,7.3,-1.6700001
23,2778,177,94.10000038,13.97189227,2.612499952,80.80000305,41.29999924,91.47500038,1.434222549,61.29156208,16.6713047,0.819999993,156.0,39.50000381,6.8251559992000015,238.97843410194997,-636.03174,1358.1133,8.9,-3.2699995
24,2779,177,93.34999848,13.75116778,2.727500022,88.40000153,44.0,95.14999961,2.390370905,68.64654827,13.72931004,0.879999995,162.0,44.40000153,7.439256370010001,259.521626029575,-636.03174,1358.1133,10.4,-4.7699995
25,2780,177,97.69999886,13.41517507,3.38775003,109.8000031,48.29999924,123.0750008,2.733603537,88.2598467,14.70997524,1.090000033,111.0,61.50000386,11.476850265765,416.94733765245,-636.03174,1358.1133,11.9,-6.2699995
26,2781,177,95.875,13.1699253,3.296499968,125.5999985,58.29999924,121.2999992,2.819411755,85.80818558,15.6906395,1.120000005,73.19999695,67.29999925999999,10.866912039024001,399.86544348120003,-636.03174,1358.1133,13.4,-7.7699995
27,2783,177,99.70000075,15.58318522,1.910250068,85.59999847,45.29999924,70.72500038,7.624670149,316.2644539,33.34260941,0.839999974,135.0,40.299999230000005,3.649055322294005,135.10243678519504,-636.03174,1358.1133,16.4,-10.7699995
28,2784,177,94.125,15.44339262,1.800499976,70.40000153,40.0,62.69999981,6.055606246,181.4230232,24.51662445,0.600000024,114.0,30.400001529999997,3.2418001635760008,112.89134815310501,-636.03174,1358.1133,17.8,-12.169999
29,2785,177,97.32500076,16.64266503,1.399499983,70.90000153,37.90000153,50.42500115,8.237585784,257.4245548,31.38127899,0.569999993,157.0,33.0,1.958600202417,70.56978825219997,-636.03174,1358.1133,19.4,-13.7699995
30,2786,177,99.07499887,13.94736759,2.809249997,103.3000031,48.09999847,105.7749977,1.201314598,51.4849124,12.74864388,0.850000024,57.90000153,55.200004629999995,7.891885545644501,297.14841197140004,-636.03174,1358.1133,20.9,-15.2699995
31,2788,177,98.99999999,15.39434267,1.871000022,83.30000305,44.90000153,70.45000077,21.41527176,1049.311539,78.45320129,1.360000014,50.70000076,38.40000152,3.500641082324001,131.81195299057003,-636.03174,1358.1133,22.4,-16.77
32,2790,177,98.14999771,16.48815762,1.448749989,51.5,29.89999962,53.25,18.39972663,769.8219986,128.4671021,0.610000014,411.0,21.60000038,2.0988765306275,77.14593691425,-636.03174,1358.1133,25.2,-19.57
33,2797,178,99.57500077,14.89157977,2.260750085,93.5,48.40000153,85.07500076,8.703401565,524.6557617,21.57462883,0.75999999,121.0,45.09999847,5.110990946827508,192.33331519954507,-535.34863,1296.4336,7.3,-1.3800001
34,2798,178,97.54999924,14.26373996,2.562000036,91.09999847,49.20000076,93.97500231,5.123974443,267.2312088,16.6713047,0.800000012,158.0,41.89999771,6.563844184464002,240.76395930132009,-535.34863,1296.4336,8.9,-2.9799995
35,2801,178,100.2999973,14.77631274,2.464499981,109.3000031,50.79999924,91.32499886,9.53696704,561.4306945,49.0332489,0.810000002,165.0,58.50000386,6.073760156349,225.07045795529498,-535.34863,1296.4336,13.4,-7.4799995
36,2803,178,96.30000115,15.68128513,1.747749985,57.90000153,32.90000153,62.10000038,6.717555046,188.7780113,88.25984192,0.439999998,1530.0,25.0,3.0546300100675,108.535274732645,-535.34863,1296.4336,16.4,-10.48
37,2804,178,95.37500191,16.13990243,1.528000027,45.29999924,24.0,54.07499981,4.915583254,225.552948,120.6217957,0.620000005,345.0,21.29999924,2.3347840825120008,82.626601169705,-535.34863,1296.4336,17.9,-11.98
38,2806,178,96.60000038,15.93143983,1.594999999,78.5,41.90000153,57.74999905,13.75382638,595.7539749,65.7045517,0.469999999,744.0,36.59999847,2.5440249968099997,92.11124842699999,-535.34863,1296.4336,20.9,-14.98
39,2807,178,96.44999886,16.08840015,1.49849999,49.20000076,28.20000076,55.07500077,19.19651723,916.9217224,243.2049103,0.330000013,1800.0,21.0,2.24550222003,82.52988810309499,-535.34863,1296.4336,22.4,-16.48
40,2809,178,93.35000229,15.50470507,1.594500005,67.59999847,38.90000153,57.0,6.496905565,304.0061493,52.95590973,0.5,515.0,28.699996940000005,2.542430265945,90.886500285,-535.34863,1296.4336,23.9,-17.98
41,2815,179,100.25,14.41579505,2.854749978,61.79999924,32.40000153,103.2999993,3.260711074,98.06649874,29.41995049,0.50999999,591.0,29.39999771,8.149597436891002,294.895670729075,-560.46094,1419.6992,4.4,1.52
42,2816,179,99.59999848,13.46667735,3.611750066,125.4000015,48.79999924,131.6999989,3.812335193,188.7780037,24.51662445,1.279999971,172.0,76.60000226,13.044738539251004,475.6674797192749,-560.46094,1419.6992,6.2,-0.27999973
43,2817,179,95.22500229,13.79040727,3.037750006,91.90000153,39.70000076,104.0249977,2.378112555,93.16317558,13.72931004,0.800000012,166.0,52.200000769999995,9.227925098953,316.001937387325,-560.46094,1419.6992,7.7,-1.7799997
44,2818,179,92.5,12.94920022,3.611999988,117.8000031,49.0,121.7250004,1.458739162,44.1299243,9.806650162,1.039999962,117.0,68.8000031,13.046543913312,439.6706999841,-560.46094,1419.6992,9.1,-3.1800003
45,2819,179,97.00000191,13.43724743,3.471249998,103.9000015,45.09999847,122.2750015,3.849110007,247.6179008,13.72931004,1.110000014,120.0,58.80000303,12.049576548614999,424.447098712325,-560.46094,1419.6992,10.6,-4.6800003
46,2820,179,97.92499924,13.33669491,3.663250029,110.9000015,46.90000153,130.9000035,3.32200259,201.0363197,15.6906395,1.25,98.5,63.999999970000005,13.4194007749685,479.5194416174751,-560.46094,1419.6992,12.1,-6.1800003
47,2821,179,99.50000191,13.74626255,3.24849993,93.40000153,43.70000076,119.1250019,5.381399155,357.9427185,20.59396362,0.879999995,123.0,49.700000769999995,10.552751795210005,386.9775603333999,-560.46094,1419.6992,13.6,-7.6800003
48,2822,179,91.79999924,13.72418989,2.801999957,83.80000305,41.79999924,94.875,4.572350444,152.0030746,17.65196991,0.779999971,332.0,42.00000381,7.851203759028002,265.839745920375,-560.46094,1419.6992,15.1,-9.18
49,2823,179,94.17499733,16.57644765,1.458250001,89.30000305,39.09999847,50.29999924,6.77884686,272.1345253,24.51662445,0.910000026,207.0,50.20000458,2.1264930654164997,73.34997394202999,-560.46094,1419.6992,16.6,-10.68
50,2824,179,98.72499847,16.34100747,1.606999994,40.70000076,22.89999962,57.87499905,11.75572181,544.2690582,56.87856674,0.360000014,697.0,17.800001140000003,2.582448980716,93.0051231261,-560.46094,1419.6992,18.1,-12.18
51,2825,179,95.74999809,15.71316766,1.836499989,82.80000305,38.59999847,64.17500115,13.36156058,725.6920777,56.87856674,0.550000012,190.0,44.20000458,3.3727322095970003,117.85738890604999,-560.46094,1419.6992,19.6,-13.68
52,2829,179,96.0,16.12763994,1.634500027,74.59999847,37.40000153,57.50000191,23.63402653,853.1784976,145.1384125,0.579999983,514.0,37.199996940000005,2.671590338263001,93.98375467439506,-560.46094,1419.6992,30.4,-24.48
53,2834,180,100.3500004,14.57766001,2.648750007,75.5,35.09999847,96.67500117,2.819411814,152.0030747,10.78731441,0.709999979,123.0,40.40000153,7.0158765995825,256.0679100257625,-459.77832,1358.0195,4.8,0.9699998
54,2835,180,99.32500078,14.80083742,2.364749968,65.80000305,34.09999847,86.07500076,3.677493751,169.1647034,14.70997524,0.699999988,165.0,31.700004579999998,5.592042411156001,203.54585529280996,-459.77832,1358.0195,7.3,-1.5300002
55,2836,180,99.92500114,13.7953125,3.303250015,140.0,51.40000153,120.9250031,2.892961621,115.2281341,11.76797962,0.860000014,83.59999847,88.59999847,10.911460661597502,399.44551830395005,-459.77832,1358.0195,8.9,-3.1299996
56,2837,180,98.39999962,13.63344783,3.322250009,88.40000153,41.29999924,120.0750027,2.537470579,90.71150971,13.72931004,0.870000005,87.80000305,47.10000229,11.037345122300499,398.91917880075,-459.77832,1358.0195,10.4,-4.6299996
57,2838,180,96.52499962,17.53782755,1.164250016,40.79999924,23.5,41.04999924,11.38797164,311.3611221,125.525116,0.25999999,1630.0,17.29999924,1.3554780997560003,47.79246227196999,-459.77832,1358.0195,11.9,-6.1299996
58,2839,180,98.52499961,17.04978005,1.403500021,43.20000076,24.5,49.59999943,9.218250633,289.2961616,30.40061378,0.449999988,335.0,18.70000076,1.9698123089470003,69.61360024160498,-459.77832,1358.0195,13.4,-7.6299996
59,2840,180,99.20000268,16.72359781,1.469750017,57.5,27.39999962,52.97500038,11.63313818,615.3672867,40.20726395,0.430000007,222.0,30.10000038,2.1601651124715002,77.86000770908,-459.77832,1358.0195,14.9,-9.129999
60,2841,180,95.75,17.07920997,1.28975001,48.20000076,26.39999962,44.92500019,8.32339406,350.5877151,43.14925766,0.389999986,422.0,21.800001140000003,1.6634550882949999,57.942019444302495,-459.77832,1358.0195,16.4,-10.629999
61,2842,180,93.67499924,16.16197508,1.485249996,55.79999924,31.39999962,51.57500076,8.225327491,269.682869,137.2930908,0.379999995,1650.0,24.39999962,2.2059675506180003,76.60176967249001,-459.77832,1358.0195,17.9,-12.129999
62,2843,180,97.90000152,16.39251004,1.55249998,59.70000076,29.10000038,55.34999943,6.362064064,308.9094696,77.47253418,0.49000001,351.0,30.60000038,2.4102561879,85.930873008075,-459.77832,1358.0195,19.4,-13.629999
63,2844,180,96.77500153,15.70335749,1.763000011,83.30000305,39.5,62.875,11.59636354,512.397438,58.83990097,1.179999948,86.30000305,43.80000305,3.108169038786,110.84862569162499,-459.77832,1358.0195,20.9,-15.129999
64,2846,180,95.79999924,14.89158007,2.087750018,50.40000153,28.0,75.64999962,17.40680337,806.5969545,119.6411285,0.400000006,1370.0,22.400001529999997,4.358700137659,157.938288068355,-459.77832,1358.0195,22.4,-16.63
65,2847,180,97.22499848,16.94677492,1.349249989,35.0,27.79999924,48.05000019,13.43511009,551.624054,332.4454346,0.300000012,1590.0,7.200000760000002,1.8204755328165003,64.83146222780749,-459.77832,1358.0195,23.9,-18.13
66,2848,180,94.44999886,16.71378764,1.187000021,90.80000305,46.79999924,43.32499981,9.941491127,544.2690582,108.8538132,0.75,213.0,44.00000381,1.4089690498540004,51.426775684294995,-459.77832,1358.0195,25.4,-19.63
67,2851,180,97.97500038,16.03444468,1.496250004,96.80000305,41.79999924,56.52500057,43.21054935,2199.141144,205.9396362,0.829999983,72.69999695,55.00000381,2.2387640744699997,84.57553232896251,-459.77832,1358.0195,28.0,-22.23
68,2855,181,97.05000114,13.70947508,3.149249971,84.69999695,40.09999847,112.7000008,1.44648087,117.6797981,12.74864388,0.680000007,143.0,44.59999848,9.917775379843501,354.92047425109996,-459.7129,1481.2734,5.4,1.1700001
69,2856,181,97.45000076,12.83638521,4.181500018,110.1999969,50.70000076,150.7750015,1.115506425,29.41995049,9.806650162,1.330000043,75.30000305,59.49999614,17.484942400534003,630.4656714862001,-459.7129,1481.2734,6.9,-0.32999992
70,2857,181,98.50000191,13.35876727,3.493749976,106.8000031,48.59999847,128.5999985,1.299381137,34.32327509,10.78731441,1.139999986,91.90000153,58.200004629999995,12.206288894800002,449.29624167297504,-459.7129,1481.2734,8.4,-1.8299994
71,2858,181,97.14999962,13.16992501,3.543750048,99.59999847,47.09999847,129.8250008,1.176797971,24.51662541,11.76797962,1.070000052,88.90000153,52.5,12.558164402700003,460.0673528166001,-459.7129,1481.2734,9.9,-3.3299994
72,2859,181,97.27499962,13.41517478,3.426499963,85.69999695,41.59999847,123.7999992,1.189056307,24.51662541,10.78731441,1.029999971,90.19999695,44.09999848,11.740901996439002,424.2006926782,-459.7129,1481.2734,11.4,-4.8299994
73,2860,181,95.67499924,12.52736981,4.397000074,125.8000031,53.5,156.6750031,2.145204604,61.29156208,8.825984955,1.25999999,91.5,72.3000031,19.333609650756006,688.9000002246503,-459.7129,1481.2734,12.9,-6.3299994
74,2861,181,95.55000115,12.90995985,3.784249961,105.4000015,47.0,134.9750023,3.064578056,102.9698219,13.72931004,1.120000005,129.0,58.4000015,14.3205477673285,510.7791471897499,-459.7129,1481.2734,14.4,-7.8299994
75,2862,181,96.0,15.48753735,1.914250016,71.0,32.29999924,66.70000077,4.989133,144.6480827,26.47795486,0.569999993,132.0,38.70000076,3.6643531237560003,127.68047754117252,-459.7129,1481.2734,15.9,-9.33
76,2863,181,97.57500076,16.27969503,1.539249987,46.40000153,28.79999924,55.47500038,11.60862136,563.8823395,54.91724014,0.389999986,1980.0,17.60000229,2.3692905224795004,85.38989361374,-459.7129,1481.2734,17.5,-10.93
77,2864,181,97.09999848,15.73523973,1.759000003,62.79999924,32.09999847,63.17499924,5.246557534,125.0347776,38.24593353,0.529999971,206.0,30.700000769999995,3.0940810105539995,111.12482385268498,-459.7129,1481.2734,19.0,-12.43
78,2865,181,96.57500076,14.56539752,2.289249987,89.80000305,43.40000153,82.95000077,6.938204885,257.4245529,25.49728775,0.680000007,103.0,46.40000152,5.2406655029795,189.8932881843725,-459.7129,1481.2734,20.5,-13.93
79,2866,181,96.85000039,14.80329003,2.087500036,86.30000305,40.29999924,76.70000076,13.60672689,701.1754456,50.0139122,0.689999998,95.80000305,46.00000381,4.357656400300001,160.1112543477,-459.7129,1481.2734,22.0,-15.43
80,2867,181,96.10000038,14.99703752,1.983499974,96.40000153,44.5,72.47499847,12.39315319,382.459343,64.72389221,0.939999998,79.69999695,51.90000153,3.9342721468580013,143.75415758089505,-459.7129,1481.2734,23.5,-16.93
81,2874,181,99.24999808,14.896485,2.275000036,92.40000153,43.59999847,83.14999962,71.82145024,4180.084595,225.5529327,1.059999943,242.0,48.800003059999995,5.1756251638,189.16625212889997,-459.7129,1481.2734,33.0,-26.43
82,2875,181,98.52499771,14.61690009,2.43900001,97.0,50.40000153,88.34999848,73.56213285,4643.44867,225.5529327,1.110000014,295.0,46.59999847,5.94872104878,215.48564717621997,-459.7129,1481.2734,34.5,-27.93
83,2876,181,98.17500116,14.32995763,2.639249981,105.1999969,53.59999847,95.07500077,74.89828968,4756.225159,223.5916138,0.970000029,265.0,51.59999843,6.9656404622084995,250.9266939757975,-459.7129,1481.2734,36.0,-29.43
84,2883,182,95.77499771,18.30791229,0.966250003,39.20000076,24.10000038,33.72500086,10.67699015,534.4624176,670.7748413,0.239999995,197.0,15.10000038,0.9336390682975,32.58678218215,-384.2251,1388.793,12.6,-7.7700005
85,2884,182,99.15000154,15.08287494,2.231749952,95.80000305,46.70000076,80.45000076,30.27803135,1961.329956,149.0610809,0.879999995,366.0,49.10000229,4.980707848252002,179.54428533452995,-384.2251,1388.793,14.1,-9.27
86,2885,182,93.25,15.51206232,1.692499995,63.0,31.39999962,59.17500019,5.577532172,250.0695725,57.85923004,0.839999974,849.0,31.60000038,2.8645562330749996,100.1536875257,-384.2251,1388.793,15.6,-10.77
87,2887,182,96.45000267,15.64204505,1.656500012,58.5,33.40000153,60.75,19.58878279,715.8854218,105.9118195,0.74000001,174.0,25.099998470000003,2.743992289756,100.632375729,-384.2251,1388.793,18.6,-13.77
88,2889,182,99.67500115,15.09023279,2.153749973,96.80000305,42.0,79.72500038,33.46519279,1662.227173,59.82056427,0.689999998,4880.0,54.80000305,4.638638946197501,171.70771741585,-384.2251,1388.793,23.6,-18.77
89,5153,247,97.76666768,14.38146001,2.387666702,84.40000153,36.20000076,88.66666667,3.791904688,132.3897654,19.61330032,0.870000005,180.0,48.200000769999995,5.700952279839558,211.70644758529224,-333.99512,1142.2617,1.9,-0.100000024
90,5155,247,98.40000153,14.29971009,2.559666633,68.0,31.20000076,94.33333333,6.58679994,624.0298157,18.63263512,1.059999943,350.0,36.79999924,6.551893272093556,241.4618857044678,-333.99512,1142.2617,4.8,-3.0000002
91,5156,247,97.46666718,14.22777023,2.565333287,85.40000153,34.20000076,93.66666921,10.44408162,568.7856649,37.26527023,1.50999999,90.0,51.200000769999995,6.580934873390225,240.286224406831,-333.99512,1142.2617,7.8,-6.0
92,5159,247,97.16666921,16.08839986,1.590666691,45.0,25.5,57.16666667,7.747253418,569.4394532,77.47253418,0.670000017,170.0,19.5,2.5302205218568896,90.93311250746889,-333.99512,1142.2617,10.9,-9.099999
93,5160,247,98.600001,16.52330991,1.435333371,53.5,27.79999924,52.70000077,45.06155522,2953.109212,115.7184601,0.50999999,220.0,25.70000076,2.0601818859062235,75.64206975690671,-333.99512,1142.2617,13.9,-12.099999
94,5161,247,99.56666565,15.13683022,2.063000043,76.80000305,32.09999847,76.86666616,38.86702093,3346.355876,119.6411285,0.810000002,190.0,44.70000458,4.255969177418002,158.57593559334666,-333.99512,1142.2617,16.9,-15.099999
95,5162,247,98.66666667,14.53841993,2.402666648,84.40000153,33.59999847,88.73333486,55.86521276,4681.694499,149.0610809,1.200000048,120.0,50.800003059999995,5.772807021411555,213.19662423393774,-333.99512,1142.2617,19.9,-18.1
96,5164,247,97.73333232,14.74116006,2.244666656,78.90000153,32.79999924,81.83333588,56.48630269,2952.782227,184.3650208,1.110000014,160.0,46.10000229,5.038528396558223,183.68856039908445,-333.99512,1142.2617,22.9,-21.1
97,5179,248,98.73333486,14.99295013,2.041333358,79.59999847,34.59999847,76.63333384,4.037070989,170.3088176,15.6906395,1.190000057,140.0,45.0,4.167041878483557,156.43418070234225,-82.40967,710.75,1.9,0.05000007
98,5180,248,97.26666514,14.33567982,2.475000063,79.40000153,33.90000153,90.10000102,7.616497993,323.6194458,27.45862007,0.340000004,1500.0,45.5,6.125625311850004,222.99750820080004,-82.40967,710.75,4.8,-2.8500001
99,5183,248,95.73333232,14.87522969,2.06433332,77.0,34.29999924,74.0,9.299973012,336.0411987,37.26527023,0.689999998,170.0,42.70000076,4.261472056062222,152.76066568,-82.40967,710.75,7.8,-5.8500004
100,5184,248,98.46666717,16.47425996,1.485333363,55.90000153,24.0,54.80000051,21.26408577,1900.855591,152.003067,0.730000019,380.0,31.900001529999997,2.20621519924089,81.39626904992001,-82.40967,710.75,10.9,-8.95
101,5191,248,96.0,15.25127973,1.910666665,81.59999847,31.10000038,68.16666667,40.92641831,2286.583903,107.8731537,0.930000007,190.0,50.499998090000005,3.6506471047422218,130.24377767053554,-82.40967,710.75,17.9,-15.95
102,5192,248,99.50000001,14.71172985,2.349333366,95.80000305,37.29999924,87.06666565,41.5475057,3899.450928,152.003067,1.210000038,400.0,58.50000381,5.519367264600891,204.5486226779111,-82.40967,710.75,20.9,-18.949999
103,5193,248,98.99999744,14.61035979,2.393333276,99.0,38.09999847,88.26666514,71.21262232,4628.411621,147.0997467,1.289999962,130.0,60.90000153,5.728044170008892,211.25154684111118,-82.40967,710.75,23.9,-21.949999
104,5194,248,97.86666616,14.71826976,2.247999986,89.80000305,35.09999847,82.30000051,84.35353342,8201.301107,156.9064026,1.059999943,190.0,54.70000458,5.053503937056,185.01039999428,-82.40967,710.75,26.9,-24.949999
105,5195,248,97.19999949,14.60709002,2.348666668,89.30000305,36.79999924,84.46666717,82.44123587,7800.209147,176.5196838,1.0,250.0,52.50000381,5.5162351173742215,198.38404573922887,-82.40967,710.75,29.9,-27.949999
106,5196,248,97.80000053,16.77509999,1.332666636,52.09999847,26.5,48.5333341,70.64056777,5753.2347,269.6828613,0.569999993,600.0,25.599998470000003,1.7760003627075562,64.67875508891107,-82.40967,710.75,32.8,-30.849998
107,5197,248,98.23333486,16.0328096,1.594333331,67.90000153,27.10000038,58.56666692,81.16637167,4998.449463,254.9728851,0.699999988,300.0,40.80000115,2.5418987703375557,93.37478915613111,-82.40967,710.75,35.8,-33.85
108,5198,248,98.76666515,16.19630983,1.551333308,67.80000305,26.79999924,57.16666539,78.25706482,4850.369059,259.8762207,0.670000017,300.0,41.00000381,2.406635032510223,88.68455212679781,-82.40967,710.75,38.8,-36.85
109,5212,249,98.83333333,14.48936998,2.501333396,72.19999695,29.60000038,92.06666566,1.520030737,76.8187561,13.72931004,0.874000013,100.0,42.59999657,6.256668757944894,230.28942547372438,-510.30225,1049.9141,1.9,-0.049999952
110,5214,249,99.26666514,15.27090025,2.088333368,64.40000153,33.0,75.83333333,4.151481787,295.5070547,14.70997524,0.547999978,190.0,31.400001529999997,4.361136255902222,158.36528039970554,-510.30225,1049.9141,3.8,-1.9499999
111,5215,249,100.600001,15.34938002,2.088333368,64.0,34.20000076,77.0,5.916678748,985.8952025,35.30393982,0.547999978,280.0,29.79999924,4.361136255902222,160.80166933599997,-510.30225,1049.9141,6.8,-4.9500003
112,5219,249,100.6999969,17.5991399,1.176999966,45.90000153,23.20000076,43.56666565,27.76916377,2141.118571,176.5196838,0.319000006,1700.0,22.700000769999995,1.3853289199640009,51.27796398878336,-510.30225,1049.9141,12.9,-11.049999
113,5221,249,99.36666362,14.84907003,2.289333344,89.30000305,33.29999924,84.13333384,38.81798935,2918.78597,147.0997467,1.095999956,110.0,56.00000381,5.241047159950223,192.60924650179558,-510.30225,1049.9141,18.9,-17.05
114,5222,249,99.03333537,14.99621989,2.177333276,77.0,36.59999847,79.8666687,51.15802129,3798.769287,166.7130585,0.916999996,220.0,40.40000153,4.740780194776893,173.89635540377768,-510.30225,1049.9141,21.9,-20.05
115,5224,249,96.69999949,17.18057983,1.304333329,51.0,23.20000076,45.9666659,42.31569418,2663.812907,176.5196838,0.409000009,1000.0,27.79999924,1.7012854331402225,59.95585435637779,-510.30225,1049.9141,24.9,-23.05
116,5238,249,98.53333537,14.62344001,2.396999995,97.30000305,48.29999924,87.80000049,82.37585703,5749.638672,353.0393677,0.847000003,78.0,49.00000381,5.745608976029999,210.45660073552997,-510.30225,1049.9141,32.2,-30.35
117,5254,250,97.29999796,14.50571997,2.403999964,96.80000305,33.90000153,87.1333313,18.91049004,979.3574424,67.66588593,0.870000005,150.0,62.90000152,5.779215826912002,209.46852530840007,-258.72314,618.39844,11.9,-5.95
118,5259,250,98.5,14.34876004,2.545333385,119.1999969,38.90000153,93.6333313,58.16977818,2968.799724,176.5196838,0.689999998,160.0,80.29999537,6.478722040795559,238.32804410665545,-258.72314,618.39844,15.8,-9.85
119,5265,250,97.36666616,15.54884999,1.815000018,84.0,31.79999924,65.60000102,84.5333201,4572.187093,225.5529327,0.889999986,250.0,52.20000076,3.2942250653400005,119.06400303210002,-258.72314,618.39844,20.9,-14.95
120,5266,250,96.53333282,15.10413025,2.001999974,85.90000153,34.90000153,71.83333333,56.86222457,2795.222087,161.8097229,0.860000014,320.0,51.0,4.0080038958960005,143.81033145899332,-258.72314,618.39844,23.9,-17.95
121,5267,250,96.19999949,14.8359898,2.137333393,92.90000153,34.29999924,76.43333435,72.17694347,3433.634928,196.1329956,0.910000026,160.0,58.60000229,4.568194032832893,163.36351784458896,-258.72314,618.39844,26.9,-20.95
122,5268,250,96.56666565,14.78039993,2.137666702,91.40000153,37.79999924,77.5,73.64793652,4064.202474,225.5529327,0.930000007,200.0,53.60000229,4.5696189288395574,165.66916940500002,-258.72314,618.39844,29.9,-23.95
123,5269,250,96.89999898,15.2447402,1.951999982,78.09999847,33.70000076,70.19999949,84.99096425,5344.624268,264.779541,0.850000024,165.0,44.39999771,3.8103039297280006,137.03039774088,-258.72314,618.39844,32.8,-26.849998
124,5271,250,96.66666667,16.55274012,1.437666655,57.70000076,26.89999962,51.0333341,85.6610845,5027.869304,284.3928528,0.689999998,1100.0,30.800001140000003,2.0668854108988888,73.36892272904443,-258.72314,618.39844,37.2,-31.25
125,5293,251,100.0,15.31014013,2.071333369,70.19999695,32.5,77.90000152,11.93142382,1491.918335,43.14925766,1.047000051,250.0,37.69999695,4.29042192553289,161.35687259352673,571.8303,-398.8203,10.9,-9.15
126,5306,251,98.76666768,15.74178004,1.735000014,79.5,30.5,63.90000026,54.59035112,4735.631104,193.1910095,1.251999974,130.0,49.0,3.0102250485799997,110.8665013457,571.8303,-398.8203,20.9,-19.15
127,5307,251,98.50000254,14.57766021,2.385666688,107.9000015,41.0,87.63333384,60.47434108,4400.24349,175.539032,1.330000043,210.0,66.9000015,5.69140554623289,209.06392530047114,571.8303,-398.8203,23.9,-22.15
128,5309,251,97.90000152,14.12640017,2.738666693,122.4000015,42.5,99.23333485,76.49186962,3971.039225,243.2049103,1.480000019,120.0,79.9000015,7.500295255347556,271.7670289890112,571.8303,-398.8203,29.9,-28.15
129,5310,251,97.69999949,14.10350988,2.705666622,123.4000015,43.5,98.46666717,72.73265077,4122.715414,259.8762207,1.379999995,160.0,79.9000015,7.32063186940489,266.41797474145216,571.8303,-398.8203,32.9,-31.150002
130,5311,251,98.40000153,14.24738998,2.626999935,117.5,39.59999847,148.7666677,77.79942322,8247.719076,294.1994934,1.299999952,200.0,77.90000153,6.901128658490006,390.8100263780666,571.8303,-398.8203,35.9,-34.15
131,5312,251,97.93333435,16.25844001,1.54700005,70.5,26.29999924,56.0333341,101.4988251,6920.552734,304.006134,0.829999983,210.0,44.20000076,2.3932091547000027,86.6835706543667,571.8303,-398.8203,38.9,-37.15
132,5313,251,99.33333588,16.24209003,1.573333303,66.59999847,26.20000076,51.23333359,85.31785328,5359.334229,299.1028137,0.579999983,400.0,40.39999771,2.47537768232889,80.60710996085555,571.8303,-398.8203,41.9,-40.15
133,5314,251,97.96666463,16.06223981,1.603666663,78.19999695,31.29999924,58.33333333,101.9891561,3585.311198,397.169342,0.699999988,120.0,46.89999771,2.5717467660175557,93.54722200298778,571.8303,-398.8203,44.9,-43.15
134,5348,252,99.33333333,13.90731007,3.029333353,99.19999695,34.29999924,116.1666667,3.138127883,145.1384176,16.6713047,0.889999986,150.0,64.89999771000001,9.176860563598224,351.90755794114443,773.1687,-737.84375,1.8,0.45000005
135,5349,252,100.0,15.27416962,2.331333319,79.80000305,29.5,95.5,2.043051998,101.6622671,15.6906395,0.5,200.0,50.30000305,5.435115044279556,222.64233196450002,773.1687,-737.84375,4.8,-2.5500002
136,5350,252,100.0,16.8274197,1.37833333,62.59999847,24.39999962,53.29999923,17.16163699,413.1868591,30.40061378,0.389999986,300.0,38.19999885,1.899802768588889,73.46516542768333,773.1687,-737.84375,7.8,-5.55
137,5351,252,99.26666768,15.98703019,1.720999996,78.5,31.60000038,64.90000025,14.70997492,973.8003235,63.74322128,0.519999981,190.0,46.89999962,2.961840986232,111.69290017065,773.1687,-737.84375,10.9,-8.65
138,5353,252,100.0,14.32260038,2.740499974,111.6999969,37.59999847,104.1500015,11.52281332,437.8669129,23.53595924,0.709999979,100.0,74.09999843,7.510340107494001,285.42307640285,773.1687,-737.84375,13.9,-11.65
139,5357,252,97.69999949,16.1145603,1.548333327,67.80000305,32.70000076,56.59999975,39.71693166,2482.389933,133.3704376,0.699999988,200.0,35.10000229,2.3973360914988886,87.63566592111667,773.1687,-737.84375,17.8,-15.549999
140,5358,252,97.99999746,15.29378976,1.946999987,89.09999847,35.59999847,71.03333282,57.3689003,6518.806964,147.0997467,0.839999974,160.0,53.5,3.7908089493780004,138.30189807710667,773.1687,-737.84375,20.9,-18.65
141,5359,252,99.0,14.45993977,2.506333351,108.5,38.0,92.30000051,69.95410157,4663.715658,152.003067,1.210000038,110.0,70.5,6.281706866334889,231.33456957553,773.1687,-737.84375,23.9,-21.65
142,5360,252,98.80000051,14.08388974,2.76666673,123.5999985,42.59999847,102.3000005,75.51120248,4452.219076,171.6163635,1.360000014,150.0,81.00000003,7.654444794888892,283.0300078623333,773.1687,-737.84375,26.9,-24.65
143,5361,252,96.59999847,13.94654995,2.81399997,121.5,39.20000076,100.6000011,56.71512223,3558.83313,208.8816528,1.330000043,110.0,82.29999924,7.918595831159999,283.08840007739997,773.1687,-737.84375,29.9,-27.65
144,5362,252,98.69999949,14.20487994,2.732000033,115.9000015,37.29999924,99.66666668,64.39699937,3602.636312,233.3982697,1.350000024,230.0,78.60000226,7.463824180312,272.28933665876,773.1687,-737.84375,32.8,-30.55
145,5363,252,98.16666667,14.40434991,2.535333395,107.0,34.70000076,92.06666565,87.27918243,5727.737305,299.1028137,1.289999962,150.0,72.29999924,6.427915423802226,233.41969198874438,773.1687,-737.84375,35.8,-33.55
146,5365,252,98.20000204,16.29767989,1.542666674,63.79999924,29.0,55.9666659,82.53930157,6380.859863,294.1994934,0.600000024,290.0,34.79999924,2.379820467070222,86.33791033882221,773.1687,-737.84375,41.8,-39.55
147,5367,252,96.43333435,16.51023008,1.450000008,65.5,27.39999962,51.76666769,80.57797495,4529.364583,292.2381592,0.629999995,150.0,38.10000038,2.1025000231999997,75.06166856463334,773.1687,-737.84375,44.8,-42.55
148,5399,253,99.93333435,15.45401984,2.106000026,92.80000305,33.90000153,85.33333334,0.702809938,40.20726395,44.12992096,0.74000001,200.0,58.90000152,4.435236109512,179.71200223270665,622.0083,-861.03516,4.8,-2.5000002
149,5401,253,99.80000051,17.32445993,1.326333324,52.29999924,26.60000038,58.0,14.38308652,851.5440675,60.80122757,0.439999998,400.0,25.699998859999997,1.7591600863528887,76.927332792,622.0083,-861.03516,7.8,-5.5
150,5403,253,88.64999771,15.96087033,1.48149997,48.0,22.20000076,48.64999962,18.87780046,1243.973541,73.54987335,0.529999971,370.0,25.79999924,2.194842161110001,72.07497297753001,622.0083,-861.03516,10.9,-8.599999
151,5404,253,99.79999924,16.25026541,1.646999956,79.30000305,31.5,61.54999924,24.63920784,2380.564209,69.62721252,0.810000002,180.0,47.80000305,2.7126088550640017,101.37284604008002,622.0083,-861.03516,13.8,-11.5
152,5405,253,99.23333232,17.40620985,1.171333313,55.79999924,27.0,44.16666667,13.64758794,1393.851807,101.989151,0.409999996,400.0,28.79999924,1.3720217301435562,51.73388799473778,622.0083,-861.03516,16.8,-14.499999
153,5407,253,97.15000153,17.46670495,1.132999957,58.59999847,27.89999962,40.84999847,45.96866799,2035.370117,156.9064026,0.449999988,500.0,30.699998850000004,1.2836889025620017,46.283046509960066,622.0083,-861.03516,19.8,-17.5
154,5409,253,99.06666565,15.63714021,1.858,84.59999847,36.79999924,67.80000051,48.37947083,7411.21224,142.1964264,0.860000014,150.0,47.799999230000005,3.4521640000000002,125.97240094758001,622.0083,-861.03516,21.8,-19.5
155,5410,253,99.09999847,14.60382026,2.434000015,110.3000031,39.20000076,89.43333181,66.5217743,5457.400553,176.5196838,1.25,140.0,71.10000234,5.92435607302,217.68073096703998,622.0083,-861.03516,24.8,-22.5
156,5411,253,99.39999771,14.45503513,2.529999971,114.4000015,42.5,93.65000153,41.6782608,2531.096314,171.6163635,1.360000014,200.0,71.9000015,6.400899853260001,236.93450115504996,622.0083,-861.03516,27.8,-25.5
157,5412,253,99.06666565,14.27355003,2.68933328,125.8000031,44.0,98.5,60.4743398,4785.645019,225.5529327,1.289999962,110.0,81.8000031,7.232513490915559,264.89932808000003,622.0083,-861.03516,30.8,-28.5
158,5413,253,98.69999949,14.00213982,2.832666635,119.9000015,41.5,104.5,54.10001756,4261.643066,219.6689606,1.279999971,140.0,78.4000015,8.024000265042222,296.0136633575,622.0083,-861.03516,33.8,-31.5
159,5414,253,98.06666565,14.32259999,2.530000051,115.9000015,42.09999847,92.8666687,91.52872975,7406.30892,251.0502319,1.269999981,130.0,73.80000303,6.400900258060003,234.95267654720013,622.0083,-861.03516,36.8,-34.5
160,5415,253,97.60000102,15.66003011,1.775999983,79.80000305,33.40000153,64.36666489,92.18250783,6537.112793,294.1994934,0.75999999,190.0,46.40000152,3.154175939616,114.31519575040669,622.0083,-861.03516,39.8,-37.5
161,5418,253,98.53333282,16.3271101,1.485333363,68.19999695,28.39999962,54.76666641,89.24050903,5117.763509,323.6194458,0.620000005,340.0,39.79999733,2.20621519924089,81.34675679906444,622.0083,-861.03516,42.8,-40.5
162,5419,253,99.26666514,16.14726027,1.580000003,75.19999695,31.0,58.59999974,68.3196589,3493.128662,289.2961731,0.569999993,220.0,44.19999695,2.4964000094800003,92.587999765,622.0083,-861.03516,45.8,-43.5
163,5421,253,99.04999924,16.21102533,1.548500002,39.79999924,26.79999924,57.29999924,33.34260845,2126.572083,568.7857056,0.340000004,1400.0,13.0,2.3978522561939997,88.72904893773999,622.0083,-861.03516,48.2,-45.9
164,5461,254,96.22499848,17.21654995,1.210000008,46.40000153,24.79999924,42.84999943,43.76217365,5426.509704,164.751709,0.370000005,2500.0,21.60000229,1.46410001936,51.84849965309999,-737.33887,310.52344,13.2,-7.7999997
165,5463,254,98.49999808,16.52984973,1.452500016,61.59999847,29.60000038,52.92500019,50.23456383,5379.437561,128.4671021,0.439999998,660.0,31.999998090000002,2.10975629648,76.873563622775,-737.33887,310.52344,15.8,-10.4
166,5466,254,98.82500075,16.60342495,1.405000001,60.0,28.39999962,51.75,46.78997803,6475.575928,95.12450409,0.699999988,320.0,31.60000038,1.9740250028100004,72.70875005175,-737.33887,310.52344,18.8,-13.4
167,5469,254,98.95000076,15.03382469,2.079999984,83.80000305,36.5,77.32500076,46.66739607,6105.620301,141.2157593,0.980000019,210.0,47.30000305,4.32639993344,160.83600034359998,-737.33887,310.52344,21.8,-16.4
168,5472,254,98.9750004,14.93572479,2.152500033,95.0,36.5,79.77499962,71.4414444,10717.93237,154.9450684,1.0,133.0,58.5,4.633256392065001,171.715689314625,-737.33887,310.52344,24.8,-19.4
169,5475,254,98.29999733,14.86214986,2.212500036,90.09999847,37.5,80.79999924,71.07369423,7021.071045,157.8870697,1.019999981,178.0,52.59999847,4.8951564093,178.77000122729996,-737.33887,310.52344,27.8,-22.4
170,5479,254,100.5749989,14.93572479,2.242500007,92.09999847,35.29999924,84.09999847,81.83649254,11329.86767,201.0363159,1.149999976,230.0,56.799999230000005,5.028806281394999,188.59424715767497,-737.33887,310.52344,30.8,-25.4
171,5482,254,97.10000038,16.30912494,1.505000025,61.0,28.10000038,54.07500076,76.68800164,9239.089844,215.7463074,0.579999983,740.0,32.89999962,2.2650250752500005,81.38287749567502,-737.33887,310.52344,33.8,-28.4
172,5485,254,97.0,17.43727474,1.117500007,46.90000153,27.39999962,40.42500019,83.71201514,7188.029052,322.6387634,0.379999995,3100.0,19.500001909999998,1.2488062656450003,45.174937995300006,-737.33887,310.52344,36.8,-31.4
173,5489,254,97.80000115,16.23554972,1.530000031,66.0,28.79999924,55.60000134,90.90764428,9444.048949,262.8182068,0.670000017,250.0,37.20000076,2.3409000948600007,85.06800377380003,-737.33887,310.52344,39.7,-34.3
174,5495,254,97.89999962,17.21654995,1.242499978,53.29999924,26.70000076,44.77500057,63.69419001,4715.772705,274.5861816,0.419999987,660.0,26.599998479999996,1.5438061953300002,55.632937223174984,-737.33887,310.52344,45.8,-40.399998
175,5498,254,96.10000038,15.79410014,1.647500008,71.0,28.5,59.10000038,80.81905175,3897.162659,327.5420837,0.680000007,300.0,42.5,2.71425627636,97.36725109884999,-737.33887,310.52344,48.8,-43.399998
176,5501,254,97.60000038,15.69600023,1.717500001,76.0,33.40000153,62.77499867,96.52194978,5736.890015,329.503418,0.699999988,240.0,42.59999847,2.9498062534350002,107.8160602785,-737.33887,310.52344,51.5,-46.1
177,5504,254,95.15000153,15.49980013,1.734999985,76.0,31.29999924,61.82500076,86.26174354,3954.041199,360.8847046,0.639999986,200.0,44.70000076,3.0102249479500003,107.26637539122498,-737.33887,310.52344,54.6,-49.199997
181,8677,408,97.49999999,17.64818995,1.069749996,38.40000153,21.89999962,39.0,51.39910221,4272.512207,159.8483887,0.430000007,900.0,16.500001909999998,1.1443650539420003,41.720249844,344.7246,-1415.5508,12.8,-12.45
182,8681,408,101.6499996,16.36553215,1.529250026,61.29999924,28.70000076,58.32499981,58.7050581,5560.615601,138.2737579,0.620000005,230.0,32.59999848,2.3386056420210006,89.19350747589249,344.7246,-1415.5508,15.9,-15.549999
183,8683,408,102.6000004,16.49060995,1.498250008,79.5,35.5,57.75,63.03224278,6069.825806,142.1964264,0.75,165.0,44.0,2.2447530864720004,86.523937962,344.7246,-1415.5508,18.8,-18.449999
184,8685,408,102.0249996,15.27416982,2.069500059,103.0999985,41.40000153,79.25,75.2782936,6610.907715,145.1384125,1.049999952,119.0,61.69999697,4.282830494201004,164.00787967575002,344.7246,-1415.5508,21.8,-21.449999
185,8687,408,100.9250012,14.72480987,2.344249964,116.8000031,40.5,89.19999885,80.30420494,6085.761719,171.6163635,1.0,180.0,76.3000031,5.4955078937140005,209.10709409291252,344.7246,-1415.5508,24.8,-24.449999
186,8689,408,98.95000076,14.54332458,2.438250005,113.0,40.5,89.875,85.8572197,6479.743775,210.8429871,1.120000005,120.0,72.5,5.9450630868825,219.137719199375,344.7246,-1415.5508,27.7,-27.35
187,8691,408,98.5,14.35202999,2.525999963,121.6999969,43.59999847,93.14999962,90.7973156,9698.776611,253.0115509,1.529999971,96.5,78.09999843,6.380675813076,235.29689559357,344.7246,-1415.5508,30.8,-30.449999
188,8693,408,101.8249989,14.76650257,2.372500062,115.1999969,43.09999847,90.82500076,69.07559204,5960.236695,226.5335999,1.350000024,125.0,72.09999843,5.628756544190003,215.48231993425003,344.7246,-1415.5508,33.9,-33.550003
189,8695,408,98.92499924,14.73952527,2.306500018,102.9000015,42.0,85.02500153,95.22257043,8708.550416,227.514267,1.070000052,133.0,60.9000015,5.319942333034,196.11016755939502,344.7246,-1415.5508,36.7,-36.350002
190,8697,408,101.0499992,16.89282032,1.347499997,62.59999847,30.29999924,50.82500076,112.2616234,13518.95654,273.6055298,0.529999971,550.0,32.299999230000005,1.8157562419149997,68.486688371625,344.7246,-1415.5508,39.8,-39.45
191,9185,420,98.74999998,16.27969502,1.537500024,78.80000305,35.0,56.39999962,3.800076723,308.9094544,23.53595924,0.829999983,41.0,43.80000305,2.3639063238000007,86.71500076935,-383.86963,2066.6836,2.3,-6.13
192,9186,420,102.6499977,15.85295997,1.644000053,87.40000153,39.5,66.40000153,6.668521883,480.5258484,30.40061378,0.939999998,50.0,47.90000153,2.702736174264003,109.16160603452008,-383.86963,2066.6836,3.8,-7.63
193,9187,420,100.5499992,15.82843499,1.945500017,104.8000031,49.79999924,72.59999847,11.71894646,1426.867554,28.43928337,1.070000052,91.0,55.00000386,3.7849703161470005,141.243298257585,-383.86963,2066.6836,5.3,-9.13
194,9188,420,100.1499977,14.41579505,2.549499989,101.0,46.29999924,95.94999695,16.3525877,1461.190857,48.0525856,1.080000043,115.0,54.70000076,6.499950193911,244.62451616857504,-383.86963,2066.6836,6.8,-10.63
195,9190,420,100.9500008,17.54518511,1.191000045,38.20000076,18.39999962,44.39999962,33.58777618,4716.998535,152.003067,0.50999999,1300.0,19.800001140000003,1.418481107190002,52.880401545419986,-383.86963,2066.6836,11.2,-15.03
196,9196,421,100.4500008,17.20674008,1.309000016,45.70000076,19.39999962,48.10000038,11.62088013,612.9155884,85.31785583,0.270000011,1550.0,26.300001140000003,1.713481041888,62.96290126702,-283.25635,1881.75,2.3,-6.67
197,9197,421,100.0,14.23921499,2.819000006,73.0,32.20000076,104.1500015,12.79767799,1711.260376,37.26527023,1.019999981,105.0,40.79999924,7.946761033828,293.59885485340004,-283.25635,1881.75,3.8,-8.17
198,9198,421,100.5499992,15.328125,2.036000014,79.59999847,35.29999924,75.89999771,14.31770897,1730.873657,39.22660065,0.720000029,135.0,44.299999230000005,4.145296057007999,154.53239640015994,-283.25635,1881.75,5.3,-9.67
199,9199,421,99.69999693,16.054065,1.692499996,63.90000153,30.0,62.5,14.88159132,1294.477783,50.0139122,0.879999995,120.0,33.90000153,2.86455623646,105.78124975,-283.25635,1881.75,6.8,-11.17
200,9210,422,98.45000077,14.25883532,2.754000009,70.40000153,30.60000038,104.7000027,3.138127804,156.9063873,17.65196991,0.379999995,1300.0,39.80000115,7.584516049572,288.3438083781,-182.63867,1696.8203,3.8,-5.73
201,9212,422,100.4000015,13.86643511,2.97300005,94.09999847,39.90000153,113.4500008,7.011754513,627.6255494,18.63263512,0.930000007,125.0,54.199996940000005,8.838729297300002,337.28685805090004,-182.63867,1696.8203,5.3,-7.23
202,9213,422,99.25,15.63223459,1.807999969,73.90000153,34.5,67.0,12.89574433,1000.27829,83.35652924,0.5,520.0,39.40000153,3.2688638879040006,121.13599792299999,-182.63867,1696.8203,6.8,-8.7300005
203,9214,422,100.1500016,14.9798701,2.228000045,70.40000153,33.79999924,82.80000305,8.948568343,554.0756989,52.95590973,0.660000026,280.0,36.60000229,4.9639842005200014,184.47841052140012,-182.63867,1696.8203,8.3,-10.2300005
204,9216,422,99.34999848,17.50594502,1.15200001,32.79999924,22.89999962,42.5,11.79249668,411.8792878,70.60787964,0.25999999,3700.0,9.89999962,1.3271040230400002,48.960000425000004,-182.63867,1696.8203,9.8,-11.7300005
205,9217,422,102.5499992,18.59975969,0.926500023,32.70000076,22.39999962,35.14999962,11.91507959,666.8521729,139.254425,0.119999997,3000.0,10.300001140000003,0.8584022926190006,32.56647545638,-182.63867,1696.8203,11.3,-13.2300005
206,9218,422,102.25,17.67761986,1.148499966,43.90000153,23.89999962,43.54999924,25.91407204,2417.339112,88.25984192,0.289999992,1100.0,20.000001909999998,1.319052171902001,50.017172646440024,-182.63867,1696.8203,12.8,-14.7300005
207,9220,422,99.95000079,14.62180474,2.368999958,85.30000305,38.5,89.25,43.2473259,5173.007568,110.8151398,1.220000029,150.0,46.80000305,5.612160801004001,211.43324625149998,-182.63867,1696.8203,14.3,-16.23
208,9222,422,100.5500031,15.2594553,2.014999986,69.19999695,36.09999847,76.10000229,46.33642197,8144.422364,137.2930908,1.00999999,170.0,33.09999848,4.06022494358,153.34150354894996,-182.63867,1696.8203,15.8,-17.73
209,9227,423,100.0,16.30912523,1.58950001,57.70000076,26.29999924,59.89999962,18.60811806,2500.695801,68.64654541,0.340000004,1300.0,31.400001520000004,2.5265102817900003,95.21104999499,-82.001465,1542.7031,6.7,-7.27
210,9228,423,99.90000153,15.83824486,1.777499974,63.90000153,30.29999924,65.65000153,22.65336037,3054.771363,66.68521881,1.00999999,210.0,33.60000229,3.1595061575700005,116.69287601267494,-82.001465,1542.7031,8.2,-8.7699995
211,9229,423,98.69999695,15.44094001,1.896000028,69.09999847,29.20000076,69.64999771,19.0494175,2049.589905,71.58854675,0.930000007,140.0,39.89999771,3.5948161061760007,132.05639760835993,-82.001465,1542.7031,9.7,-10.2699995
212,9230,423,98.75,16.191405,1.569000006,63.79999924,29.0,57.69999886,24.49210835,2633.085572,77.47253418,0.550000012,440.0,34.79999924,2.461761018828,90.53129855754,-82.001465,1542.7031,11.2,-11.7699995
213,9231,423,97.54999924,15.94615465,1.645000041,64.09999847,29.10000038,59.60000038,32.48452854,4290.40918,108.8538132,0.800000012,250.0,34.999998090000005,2.7060251348900017,98.04200306870001,-82.001465,1542.7031,12.7,-13.2699995
214,9232,423,98.29999924,15.02401541,2.110499978,67.19999695,31.60000038,77.20000076,33.31809139,3819.689942,105.9118195,0.920000017,190.0,35.59999657,4.454210157138,162.93059990557998,-82.001465,1542.7031,14.2,-14.7699995
215,9233,423,99.35000229,14.72480987,2.307000041,82.40000153,39.79999924,85.65000153,34.05359268,4378.669067,90.22117615,1.070000052,100.0,42.60000229,5.322249189174,197.59455704136005,-82.001465,1542.7031,15.7,-16.27
216,9234,423,99.95000077,14.77385983,2.249500036,78.40000153,38.09999847,84.90000153,42.87957573,8654.368164,135.3317719,1.159999967,160.0,40.300003059999995,5.060250411964002,190.98255649813507,-82.001465,1542.7031,17.2,-17.77
217,9235,423,100.0,14.80819468,2.202000022,69.59999847,38.0,83.84999848,48.00355149,5619.210449,101.989151,0.910000026,120.0,31.599998470000003,4.848804096888,184.63769849765995,-82.001465,1542.7031,18.7,-19.27
218,9236,423,99.85000229,14.85724522,2.189999938,65.80000305,42.59999847,82.64999771,51.43587495,7070.594483,146.1190796,1.0,205.0,23.200004579999998,4.796099728440004,181.00348986060013,-82.001465,1542.7031,20.2,-20.77
219,9238,423,97.25,18.08964041,1.013999999,42.5,25.20000076,36.14999962,13.48414326,1358.221008,185.3456726,0.340000004,1250.0,17.29999924,1.028195997972,36.656099578530004,-82.001465,1542.7031,21.6,-22.17
220,9247,424,100.8500023,15.01420495,2.260499955,82.30000305,35.09999847,84.05000305,6.791105033,372.65271,24.51662445,0.709999979,275.0,47.20000458,5.109860046555001,189.99502811227484,18.624023,1357.7773,5.4,-2.27
221,9249,424,100.7999992,18.71257528,0.889999986,34.09999847,21.70000076,33.14999962,10.98344755,843.3718567,146.1190796,0.330000013,2800.0,12.399997710000001,0.7920999750800002,29.503499197700005,18.624023,1357.7773,6.9,-3.77
222,9250,424,100.5499993,18.03568523,1.050000012,35.09999847,20.60000038,38.94999886,23.2172432,1882.87677,216.7269592,0.25,2450.0,14.499998090000002,1.1025000252,40.89749927039998,18.624023,1357.7773,8.4,-5.2699995
223,9251,424,99.99999998,17.06449486,1.302000046,42.20000076,24.60000038,48.20000077,23.36434269,2628.182129,102.9698181,0.479999989,1100.0,17.60000038,1.6952041197840024,62.756403219740044,18.624023,1357.7773,9.9,-6.7699995
224,9252,424,98.95000076,16.74566958,1.397000015,51.09999847,25.29999924,51.05000115,25.301157,3378.390747,82.37585449,0.389999986,1100.0,25.799999230000005,1.95160904191,71.31685237230002,18.624023,1357.7773,11.4,-8.2699995
225,9254,424,98.20000076,15.63713982,1.814000011,70.5,32.09999847,65.84999848,26.47795391,2368.305909,97.08583069,0.730000019,165.0,38.40000153,3.2905960399080003,119.45189796706998,18.624023,1357.7773,14.4,-11.2699995
226,9255,424,99.45000077,14.95534512,2.160499931,86.09999847,38.5,80.40000153,26.77215386,2069.203064,82.37585449,0.879999995,145.0,47.59999847,4.6677599518510045,173.7041977579649,18.624023,1357.7773,15.9,-12.7699995
227,9256,424,98.54999924,15.00439507,2.144999981,75.30000305,36.70000076,78.45000076,25.12954044,2191.786133,99.04716492,0.819999993,200.0,38.60000229,4.601024918489999,168.27525013964996,18.624023,1357.7773,17.4,-14.2699995
228,9257,424,98.90000153,14.91610504,2.207000018,86.09999847,35.90000153,81.04999924,36.48073769,3378.39087,176.5196838,0.99000001,120.0,50.199996940000005,4.870849079452,178.87734978158,18.624023,1357.7773,18.9,-15.7699995
229,9258,424,99.23333486,14.74769997,2.276666721,89.19999695,40.59999847,84.79999797,27.67109744,2219.571696,115.7184601,1.0,200.0,48.59999848,5.183211358508891,193.06133331916655,18.624023,1357.7773,20.4,-17.27
230,9259,424,99.95000078,14.54822981,2.398999929,91.69999695,44.0,90.75,41.55567742,3309.744385,124.5444489,1.220000029,110.0,47.69999695,5.755200659342004,217.70924355674998,18.624023,1357.7773,21.8,-18.669998
231,9260,424,98.44999695,14.56294491,2.352500082,80.5,38.90000153,87.0,44.86542511,4898.421387,132.3897705,1.049999952,140.0,41.59999847,5.534256635810007,204.667507134,18.624023,1357.7773,23.4,-20.27
232,9261,424,98.70000076,14.7297151,2.263000012,74.80000305,40.90000153,83.70000077,45.84608841,4991.584595,152.9837341,1.110000014,145.0,33.90000152,5.121169054312,189.41310274691003,18.624023,1357.7773,24.8,-21.669998
233,9262,424,98.70000076,14.52861006,2.407999993,75.80000305,39.5,89.0,47.56224823,4207.052734,143.1770935,1.00999999,220.0,36.30000305,5.798463966287999,214.31199937699998,18.624023,1357.7773,26.2,-23.07
234,9263,424,99.10000229,14.87196032,2.206500054,68.0,41.5,81.85000229,48.24871637,5256.364258,146.1190796,0.800000012,225.0,26.5,4.868642488302004,180.60203447278516,18.624023,1357.7773,27.7,-24.57
235,9265,424,96.90000153,18.03078,1.05400002,28.70000076,20.10000038,37.10000038,26.87022114,2593.858765,201.0363159,0.310000002,2100.0,8.60000038,1.1109160421600002,39.10340114252,18.624023,1357.7773,29.2,-26.07
236,9270,425,100.7000008,18.28583964,0.908499986,26.0,19.89999962,34.19999886,11.40023041,416.7826157,118.6604691,0.119999997,1800.0,6.100000380000001,0.8253722245620002,31.070698485510018,119.25342,1172.8516,6.3,-4.44
237,9272,425,101.6000023,16.95658508,1.35650003,45.09999847,25.20000076,51.20000077,20.83913136,2255.529419,75.51119995,0.430000007,520.0,19.89999771,1.840092331390001,69.45280258050504,119.25342,1172.8516,7.8,-5.94
238,9274,425,98.85000229,17.10863959,1.25850004,48.79999924,23.39999962,46.14999962,30.03286553,4295.3125,96.1051712,0.319999993,1100.0,25.39999962,1.5838223506800013,58.07977636776999,119.25342,1172.8516,9.2,-7.3399997
239,9275,425,98.44999695,16.59361508,1.41049999,52.79999924,25.79999924,51.64999962,25.47277164,2044.686463,95.12450409,0.649999976,435.0,27.0,1.9895102217899998,72.85232394751,119.25342,1172.8516,10.8,-8.940001
240,9277,425,98.75,16.73095506,1.36500001,59.5,27.29999924,50.20000076,33.41616059,3623.557129,99.04716492,0.469999999,285.0,32.20000076,1.8632250273,68.52300153940001,119.25342,1172.8516,12.3,-10.440001
241,9278,425,98.29999924,16.20121487,1.548500002,57.0,27.5,56.65000153,26.99280453,2157.462891,101.989151,0.519999981,300.0,29.5,2.3978522561939997,87.722527482505,119.25342,1172.8516,13.8,-11.940001
242,9279,425,99.54999924,15.73033508,1.771999955,77.69999695,33.0,65.79999924,29.10123444,2633.085327,104.93116,0.779999971,120.0,44.69999695,3.1399838405200025,116.59759569228005,119.25342,1172.8516,15.3,-13.440001
243,9280,425,99.65000153,14.94553525,2.162499905,84.0,36.29999924,80.94999695,35.27942276,3677.493653,105.9118195,0.920000017,160.0,47.70000076,4.676405839125008,175.05436071412527,119.25342,1172.8516,16.8,-14.94
244,9281,425,99.85000229,15.20059489,2.019500017,81.0,36.29999924,75.70000076,41.28599739,3854.01355,108.8538132,0.850000024,160.0,44.70000076,4.078380318663,152.87615282171998,119.25342,1172.8516,18.2,-16.34
245,9282,425,99.80000305,14.99458462,2.169999958,81.5,36.5,80.85000229,37.48591805,4167.826172,115.7184601,1.0,200.0,45.0,4.708899817720002,175.44450157359992,119.25342,1172.8516,19.6,-17.74
246,9283,425,100.7000008,14.73461974,2.350499988,94.69999695,37.5,88.75,44.62025643,4148.212769,123.5637894,1.019999981,180.0,57.19999695,5.524850193588001,208.606873935,119.25342,1172.8516,21.1,-19.24
247,9284,425,100.7999993,14.59237512,2.426499963,98.40000153,45.20000076,92.09999848,48.44484901,4344.345704,125.525116,1.029999971,150.0,53.200000769999995,5.887902070439001,223.48064290402004,119.25342,1172.8516,22.6,-20.74
248,9285,425,100.5999985,14.73461975,2.336000085,89.0,40.79999924,88.29999924,49.64616586,4653.255127,135.3317719,1.039999962,145.0,48.20000076,5.456896397120007,206.26880573013992,119.25342,1172.8516,24.1,-22.24
249,9286,425,100.5499992,14.78857493,2.274500013,91.59999847,40.59999847,86.34999848,48.00355148,4819.968506,137.2930908,0.930000007,150.0,51.0,5.173350309137,196.40307266530996,119.25342,1172.8516,25.6,-23.74
250,9287,425,99.85000232,15.11230486,2.100999952,80.09999847,35.90000153,78.29999924,49.27841377,4947.454834,139.254425,0.899999976,170.0,44.199996940000005,4.414200798304003,164.50829464484005,119.25342,1172.8516,27.1,-25.24
251,9288,425,100.25,14.56785014,2.441000104,83.40000153,41.59999847,92.0,55.99597168,5933.02295,154.9450684,1.039999962,260.0,41.800003059999995,5.958481507728011,224.572009568,119.25342,1172.8516,28.6,-26.74
252,9289,425,100.4000016,15.2447402,1.987499953,76.09999847,37.29999924,75.29999924,54.74562265,4976.874756,173.5776978,0.779999971,340.0,38.799999230000005,3.950156063175002,149.65874495040003,119.25342,1172.8516,30.1,-28.24
253,9290,425,100.5,14.96024977,2.131500006,82.19999695,42.70000076,81.40000153,55.06433678,4501.252198,173.5776978,0.889999986,280.0,39.49999619,4.543292275578,173.504103749595,119.25342,1172.8516,31.6,-29.74
254,9292,425,98.5,15.9265349,1.657999993,63.59999847,31.89999962,60.89999962,60.1392784,6796.008301,205.9396362,0.649999976,450.0,31.699998850000004,2.748963976788,100.97219894366,119.25342,1172.8516,33.3,-31.439999
255,9293,425,99.35000229,16.2747898,1.54399997,62.79999924,28.10000038,57.10000038,61.63479615,8727.917968,255.9535522,0.660000026,385.0,34.699998859999994,2.383935907360001,88.16239887371998,119.25342,1172.8516,34.7,-32.84
256,9294,425,99.40000153,15.95105987,1.66049999,65.90000153,32.90000153,61.70000076,73.67245485,11331.58399,202.016983,0.680000007,320.0,33.0,2.7572602167899998,102.45285064497999,119.25342,1172.8516,36.2,-34.34
257,9295,425,99.69999693,15.66657003,1.801999987,72.69999695,35.29999924,67.04999924,72.2014618,8021.8396,251.0502319,0.819999993,185.0,37.39999771,3.2472039531480004,120.82409775883002,119.25342,1172.8516,37.7,-35.84
258,9296,425,97.25,16.88300957,1.319000006,49.20000076,25.89999962,47.39999962,31.13611126,2539.922241,290.276825,0.409999996,1400.0,23.300001140000003,1.7397610158280001,62.52059978318,119.25342,1172.8516,39.2,-37.34
259,9297,425,97.40000153,16.917345,1.295499981,45.79999924,23.10000038,46.79999924,23.43789387,2343.789307,367.7493591,0.439999998,2300.0,22.699998859999997,1.6783202007710005,60.62939812622002,119.25342,1172.8516,40.6,-38.739998
260,9308,426,97.95000076,17.66780999,1.091499984,35.90000153,18.79999924,39.64999962,18.55908489,1873.07013,110.8151398,0.349999994,2650.0,17.10000229,1.191372215072,43.27797395083,219.90137,1018.7383,9.4,-7.0599995
261,9309,426,99.26666768,16.74240002,1.34466664,57.09999847,26.70000076,50.06666692,22.47357178,2177.076253,85.31785583,0.460000008,320.0,30.39999771,1.8081283727288897,67.32297678331555,219.90137,1018.7383,10.9,-8.559999
262,9310,426,98.75,16.80453,1.340000033,50.70000076,24.70000076,49.35000039,27.04183674,2961.608155,93.16316986,0.540000021,450.0,26.0,1.795600088440001,66.12900215115,219.90137,1018.7383,12.4,-10.059999
263,9312,426,99.0,16.32383975,1.679999948,57.70000076,28.29999924,55.70000076,33.02389431,2995.931641,107.8731537,0.50999999,450.0,29.400001520000004,2.822399825280003,93.57599838039997,219.90137,1018.7383,13.9,-11.559999
264,9313,426,98.95000077,16.60342496,1.412500024,58.79999924,27.39999962,52.25,26.35537052,2971.414917,105.9118195,0.430000007,700.0,31.39999962,1.9951563178000007,73.803126254,219.90137,1018.7383,15.4,-13.059999
265,9314,426,99.75000002,15.60770961,1.82099998,70.40000153,33.5,68.0,37.26526833,5594.693604,100.0278244,0.810000002,150.0,36.90000153,3.316040927160001,123.82799864,219.90137,1018.7383,16.9,-14.559999
266,9315,426,99.80000305,14.79348016,2.306499958,85.90000153,35.70000076,85.70000077,31.38127804,2853.735107,110.8151398,1.00999999,150.0,50.200000769999995,5.319942056254001,197.66704817660496,219.90137,1018.7383,18.4,-16.06
267,9316,426,99.85000229,15.05835026,2.159999967,83.19999695,38.20000076,80.04999924,32.21484566,3579.427246,98.0664978,0.970000029,120.0,44.99999619,4.665599857440001,172.90799571675004,219.90137,1018.7383,19.9,-17.56
268,9317,426,99.63333384,14.87523008,2.403666655,81.30000305,38.29999924,83.63333384,42.13590496,4158.01945,146.1190796,1.110000014,135.0,43.00000381,5.777613388358889,201.02665579769112,219.90137,1018.7383,21.4,-19.06
269,9318,426,98.20000076,14.45993978,2.468000054,86.09999847,44.90000153,90.20000076,42.6098938,3481.360596,135.3317719,1.110000014,125.0,41.199996940000005,6.091024266544003,222.61360674648003,219.90137,1018.7383,22.9,-20.56
270,9319,426,98.90000153,14.52370483,2.421000004,87.80000305,38.70000076,89.59999848,48.44485092,5099.458008,145.1384125,1.080000043,130.0,49.10000229,5.861241019368001,216.92159667848,219.90137,1018.7383,24.4,-22.06
271,9320,426,98.45000077,14.26373996,2.604500056,96.09999847,42.70000076,95.90000153,50.79844476,6261.546142,128.4671021,1.190000057,84.0,53.39999771,6.783420541704003,249.7715593552851,219.90137,1018.7383,25.9,-23.56
272,9321,426,99.64999771,14.49427521,2.460000038,80.59999847,42.79999924,92.0,49.94036293,4692.481933,156.9064026,1.100000024,140.0,37.799999230000005,6.051600186960002,226.320003496,219.90137,1018.7383,27.4,-25.06
273,9322,426,99.09999848,14.4354148,2.485999942,96.5,42.0,92.45000077,51.16619491,4888.614746,146.1190796,0.970000029,145.0,54.5,6.180195711624003,229.83069655211995,219.90137,1018.7383,28.9,-26.56
274,9323,426,99.65000153,14.72480987,2.320000053,80.19999695,44.20000076,86.35000229,54.42690468,5638.823487,156.9064026,1.029999971,185.0,35.99999619,5.382400245920002,200.3320098893501,219.90137,1018.7383,30.4,-28.06
275,9324,426,99.79999922,14.49427521,2.446499944,95.30000305,42.09999847,92.35000229,56.51081848,7560.926758,166.7130585,1.169999957,220.0,53.20000458,5.985361975992004,225.9342754308849,219.90137,1018.7383,31.9,-29.56
276,9325,426,99.90000152,15.05834967,2.101999998,68.30000305,39.29999924,78.90000153,52.61267471,6031.0896,178.4810333,0.889999986,200.0,29.000003810000003,4.418403991592001,165.84780305826,219.90137,1018.7383,33.4,-31.060001
277,9326,426,99.0,15.14173506,2.031499982,73.5,39.79999924,75.54999924,54.79465485,4878.80835,188.287674,0.870000005,250.0,33.70000076,4.1269921768660005,153.47982209616004,219.90137,1018.7383,34.9,-32.56
278,9328,426,99.0,16.2747898,1.568000019,55.90000153,32.09999847,57.35000039,60.31089783,9350.640624,196.1329956,0.589999974,520.0,23.800003059999995,2.4586240595840008,89.92480170117001,219.90137,1018.7383,36.4,-34.06
279,9329,426,99.45000077,15.99520518,1.681999982,64.40000153,33.59999847,61.95000077,57.49148178,7119.627442,188.287674,0.600000024,320.0,30.800003059999995,2.8291239394480003,104.19990018003999,219.90137,1018.7383,37.8,-35.46
280,9330,426,99.45000077,15.82843557,1.741999984,65.19999695,31.5,64.44999886,60.18831443,6344.902344,245.1662445,0.769999981,230.0,33.69999695,3.0345639442560004,112.27189698292001,219.90137,1018.7383,39.0,-36.66
281,9333,427,99.35000229,14.21959465,2.748000026,96.40000153,42.09999847,101.0999985,13.06736088,1088.538208,36.28460312,1.169999957,140.0,54.300003059999995,7.551504142896001,277.82279850659995,320.53906,833.8125,6.6,-5.13
282,9334,427,99.34999847,14.33731489,2.675999999,100.0,42.59999847,97.95000079,12.67509461,902.211731,35.30393982,0.899999976,200.0,57.40000153,7.160975994648,262.11420201609,320.53906,833.8125,8.1,-6.63
283,9338,427,98.55000305,15.63223518,1.866499961,68.40000153,32.09999847,67.35000229,29.07671738,2451.662476,91.20184326,0.74000001,150.0,36.300003059999995,3.4838221044130013,125.70877664763492,320.53906,833.8125,16.0,-14.53
284,9339,427,99.0,15.28398027,2.002499998,86.90000153,34.79999924,73.59999848,32.70517826,3442.134033,110.8151398,0.949999988,140.0,52.10000229,4.010006241989999,147.38399680899997,320.53906,833.8125,17.5,-16.03
285,9340,427,98.84999848,14.66104482,2.31949997,96.30000305,42.09999847,85.90000153,39.98661423,4525.768799,93.16316986,0.850000024,180.0,54.20000458,5.38008011083,199.24505097183493,320.53906,833.8125,19.0,-17.53
286,9341,427,98.70000077,14.74933485,2.286000014,88.09999847,38.0,84.14999771,39.47176552,3760.850098,151.0223999,1.139999986,240.0,50.09999847,5.225796064008,192.36689594315993,320.53906,833.8125,20.5,-19.03
287,9342,427,98.15000153,14.41088982,2.483999968,93.09999847,42.5,90.95000077,47.0719204,5006.294678,98.0664978,1.039999962,150.0,50.59999847,6.170255841024001,225.91979900227997,320.53906,833.8125,22.0,-20.53
288,9343,427,98.95000076,14.52861006,2.367999911,99.80000305,43.20000076,88.55000305,25.98762131,3790.270142,136.3124237,1.149999976,240.0,56.60000229,5.607423578496008,209.68639934144974,320.53906,833.8125,23.5,-22.03
289,9345,427,98.89999771,14.28826552,2.526999951,106.3000031,47.29999924,94.75,40.64856339,6545.938965,154.9450684,1.120000005,200.0,59.00000386,6.3857287523540025,239.43324535725,320.53906,833.8125,26.5,-25.03
290,9346,427,99.20000076,14.41579505,2.495499969,96.69999695,42.20000076,93.05000305,54.20625498,5447.593994,147.0997467,1.049999952,165.0,54.49999619,6.227520095279001,232.2062797267249,320.53906,833.8125,28.0,-26.53
291,9347,427,99.54999924,14.28336029,2.564499975,101.5,49.29999924,96.70000077,56.29016878,7693.316895,148.0804138,1.220000029,260.0,52.20000076,6.576660121775,247.98714955716497,320.53906,833.8125,29.5,-28.03
292,9348,427,99.45000076,14.7002849,2.279000044,88.0,40.90000153,85.64999771,72.61824035,24501.91504,154.9450684,0.949999988,260.0,47.09999847,5.193841200552002,195.19634854968987,320.53906,833.8125,31.0,-29.53
293,9349,427,99.5,14.50408508,2.385999918,93.69999695,47.90000153,90.04999924,63.74322318,9120.184082,152.003067,0.930000007,250.0,45.79999542,5.692995608696006,214.85929080254007,320.53906,833.8125,32.5,-31.03
294,9350,427,99.14999771,14.97496487,2.107999981,88.5,40.20000076,78.75,54.50045396,6021.283204,148.0804138,0.879999995,190.0,48.29999924,4.443663919896,166.00499850375,320.53906,833.8125,34.0,-32.53
295,9351,427,98.29999924,15.23492974,1.95450002,77.5,43.70000076,72.05000305,56.4372673,5682.953614,199.0749817,0.75999999,600.0,33.79999924,3.8200703281800004,140.82173240222505,320.53906,833.8125,35.5,-34.03
296,9353,427,98.09999848,16.05406501,1.619000018,59.20000076,34.90000153,58.85000038,53.71592521,5123.974365,154.9450684,0.75999999,420.0,24.299999230000005,2.621161058284,95.27815167452,320.53906,833.8125,37.0,-35.53
297,9354,427,98.70000077,16.01482493,1.629000008,63.20000076,31.89999962,59.95000077,52.95591163,5437.78711,202.016983,0.660000026,420.0,31.300001140000003,2.653641026064,97.65855173393001,320.53906,833.8125,38.5,-37.03
298,9355,427,98.29999924,15.90691515,1.67049998,63.70000076,34.70000076,61.10000038,52.0978279,5378.947266,191.2296753,0.589999974,320.0,29.0,2.7905701831800003,102.06754941278999,320.53906,833.8125,40.0,-38.53
299,9356,427,98.25,15.9559651,1.648500025,66.59999847,30.29999924,60.25,52.14686013,5359.333985,249.0888977,0.709999979,280.0,36.299999230000005,2.7175523324250004,99.32212650625,320.53906,833.8125,41.4,-39.93
300,9357,427,97.14999771,15.90691515,1.644999981,66.69999695,29.89999962,59.40000153,64.7238922,5413.270508,228.4949341,0.629999995,250.0,36.79999733,2.7060249374900005,97.71300138824996,320.53906,833.8125,42.8,-41.329998
301,9358,427,97.69999695,15.68128513,1.757499993,65.69999695,31.89999962,63.79999924,68.57300188,5707.469971,286.354187,0.860000014,305.0,33.79999733,3.088806225395,112.1284982177,320.53906,833.8125,44.5,-43.03
302,9359,427,98.70000077,16.11292483,1.579999983,60.90000153,32.40000153,58.20000077,78.52674865,8291.522216,344.2134094,0.850000024,220.0,28.5,2.4963999462800004,91.9560002272,320.53906,833.8125,45.8,-44.329998
303,9360,427,96.79999924,16.08349463,1.553999961,56.09999847,31.89999962,56.04999924,83.35652543,7423.633789,327.5420837,0.610000014,630.0,24.199998850000004,2.414915878788001,87.10169663301002,320.53906,833.8125,47.5,-46.03
304,9361,427,97.34999848,16.2208352,1.48299998,54.59999847,31.60000038,54.19999886,67.66588403,4903.324951,291.2575073,0.519999981,450.0,22.999998090000002,2.1992889406800002,80.37859722538002,320.53906,833.8125,48.8,-47.329998
305,9362,427,97.54999924,17.03996989,1.24150002,46.20000076,30.60000038,45.14999962,78.01190185,6565.551758,326.5614319,0.449999988,1250.0,15.60000038,1.5413222996600002,56.05372543122999,320.53906,833.8125,50.5,-49.03
306,9363,427,97.04999924,15.23983497,1.708000005,71.40000153,38.20000076,65.10000229,94.38900758,6614.585205,314.793457,0.709999979,160.0,33.200000769999995,2.91726401708,111.19080423682001,320.53906,833.8125,51.7,-50.23
307,9370,428,99.29999924,18.94801517,0.832000017,35.5,22.39999962,30.44999886,14.97965765,647.2388916,101.0084915,0.230000004,795.0,13.10000038,0.6922240282880003,25.33439956916998,421.19434,679.7031,4.9,-3.41
308,9375,428,100.5999985,14.43051015,2.41900003,97.5,45.20000076,88.69999695,16.94098759,1971.136719,39.22660065,0.889999986,83.0,52.29999924,5.85156114514,214.5652952830499,421.19434,679.7031,8.6,-7.1100006
309,9376,428,100.0,14.7689546,2.172500015,92.5,43.5,83.29999924,18.19133568,2554.632264,47.07191849,0.879999995,150.0,49.0,4.719756315174999,180.96924959839998,421.19434,679.7031,10.1,-8.610001
310,9377,428,99.25000002,15.97558485,1.677999974,67.5,34.0,61.75,16.5732379,1559.257263,78.45320129,0.649999976,145.0,33.5,2.8156839127440008,103.6164983945,421.19434,679.7031,11.6,-10.110001
311,9378,428,100.7999992,16.2895049,1.526499987,64.40000153,31.79999924,57.94999886,25.81600475,2216.302979,78.45320129,0.540000021,200.0,32.60000229,2.330202210311,88.46067250644002,421.19434,679.7031,13.1,-11.610001
312,9380,428,101.1000023,18.12397526,1.019500017,33.09999847,16.39999962,38.15000153,18.3384347,1098.344788,125.525116,0.289999992,660.0,16.699998850000004,1.039380284663,38.89392720838502,421.19434,679.7031,14.6,-13.110001
313,9383,428,99.30000305,14.83271965,2.145500064,99.5,41.70000076,81.15000153,46.40997124,4643.448731,122.5831223,0.930000007,140.0,57.79999924,4.603170524624005,174.1073334762151,421.19434,679.7031,20.2,-18.710001
314,9384,428,100.25,14.82781501,2.25,92.5,38.79999924,84.90000153,51.2397461,5702.566651,117.6798019,0.959999979,120.0,53.70000076,5.0625,191.0250034425,421.19434,679.7031,21.7,-20.210001
315,9385,428,99.20000076,14.52861006,2.395999909,96.40000153,44.0,89.60000229,41.75181198,3702.010376,125.525116,1.230000019,150.0,52.40000153,5.740815563928008,214.6815973332398,421.19434,679.7031,23.2,-21.710001
316,9386,428,99.40000153,14.43050957,2.454500079,97.19999695,42.09999847,92.35000229,50.308115,5918.312989,145.1384125,1.179999948,150.0,55.09999848,6.0245706378110055,226.6730879164552,421.19434,679.7031,24.7,-23.210001
317,9387,428,99.45000077,14.44032003,2.455999971,98.19999695,42.79999924,92.34999848,53.44623948,5648.630371,148.0804138,1.210000038,160.0,55.39999771,6.031935857552,226.81159358873,421.19434,679.7031,26.2,-24.710001
318,9388,428,99.99999999,14.54332516,2.411499977,93.59999847,42.29999924,91.10000229,56.02048873,6060.509277,150.0417328,1.080000043,135.0,51.299999230000005,5.815332139071001,219.68765342703497,421.19434,679.7031,27.7,-26.210001
319,9389,428,98.44999695,14.1705447,2.642500043,99.69999695,43.59999847,97.84999849,55.1133728,6707.748536,156.9064026,1.129999995,180.0,56.09999848,6.982806477255002,258.568625217375,421.19434,679.7031,29.2,-27.710001
320,9390,428,98.49999746,14.28335971,2.600000063,98.80000305,47.90000153,95.0,47.15364075,4684.30957,170.6357117,1.080000043,235.0,50.90000152,6.760000327600004,247.000005985,421.19434,679.7031,30.6,-29.11
321,9391,428,98.90000153,14.21959465,2.592000008,104.5,49.79999924,96.95000076,51.19071198,5442.69043,168.6743774,1.289999962,230.0,54.70000076,6.718464041471999,251.29440274552,421.19434,679.7031,32.2,-30.710001
322,9392,428,98.29999924,14.47956011,2.46999991,93.59999847,42.5,91.34999848,60.041214,8894.631348,176.5196838,1.159999967,230.0,51.09999847,6.100899555400007,225.6344880241001,421.19434,679.7031,33.7,-32.21
323,9393,428,98.70000077,14.60218499,2.355499983,93.30000305,41.29999924,87.09999847,56.3882351,4903.324951,195.1523285,1.110000014,280.0,52.00000381,5.548380169913001,205.16404491538503,421.19434,679.7031,35.0,-33.51
324,9395,428,97.89999771,15.29869538,1.959999919,74.5,40.5,71.15000153,59.69798278,6330.192383,188.287674,0.709999979,350.0,34.0,3.8415996824800063,139.45399723564987,421.19434,679.7031,36.6,-35.109997
325,9397,428,97.25,16.4709902,1.461499989,55.20000076,29.39999962,52.5,66.48908425,7364.794434,240.2629242,0.579999983,460.0,25.800001140000003,2.1359822178470003,76.7287494225,421.19434,679.7031,38.2,-36.71
326,9398,428,98.0,15.55375502,1.863000035,71.19999695,28.79999924,67.39999771,57.12373543,4525.768921,250.0695648,0.579999983,350.0,42.39999771,3.4707691304100012,125.5661980927299,421.19434,679.7031,39.5,-38.01
327,9399,428,99.20000077,16.28460026,1.546500027,62.90000153,30.0,56.95000077,91.20184325,13915.63575,289.2961731,0.790000021,240.0,32.90000153,2.3916623335110008,88.07317772845502,421.19434,679.7031,41.8,-40.309998
328,9401,429,99.34999848,14.39127007,2.581999898,94.30000305,38.20000076,95.59999849,1.985846639,156.9063988,10.78731441,0.75,180.0,56.10000229,6.666723473272009,246.83918634998014,521.82715,463.96875,3.7,-2.54
329,9402,429,98.54999924,13.84681478,2.96449995,83.59999847,33.70000076,109.2000008,3.603943825,240.2629242,12.74864388,1.0,90.0,49.89999771,8.788259953550002,323.72339691159993,521.82715,463.96875,5.2,-4.04
330,9403,429,101.0999985,14.86215045,2.26699996,86.59999847,37.40000153,86.25,8.016935828,519.7524262,28.43928337,0.779999971,155.0,49.199996940000005,5.1392888186400025,195.52874655000002,521.82715,463.96875,6.5,-5.34
331,9404,429,101.2999993,14.90138994,2.207000017,78.09999847,33.90000153,84.79999924,8.6543684,892.4051209,22.55529404,0.829999983,130.0,44.199996940000005,4.870849075038,187.15359976428,521.82715,463.96875,8.2,-7.04
332,9405,429,100.8500023,15.20059489,2.095999956,77.5,30.79999924,78.75,10.39504862,1323.897705,30.40061378,0.829999983,150.0,46.70000076,4.393215815552002,165.059996535,521.82715,463.96875,9.7,-8.54
333,9407,429,100.75,14.92591492,2.263499975,83.30000305,32.5,84.94999695,12.11121273,1470.997437,33.34260941,0.790000021,150.0,50.80000305,5.123432136825001,192.2843159725751,521.82715,463.96875,11.2,-10.04
334,9408,429,101.4500008,16.04915978,1.70450002,71.0,28.89999962,64.20000076,13.23897696,1588.677246,46.09125519,0.540000021,300.0,42.10000038,2.9053203181800002,109.42890257942001,521.82715,463.96875,12.7,-11.54
335,9410,429,100.8499985,18.21716994,0.99000001,35.0,24.39999962,37.0,14.93062449,794.3386536,118.6604691,0.209999993,2500.0,10.60000038,0.9801000198000002,36.630000370000005,521.82715,463.96875,14.2,-13.04
336,9413,429,99.64999773,15.51941958,1.870999992,73.59999847,31.20000076,69.60000229,29.66511536,3329.357788,99.04716492,0.810000002,170.0,42.39999771,3.500640970064,130.22160372778998,521.82715,463.96875,17.4,-16.24
337,9414,429,99.89999769,15.68128455,1.827499986,77.69999695,32.79999924,67.75,36.55428696,4202.14917,115.7184601,0.949999988,180.0,44.89999771,3.3397561988300004,123.81312405150001,521.82715,463.96875,18.9,-17.74
338,9415,429,100.3500023,14.69538025,2.332000017,99.30000305,40.29999924,88.29999924,44.44863892,5477.013917,118.6604691,1.320000052,215.0,59.00000381,5.438224079288,205.91559972878,521.82715,463.96875,20.4,-19.24
339,9416,429,100.9000016,14.79348016,2.31099999,101.1999969,43.29999924,87.5,42.19311142,5070.038086,127.4864426,1.090000033,170.0,57.899997660000004,5.34072095378,202.212499125,521.82715,463.96875,21.9,-20.74
340,9417,429,100.4000015,14.80329003,2.269999981,93.59999847,39.09999847,85.79999924,49.54809952,6442.968994,142.1964264,1.299999952,140.0,54.5,5.15289991374,194.7659966446,521.82715,463.96875,23.4,-22.24
341,9418,429,100.5999985,14.75424008,2.338500023,106.3000031,40.0,88.25,57.68761635,4766.03186,138.2737579,1.129999995,170.0,66.3000031,5.468582357571,206.37262702975,521.82715,463.96875,24.9,-23.74
342,9419,429,100.5499992,14.44522526,2.498000026,106.0999985,45.5,95.20000076,54.37787438,6359.612549,140.2350922,1.25,150.0,60.5999985,6.240004129896001,237.80960437368003,521.82715,463.96875,26.4,-25.24
343,9420,429,99.99999998,14.3814602,2.539999962,115.5999985,42.40000153,95.79999924,62.81159403,7712.929688,150.0417328,1.120000005,150.0,73.19999697,6.451599806960002,243.33199442920005,521.82715,463.96875,27.9,-26.74
344,9421,429,100.0499992,14.37655498,2.565999985,103.5999985,42.20000076,96.5,60.65412903,8551.39868,153.9644012,1.190000057,270.0,61.399997739999996,6.5843559230199995,247.6189985525,521.82715,463.96875,29.4,-28.24
345,9422,429,101.3000031,14.41579505,2.50849998,112.3000031,44.70000076,97.09999848,66.07229998,7624.670166,164.751709,1.220000029,190.0,67.60000234,6.29257214966,243.57534424508,521.82715,463.96875,30.9,-29.74
346,9423,429,100.5999985,14.51880019,2.435000062,99.80000305,40.79999924,93.0,68.03363418,6805.814942,166.7130585,1.190000057,210.0,59.00000381,5.929225301940003,226.455005766,521.82715,463.96875,32.4,-31.240002
347,9424,429,100.7000008,14.42070028,2.516499996,106.0999985,40.70000076,96.25,72.44662858,10860.86426,168.6743774,1.350000024,150.0,65.39999774,6.332772229868,242.213124615,521.82715,463.96875,33.8,-32.64
348,9425,429,100.0,14.33241025,2.565000058,103.1999969,44.40000153,97.09999848,62.6399727,7575.636963,176.5196838,1.129999995,200.0,58.799995370000005,6.5792252975400025,249.0615017329999,521.82715,463.96875,35.2,-34.04
349,9426,429,100.0499992,14.69047502,2.299999953,92.40000153,39.20000076,87.04999924,76.73703765,12503.47803,196.1329956,1.169999957,190.0,53.200000769999995,5.289999783800002,200.21499416065004,521.82715,463.96875,36.8,-35.64
350,9428,429,98.85000229,17.27540978,1.241999984,46.29999924,23.60000038,45.14999962,54.67207338,10954.02783,251.0502319,0.360000014,2500.0,22.699998859999997,1.5425639602560002,56.07629880564001,521.82715,463.96875,38.4,-37.24
351,9430,429,100.6499977,15.88729482,1.725500048,69.90000153,32.59999847,64.85000039,77.4725342,11155.06397,250.0695648,0.790000021,290.0,37.300003059999995,2.977350415648002,111.89867878574503,521.82715,463.96875,39.8,-38.64
352,9431,429,100.75,16.23064449,1.564000011,69.5,30.39999962,59.14999962,68.52396772,10179.30298,254.9728851,0.610000014,700.0,39.10000038,2.4460960344080003,92.51060005633,521.82715,463.96875,41.3,-40.14
353,9432,429,100.25,16.37779494,1.550000012,66.19999695,26.89999962,57.44999886,80.65969088,13484.14356,276.5475159,0.75999999,240.0,39.29999733,2.4025000372,89.04749892239998,521.82715,463.96875,42.8,-41.64
354,9433,429,100.9000016,16.07368475,1.643000007,74.80000305,28.60000038,62.04999924,71.9562912,11253.13061,279.489502,0.829999983,190.0,46.20000267,2.699449023002,101.94814918566999,521.82715,463.96875,44.2,-43.04
355,9434,429,100.1500016,16.41212978,1.514500022,64.09999847,29.39999962,56.44999886,75.3886223,6550.842041,294.1994934,0.680000007,265.0,34.69999885,2.2937103166380006,85.49352451536997,521.82715,463.96875,45.8,-44.64
356,9436,429,98.35000229,17.27050455,1.198499978,48.09999847,27.79999924,43.79999924,57.61406708,3662.783692,341.2714233,0.419999987,1900.0,20.299999230000005,1.4364021972660006,52.49429812554002,521.82715,463.96875,47.2,-46.04
357,9458,430,97.40000153,15.64695028,1.749499977,50.09999847,26.10000038,63.60000229,2.623278856,112.7764702,31.38127899,0.300000012,1150.0,23.999998090000002,3.060750169523,111.26820254355493,622.49,309.86328,2.7,-1.1600001
358,9460,430,99.40000153,16.49551517,1.840999991,93.90000153,41.59999847,67.89999864,6.766588331,250.0695782,14.70997524,0.980000019,105.0,52.300003059999995,3.3892809668619996,125.00389688514002,622.49,309.86328,4.2,-2.6599998
359,9464,430,98.79999924,16.50532505,1.460999966,47.0,25.29999924,53.70000077,16.05838871,1721.067017,50.9945755,0.629999995,450.0,21.70000076,2.1345209006520007,78.45569929916998,622.49,309.86328,9.1,-7.5600004
360,9465,430,99.00000003,17.04487512,1.291999996,44.59999847,23.89999962,47.39999962,19.34361649,2186.882874,60.80122757,0.469999999,560.0,20.699998850000004,1.6692639896639998,61.24079931944,622.49,309.86328,10.6,-9.06
361,9466,430,99.34999848,16.37779494,1.500999987,52.59999847,26.10000038,55.60000039,18.82876778,2255.529419,82.37585449,0.439999998,700.0,26.499998090000002,2.253000960974,83.45559986258999,622.49,309.86328,12.1,-10.56
362,9467,430,98.75,16.52494538,1.437999964,55.59999847,27.10000038,52.80000115,25.59535599,3667.687012,86.29851532,0.50999999,550.0,28.499998090000002,2.0678438964640016,75.92639975289997,622.49,309.86328,13.5,-11.96
363,9468,430,99.04999924,16.59361449,1.418500006,54.70000076,27.0,52.39999962,33.36712551,5114.167725,105.9118195,0.50999999,800.0,27.70000076,2.012142267022,74.32939977536999,622.49,309.86328,15.0,-13.46
364,9469,430,98.89999771,16.66719001,1.380500019,55.29999924,27.60000038,50.95000076,42.3156929,4329.635865,147.0997467,0.639999986,390.0,27.699998859999997,1.9057803024590005,70.33647701723002,622.49,309.86328,16.5,-14.96
365,9471,430,99.25,16.32383975,1.521499992,61.59999847,28.5,56.20000077,36.75042152,4084.469605,142.1964264,0.589999974,450.0,33.09999847,2.3149622256560005,85.508300721955,622.49,309.86328,18.1,-16.560001
366,9472,430,99.54999924,15.42132026,1.953000009,85.59999847,34.40000153,72.29999924,38.36851883,4393.37915,130.4284515,1.070000052,140.0,51.199996940000005,3.8142090351539997,141.20189916642,622.49,309.86328,19.5,-17.96
367,9473,430,100.0499993,14.63652043,2.367500067,95.40000153,40.59999847,89.20000076,44.27702332,6957.818116,149.0610809,1.409999967,115.0,54.800003059999995,5.605056567245004,211.18100777570004,622.49,309.86328,21.0,-19.46
368,9474,430,100.1499977,14.53841993,2.440500021,92.80000305,40.09999847,92.09999848,41.26147843,5084.748047,125.525116,1.220000029,150.0,52.70000458,5.956040352501001,224.77004822453998,622.49,309.86328,22.5,-20.96
369,9475,430,100.5,14.49427521,2.440999985,107.1999969,42.90000153,93.10000229,53.49527358,7820.803223,152.003067,1.419999957,150.0,64.29999537,5.95848092677,227.25710419338998,622.49,309.86328,23.9,-22.36
370,9476,430,100.25,14.45993977,2.467000008,107.8000031,42.59999847,93.95000076,53.44623947,5089.651245,144.1577606,1.139999986,130.0,65.20000463,6.086089039471999,231.77465262651998,622.49,309.86328,25.4,-23.86
371,9477,430,100.75,14.37164974,2.521999955,101.6999969,46.40000153,96.89999771,54.7701378,5212.234253,149.0610809,1.080000043,130.0,55.299995370000005,6.360483773020002,244.3817898641201,622.49,309.86328,26.9,-25.36
372,9478,430,99.85000229,14.28826494,2.555000067,101.9000015,42.20000076,97.14999771,66.1213379,8894.631348,154.9450684,1.190000057,150.0,59.70000074,6.528025342370004,248.21825065809983,622.49,309.86328,28.4,-26.86
373,9479,430,99.45000077,14.30297946,2.5625,104.4000015,43.79999924,96.29999924,66.31747055,10198.91553,154.9450684,1.220000029,160.0,60.600002260000004,6.56640625,246.7687480525,622.49,309.86328,29.9,-28.36
374,9480,430,100.0499993,14.19016503,2.748999954,109.0,47.29999924,102.9000016,59.08506395,8781.854981,156.9064026,1.289999962,220.0,61.70000076,7.557000747092001,282.8720996649999,622.49,309.86328,31.4,-29.86
375,9481,430,99.90000153,14.27354983,2.616499901,102.1999969,44.20000076,98.54999924,71.46596528,13091.87745,177.500351,1.230000019,180.0,57.99999614,6.84607173193301,257.8560632550101,622.49,309.86328,32.9,-31.36
376,9482,430,99.19999695,14.25393009,2.607999921,105.0,46.59999847,97.45000077,70.24012758,9208.444337,179.4617004,1.340000033,200.0,58.40000153,6.801663587936007,254.14959430960997,622.49,309.86328,34.4,-32.86
377,9483,430,98.84999847,14.19016503,2.69449997,110.5999985,47.79999924,100.2000008,76.73703768,11120.74073,197.1136627,1.399999976,160.0,62.79999926,7.26033008833,269.98889914959994,622.49,309.86328,35.9,-34.36
378,9484,430,99.15000153,14.58747047,2.356999993,94.80000305,39.0,87.95000077,72.44662095,7629.573486,201.0363159,1.090000033,200.0,55.80000305,5.555448967002,207.29815119924,622.49,309.86328,37.5,-35.96
379,9486,430,96.70000076,16.9026299,1.339000046,54.5,23.60000038,47.5,52.95590973,8860.30786,235.3596039,0.540000021,760.0,30.89999962,1.792921123188002,63.602502185,622.49,309.86328,38.9,-37.36
380,9487,430,99.79999922,16.00501505,1.684499979,65.69999695,31.0,62.39999962,69.13688278,6693.038575,205.9396362,0.689999998,330.0,34.69999695,2.837540179251,105.11279804949001,622.49,309.86328,40.4,-38.86
381,9488,430,98.25,16.20121487,1.567499996,62.20000076,30.20000076,57.04999924,57.85923385,7168.661193,275.566864,0.680000007,370.0,32.0,2.4570562374600002,89.4258735805,622.49,309.86328,41.7,-40.16
382,9490,431,95.85000229,14.97006023,2.029999972,57.90000153,32.29999924,73.19999886,4.511058808,284.3928375,13.72931004,1.00999999,160.0,25.60000229,4.120899886320001,148.59599563620003,723.14404,124.94141,2.3,-0.5999999
383,9492,431,100.0,14.22940511,2.849499941,103.0,46.09999847,108.6999969,6.129156351,274.5861893,29.41995049,1.0,130.0,56.90000153,8.119649913759003,309.74063475325016,723.14404,124.94141,3.8,-2.1
384,9496,431,100.0,18.56542484,0.939000011,24.79999924,16.89999962,35.44999886,5.148491144,465.815857,217.7076263,0.170000002,2000.0,7.899999619999999,0.8817210206580001,33.28754931948999,723.14404,124.94141,5.3,-3.6000001
385,9498,431,100.0,18.643905,0.923500002,24.0,19.39999962,34.70000076,7.379503968,583.4956513,246.1469116,0.180000007,820.0,4.600000380000001,0.8528522536940001,32.04545077126001,723.14404,124.94141,6.8,-5.1000004
386,9500,431,97.0,17.11354482,1.230499983,40.70000076,28.60000038,44.45000077,21.01074696,2064.299805,94.14383698,0.389999986,1500.0,12.10000038,1.5141302081630004,54.695725191834995,723.14404,124.94141,8.3,-6.6000004
387,9502,431,98.44999695,15.80881466,1.708999991,49.79999924,27.60000038,62.75,20.0055666,1936.813294,69.62721252,0.469999999,840.0,22.199998859999997,2.920680969238,107.23974943525,723.14404,124.94141,9.8,-8.1
388,9503,431,98.25,16.35326996,1.463500023,54.20000076,26.0,53.85000038,23.33982563,2471.275757,74.53054047,0.639999986,380.0,28.20000076,2.141832317321,78.80947679468,723.14404,124.94141,11.3,-9.6
389,9504,431,97.75,16.11783007,1.558499992,59.90000153,29.79999924,56.85000039,23.41337586,2054.493103,62.76255798,0.689999998,500.0,30.10000229,2.428922225064,88.60072515301499,723.14404,124.94141,12.8,-11.1
390,9505,431,98.0,15.97068021,1.635500014,60.5,30.39999962,59.60000038,23.83015823,2515.405762,90.22117615,0.720000029,360.0,30.10000038,2.674860295794,97.47580145589001,723.14404,124.94141,14.3,-12.6
391,9506,431,98.84999848,16.0246348,1.618999958,62.20000076,28.39999962,59.80000115,31.06256294,3128.321167,102.9698181,0.5,540.0,33.800001140000006,2.621160864004002,96.81619935024996,723.14404,124.94141,15.8,-14.1
392,9507,431,99.14999771,15.99029995,1.597500027,66.59999847,35.09999847,59.70000077,36.08847046,3079.288086,114.7378006,0.550000012,700.0,31.5,2.5520063362650007,95.37075284197502,723.14404,124.94141,17.3,-15.599999
393,9508,431,98.54999924,16.41212978,1.459499955,55.90000153,30.89999962,53.5,38.73626518,4260.989258,122.5831223,0.689999998,350.0,25.000001909999998,2.130140118645002,78.0832475925,723.14404,124.94141,18.8,-17.099998
394,9509,431,98.80000305,15.26926459,1.935500026,77.80000305,33.59999847,72.0,37.09365273,3898.143189,102.9698181,0.829999983,210.0,44.20000458,3.7461603506460004,139.356001872,723.14404,124.94141,20.3,-18.599998
395,9510,431,99.84999848,14.3961753,2.414999962,102.8000031,47.59999847,92.90000153,37.82915306,4069.759522,111.7958069,1.190000057,140.0,55.200004629999995,5.832224816460001,224.35350016474993,723.14404,124.94141,21.8,-20.099998
396,9511,431,99.0,14.50898973,2.361999989,110.8000031,45.79999924,88.75,58.815382,7207.887695,150.0417328,1.00999999,230.0,65.00000385999999,5.579043948036,209.62749902375,723.14404,124.94141,23.3,-21.599998
397,9512,431,99.79999924,14.22940511,2.558500052,110.4000015,48.0,97.84999848,58.69280053,6320.385498,145.1384125,1.24000001,170.0,62.4000015,6.545922516084002,250.3492261992799,723.14404,124.94141,24.8,-23.099998
398,9513,431,99.5,14.27845506,2.449999929,116.0,51.20000076,94.44999695,55.82435228,6433.162354,155.9257355,1.230000019,190.0,64.79999924,6.002499652100005,231.40248582155021,723.14404,124.94141,26.3,-24.599998
399,9514,431,98.85000229,14.16073483,2.584500074,112.6999969,47.79999924,97.5,58.10440065,5962.44336,147.0997467,1.210000038,200.0,64.89999766,6.679640632506006,251.98875721500002,723.14404,124.94141,27.8,-26.099998
400,9515,431,98.89999771,14.23921499,2.513499976,109.1999969,44.59999847,95.09999848,59.08506395,5849.666504,156.9064026,1.149999976,200.0,64.59999843,6.317682129352,239.03384389708,723.14404,124.94141,29.3,-27.599998
401,9516,431,97.79999924,14.01358497,2.598500013,107.6999969,49.70000076,97.70000077,60.80122948,6080.122803,150.0417328,1.129999995,270.0,57.99999614,6.752202317561001,253.87345327094505,723.14404,124.94141,30.8,-29.099998
402,9517,431,99.35000229,14.10678023,2.641499996,111.8000031,52.0,100.5,58.91344833,7050.981446,154.9450684,1.24000001,210.0,59.8000031,6.977522228868,265.470749598,723.14404,124.94141,32.3,-30.599998
403,9518,431,99.10000229,13.98905999,2.58799994,114.1999969,48.09999847,100.6500015,61.29156115,6702.844971,183.3843536,1.169999957,230.0,66.09999843,6.697743689440004,260.48219784299994,723.14404,124.94141,33.8,-32.1
404,9519,431,98.34999848,14.19016503,2.527999997,109.5,50.29999924,94.95000077,72.1769409,7335.374024,186.3263397,1.200000048,190.0,59.20000076,6.390783984832001,240.03360166171004,723.14404,124.94141,35.3,-33.6
405,9520,431,99.5,14.52370483,2.381000042,106.0,43.0,90.79999924,64.16000748,6492.002198,198.0943298,1.200000048,220.0,63.0,5.669161200004003,216.19480200403999,723.14404,124.94141,36.8,-35.1
406,9521,431,99.34999847,15.26435995,1.96299994,85.30000305,45.29999924,73.40000153,68.91622925,6354.709229,195.1523285,0.870000005,340.0,40.00000381,3.8533687644400034,144.0841985993899,723.14404,124.94141,38.3,-36.6
407,9524,431,98.25,16.44155999,1.46450001,62.59999847,32.40000153,53.45000077,61.536726,7673.703369,231.4369202,0.589999974,520.0,30.199996940000005,2.1447602792900002,78.27752666216502,723.14404,124.94141,39.8,-38.1
408,9525,431,97.25,16.11783006,1.547500014,59.79999924,29.79999924,56.19999886,50.50424575,5310.300781,225.5529327,0.569999993,360.0,30.0,2.39475629333,86.96949902264998,723.14404,124.94141,41.3,-39.6
409,9526,431,98.54999924,16.19630964,1.554999948,66.0,31.89999962,57.05000115,59.13409615,5830.053223,236.340271,0.460000008,430.0,34.10000038,2.418024838280003,88.71274882164994,723.14404,124.94141,42.8,-41.1
410,9527,431,98.04999924,16.21102474,1.548500002,66.19999695,31.10000038,56.39999962,64.03742028,6418.452393,274.5861816,0.589999974,230.0,35.09999657,2.3978522561939997,87.33539952437,723.14404,124.94141,44.2,-42.5
411,9528,431,97.15000153,15.9952046,1.619999945,72.0,31.10000038,58.35000039,72.05435943,6413.549072,272.6248474,0.660000026,240.0,40.89999962,2.624399821800003,94.52699742254998,723.14404,124.94141,45.8,-44.1
412,9530,431,96.29999924,17.38822479,1.143000007,40.59999847,23.20000076,40.90000153,47.66031837,4172.72937,465.8158569,0.379999995,3400.0,17.39999771,1.306449016002,46.748702035090005,723.14404,124.94141,47.3,-45.6
413,9532,431,98.25,17.09882972,1.236000001,52.20000076,26.89999962,45.34999847,75.75637055,6580.261719,334.4067688,0.5,880.0,25.300001140000003,1.527696002472,56.05259815427001,723.14404,124.94141,48.8,-47.1
414,9553,432,99.84999848,15.15154494,1.952000022,75.19999695,36.40000153,74.95000076,21.69721317,2113.333008,71.58854675,0.479999989,280.0,38.79999542,3.8103040858880006,146.30240313242,823.80225,-59.976562,9.0,-4.19
415,9555,432,99.89999773,18.5899504,0.911500007,30.10000038,17.10000038,33.60000038,13.63124395,902.2117765,137.2930908,0.239999995,2800.0,13.0,0.8308322627610001,30.62640058157,823.80225,-59.976562,10.5,-5.69
416,9557,432,99.20000077,16.30422,1.519499958,57.5,28.60000038,56.25,24.81082439,1500.41742,134.3511047,0.330000013,2350.0,28.89999962,2.3088801223620017,85.4718726375,823.80225,-59.976562,13.7,-8.889999
417,9558,432,99.05000305,17.21164531,1.228999973,51.09999847,27.60000038,45.35000038,29.78769779,2515.40564,120.6217957,0.430000007,510.0,23.499998090000002,1.510440933634001,55.73514924256999,823.80225,-59.976562,15.2,-10.389999
418,9559,432,98.79999924,16.29441013,1.523500026,61.0,27.20000076,56.0,32.38646126,2211.399597,173.5776978,0.439999998,1400.0,33.79999924,2.3210523292220007,85.316001456,823.80225,-59.976562,16.5,-11.690001
419,9560,432,98.79999924,15.98539472,1.628999949,62.79999924,31.5,60.14999962,31.38127995,2206.496155,148.0804138,0.540000021,470.0,31.29999924,2.6536408338420028,97.98434631333002,823.80225,-59.976562,18.2,-13.390001
420,9561,432,98.79999924,15.79410014,1.692499996,67.09999847,35.20000076,62.80000115,33.34260941,2731.151978,129.4477844,0.75999999,280.0,31.89999771,2.86455623646,106.289001695175,823.80225,-59.976562,19.7,-14.890001
421,9562,432,98.90000153,15.89220004,1.645999968,71.5,35.59999847,61.2499981,36.45622063,2971.414795,142.1964264,0.680000007,200.0,35.90000153,2.709315894656001,100.81749491260005,823.80225,-59.976562,21.2,-16.390001
422,9563,432,98.25,16.48080007,1.426999986,66.59999847,28.60000038,52.84999847,35.8923378,2554.632203,137.2930908,0.579999983,280.0,37.999998090000005,2.036328960044,75.41694707679002,823.80225,-59.976562,22.7,-17.890001
423,9565,432,100.0500031,15.19568966,1.986999989,80.5,34.59999847,75.30000305,38.61368179,3716.720215,139.254425,0.730000019,150.0,45.90000153,3.9481689562860005,149.62110523204998,823.80225,-59.976562,24.2,-19.390001
424,9566,432,100.2999993,14.47956011,2.39899993,100.1999969,44.59999847,92.20000077,42.46279335,5374.043946,145.1384125,1.190000057,94.0,55.59999843,5.755200664140005,221.18779539322995,823.80225,-59.976562,25.7,-20.890001
425,9567,432,100.0499993,14.44522467,2.412999988,101.0,44.79999924,92.54999924,44.6938076,5148.491211,139.254425,1.169999957,125.0,56.20000076,5.822568942088001,223.32314705552002,823.80225,-59.976562,27.2,-22.390001
426,9568,432,100.0999985,14.33731548,2.486500025,98.09999847,47.59999847,95.39999771,49.2048645,5820.246827,147.0997467,1.220000029,150.0,50.5,6.182682374324999,237.2120966909149,823.80225,-59.976562,28.7,-23.890001
427,9569,432,99.79999925,14.24411963,2.541999936,103.9000015,49.59999847,97.34999847,52.98042678,6781.29834,154.9450684,1.129999995,150.0,54.30000303,6.461763674624003,247.4636898803401,823.80225,-59.976562,30.2,-25.390001
428,9570,432,100.2000008,14.14602031,2.618499995,104.8000031,49.5,101.0499993,54.67207338,5467.207032,156.9064026,1.230000019,180.0,55.3000031,6.8565422238150004,264.5994226618,823.80225,-59.976562,31.7,-26.890001
429,9571,432,100.1500015,14.1165901,2.661999941,118.3000031,48.5,102.4000015,56.3882351,5874.183106,156.9064026,1.159999967,140.0,69.8000031,7.086243685884003,272.5887979513999,823.80225,-59.976562,33.2,-28.390001
430,9572,432,100.1999969,13.98415534,2.697000027,110.1999969,49.0,105.4000015,46.8267517,5678.050293,145.1384125,0.970000029,190.0,61.1999969,7.273809145638001,284.2638068913001,823.80225,-59.976562,34.7,-29.890001
431,9573,432,99.59999848,14.32750502,2.450500012,105.1999969,49.0,93.89999771,57.00115013,5678.050293,168.6743774,1.100000024,160.0,56.1999969,6.004950308812,230.10194551515497,823.80225,-59.976562,36.2,-31.390001
432,9574,432,99.34999848,14.09206513,2.636999965,108.9000015,45.90000153,100.6499977,56.5598526,5089.651123,188.287674,1.24000001,190.0,62.999999970000005,6.95376881541,265.4140404121501,823.80225,-59.976562,37.7,-32.89
433,9575,432,99.39999771,14.29317017,2.489499927,107.5,43.79999924,94.85000229,64.11097528,7021.56128,205.9396362,1.070000052,170.0,63.70000076,6.197609886533004,236.12907377690482,823.80225,-59.976562,39.2,-34.39
434,9576,432,98.79999924,14.36183987,2.396000028,97.30000305,41.90000153,90.94999695,72.02984238,7487.376953,210.8429871,1.25999999,230.0,55.40000152,5.740816134176001,217.9161952387999,823.80225,-59.976562,40.7,-35.89
435,9578,432,98.85000229,16.54456512,1.43599999,67.40000153,33.90000153,52.85000039,57.85923195,4795.451905,250.0695648,0.50999999,325.0,33.5,2.06209597128,75.89260003154,823.80225,-59.976562,42.2,-37.39
436,9579,432,98.89999771,16.48080007,1.444000006,61.20000076,29.10000038,53.35000039,45.84608841,3461.747559,245.1662445,0.529999971,400.0,32.10000038,2.0851360173280002,77.03740088326,823.80225,-59.976562,43.6,-38.789997
437,9580,432,99.45000076,16.34346008,1.535000026,63.40000153,33.29999924,56.60000039,56.70695114,4638.545533,247.1275787,0.519999981,390.0,30.10000229,2.356225079820001,86.88100207025,823.80225,-59.976562,45.0,-40.19
438,9581,432,98.60000229,16.0933045,1.624500036,67.0,35.90000153,59.25,62.10061455,6737.168457,304.006134,0.670000017,335.0,31.099998470000003,2.639000366964001,96.251627133,823.80225,-59.976562,45.9,-41.09
439,9586,433,95.0,14.69047444,2.168500066,65.0,33.0,76.79999924,8.09048629,362.8460541,132.3897705,0.600000024,600.0,32.0,4.702392536242004,166.54080342073996,-560.1763,1943.5234,5.4,-2.65
440,9588,433,97.73333486,16.49715025,1.458000024,47.0,26.0,52.63333384,17.78272502,1418.695312,174.5583649,0.375,1320.0,21.0,2.1257640699840006,76.73940200192001,-560.1763,1943.5234,8.3,-5.55
441,9590,433,83.5,18.1141648,0.84649998,70.0,31.0,26.10000038,4.363959075,652.1421967,65.7045517,0.644999981,165.0,39.0,0.7165622161400005,22.093649799669993,-560.1763,1943.5234,9.8,-7.05
442,9592,433,98.5,14.99948984,2.134500027,78.0,35.0,78.10000229,36.13750649,2294.755982,112.7764664,0.769999981,100.0,43.0,4.556090365263001,166.7044569967051,-560.1763,1943.5234,15.4,-12.65
443,9593,433,98.03333282,15.50307018,1.865333358,69.0,33.0,67.73333486,31.93698947,3373.48759,153.9644012,0.694999993,200.0,36.0,3.479468536467556,126.34524896294226,-560.1763,1943.5234,17.0,-14.25
444,9603,434,100.0,13.76670051,3.261333386,96.0,39.0,123.5999984,2.075740775,127.4864477,21.57462883,1.565000057,95.0,57.0,10.636295454638224,403.1008012914666,-459.56494,1758.5898,2.3,-0.3599999
445,9604,434,100.0,13.52144997,3.523999929,98.0,45.0,134.7666677,2.141118606,140.5619837,11.76797962,1.159999967,75.0,53.0,12.418575499592004,474.91772740636657,-459.56494,1758.5898,3.8,-1.8599999
446,9605,434,95.75,13.96943966,2.495999932,97.0,41.0,92.29999924,3.628460288,137.2930908,19.61330032,0.717999995,170.0,56.0,6.230015660544005,230.3807918266401,-459.56494,1758.5898,5.2,-3.2599998
447,9607,434,97.40000153,14.98477474,1.981999994,78.0,34.0,73.60000229,8.016935825,411.8792725,27.45862007,1.0,35.0,44.0,3.928323976216,145.87520409718,-459.56494,1758.5898,6.7,-4.7599998
448,9610,434,100.0,16.23064507,1.671500027,41.0,21.0,62.79999924,5.369140865,215.7462845,38.24593353,0.644999981,360.0,20.0,2.793912340261001,104.97020042525997,-459.56494,1758.5898,10.0,-8.059999
449,9611,434,95.03333282,15.76140017,1.697666645,49.0,22.0,59.90000153,8.531785172,307.2750244,33.34260941,0.349999994,800.0,27.0,2.882072037545556,101.69023463292996,-459.56494,1758.5898,11.6,-9.66
450,9613,434,97.3666687,16.04588982,1.603666624,65.0,30.0,57.90000026,15.77236176,1565.795084,104.93116,0.540000021,360.0,35.0,2.5717466409315572,92.85229794655332,-459.56494,1758.5898,13.0,-11.059999
451,9614,434,95.56666565,16.03608014,1.59133331,64.0,27.0,56.06666692,17.472181,1454.653076,89.24051666,0.439999998,540.0,37.0,2.532341703515556,89.22075465047111,-459.56494,1758.5898,14.5,-12.559999
452,9615,434,96.36666616,14.72481007,2.234333356,82.0,34.0,79.8666687,37.49409103,4540.479004,112.7764664,1.169999957,210.0,48.0,4.992245545734223,178.44876190901118,-459.56494,1758.5898,15.9,-13.959999
453,9623,435,99.23333231,13.73727031,3.189333439,80.0,39.0,117.4000041,0.947976152,81.72208023,8.825984955,1.210000038,47.5,41.0,10.171847785123566,374.4277588148671,-358.9336,1604.4727,2.3,-2.49
454,9624,435,94.30000305,12.15949486,4.83100009,122.0,48.0,170.4499969,0.66194889,98.06649401,6.864655018,1.340000033,42.5,74.0,23.33856186958001,823.4439503643997,-358.9336,1604.4727,3.8,-3.99
455,9625,435,94.70000077,12.81676517,3.710499883,111.0,45.0,131.75,0.784532011,63.74322129,7.845319748,1.379999995,70.0,66.0,13.767809381743016,488.85835958525,-358.9336,1604.4727,5.3,-5.4900002
456,9626,435,96.13333384,12.91323,3.856666644,109.0,47.0,138.399999,1.699819287,140.5619761,9.806650162,1.549999952,53.0,62.0,14.873877602942224,533.7626596729334,-358.9336,1604.4727,6.8,-6.9900002
457,9627,435,95.16666667,14.30951976,2.440666676,79.0,35.0,86.6666692,4.004382133,254.9728902,39.22660065,1.100000024,170.0,44.0,5.95685382333689,211.5244514363556,-358.9336,1604.4727,8.4,-8.589999
458,9628,435,90.83333333,12.65162947,3.634999991,100.0,44.0,124.0333354,3.17081674,254.9728902,25.49728775,1.350000024,100.0,56.0,13.21322493457,450.86117306269995,-358.9336,1604.4727,9.7,-9.889999
459,9629,435,92.5,14.15255983,2.401333332,76.0,37.0,82.73333232,5.099457741,254.9728902,19.61330032,1.070000052,150.0,39.0,5.766401771374222,198.6703085674489,-358.9336,1604.4727,11.2,-11.389999
460,9630,435,93.8666687,15.04527023,1.981333335,69.0,36.0,69.0333341,7.38767608,460.9125366,50.0139122,0.524999976,550.0,33.0,3.9256817843822223,136.77804607852224,-358.9336,1604.4727,12.9,-13.089999
461,9631,435,96.40000153,15.13192519,2.017499924,67.0,35.0,71.75,12.35637856,853.1785278,62.76255798,0.460000008,520.0,32.0,4.0703059433400055,144.755619547,-358.9336,1604.4727,14.3,-14.49
462,9640,436,98.25,13.10616025,3.771499992,111.0,41.0,138.8499985,1.936813295,132.3897781,10.78731441,1.409999967,53.0,70.0,14.224212189655999,523.6727682319499,-258.29883,1450.3555,2.2,-2.14
463,9641,436,99.30000305,13.87133975,3.037999988,117.0,43.0,113.7000008,3.530393958,254.9728852,15.6906395,1.200000048,45.0,74.0,9.229443927088,345.420601066,-258.29883,1450.3555,3.8,-3.74
464,9642,436,96.65000153,12.71866527,4.134999991,114.0,41.0,150.0999985,1.789713562,112.7764702,19.61330032,1.330000043,56.0,73.0,17.09822492557,620.6634924466,-258.29883,1450.3555,5.3,-5.2400002
465,9644,436,96.16666667,12.80531964,4.017666658,104.0,40.0,144.7666677,3.170816739,209.2085266,13.72931004,1.389999986,56.0,64.0,16.141645374804884,581.6242140080554,-258.29883,1450.3555,6.8,-6.7400002
466,9645,436,95.25,13.85662524,2.594499946,101.0,45.0,98.29999922,1.838746905,58.83990097,10.78731441,0.939999998,68.0,56.0,6.731429969794003,255.03934266809006,-258.29883,1450.3555,8.5,-8.44
467,9646,436,99.79999924,14.70519013,2.33950007,75.0,34.0,87.10000229,6.8891716,294.1994934,23.53595924,0.629999995,165.0,41.0,5.473260577530006,203.7704614544552,-258.29883,1450.3555,9.7,-9.639999
468,9653,436,97.94999695,14.59237512,2.23150003,98.0,45.0,83.35000229,22.55529404,1667.130493,78.45320129,0.779999971,70.0,53.0,4.97959238389,185.99553261063508,-258.29883,1450.3555,15.5,-15.44
469,9655,436,98.45000076,15.56847012,1.815500021,76.0,34.0,66.65000153,19.17200089,789.4353333,73.54987335,0.540000021,260.0,42.0,3.2960403262510005,121.00307917736504,-258.29883,1450.3555,17.0,-16.94
470,9656,436,99.60000102,14.36837978,2.625666698,100.0,42.0,97.10000102,19.61329969,2137.84965,95.12450409,0.736999989,130.0,58.0,6.894125608986222,254.95223905398,-258.29883,1450.3555,18.5,-18.44
471,9658,436,96.06666565,16.21266021,1.464999994,70.0,36.0,52.86666616,35.05877368,1827.305705,97.08583069,0.867999971,160.0,34.0,2.14622498242,77.4496656072,-258.29883,1450.3555,20.0,-19.94
472,9664,437,95.34999848,14.67085469,2.16900003,64.0,35.0,77.59999848,3.603943825,176.5196991,40.20726395,1.294999957,180.0,29.0,4.70456113014,168.31439903111993,-157.6914,1234.6094,4.9,-1.6200001
473,9665,437,98.39999898,14.72153991,2.304666678,70.0,32.0,84.93333435,7.126165232,836.8341065,25.49728775,0.685000002,190.0,38.0,5.3114884966835545,195.74302552787776,-157.6914,1234.6094,6.4,-3.1200001
474,9666,437,100.0,14.33567981,2.781666676,99.0,42.0,106.0333328,10.34601561,1199.680135,34.32327271,0.99000001,95.0,57.0,7.737669496368889,294.94938839497775,-157.6914,1234.6094,7.9,-4.62
475,9668,437,100.0,14.18199004,2.924666643,98.0,41.0,110.7333323,12.56885592,1843.650146,40.20726395,0.930000007,80.0,57.0,8.553674972676891,323.8580832460445,-157.6914,1234.6094,9.4,-6.12
476,9669,437,100.0,16.68681034,1.512500048,98.0,41.0,57.40000153,12.18476248,1318.994385,70.60787964,0.600000024,230.0,57.0,2.287656395200002,86.81750506932507,-157.6914,1234.6094,10.9,-7.62
477,9670,437,99.76666768,17.43890982,1.192333341,55.0,27.0,44.26666641,28.48831685,2968.145996,80.41452789,0.400000006,230.0,28.0,1.4216587960602225,52.78062225556778,-157.6914,1234.6094,12.4,-9.12
478,9671,437,100.0,16.44155999,1.581500053,57.0,27.0,60.30000115,27.21345425,2897.864991,77.47253418,0.63499999,135.0,30.0,2.501142417639003,95.36445501462507,-157.6914,1234.6094,13.9,-10.62
479,9673,437,99.69999949,17.08902023,1.295333346,59.0,29.0,48.76666641,28.92961629,3023.71696,98.0664978,0.439999998,240.0,30.0,1.677888477259556,63.16908917413111,-157.6914,1234.6094,15.4,-12.12
480,9674,437,100.0,15.79082999,1.768333356,69.0,31.0,66.93333181,43.96647898,4497.983236,127.4864426,0.709999979,330.0,38.0,3.127002857942223,118.36044326783886,-157.6914,1234.6094,16.9,-13.62
481,9675,437,100.0,15.28724984,2.017666697,76.0,35.0,76.0,44.39143499,4847.753906,127.4864426,0.829999983,220.0,41.0,4.07097890018289,153.342668972,-157.6914,1234.6094,18.4,-15.12
482,9676,437,100.0,14.7673201,2.353333314,92.0,40.0,89.00000254,44.81638845,3991.306641,127.4864426,1.049999952,160.0,52.0,5.538177686782222,209.4466709234666,-157.6914,1234.6094,19.9,-16.619999
483,9677,437,100.0,14.83926035,2.296000004,86.0,40.0,88.19999949,45.7153333,4301.850342,117.6798019,0.99000001,130.0,46.0,5.271616018368,202.50719918184,-157.6914,1234.6094,21.4,-18.119999
484,9678,437,100.0,14.95044009,2.189999978,80.0,37.0,82.96666463,55.76714707,6596.606445,144.1577606,0.985000014,240.0,43.0,4.79609990364,181.69699371443338,-157.6914,1234.6094,22.9,-19.619999
485,9679,437,99.93333435,15.17279995,2.087333361,79.0,39.0,77.96666463,59.67346447,5795.72998,137.2930908,0.976000011,230.0,40.0,4.356960559943557,162.74242012809773,-157.6914,1234.6094,24.4,-21.119999
486,9680,437,100.0,14.78040033,2.337333361,83.0,40.0,88.59999847,58.85624185,8067.604004,151.0223999,1.039000034,240.0,43.0,5.463127240443558,207.08773220848,-157.6914,1234.6094,25.9,-22.619999
487,9682,437,99.96666718,15.59136002,1.904333353,65.0,36.0,70.93333435,64.102801,9048.268879,166.7130585,0.779999971,290.0,29.0,3.6264855193482224,135.08071444220556,-157.6914,1234.6094,27.4,-24.119999
488,9684,438,96.40000153,13.7830503,3.134500027,92.0,43.0,113.1500015,4.535575628,451.1058807,16.6713047,1.269999981,165.0,49.0,9.825090419263,354.6686827568001,-57.04883,1080.4961,2.3,-0.49
489,9685,438,91.34999847,13.60646966,2.784999967,72.0,31.0,94.09999847,4.462025404,166.7130432,21.57462883,0.800000012,92.0,41.0,7.756224816190001,262.06849263365007,-57.04883,1080.4961,3.8,-1.99
490,9686,438,99.04999924,14.37655497,2.605000019,80.0,34.0,95.5,4.584608793,230.4562683,18.63263512,0.879999995,92.0,46.0,6.7860250989900015,248.77750181450003,-57.04883,1080.4961,5.3,-3.4900002
491,9688,438,99.90000153,13.94491468,3.082499981,90.0,37.0,113.8999977,11.79249573,1470.997498,32.36194611,1.440000057,75.0,53.0,9.501806132865,351.09674074615003,-57.04883,1080.4961,6.8,-4.9900002
492,9690,438,99.65000153,13.99886987,3.000999928,98.0,40.0,110.4500008,9.585999968,970.8582766,41.18792725,1.269999981,75.0,58.0,9.006000567856006,331.4604444483999,-57.04883,1080.4961,8.3,-6.4900002
493,9691,438,94.40000153,16.99745985,1.234333317,44.0,27.0,43.5,8.499096235,549.1723887,59.82056427,0.384000003,920.0,17.0,1.5235787374562224,53.6934992895,-57.04883,1080.4961,9.8,-7.9900002
494,9692,438,99.56666565,16.03607975,1.596999963,81.0,37.0,62.0,28.07970683,1964.598836,77.47253418,0.497000009,660.0,44.0,2.5504088818220016,99.013997706,-57.04883,1080.4961,11.3,-9.49
495,9693,438,94.84999848,18.18773973,0.950000018,39.0,22.0,33.34999943,11.44926357,1515.12732,93.16316986,0.312999994,660.0,17.0,0.9025000342000004,31.682500058799988,-57.04883,1080.4961,12.8,-10.99
496,9695,438,99.29999924,15.32321977,2.020500064,81.0,35.0,74.95000077,24.24694157,1534.740601,73.54987335,0.860000014,170.0,46.0,4.082420508624005,151.43648135258508,-57.04883,1080.4961,14.3,-12.49
497,9696,438,100.0,15.54884998,1.931333304,77.0,33.0,72.53333282,44.09723409,4448.950195,122.5831223,0.762000024,160.0,44.0,3.7300483311395567,140.08604132538224,-57.04883,1080.4961,15.8,-13.99
498,9697,438,98.86666616,15.21858014,2.042999983,79.0,35.0,74.89999898,33.734876,4073.028646,97.08583069,0.889999986,200.0,44.0,4.173848930538001,153.02069664284002,-57.04883,1080.4961,17.3,-15.49
499,9698,438,98.96666717,14.99621989,2.15866669,88.0,39.0,79.83333333,41.12255033,4344.345785,145.1384125,1.235000014,145.0,49.0,4.659841878515556,172.33355741113778,-57.04883,1080.4961,18.8,-16.99
500,9699,438,99.26666514,14.66595005,2.35466663,91.0,39.0,87.33333333,52.80880737,4468.563395,156.9064026,1.159999967,95.0,52.0,5.544454938435558,205.6408856788178,-57.04883,1080.4961,20.3,-18.49
501,9700,438,99.93333435,14.60381987,2.418666601,88.0,42.0,91.16666667,58.67645518,6684.866537,152.9837341,1.179999948,105.0,46.0,5.849948126792893,220.5017717992289,-57.04883,1080.4961,21.8,-19.99
502,9701,438,99.63333384,14.74442981,2.318333308,80.0,38.0,86.5,64.44603477,8881.55599,152.9837341,1.110000014,135.0,42.0,5.374669326982223,200.535831142,-57.04883,1080.4961,23.3,-21.49
503,9702,438,100.0,15.17933987,2.06400005,77.0,39.0,77.76666514,55.32585017,4229.935059,172.5970306,0.860000014,200.0,38.0,4.260096206400004,160.51040073729328,-57.04883,1080.4961,24.8,-22.99
504,9703,438,100.0,14.64960006,2.383333365,79.0,39.0,89.60000102,68.35234707,7845.319987,177.500351,1.092000008,260.0,40.0,5.680277928722223,213.546671935,-57.04883,1080.4961,26.3,-24.49
505,9704,438,99.49999746,14.92428003,2.182666699,73.0,38.0,81.33333333,65.60648855,7887.81543,196.1329956,0.829999983,240.0,35.0,4.764033918923556,177.52355817805778,-57.04883,1080.4961,27.8,-25.99
506,9706,438,97.43333435,16.69661982,1.394333323,53.0,25.0,50.0,70.03582255,8695.229492,210.8429871,0.601000011,400.0,28.0,1.944165415628222,69.71666615,-57.04883,1080.4961,29.3,-27.49
507,9709,439,99.60000102,17.20347012,1.273000002,65.0,32.0,47.73333232,18.86145592,885.8673504,10.78731441,0.920000017,140.0,33.0,1.6205290050920003,60.764532138826674,43.58252,895.5664,2.3,-0.67999995
508,9712,439,100.0,15.29378957,2.110999942,60.0,27.0,80.29999924,12.13572931,514.8491211,42.16859436,0.867999971,120.0,33.0,4.456320755124003,169.51329373824004,43.58252,895.5664,6.2,-4.58
509,9713,439,100.0,14.41415997,2.580000083,98.0,44.0,100.0666682,18.63263512,1346.779907,63.74322128,1.049999952,94.0,54.0,6.656400428280006,258.17201226153344,43.58252,895.5664,8.2,-6.58
510,9714,439,99.59999848,16.38760539,1.773999989,43.0,21.0,66.59999847,15.00417376,568.7857056,88.25984192,0.181999996,905.0,22.0,3.1470759609720003,118.14839655318002,43.58252,895.5664,9.2,-7.58
511,9715,439,98.5666682,15.48998996,1.894000014,81.0,37.0,69.13333638,31.13611221,2575.880127,101.0084915,0.456,560.0,44.0,3.587236053032,130.93854007158671,43.58252,895.5664,10.8,-9.18
512,9716,439,98.39999898,15.07796981,2.091000001,73.0,37.0,76.43333435,42.6098938,2451.662395,153.9644012,0.629999995,620.0,36.0,4.372281004182,159.8221022022833,43.58252,895.5664,12.2,-10.58
513,9717,439,97.45000077,16.0933045,1.515999973,56.0,29.0,55.89999962,23.87919235,1260.15448,107.8731537,0.300000012,1650.0,27.0,2.2982559181360007,84.74439791462001,43.58252,895.5664,13.7,-12.08
514,9718,439,100.0,16.20939006,1.558666667,61.0,27.0,61.39999898,29.74683698,1464.459758,115.7184601,0.455000013,470.0,34.0,2.429441778816889,95.70213176396,43.58252,895.5664,15.2,-13.58
515,9720,439,100.0,18.44770518,0.901000023,33.0,18.0,34.14999962,16.76937103,1230.734558,259.8762207,0.151999995,1600.0,15.0,0.8118010414460006,30.769150443069996,43.58252,895.5664,16.8,-15.179999
516,9722,439,100.0,16.86665997,1.330333352,55.0,27.0,51.59999847,35.99040349,2497.426839,105.9118195,0.524999976,350.0,28.0,1.769786827443556,68.64519892778998,43.58252,895.5664,18.2,-16.58
517,9723,439,100.0,15.18914994,1.946666678,74.0,33.0,76.13333384,51.89352162,6315.482748,142.1964264,0.899999976,160.0,41.0,3.7895111552355556,148.2062240713778,43.58252,895.5664,19.8,-18.179998
518,9724,439,100.0,14.80002008,2.195000013,80.0,37.0,86.59999847,48.91883723,4556.823405,145.1384125,1.070000052,220.0,43.0,4.818025057070001,190.08699776745,43.58252,895.5664,21.3,-19.679998
519,9725,439,99.16666921,14.51225988,2.48633337,82.0,36.0,91.60000102,61.2261823,7681.875814,152.003067,1.100000024,200.0,46.0,6.181853626775557,227.74813922806004,43.58252,895.5664,22.8,-21.179998
520,9726,439,99.96666718,14.60054972,2.342666626,78.0,37.0,89.50000254,54.73744965,8057.797364,165.7323914,1.149999976,175.0,41.0,5.488086920574225,209.66866897737324,43.58252,895.5664,24.3,-22.679998
521,9727,439,100.0,14.79674992,2.240333398,83.0,37.0,86.53333283,70.2809906,10453.88867,142.1964264,1.059999943,120.0,46.0,5.019093734194227,193.86351557929888,43.58252,895.5664,25.8,-24.179998
522,9728,439,99.60000102,15.01910979,2.152333339,75.0,37.0,79.93333435,70.36271158,11460.70475,150.0417328,0.949999988,140.0,38.0,4.632538802170889,172.0431804189389,43.58252,895.5664,27.3,-25.679998
523,9729,439,99.8666687,14.59074004,2.446666718,76.0,39.0,91.06666819,65.86799877,7815.899902,156.9064026,1.070000052,200.0,37.0,5.986178028968891,222.8097861796223,43.58252,895.5664,28.8,-27.179998
524,9730,439,99.56666565,14.89484983,2.221999963,67.0,36.0,83.39999898,60.1474533,7632.842285,152.9837341,0.875,220.0,31.0,4.937283835572002,185.31479464776007,43.58252,895.5664,30.2,-28.58
525,9731,439,100.0,14.8359898,2.205666622,67.0,40.0,84.23333486,67.66588593,8276.812175,192.2103424,0.899999976,250.0,27.0,4.86496524740489,185.79065516045102,43.58252,895.5664,31.9,-30.279999
526,9734,439,97.06666565,16.62795012,1.284333348,47.0,25.0,47.46666718,48.86980566,7080.401204,227.514267,0.449999988,1100.0,22.0,1.6495121487848894,60.963023577691125,43.58252,895.5664,33.8,-32.18
527,9735,439,100.0,16.23882026,1.515333335,55.0,32.0,59.33333206,65.05077617,4851.022786,238.30159,0.61500001,480.0,23.0,2.2962351161622223,89.90977594714221,43.58252,895.5664,35.2,-33.58
528,9736,439,100.0,16.15053004,1.53033336,55.0,29.0,59.73333359,66.76693982,5717.276855,255.9535522,0.564999998,470.0,26.0,2.3419201927288897,91.41191309678557,43.58252,895.5664,36.3,-34.68
529,9737,439,98.0,15.59463017,1.839666645,63.0,33.0,66.50000127,65.2142207,4811.796224,258.8955688,0.774999976,270.0,30.0,3.3843733647255565,122.33783422887664,43.58252,895.5664,37.8,-36.18
530,9738,440,100.0,13.92692982,2.979333401,90.0,43.0,116.2666677,3.040061474,313.8127899,14.70997524,0.985000014,115.0,47.0,8.876427514314226,346.39716650157783,144.21826,710.6406,2.2,-1.07
531,9739,440,99.75,14.62670997,2.402999997,65.0,33.0,92.45000077,5.320107463,372.6526947,16.6713047,0.649999976,235.0,32.0,5.774408985582001,222.15735157296,144.21826,710.6406,3.8,-2.67
532,9740,440,98.79999924,14.16564005,2.582000017,98.0,41.0,97.40000155,6.349805833,490.3324891,18.63263512,0.814999998,98.0,57.0,6.666724087788,251.48680565790002,144.21826,710.6406,5.3,-4.17
533,9741,440,95.75,14.52861006,2.1875,82.0,34.0,79.80000305,4.462025881,367.7493592,17.65196991,0.800000012,140.0,48.0,4.78515625,174.562506671875,144.21826,710.6406,6.8,-5.67
534,9742,440,97.79999924,14.63651984,2.223500014,86.0,37.0,82.60000229,7.20788765,809.048584,45.11058807,0.75,120.0,49.0,4.943952312257999,183.66110624821502,144.21826,710.6406,8.3,-7.17
535,9743,440,99.30000051,15.82353034,1.680666685,55.0,26.0,63.29999924,11.8006684,1117.958048,28.43928337,0.629999995,215.0,29.0,2.8246405060688895,106.38619988319331,144.21826,710.6406,9.8,-8.67
536,9744,440,100.0,15.10413025,2.066666682,78.0,34.0,79.39999898,19.17199961,2500.695719,61.78189468,1.110000014,100.0,44.0,4.271111174488889,164.0933324428,144.21826,710.6406,11.2,-10.07
537,9745,440,97.63333384,16.68353999,1.332666715,45.0,23.0,49.43333308,9.577827613,411.8792826,48.0525856,0.31400001,1000.0,22.0,1.7760005732688913,65.87815760722442,144.21826,710.6406,12.7,-11.57
538,9747,440,95.83333333,17.63510963,1.029000004,42.0,24.0,37.06666692,13.25532119,601.4745382,58.83990097,0.870000005,62.0,18.0,1.0588410082320001,38.14160040894667,144.21826,710.6406,14.2,-13.07
539,9748,440,99.66666667,17.74955991,1.041666667,41.0,22.0,39.43333308,26.2654775,1104.882568,113.7571335,0.379000008,470.0,19.0,1.0850694451388891,41.076388638144444,144.21826,710.6406,15.8,-14.67
540,9749,440,100.0,15.06816013,2.040333351,88.0,37.0,81.96666718,41.08986282,3128.321289,103.9504852,0.959999979,300.0,51.0,4.162960183202889,167.23932471767114,144.21826,710.6406,17.2,-16.070002
541,9751,440,99.96666718,14.98967958,2.052333276,83.0,39.0,79.53333282,39.32466634,1727.277908,122.5831223,0.897000015,185.0,44.0,4.212071875776893,163.22890549766893,144.21826,710.6406,18.8,-17.67
542,9752,440,100.0,14.86869016,2.11499993,87.0,36.0,82.43333435,52.80881118,3621.92277,135.3317719,1.126000047,170.0,51.0,4.473224703900006,174.3464963799166,144.21826,710.6406,20.2,-19.070002
543,9753,440,100.0,14.67902988,2.248666763,92.0,38.0,88.93333435,65.9824117,5825.149902,144.1577606,1.203999996,120.0,54.0,5.056502211020899,199.98143307561122,144.21826,710.6406,21.8,-20.67
544,9754,440,99.96666718,14.95370985,2.104000012,96.0,42.0,83.13333384,48.70635986,4112.25529,147.0997467,0.996999979,150.0,54.0,4.426816050496001,174.91253539696004,144.21826,710.6406,23.6,-22.470001
545,9755,440,99.53333282,14.58092958,2.272666613,91.0,45.0,88.89999898,54.05098598,4638.545166,122.5831223,1.120000005,180.0,46.0,5.165013533844893,202.04005957758008,144.21826,710.6406,24.8,-23.67
546,9756,440,99.19999949,14.28989962,2.402666728,94.0,47.0,93.0,63.05675508,6711.017252,151.0223999,1.243000031,190.0,47.0,5.7728074058382255,223.44800570399997,144.21826,710.6406,26.3,-25.17
547,9757,440,100.0,14.52206995,2.291666667,88.0,43.0,90.63333384,65.50842032,5615.941406,164.751709,1.049999952,230.0,45.0,5.251736112638889,207.70139008021113,144.21826,710.6406,27.8,-26.67
548,9758,440,100.0,14.97332999,2.194333315,86.0,44.0,83.36666616,68.15621567,6410.280111,211.8236389,1.029999971,320.0,42.0,4.81509869731889,182.93425291537113,144.21826,710.6406,29.2,-28.070002
549,9759,440,100.0,14.64142507,2.379499913,92.0,46.0,90.75,59.79604723,4270.795899,204.9589691,1.330000043,310.0,46.0,5.6620198359670075,215.93961710475,144.21826,710.6406,30.7,-29.570002
550,9760,440,99.96666718,15.13029031,2.097333272,69.0,38.0,78.70000204,68.89171218,7292.878418,160.8290558,0.879999995,550.0,31.0,4.398806853838227,165.0601327849599,144.21826,710.6406,32.2,-31.070002
551,9761,440,99.83333333,15.0943198,2.108666658,75.0,40.0,78.80000051,57.77751158,3922.659912,174.5583649,0.779999971,430.0,35.0,4.446475074560889,166.16293372582,144.21826,710.6406,33.8,-32.67
552,9763,440,99.19999949,16.77183022,1.375333309,60.0,30.0,50.70000076,66.44005077,7884.546224,219.6689606,0.625,500.0,30.0,1.8915417108448893,69.72939981155332,144.21826,710.6406,35.2,-34.07
553,9764,440,99.64999771,16.68190453,1.410000026,62.0,28.0,52.14999962,64.23355675,3755.9469,210.8429871,0.649999976,510.0,34.0,1.988100073320001,73.53150082009999,144.21826,710.6406,36.7,-35.57
554,9765,440,99.3666687,16.25517025,1.563999971,60.0,29.0,57.69999949,70.8530426,5818.611979,237.3209381,0.620000005,430.0,31.0,2.446095909288001,90.24279752906003,144.21826,710.6406,39.0,-37.87
555,9766,441,98.69999949,13.64244016,3.163333337,79.0,40.0,120.7333349,1.879607876,150.3686294,14.70997524,1.340000033,125.0,39.0,10.006677800975556,381.91978317635557,244.87158,556.53125,2.3,-1.25
556,9768,441,98.30000051,13.50182983,3.341666778,104.0,46.0,123.1333313,2.239185015,268.0484314,10.78731441,1.169999957,105.0,58.0,11.166736855188901,411.47056246967753,244.87158,556.53125,3.8,-2.75
557,9769,441,98.36666616,14.05445993,2.712666591,80.0,37.0,100.9999974,4.739880721,493.6013489,20.59396362,0.949999988,72.0,43.0,7.358560033927562,273.97931863806684,244.87158,556.53125,5.3,-4.25
558,9770,441,99.84999848,14.28336029,2.595999956,80.0,34.0,99.0,5.736890078,490.332489,15.6906395,0.834999979,115.0,46.0,6.739215771552002,257.003995644,244.87158,556.53125,6.8,-5.75
559,9771,441,97.59999848,17.91796499,0.966000021,79.0,34.0,36.19999886,5.883989813,259.8762284,25.49728775,0.75,120.0,45.0,0.9331560405720005,34.96919965895998,244.87158,556.53125,8.4,-7.3499994
560,9772,441,100.0,14.1165901,2.76549995,88.0,38.0,106.0,10.64021492,975.7616577,28.43928337,1.320000052,100.0,50.0,7.647989973450003,293.14299470000003,244.87158,556.53125,9.9,-8.849999
561,9773,441,100.0,14.83272004,2.317000032,80.0,34.0,89.46666717,13.10822201,1810.961263,35.30393982,1.070000052,120.0,46.0,5.368489148288002,207.29427069582334,244.87158,556.53125,11.4,-10.349999
562,9775,441,98.5,17.40294009,1.124666691,42.0,20.0,41.90000025,13.71296533,993.7405191,37.26527023,0.689999998,155.0,22.0,1.2648751658448896,47.12353463406667,244.87158,556.53125,12.9,-11.849999
563,9776,441,99.60000102,15.64694989,1.797666629,56.0,29.0,68.69999949,12.6505785,761.6497804,43.14925766,0.899999976,125.0,27.0,3.2316053090202237,123.49969649549001,244.87158,556.53125,14.4,-13.349999
564,9777,441,100.0,16.54293005,1.397666653,45.0,24.0,54.13333384,11.13054753,591.667867,68.64654541,0.610000014,600.0,21.0,1.9534720729082222,75.66035552388443,244.87158,556.53125,15.9,-14.849999
565,9778,441,99.80000051,15.77120985,1.6523333,56.0,30.0,63.26666641,17.17798106,1023.160421,66.68521881,0.584999979,250.0,26.0,2.73020533428889,104.53761968923445,244.87158,556.53125,17.3,-16.25
566,9779,441,100.0,17.39313002,1.150999964,41.0,22.0,45.10000038,21.18236351,1441.577515,110.8151398,0.344999999,1100.0,19.0,1.324800917128001,51.91009881377998,244.87158,556.53125,18.9,-17.85
567,9781,441,100.0,14.95044009,2.203999996,78.0,35.0,83.63333384,48.82077154,3164.278971,121.6024551,0.88499999,220.0,43.0,4.857615982367999,184.32786744882665,244.87158,556.53125,20.4,-19.35
568,9782,441,100.0,14.72153992,2.300333341,87.0,40.0,89.33333079,52.84149678,5478.648275,133.3704376,1.018000007,210.0,47.0,5.291533479716223,205.49643927881888,244.87158,556.53125,21.9,-20.85
569,9783,441,100.0,14.81637006,2.23300004,94.0,40.0,86.19999949,47.80741755,3556.544922,104.93116,1.0,170.0,54.0,4.986289178640001,192.48460230916996,244.87158,556.53125,23.4,-22.35
570,9784,441,99.83333333,14.4959099,2.381000042,86.0,39.0,91.6333313,48.62463887,5200.793457,136.3124237,1.230000019,130.0,47.0,5.669161200004003,218.1789656738999,244.87158,556.53125,24.9,-23.85
571,9785,441,99.60000102,14.68557018,2.341666698,90.0,41.0,87.46666463,63.38364665,8097.023763,137.2930908,1.100000024,150.0,49.0,5.483402924522223,204.81777574920548,244.87158,556.53125,26.4,-25.35
572,9786,441,99.25,14.3961753,2.524499893,89.0,41.0,93.95000077,67.29813385,9610.516602,152.003067,1.139999986,150.0,48.0,6.373099709757012,237.17676689121495,244.87158,556.53125,27.9,-26.85
573,9787,441,99.56666565,14.4795603,2.500666698,87.0,39.0,93.0,45.8297437,5570.177327,152.003067,1.100000024,180.0,48.0,6.253333934486222,232.56200291399998,244.87158,556.53125,29.4,-28.35
574,9788,441,99.83333333,14.38145962,2.497000058,83.0,40.0,94.63333384,52.6453654,5338.086263,171.6163635,1.0,145.0,43.0,6.235009289652003,236.29944008721336,244.87158,556.53125,30.9,-29.85
575,9789,441,100.0,14.82944989,2.234999974,84.0,45.0,85.40000152,74.41612753,7913.966471,240.2629242,1.139999986,280.0,39.0,4.995224883780001,190.86900117679997,244.87158,556.53125,32.5,-31.45
576,9790,441,99.86666616,14.64632991,2.356333335,86.0,47.0,89.23333232,72.24231718,8914.244629,198.0943298,1.125,240.0,39.0,5.552306785632222,210.26347553874888,244.87158,556.53125,33.8,-32.75
577,9792,441,100.0,16.59198,1.389999986,46.0,29.0,53.33333333,61.53672663,6907.150391,246.1469116,0.560000002,570.0,17.0,1.9320999610800005,74.13333258203335,244.87158,556.53125,35.3,-34.25
578,9794,441,100.0,16.27151984,1.487666646,51.0,29.0,57.70000076,77.63597617,9496.105958,235.3596039,0.665000021,290.0,22.0,2.2131520496208896,85.83836660482666,244.87158,556.53125,36.8,-35.75
579,9795,441,100.0,16.1309099,1.548666676,51.0,31.0,60.06666692,53.36451721,4936.013753,225.5529327,0.610000014,350.0,20.0,2.3983684733528894,93.02324539739557,244.87158,556.53125,38.3,-37.25
580,9796,441,100.0,16.06223981,1.599333326,52.0,31.0,63.30000051,71.42509842,7672.069335,227.514267,0.589999974,480.0,21.0,2.5578670876542224,101.23780035146,244.87158,556.53125,40.3,-39.25
581,9797,442,93.89999771,14.58256466,2.105999947,55.0,32.0,75.05000305,1.176797986,63.7432251,10.78731441,0.74000001,225.0,23.0,4.435235776764003,158.05530244564983,345.51514,371.60547,2.3,-0.87
582,9798,442,96.43333181,13.29581995,3.254999955,90.0,43.0,119.5333328,2.89296174,202.6707611,10.78731441,1.429999948,60.0,47.0,10.595024707050003,389.08099288500006,345.51514,371.60547,3.9,-2.4700003
583,9799,442,99.43333435,13.73073001,3.050333341,78.0,40.0,115.2000021,3.595771551,189.595225,11.76797962,1.049999952,80.0,38.0,9.304533491216223,351.39840728890005,345.51514,371.60547,5.4,-3.9700003
584,9800,442,97.26666514,13.77324004,2.867666642,84.0,41.0,105.5999985,5.393657368,258.2417704,20.59396362,1.095000029,80.0,43.0,8.223511969639556,302.82559309370004,345.51514,371.60547,6.8,-5.3700004
585,9802,442,100.0,15.75485987,1.815000017,52.0,28.0,70.16666667,6.782932917,330.157196,35.30393982,0.405000001,350.0,24.0,3.29422506171,127.35250119888333,345.51514,371.60547,8.4,-6.97
586,9803,442,99.26666768,16.88954987,1.297666709,45.0,29.0,48.5,9.626861095,349.770518,33.34260941,0.314999998,450.0,16.0,1.6839388876468908,62.9368353865,345.51514,371.60547,9.8,-8.37
587,9806,442,100.0,16.17995985,1.606666684,70.0,34.0,62.26666768,11.89873473,594.9367625,79.43386078,0.421999991,950.0,36.0,2.5813778334755555,100.04178048515557,345.51514,371.60547,13.8,-12.37
588,9812,442,100.0,16.21265982,1.56433332,66.0,34.0,60.90000025,36.72590256,2549.728963,125.525116,0.592999995,220.0,32.0,2.4471387360622225,95.26789957908333,345.51514,371.60547,19.7,-18.27
589,9813,442,100.0,16.19957999,1.577333331,52.0,30.0,60.40000153,21.14967537,1104.882548,128.4671021,0.561999977,240.0,22.0,2.4879804370835554,95.27093560571998,345.51514,371.60547,21.6,-20.17
590,9815,442,100.0,14.96351992,2.164333344,88.0,44.0,84.56666819,54.63938267,3540.200602,174.5583649,1.004999995,300.0,44.0,4.684338823950223,183.03045975460114,345.51514,371.60547,22.7,-21.27
591,9816,442,100.0,14.76895518,2.282500029,99.0,49.0,91.29999924,62.59094048,4942.551514,196.1329956,1.149999976,245.0,50.0,5.2098063823850005,208.39225091299997,345.51514,371.60547,24.3,-22.869999
592,9817,442,100.0,14.65286983,2.336999973,103.0,45.0,91.73333486,56.42092514,5135.415527,158.8677216,1.090000033,165.0,58.0,5.461568873802001,214.38080109101998,345.51514,371.60547,25.9,-24.47
593,9818,442,100.0,14.71827015,2.297000011,94.0,44.0,91.73333231,60.76854068,4282.236979,172.5970306,1.159999967,140.0,50.0,5.276209050534001,210.71146532513666,345.51514,371.60547,27.8,-26.369999
594,9819,442,100.0,14.42070028,2.448999961,104.0,49.0,93.0,59.16678746,6083.391602,188.287674,1.330000043,235.0,55.0,5.997600808978002,227.75699637300002,345.51514,371.60547,28.8,-27.369999
595,9820,442,100.0,14.68230003,2.363333384,97.0,44.0,90.26666514,83.02963257,9862.220705,223.5916138,1.320000052,185.0,53.0,5.585344683928892,213.33022318771106,345.51514,371.60547,30.3,-28.869999
596,9821,442,99.89999898,14.53841994,2.450999975,97.0,44.0,92.70000203,71.75198618,8969.815755,227.514267,1.220000029,200.0,53.0,6.007400877450002,227.20770265802994,345.51514,371.60547,31.7,-30.27
597,9822,442,100.0,14.58092997,2.438999971,101.0,44.0,93.16666921,74.85742697,9090.764323,237.3209381,1.309999943,280.0,57.0,5.9487208585380005,227.23350350135658,345.51514,371.60547,33.6,-32.17
598,9823,442,99.90000153,14.94716993,2.200333277,80.0,38.0,82.46666463,70.77132162,7632.842448,222.6109467,0.949999988,280.0,42.0,4.841466529873558,181.45414642858788,345.51514,371.60547,34.8,-33.37
599,9825,442,99.96666718,15.84969001,1.799999992,66.0,31.0,67.5666682,68.3196602,9022.117838,308.9094849,0.670000017,370.0,35.0,3.2399999712,121.62000221946666,345.51514,371.60547,36.7,-35.27
600,9828,442,100.0,16.0246348,1.612500012,59.0,28.0,62.04999924,74.0402031,8664.174804,274.5861816,0.720000029,320.0,31.0,2.6001562887,100.05562451909998,345.51514,371.60547,39.8,-38.37
601,9829,442,99.39999898,16.17341993,1.611999989,61.0,30.0,59.26666641,71.09820812,11140.35384,207.9009705,0.574999988,520.0,31.0,2.5985439645360002,95.53786560098668,345.51514,371.60547,41.4,-39.97
602,9832,443,99.46666718,14.53187963,2.66200002,79.0,36.0,99.86666617,4.429336787,346.5016174,17.65196991,0.519999981,440.0,43.0,7.08624410648,265.8450673418733,446.1626,186.6836,5.3,-3.7500002
603,9834,443,91.13333384,16.05897005,1.519000014,58.0,31.0,52.13333257,12.81402222,483.7947184,32.36194611,0.389999986,600.0,27.0,2.307361042532,79.19053290369665,446.1626,186.6836,6.8,-5.25
604,9836,443,98.43333435,14.75751004,2.298999945,84.0,35.0,83.76666768,13.05918853,990.471639,33.34260941,0.800000012,150.0,49.0,5.285400747110002,192.57956438915326,446.1626,186.6836,10.6,-9.05
605,9837,443,97.90000152,14.30297985,2.63166666,75.0,32.0,94.80000051,12.06217893,849.9096883,35.30393982,0.959999979,110.0,43.0,6.925669409355556,249.48200071015,446.1626,186.6836,12.1,-10.55
606,9838,443,96.34999848,15.02892005,2.083499909,65.0,31.0,73.90000153,11.22861386,622.7222595,17.65196991,0.970000029,110.0,34.0,4.340971870803008,153.97064646285486,446.1626,186.6836,13.6,-12.05
607,9839,443,98.35000229,14.12149475,2.814000011,104.0,43.0,102.3499985,19.98104859,2760.571778,51.97524261,1.070000052,115.0,61.0,7.9185960619080005,288.01289690485,446.1626,186.6836,15.1,-13.55
608,9840,443,98.79999924,15.11721008,2.00000006,64.0,31.0,73.04999924,15.44547319,1686.743896,45.11058807,0.769999981,135.0,33.0,4.000000240000004,146.10000286299996,446.1626,186.6836,16.5,-14.95
609,9842,443,97.76666514,16.07205026,1.637999972,63.0,30.0,58.86666743,20.0872879,1781.541382,56.87856674,0.545000017,150.0,33.0,2.683043908272001,96.42359960207331,446.1626,186.6836,18.0,-16.45
610,9845,443,99.0,14.70518993,2.33100001,92.59999847,42.0,85.96666463,61.61844763,4883.711588,172.5970306,1.100000024,120.0,50.59999847,5.4335610466199995,200.38829611219663,446.1626,186.6836,22.6,-21.050001
611,9846,443,97.66666666,14.33894997,2.505000035,93.0,44.0,91.33333334,59.33023072,6171.65153,149.0610809,1.00999999,180.0,49.0,6.2750251753500015,228.79000321336667,446.1626,186.6836,24.4,-22.85
612,9847,443,99.25,14.27845506,2.472500086,99.0,45.0,92.14999771,38.73626709,2333.982666,170.6357117,1.085000038,130.0,54.0,6.113256675270008,227.8408772628748,446.1626,186.6836,25.7,-24.150002
613,9848,443,99.04999924,14.37655555,2.50849998,100.0,46.0,93.5,65.33680535,4172.729614,166.7130585,1.279999971,90.0,54.0,6.29257214966,234.54474813,446.1626,186.6836,27.2,-25.650002
614,9849,443,96.43333435,14.62017025,2.381000042,96.0,42.0,89.6333313,69.21860375,7544.58252,193.1910095,1.294999957,130.0,54.0,5.669161200004003,213.41696558989992,446.1626,186.6836,28.7,-27.150002
615,9850,443,99.06666819,14.46648008,2.471666654,101.0,47.0,92.23333232,61.6184489,5138.68457,191.2296753,1.110000014,180.0,54.0,6.109136048495555,227.97005188264444,446.1626,186.6836,30.2,-28.650002
616,9851,443,98.23333232,14.30298024,2.563999971,95.0,44.0,94.06666565,71.58854293,8231.047689,211.8236389,1.350000024,140.0,51.0,6.574095851288,241.1869279986667,446.1626,186.6836,31.7,-30.150002
617,9852,443,98.93333181,14.32914029,2.534333308,99.0,43.0,94.5,69.21860375,6949.645996,238.30159,1.429999948,155.0,56.0,6.422845316038222,239.49449760599998,446.1626,186.6836,33.3,-31.75
618,9853,443,99.75,14.42070028,2.528999925,93.0,42.0,95.15000153,79.3112793,7899.256348,225.5529327,1.440000057,160.0,51.0,6.395840620650005,240.63434673311988,446.1626,186.6836,34.6,-33.05
619,9854,443,99.29999797,14.3749197,2.541999976,100.0,47.0,94.73333486,77.96286773,7727.640299,239.2822571,1.49000001,140.0,53.0,6.4617638779840005,240.81213494051997,446.1626,186.6836,36.4,-34.850002
620,9855,443,99.03333282,14.79348016,2.249666691,78.0,38.0,83.39999898,62.51739248,4674.503174,247.1275787,0.879999995,190.0,40.0,5.061000220594889,187.62219973473998,446.1626,186.6836,37.6,-36.05
621,9857,443,96.36666616,16.9484099,1.294333339,46.0,24.0,45.99999873,62.10877863,7779.942057,299.1028137,0.439999998,1250.0,22.0,1.675298792446889,59.53933195019666,446.1626,186.6836,39.4,-37.850002
622,9859,443,97.26666768,16.04589021,1.607666651,60.0,32.0,57.89999898,72.32404327,6083.391765,276.5475159,0.629999995,340.0,28.0,2.5845920607375557,93.08389745308001,446.1626,186.6836,40.7,-39.15
623,9860,443,98.96666717,16.23881987,1.571666678,60.0,30.0,57.69999949,85.23612722,7528.238119,277.5281677,0.829999983,220.0,30.0,2.4701361467355554,90.68516651905,446.1626,186.6836,42.2,-40.65
624,9861,443,98.43333435,16.43828984,1.49333334,64.0,31.0,54.26666641,93.81695048,10538.87923,279.489502,0.839999974,150.0,33.0,2.2300444643555553,81.0382222007111,446.1626,186.6836,43.8,-42.25
625,9862,444,95.79999924,12.91486449,3.825000048,113.0,43.0,136.75,1.716163755,117.6797943,8.825984955,1.360000014,120.0,70.0,14.630625367200004,523.0687565640001,546.82764,32.57422,2.2,-1.4100001
626,9863,444,94.70000077,13.31707516,3.226499916,92.0,40.0,114.4000016,1.961330056,147.0997467,32.36194611,1.789999962,120.0,52.0,10.410301707948006,369.1115955527998,546.82764,32.57422,3.8,-3.01
627,9864,444,97.5,13.36122047,3.403999925,100.0,39.0,123.75,2.721345305,259.8762284,15.6906395,1.370000005,80.0,61.0,11.587215489400005,421.24499071875,546.82764,32.57422,5.2,-4.41
628,9865,444,98.75,13.84681536,3.008000016,89.0,34.0,110.6500016,4.388475657,357.9427185,14.70997524,1.549999952,85.0,55.0,9.048064096256,332.83520658320003,546.82764,32.57422,6.8,-6.01
629,9867,444,99.03333537,13.99233014,2.93566672,91.0,36.0,107.4333344,5.687856833,601.474528,40.20726395,0.589999974,230.0,55.0,8.618139090915559,315.3884644167112,546.82764,32.57422,8.2,-7.41
630,9868,444,99.33333333,15.06816013,2.242333293,53.0,26.0,82.39999898,5.442690532,372.6526998,18.63263512,0.519999981,250.0,27.0,5.028058596896225,184.76826105602007,546.82764,32.57422,9.8,-9.01
631,9869,444,96.16666667,14.4272402,2.435666641,77.0,32.0,86.53333282,8.548129718,915.2873128,26.47795486,1.960000038,150.0,45.0,5.932471986080223,210.76635208422445,546.82764,32.57422,11.3,-10.51
632,9870,444,100.0,14.38636485,2.789999962,96.0,41.0,106.5999985,9.80665016,608.0122986,28.43928337,1.139999986,100.0,55.0,7.784099787960002,297.41399176420003,546.82764,32.57422,12.8,-12.01
633,9871,444,99.93333435,15.29052,2.120333314,86.0,36.0,79.73333232,9.855683008,885.8673706,37.26527023,1.0,100.0,50.0,4.495813362458222,169.0612407543289,546.82764,32.57422,14.2,-13.41
634,9872,444,100.0,15.7450498,1.846999963,96.0,42.0,69.70000203,16.83474859,1873.070068,47.07191849,1.059999943,200.0,54.0,3.4114088633220017,128.73590117050992,546.82764,32.57422,15.8,-15.01
635,9873,444,98.09999847,17.72176517,1.090999961,34.0,23.0,39.54999924,28.73348332,1299.381104,125.525116,0.349999994,850.0,11.0,1.1902809149020017,43.14904762839003,546.82764,32.57422,17.3,-16.509998
636,9878,444,98.34999848,14.84253011,2.206500054,93.0,38.0,80.90000153,69.62721253,6418.452392,205.9396362,1.169999957,90.0,55.0,4.868642488302004,178.5058577445451,546.82764,32.57422,24.5,-23.71
637,9881,444,99.03333283,14.47301999,2.411666711,97.0,41.0,90.36666616,79.76075235,8825.984863,257.9148865,1.25,70.0,56.0,5.816136324945558,217.93428056212218,546.82764,32.57422,29.1,-28.31
638,9883,444,99.53333283,14.1623699,2.603666624,103.0,47.0,98.13333384,86.95229593,5903.60319,248.1082306,1.389999986,120.0,56.0,6.779079888931558,255.50648602105778,546.82764,32.57422,32.1,-31.309998
639,9885,444,99.25,14.52370483,2.408499956,94.0,42.0,90.0,89.6082611,9335.930664,264.779541,1.205000043,150.0,52.0,5.800872038052002,216.76499604,546.82764,32.57422,35.1,-34.309998
640,9886,444,98.76666514,14.58092997,2.367333333,88.0,40.0,87.73333232,89.81256613,10548.68636,284.3928528,1.190000057,200.0,48.0,5.604267109532889,207.69404201630223,546.82764,32.57422,36.6,-35.809998
641,9888,444,97.73333232,16.05569989,1.667000015,48.0,26.0,59.6666654,110.0796433,17364.30794,274.5861816,0.675000012,480.0,22.0,2.77888905001,99.46433211679998,546.82764,32.57422,38.1,-37.309998
642,9890,444,99.23333486,16.20939005,1.649666667,61.0,31.0,60.16666667,73.79503887,4900.055908,282.4315186,0.774999976,260.0,30.0,2.7214001122108886,99.25494446999889,546.82764,32.57422,39.6,-38.809998
643,9891,444,98.69999949,16.20611991,1.570666671,64.0,31.0,57.96666718,100.1095505,11434.55338,284.3928528,0.720000029,260.0,33.0,2.466993791390222,91.04631216857555,546.82764,32.57422,41.1,-40.309998
644,9893,445,93.10000229,12.87072035,3.57099998,88.0,42.0,124.4500008,0.858081877,63.74322129,6.864655018,0.939999998,80.0,46.0,12.752040857159999,444.41095036779996,647.48315,-152.34375,2.3,-1.75
645,9894,445,96.75,12.41455509,4.741999865,109.0,45.0,171.5,0.809048653,73.54987335,8.825984955,1.399999976,53.0,64.0,22.48656271966002,813.2529768475,647.48315,-152.34375,3.8,-3.25
646,9895,445,98.43333435,13.27619981,3.704666614,86.0,41.0,134.9666697,1.520030697,163.444163,7.845319748,1.529999971,80.0,45.0,13.724554720886227,500.00651524035544,647.48315,-152.34375,5.3,-4.75
647,9897,445,98.59999848,13.38084003,3.531333367,100.0,41.0,129.0,1.944985509,199.4018707,10.78731441,1.034999967,130.0,59.0,12.470315348887555,455.542004343,647.48315,-152.34375,6.8,-6.25
648,9898,445,98.23333232,13.60320028,3.252666632,94.0,40.0,118.3666661,3.219850063,310.5439046,12.74864388,1.289999962,100.0,54.0,10.579840218926224,385.0073051645556,647.48315,-152.34375,8.4,-7.8499994
649,9899,445,98.76666514,13.8746101,3.015333414,95.0,42.0,110.3333308,3.710182667,490.3324687,9.806650162,1.129999995,100.0,53.0,9.092235597584896,332.69177903915534,647.48315,-152.34375,9.9,-9.349999
650,9900,445,98.60000229,13.96453501,2.92900002,85.0,38.0,106.75,3.971693278,343.2327423,19.61330032,1.080000043,140.0,47.0,8.579041117160001,312.67075213500004,647.48315,-152.34375,11.4,-10.849999
651,9901,445,99.03333282,14.06099985,2.894333283,91.0,40.0,106.9666672,6.243567148,630.8944702,18.63263512,0.944999993,140.0,51.0,8.377165153081558,309.5971850485444,647.48315,-152.34375,12.9,-12.349999
652,9902,445,100.0,14.27354984,2.78550005,83.0,41.0,103.6500016,8.18855238,657.0455323,26.47795486,1.200000048,150.0,42.0,7.759010528550003,288.7170846393001,647.48315,-152.34375,14.2,-13.65
653,9903,445,99.43333435,14.83272004,2.324333271,72.0,36.0,85.86666616,12.50347805,1121.226949,35.30393982,0.769999981,280.0,36.0,5.4025251546775594,199.5827490255378,647.48315,-152.34375,15.8,-15.25
654,9904,445,99.33333333,15.60770962,1.887333314,92.0,40.0,70.10000102,14.64459674,1131.03363,48.0525856,1.100000024,48.0,52.0,3.5620270381342225,132.30206723647996,647.48315,-152.34375,17.2,-16.650002
655,9906,445,97.25,15.328125,1.944999993,59.0,30.0,69.79999924,12.5770278,1117.958069,38.24593353,0.579999983,280.0,29.0,3.78302497277,135.76099803320002,647.48315,-152.34375,18.8,-18.25
656,9909,445,100.0,14.80982975,2.333666643,92.0,42.0,87.83333333,76.3284251,8525.247233,162.79039,1.149999976,94.0,50.0,5.446000000650889,204.97372013572112,647.48315,-152.34375,22.5,-21.95
657,9910,445,97.04999924,14.42070028,2.430000067,94.0,42.0,87.84999848,57.98181725,6648.908448,152.9837341,1.200000048,140.0,52.0,5.904900325620004,213.4755021923499,647.48315,-152.34375,24.0,-23.45
658,9911,445,98.65000153,14.22449988,2.578999996,103.0,47.0,96.25,59.33023453,2863.541748,182.4036865,1.120000005,350.0,56.0,6.651240979368,248.228749615,647.48315,-152.34375,25.4,-24.85
659,9912,445,98.5,14.54332516,2.378999949,91.0,41.0,87.95000076,51.85266115,2937.091553,201.0363159,1.049999952,280.0,50.0,5.659640757342001,209.23304732258993,647.48315,-152.34375,26.8,-26.25
660,9913,445,97.86666616,14.15582999,2.63166666,98.0,45.0,96.66666921,65.13249968,4246.279297,224.5722809,1.059999943,200.0,53.0,6.925669409355556,254.39445049320554,647.48315,-152.34375,28.5,-27.95
661,9914,445,99.56666819,14.37165033,2.550333341,96.0,44.0,96.13333384,78.9435323,8025.108399,251.0502319,1.419999957,180.0,52.0,6.5042001502162226,245.17204647363556,647.48315,-152.34375,30.0,-29.45
662,9915,445,100.0,14.5940098,2.465333303,96.0,44.0,94.53333282,90.87495422,7194.812012,289.2961731,1.330000043,190.0,52.0,6.07786829488089,233.0561736447289,647.48315,-152.34375,31.5,-30.95
663,9916,445,99.69999949,14.26046981,2.649666627,103.0,49.0,100.700002,75.67464702,6449.506673,223.5916138,1.419999957,230.0,54.0,7.020733234237558,266.82143463823326,647.48315,-152.34375,33.0,-32.45
664,9917,445,99.33333333,14.36511002,2.538000027,103.0,44.0,95.26666514,60.06572852,5933.023275,227.514267,1.289999962,210.0,59.0,6.441444137052,241.78679869751994,647.48315,-152.34375,34.5,-33.95
665,9918,445,99.26666768,14.48610022,2.468333324,96.0,42.0,93.26666768,90.30289968,8384.685384,294.1994934,1.485000014,160.0,54.0,6.092669398368889,230.21322385297776,647.48315,-152.34375,36.0,-35.45
666,9919,445,98.40000153,15.35265017,1.890666684,87.0,41.0,70.0,99.61921945,9930.867512,294.1994934,1.0,270.0,46.0,3.5746205099875556,132.34666787999998,647.48315,-152.34375,37.5,-36.95
667,9921,445,98.06666819,16.76528991,1.383333365,57.0,29.0,50.40000026,72.56921005,7482.473796,289.2961731,0.519999981,600.0,28.0,1.913611198722223,69.72000195566667,647.48315,-152.34375,39.0,-38.45
668,9923,445,97.83333333,16.31402988,1.518666665,60.0,29.0,55.0,72.81437173,5746.69694,279.489502,0.545000017,540.0,31.0,2.3063484393822224,83.52666657500001,647.48315,-152.34375,40.5,-39.95
669,9924,445,99.69999949,16.52985022,1.489666661,62.0,30.0,55.26666641,99.12888337,11503.20052,279.489502,0.660000026,330.0,32.0,2.219106760894889,82.32891041558555,647.48315,-152.34375,42.0,-41.45
670,9925,445,97.60000102,15.94124961,1.680000027,71.0,31.0,61.06666692,102.8881022,11663.37565,318.7161255,0.720000029,210.0,40.0,2.8224000907200004,102.59200207440001,647.48315,-152.34375,43.4,-42.850002
671,9926,446,96.19999949,12.36386967,4.552666664,125.0,50.0,169.9333293,1.487341881,104.6042658,8.825984955,1.529999971,80.0,75.0,20.72677375349689,773.6498034066444,748.155,-306.45312,2.3,-0.78999996
672,9934,446,100.0,15.50634034,1.927000006,86.0,37.0,73.03333282,60.3926188,5207.331055,161.8097229,0.805000007,115.0,49.0,3.7133290231240004,140.73523278234,748.155,-306.45312,21.5,-19.99
673,9935,446,98.56666819,14.53515017,2.354666631,94.0,42.0,87.63333384,68.02546055,8803.102377,152.9837341,1.279999971,110.0,52.0,5.544454943144891,206.34728695633112,748.155,-306.45312,23.0,-21.49
674,9936,446,98.83333333,14.48283007,2.408999999,93.0,38.0,89.83333588,52.75977707,6465.850911,151.0223999,1.200000048,145.0,55.0,5.803280995182001,216.4085060450867,748.155,-306.45312,24.5,-22.99
675,9937,446,99.63333384,14.4501301,2.467666626,95.0,39.0,92.80000051,70.57519023,9313.048341,156.9064026,1.184999943,115.0,56.0,6.089378577074225,228.99946415131,748.155,-306.45312,26.0,-24.49
676,9938,446,99.80000051,14.38799992,2.509666681,96.0,42.0,95.03333282,68.80999248,8381.416341,172.5970306,1.294999957,150.0,54.0,6.298426849721556,238.50198896273778,748.155,-306.45312,27.5,-25.99
677,9939,446,99.40000152,14.30297985,2.531000058,100.0,43.0,95.53333282,75.756368,8489.289714,174.5583649,1.24000001,110.0,57.0,6.405961293596004,241.79487090835332,748.155,-306.45312,29.0,-27.49
678,9940,446,96.40000153,13.91384998,2.693666696,95.0,48.0,98.26666767,74.28536988,7701.488932,190.2490082,1.304999948,75.0,47.0,7.255840269139558,264.69765002957894,748.155,-306.45312,30.5,-28.99
679,9941,446,96.89999898,13.96944025,2.627000014,99.0,43.0,97.20000203,78.25706482,8757.337891,170.6357117,1.159999967,130.0,56.0,6.9011290735560005,255.34440669361,748.155,-306.45312,32.0,-30.49
680,9942,446,98.40000152,14.14929007,2.56099995,99.0,44.0,96.29999796,81.67304993,8221.241374,212.804306,1.299999952,90.0,55.0,6.558720743900001,246.62428996056008,748.155,-306.45312,33.5,-31.99
681,9943,446,97.66666667,14.21141986,2.521333297,93.0,41.0,93.33333333,86.13507335,9718.390301,247.1275787,1.309999943,110.0,52.0,6.35712159456089,235.3244410449289,748.155,-306.45312,35.0,-33.49
682,9944,446,97.03333283,14.29971009,2.448333343,87.0,39.0,89.60000102,93.2448934,10329.67122,299.1028137,1.600000024,90.0,48.0,5.994336158445555,219.37067003009997,748.155,-306.45312,36.5,-34.99
683,9945,446,97.06666819,14.94063002,2.144666712,62.0,28.0,77.03333283,87.11574045,9688.970052,275.566864,1.164999962,165.0,34.0,4.59959530556089,165.21082463491774,748.155,-306.45312,38.0,-36.49
684,9948,446,98.03333283,16.47425996,1.466000001,53.0,26.0,53.13333384,73.95848338,6037.627604,220.6496277,0.479999989,540.0,27.0,2.149156002932,77.89346746257334,748.155,-306.45312,39.5,-37.99
685,9949,446,98.13333384,16.17014978,1.575000008,55.0,28.0,57.26666641,88.66845703,9894.909506,281.4508362,0.814999998,230.0,27.0,2.4806250251999997,90.19500005388333,748.155,-306.45312,41.0,-39.49
686,9950,446,98.56666565,16.14071997,1.584333341,57.0,27.0,58.0,87.9329605,8270.274414,277.5281677,0.63499999,250.0,30.0,2.5101121354042224,91.891333778,748.155,-306.45312,43.0,-41.49
687,9953,447,100.0,14.89648471,2.415999949,49.0,28.0,94.25000003,5.148491145,348.1360779,21.57462883,0.395000011,350.0,21.0,5.837055753568003,227.70799526573,848.8186,-491.3711,3.5,-0.81999993
688,9955,447,99.20000076,13.99886986,2.796499968,96.0,40.0,104.9000016,6.619488478,284.3928452,12.74864388,0.99000001,75.0,56.0,7.820412071024001,293.3528511175999,848.8186,-491.3711,5.1,-2.4199998
689,9960,447,100.0,16.16687963,1.521999995,58.0,30.0,58.56666692,45.35575485,5321.741781,126.5057755,0.660000026,400.0,28.0,2.31648398478,89.13846675940667,848.8186,-491.3711,18.7,-16.02
690,9961,447,100.0,16.33855486,1.483500004,58.0,27.0,57.75,50.89651108,6031.089599,142.1964264,0.639999986,310.0,31.0,2.200772261868,85.672125231,848.8186,-491.3711,20.4,-17.72
691,9962,447,100.0,16.26988457,1.539000034,56.0,29.0,58.94999886,49.00873375,5629.01709,161.8097229,0.600000024,320.0,27.0,2.368521104652001,90.72405024983996,848.8186,-491.3711,21.8,-19.119999
692,9963,447,100.0,15.39189006,1.948000034,84.0,37.0,76.96666718,54.72110748,6106.273926,141.2157593,0.970000029,130.0,47.0,3.7947041324640014,149.9310702835067,848.8186,-491.3711,23.4,-20.72
693,9964,447,100.0,14.60055011,2.452333291,97.0,44.0,93.3666687,58.98699823,5413.270833,176.5196838,1.179999948,220.0,53.0,6.01393857014689,228.96618992277772,848.8186,-491.3711,25.2,-22.52
694,9965,447,100.0,14.55313504,2.460999966,102.0,46.0,94.25,63.35095788,5692.760254,178.4810333,1.139999986,240.0,56.0,6.0565208326520015,231.94924679550002,848.8186,-491.3711,26.4,-23.72
695,9966,447,99.5,14.12639998,2.735999942,102.0,51.0,102.5,63.49806023,6374.32251,119.6411285,0.959999979,230.0,51.0,7.485695682624002,280.439994055,848.8186,-491.3711,27.8,-25.119999
696,9967,447,99.56666819,14.31606007,2.561666648,95.0,46.0,96.80000051,55.35853705,5625.748047,157.8870697,1.059999943,150.0,49.0,6.562136015475557,247.96933283285,848.8186,-491.3711,30.0,-27.32
697,9968,447,99.93333435,14.1623699,2.656666676,102.0,46.0,102.0999984,63.20385868,5962.443197,171.6163635,1.289999962,280.0,56.0,7.0578778273688885,271.2456633689333,848.8186,-491.3711,30.9,-28.22
698,9969,447,100.0,14.47302,2.517666658,97.0,43.0,96.80000051,77.24371083,9012.311198,210.8429871,1.24000001,220.0,54.0,6.338645400804889,243.71013377841,848.8186,-491.3711,32.4,-29.720001
699,9970,447,100.0,14.39454023,2.525333325,98.0,46.0,97.30000051,79.77709453,8561.205404,182.4036865,1.269999981,190.0,52.0,6.377308402355556,245.71493381042,848.8186,-491.3711,33.8,-31.119999
700,9971,447,99.6333313,14.29643993,2.547000011,97.0,47.0,96.46666463,88.25984953,10996.52279,228.4949341,1.210000038,220.0,50.0,6.487209056034001,245.7005958737433,848.8186,-491.3711,35.5,-32.82
701,9972,447,99.83333333,14.62671016,2.348666668,90.0,45.0,89.26666768,81.72208152,8701.767415,235.3596039,1.190000057,150.0,45.0,5.5162351173742215,209.65764694344887,848.8186,-491.3711,36.9,-34.22
702,9973,447,99.69999949,14.69538025,2.329333305,86.0,41.0,87.86666616,84.01029713,10607.52669,242.2242584,1.100000024,200.0,45.0,5.425793645782223,204.67075188580444,848.8186,-491.3711,38.4,-35.72
703,9975,447,99.3666687,17.01707999,1.292333325,49.0,27.0,47.73333359,73.38642883,7871.47054,260.8569031,0.409999996,950.0,22.0,1.6701254229055555,61.687377711698886,848.8186,-491.3711,39.5,-36.82
704,9977,447,100.0,16.46118013,1.43599999,57.0,31.0,56.06666692,86.13507588,10617.33236,274.5861816,0.542999983,470.0,26.0,2.06209597128,80.51173313645333,848.8186,-491.3711,42.9,-40.22
705,9978,447,100.0,16.66228478,1.394999981,57.0,27.0,53.59999847,70.70594023,6560.648926,196.1329956,0.495000005,300.0,30.0,1.9460249469900004,74.77199684725004,848.8186,-491.3711,44.1,-41.42
706,9980,448,93.43333181,12.5502598,3.970333338,111.0,46.0,140.3333333,1.797885815,91.52872721,16.6713047,1.649999976,100.0,65.0,15.763546814834223,557.1701116336556,949.4866,-676.28516,2.2,-0.03999996
707,9981,448,99.03333282,14.48283007,2.339333296,85.0,37.0,89.66666923,4.837947051,317.0816701,15.6906395,0.526000023,310.0,48.0,5.472480269774223,209.76022487115767,949.4866,-676.28516,3.8,-1.6399999
708,9983,448,97.5,14.94063002,1.979500056,83.0,35.0,74.0,6.4478724,382.4593353,21.57462883,0.550000012,280.0,48.0,3.918420471704003,146.483004144,949.4866,-676.28516,5.3,-3.14
709,9985,448,97.23333486,15.25454988,1.985000014,80.0,37.0,74.0333341,6.210878294,353.0393778,23.53595924,0.889999986,160.0,43.0,3.94022505558,146.9561692249667,949.4866,-676.28516,6.8,-4.6400003
710,9986,448,99.03333282,14.13620985,2.577999989,86.0,40.0,98.13333128,5.802267712,473.9880676,32.36194611,0.959999979,130.0,46.0,6.646083943283999,252.98772696037332,949.4866,-676.28516,8.3,-6.1400003
711,9987,448,99.86666616,14.61362994,2.261333307,79.0,34.0,88.10000102,7.976075172,853.1785381,30.40061378,0.479999989,330.0,45.0,5.113628325347557,199.22346665325998,949.4866,-676.28516,9.8,-7.6400003
712,9988,448,99.5,15.66657003,1.747666637,89.0,40.0,67.59999847,15.42912897,732.2298532,46.09125519,0.930000007,150.0,49.0,3.05433867408289,118.14226198727005,949.4866,-676.28516,11.3,-9.14
713,9992,448,100.0,15.33956995,1.951999942,74.0,36.0,76.46666463,33.06475385,3648.073893,73.54987335,0.569999993,400.0,38.0,3.8103037735680036,149.26292492269346,949.4866,-676.28516,14.3,-12.14
714,9994,448,100.0,17.04487453,1.254999995,44.0,23.0,47.90000153,29.34640026,2162.366211,89.24051666,0.370000005,1000.0,21.0,1.5750249874499997,60.11450168064999,949.4866,-676.28516,15.8,-13.64
715,9997,448,99.89999898,15.4801799,1.845666687,78.0,38.0,71.06666819,48.03623963,4978.509114,118.6604691,0.889999986,150.0,40.0,3.406485519501556,131.1653820343656,949.4866,-676.28516,20.0,-17.84
716,9998,448,99.5,16.17341993,1.55066665,62.0,31.0,59.16666794,46.99019623,5704.201335,131.4091034,0.610000014,220.0,31.0,2.4045670594222224,91.74777876618221,949.4866,-676.28516,21.5,-19.34
717,9999,448,100.0,15.48998996,1.881333351,79.0,36.0,72.06666565,47.52956263,4491.445638,125.525116,0.769999981,120.0,43.0,3.5394151775848894,135.5814215827111,949.4866,-676.28516,23.0,-20.84
718,10000,448,100.0,14.54823,2.37833333,99.0,44.0,93.66666667,68.84268445,9626.861001,134.3511047,1.149999976,100.0,55.0,5.656469428588888,222.7705552512611,949.4866,-676.28516,24.6,-22.44
719,10001,448,100.0,14.65941013,2.342333317,96.0,44.0,92.10000102,69.18591565,9309.779622,139.254425,1.159999967,95.0,52.0,5.486525367928222,215.72890088487998,949.4866,-676.28516,26.1,-23.94
720,10002,448,100.0,14.46975024,2.444000006,100.0,46.0,96.13333383,67.6658821,8603.70101,137.2930908,1.220000029,130.0,54.0,5.973136029328,234.94986845732,949.4866,-676.28516,27.6,-25.44
721,10003,448,100.0,14.11168546,2.78549993,107.0,48.0,106.5,60.80122948,5751.599854,147.0997467,1.360000014,130.0,59.0,7.759009860030004,296.655742545,949.4866,-676.28516,29.1,-26.94
722,10004,448,100.0,14.2539299,2.610333284,104.0,48.0,99.23333232,62.02705892,5275.977376,174.5583649,1.279999971,140.0,56.0,6.813839853558226,259.03207023712895,949.4866,-676.28516,30.6,-28.44
723,10005,448,100.0,14.3127903,2.590666612,101.0,46.0,100.1000011,76.24670155,8214.703776,208.8816528,1.350000024,100.0,55.0,6.711553494531559,259.32573071093327,949.4866,-676.28516,32.2,-30.04
724,10006,448,99.56666565,14.27682018,2.536666552,97.0,46.0,98.26666767,74.85742443,8338.921224,232.4175873,1.440000057,140.0,51.0,6.434677196035568,249.26976905498876,949.4866,-676.28516,33.6,-31.439999
725,10007,448,99.66666667,14.28008995,2.58466665,96.0,49.0,99.46666717,74.44881692,7037.905599,233.3982697,1.470000029,110.0,47.0,6.680501691622222,257.08817742094885,949.4866,-676.28516,35.2,-33.04
726,10008,448,100.0,14.45667001,2.49000001,100.0,50.0,95.40000153,81.23175303,9953.749349,235.3596039,1.269999981,130.0,50.0,6.2001000498000005,237.5460047637,949.4866,-676.28516,36.6,-34.44
727,10009,448,100.0,14.56457999,2.400666714,98.0,49.0,91.53333283,80.49624888,7969.537272,235.3596039,1.190000057,140.0,49.0,5.763200671707558,219.74102534646445,949.4866,-676.28516,38.0,-35.84
728,10011,448,100.0,16.67046016,1.357666691,54.0,29.0,52.93333308,75.75637057,8374.878906,259.8762207,0.49000001,320.0,25.0,1.8432588438508892,71.86582316632443,949.4866,-676.28516,39.6,-37.44
729,10013,448,100.0,17.09556015,1.25999999,47.0,24.0,48.90000025,59.41195298,6671.79069,284.3928528,0.524999976,510.0,23.0,1.5875999748000003,61.613999826,949.4866,-676.28516,41.1,-38.94
730,10014,448,100.0,16.31730003,1.501999974,59.0,33.0,58.66666667,68.07449595,4233.203776,264.779541,0.555000007,300.0,26.0,2.256003921896001,88.11733181300667,949.4866,-676.28516,42.5,-40.34
731,10015,448,100.0,16.43502008,1.490999977,57.0,27.0,58.19999949,87.52435048,9675.894693,271.6441956,0.730000019,160.0,30.0,2.2230809314140005,86.77619790099001,949.4866,-676.28516,44.1,-41.94
732,10016,449,97.09999848,14.97006023,2.129000008,128.6000061,49.0,78.80000115,2.77037859,186.3263397,12.74864388,1.299999952,95.0,79.6000061,4.532641034064001,167.76520307875003,1050.1697,-830.3867,2.3,-0.54999995
733,10018,449,96.83333333,15.3199502,1.998333375,50.0,27.0,71.89999898,2.075740894,91.5287323,46.09125519,0.352999985,360.0,23.0,3.9933362776388908,143.68016762419998,1050.1697,-830.3867,6.0,-4.25
734,10019,449,99.59999848,14.84743534,2.385999918,85.0,34.0,89.04999924,6.693038703,269.682869,26.47795486,0.75999999,90.0,51.0,5.692995608696006,212.47329088454006,1050.1697,-830.3867,7.6,-5.85
735,10021,449,100.0,14.58420012,2.638000012,96.0,39.0,98.79999795,12.91208935,902.2117717,35.30393982,1.080000043,100.0,57.0,6.9590440633120005,260.6343957777,1050.1697,-830.3867,8.9,-7.1499996
736,10022,449,97.90000153,16.05569989,1.664666693,48.0,24.0,59.83333206,14.17060852,1408.888672,37.26527023,0.310000002,350.0,24.0,2.7711151987835563,99.60255501149108,1050.1697,-830.3867,10.5,-8.75
737,10024,449,99.19999949,15.0027598,2.209666649,83.0,36.0,80.96666717,31.85526721,4236.472738,63.74322128,0.855000019,250.0,47.0,4.882626699702889,178.90934412623218,1050.1697,-830.3867,13.4,-11.65
738,10029,449,98.06666565,15.88238998,1.694000006,68.0,30.0,61.66666794,31.85526784,1435.039795,127.4864426,0.720000029,120.0,38.0,2.869636020328,104.46333586036002,1050.1697,-830.3867,18.0,-16.25
739,10031,449,98.40000153,15.73850988,1.812000036,65.0,32.0,65.63333257,37.90270106,2510.50232,118.6604691,0.540000021,480.0,33.0,3.283344130464001,118.92760097963996,1050.1697,-830.3867,19.5,-17.75
740,10032,449,98.53333282,15.32976027,1.987999956,57.0,28.0,72.36666616,44.68563334,3465.016195,134.3511047,0.970000029,120.0,29.0,3.9521438250560017,143.86492914194667,1050.1697,-830.3867,21.0,-19.25
741,10033,449,98.46666718,15.34611026,1.982333382,59.0,29.0,72.23333486,46.58158747,6086.660807,120.6217957,0.689999998,210.0,30.0,3.929645637391558,143.1905509861623,1050.1697,-830.3867,22.5,-20.75
742,10034,449,98.33333333,14.28662986,2.622999986,91.0,41.0,95.66666667,47.67666245,4445.681071,121.6024551,1.389999986,90.0,50.0,6.880128926556,250.93366533607664,1050.1697,-830.3867,24.0,-22.25
743,10035,449,98.73333231,14.36837978,2.56433328,98.0,41.0,94.19999949,59.08506268,7149.047689,142.1964264,1.320000052,70.0,57.0,6.575805170915559,241.56019366819,1050.1697,-830.3867,25.5,-23.75
744,10036,449,98.93333435,14.33240967,2.590666691,92.0,43.0,95.63333384,50.56962586,5066.769043,142.1964264,1.389999986,135.0,49.0,6.711553903856889,247.75409252857114,1050.1697,-830.3867,26.9,-25.15
745,10037,449,99.10000102,14.04138009,2.802999973,100.0,47.0,104.2333323,63.2692337,6635.833008,151.0223999,1.299999952,105.0,53.0,7.856808848638,292.16602762260004,1050.1697,-830.3867,28.4,-26.65
746,10038,449,98.96666718,14.12313002,2.737000068,89.0,43.0,101.4666672,54.83551788,6220.684896,139.254425,1.350000024,140.0,46.0,7.4911693722320045,277.71427502613335,1050.1697,-830.3867,30.0,-28.25
747,10039,449,98.89999898,14.06426961,2.703666687,99.0,42.0,101.5,62.63180542,7466.129232,149.0610809,1.159999967,110.0,57.0,7.309813554393557,274.4221687305,1050.1697,-830.3867,31.5,-29.75
748,10040,449,98.83333588,14.21141986,2.588999907,93.0,42.0,96.93333435,75.5112025,9907.985025,154.9450684,1.25,120.0,51.0,6.702920518446008,250.96039361734987,1050.1697,-830.3867,33.0,-31.25
749,10041,449,97.875,14.36183987,2.434000015,91.0,42.0,90.04999924,85.80818556,12329.4104,168.6743774,1.24000001,115.0,49.0,5.92435607302,219.18169950091,1050.1697,-830.3867,34.5,-32.75
750,10042,449,95.79999797,14.06754015,2.540333351,92.0,45.0,92.06666565,58.56204478,8848.867024,224.5722809,1.179999948,88.0,47.0,6.453293534202889,233.8800212660611,1050.1697,-830.3867,36.0,-34.25
751,10044,449,97.96666463,14.53188002,2.34133331,77.0,40.0,86.33333333,84.38621775,10764.43294,230.4562531,1.149999976,100.0,37.0,5.481841668515556,202.13510908886224,1050.1697,-830.3867,37.5,-35.75
752,10045,449,95.80000305,17.04650981,1.214999994,39.0,23.0,44.13333384,65.62283198,7658.99349,333.4261169,0.370000005,1050.0,16.0,1.47622498542,53.62200035079999,1050.1697,-830.3867,39.0,-37.25
753,10047,449,97.83333333,16.71623996,1.390333334,49.0,27.0,50.16666667,55.60370508,4569.898763,242.2242584,0.550000012,360.0,22.0,1.9330267796315552,69.74838892696778,1050.1697,-830.3867,40.5,-38.75
754,10048,449,98.13333384,16.42521001,1.488999963,47.0,26.0,54.0,82.75177765,11467.24219,242.2242584,0.629999995,240.0,21.0,2.217120889814001,80.40599800199999,1050.1697,-830.3867,42.0,-40.25
755,10049,449,98.4333318,16.15706995,1.603333314,49.0,28.0,58.26666641,76.50821177,9571.290364,251.0502319,0.689999998,220.0,21.0,2.5706777157822223,93.42088735087778,1050.1697,-830.3867,43.4,-41.65
756,10050,450,92.95000077,12.02215488,4.593999863,127.0,51.0,165.0999985,1.323897779,44.12992478,14.70997524,1.629999995,52.0,76.0,21.104834741244016,758.4693704903001,1125.6599,-1015.29297,2.2,0.43000007
757,10054,450,99.39999771,17.25579003,1.162999988,40.0,26.0,42.85000039,26.15923691,1426.867554,102.9698181,0.294,1100.0,14.0,1.352568972088,49.83454993936999,1125.6599,-1015.29297,13.0,-10.37
758,10055,450,99.79999924,14.35693523,2.6049999,104.0,44.0,97.15000153,28.19411755,3358.777588,88.25984192,1.110000014,170.0,60.0,6.786024479000011,253.07574427064986,1125.6599,-1015.29297,14.2,-11.57
759,10056,450,100.0,14.74443021,2.423999945,97.0,42.59999847,91.90000153,31.57741165,3661.149251,115.7184601,1.059999943,300.0,54.40000153,5.875775733360002,222.7655986542199,1125.6599,-1015.29297,15.7,-13.07
760,10057,450,100.0,14.62344001,2.52366662,102.0,42.0,94.76666514,31.69182332,4383.572428,87.27918243,1.190000057,130.0,60.0,6.368893208902225,239.15946950253564,1125.6599,-1015.29297,17.2,-14.570001
761,10058,450,100.0,14.58746989,2.499499917,99.0,42.0,93.45000077,33.29357529,3819.690186,93.16316986,1.029999971,180.0,57.0,6.2474998350830075,233.57826916826494,1125.6599,-1015.29297,19.1,-16.470001
762,10059,450,99.43333435,15.74505019,1.785333315,68.0,33.0,66.09999848,35.20587222,2497.426798,132.3897705,0.785000026,300.0,35.0,3.187415045648889,118.01052940779336,1125.6599,-1015.29297,20.2,-17.57
763,10060,450,98.43333181,15.35264978,1.935333331,75.0,34.0,70.83333333,38.47475688,2991.028239,146.1190796,0.810000002,240.0,41.0,3.7455151020795556,137.08611093938222,1125.6599,-1015.29297,21.8,-19.169998
764,10061,450,100.0,15.48345005,1.979333321,83.0,39.0,74.69999949,34.27424113,2840.659587,140.2350922,0.829999983,260.0,44.0,3.917760395620889,147.85619806923998,1125.6599,-1015.29297,23.2,-20.57
765,10062,450,98.03333283,15.24800996,1.984666705,83.0,35.0,72.30000305,37.64119212,2693.559896,181.4230194,0.699999988,220.0,48.0,3.938901929935557,143.49140882473344,1125.6599,-1015.29297,24.8,-22.169998
766,10063,450,100.0,14.38799992,2.606333335,104.0,46.0,98.33333332,41.18792852,3393.100749,164.751709,1.049999952,135.0,58.0,6.792973453132222,256.2894445735822,1125.6599,-1015.29297,26.2,-23.57
767,10064,450,99.16666666,14.21142025,2.664666653,112.0,47.0,99.16666666,48.3958168,3903.04655,174.5583649,1.24000001,160.0,65.0,7.100448371610222,264.24610973806887,1125.6599,-1015.29297,28.2,-25.57
768,10065,450,99.83333333,14.2604702,2.681333304,111.0,46.0,100.4333344,53.52796173,4985.0472,152.003067,1.159999967,110.0,65.0,7.189548287139555,269.29524435848884,1125.6599,-1015.29297,29.2,-26.57
769,10066,450,98.90000152,13.9203899,2.864000003,116.0,48.0,106.899999,50.37349065,3043.330404,143.1770935,1.139999986,150.0,68.0,8.202496017184,306.1615974567,1125.6599,-1015.29297,30.8,-28.169998
770,10067,450,100.0,14.18035516,2.739000082,112.0,48.0,104.8000031,56.68243218,4638.54541,147.0997467,1.149999976,99.0,64.0,7.502121449196006,287.04721708450023,1125.6599,-1015.29297,32.2,-29.57
771,10068,450,99.83333333,14.09369981,2.77733326,111.0,49.0,104.5333354,51.76276653,4174.363932,149.0610809,1.269999981,110.0,62.0,7.7135800371022265,290.3239091851554,1125.6599,-1015.29297,33.8,-31.169998
772,10069,450,99.5,14.25883473,2.585500002,103.0,49.0,97.39999771,49.52358055,1088.538117,190.2490082,1.019999981,160.0,54.0,6.684810260341999,251.82769427400495,1125.6599,-1015.29297,35.6,-32.969997
773,10070,450,100.0,14.32259999,2.622666677,97.0,45.0,99.80000053,54.01829655,2961.608236,182.4036865,1.039999962,130.0,52.0,6.878380498646221,261.74213575461334,1125.6599,-1015.29297,36.7,-34.07
774,10071,450,99.0,14.55477031,2.367666642,97.0,42.0,88.39999898,59.41195425,3870.357747,219.6689606,1.049999952,130.0,55.0,5.605845327639557,209.30172873778005,1125.6599,-1015.29297,38.2,-35.57
775,10072,450,99.19999949,15.11067017,2.051333308,91.0,41.0,76.53333282,78.53492228,8783.489258,231.4369202,0.930000007,140.0,50.0,4.207968340510222,156.99537478591554,1125.6599,-1015.29297,39.8,-37.17
776,10074,450,99.13333384,17.24270962,1.244666656,43.0,25.0,45.5,54.01829783,5181.17985,290.276825,0.419999987,1900.0,18.0,1.549195084558222,56.632332848,1125.6599,-1015.29297,41.3,-38.67
777,10076,450,99.06666819,16.8110701,1.386666656,52.0,26.0,50.56666692,67.2572721,5406.73291,264.779541,0.514999986,280.0,26.0,1.9228444148622226,70.11911092302222,1125.6599,-1015.29297,42.8,-40.17
778,10077,450,98.16666412,16.66065009,1.414333343,54.0,28.0,51.20000076,75.75637055,7341.911946,298.1221619,0.495000005,400.0,26.0,2.000338805121556,72.41386823649334,1125.6599,-1015.29297,44.3,-41.67
779,10078,450,98.80000051,16.50041962,1.492666682,59.0,29.0,54.06666692,81.73842622,9561.484048,279.489502,0.610000014,160.0,30.0,2.2280538235528895,80.70351231827557,1125.6599,-1015.29297,45.5,-42.87
780,10082,451,99.75,16.61323541,1.398999989,64.0,30.0,52.5,10.12536621,348.1360779,29.41995049,0.35800001,400.0,34.0,1.957200969222,73.4474994225,1251.5254,-1200.2148,5.8,-1.5
781,10084,451,98.06666565,13.76670012,2.793000062,121.0,50.0,106.4666672,6.94637696,339.9638468,19.61330032,0.75,130.0,71.0,7.800849346332003,297.36140809053336,1251.5254,-1200.2148,7.2,-2.8999996
782,10085,451,99.34999848,13.90076996,2.930499911,99.0,40.0,109.6000023,8.06596923,809.0486145,26.47795486,0.75,110.0,59.0,8.587829728371009,321.1827969857498,1251.5254,-1200.2148,8.9,-4.5999994
783,10087,451,100.0,15.63059991,1.910999973,66.0,28.0,72.60000229,10.24794897,728.9609375,43.14925766,0.619000018,160.0,38.0,3.6519208968060006,138.73860241598996,1251.5254,-1200.2148,10.4,-6.0999994
784,10088,451,100.0,14.37655498,2.637500048,95.0,38.0,101.2999993,17.97068596,1564.160706,60.80122757,1.034999967,130.0,57.0,6.956406503200003,267.17875301615,1251.5254,-1200.2148,11.9,-7.5999994
785,10094,451,97.75,16.23554972,1.513000012,49.0,23.0,55.34999847,25.52180481,1461.190735,87.27918243,0.485000014,500.0,26.0,2.2891690363120003,83.74454834930998,1251.5254,-1200.2148,18.5,-14.2
786,10096,451,98.15000153,15.11230544,1.947000027,68.0,33.0,72.75,39.12853241,1927.006714,141.2157593,1.225000024,270.0,35.0,3.790809105138001,141.64425196425,1251.5254,-1200.2148,20.1,-15.8
787,10097,451,100.0,15.65675996,1.776333332,68.0,30.0,67.60000102,31.7081693,1595.214966,104.93116,0.611000001,300.0,38.0,3.1553601063742227,120.08013505506,1251.5254,-1200.2148,21.2,-16.900002
788,10098,451,99.73333232,15.54884998,1.824666699,68.0,30.0,68.63333384,32.99937821,2222.840658,101.989151,1.070000052,120.0,38.0,3.3294085624395566,125.23295869919781,1251.5254,-1200.2148,23.1,-18.8
789,10099,451,99.53333537,15.49980042,1.904000004,64.0,28.0,70.63333384,32.57442156,922.8057862,97.08583069,0.800000012,220.0,36.0,3.625216015232,134.48586791389334,1251.5254,-1200.2148,24.6,-20.3
790,10102,451,100.0,14.37492009,2.55766662,97.0,40.0,99.96666719,33.70218595,1575.601746,86.29851532,1.059999943,130.0,57.0,6.541658539062224,255.68140778451217,1251.5254,-1200.2148,27.6,-23.3
791,10104,451,100.0,14.30297985,2.575666746,97.0,40.0,101.3333334,39.03046417,2608.568889,110.8151398,1.065000057,170.0,57.0,6.634059186450228,261.0008970997111,1251.5254,-1200.2148,30.6,-26.3
792,10105,451,99.70000077,14.11658952,2.817999959,109.0,48.0,105.5499993,45.13510323,5344.624267,130.4284515,1.379999995,130.0,61.0,7.941123768924003,297.43989369985,1251.5254,-1200.2148,32.2,-27.900002
793,10106,451,100.0,14.40434991,2.615666628,100.0,44.0,100.3333308,45.45382055,4311.656983,132.3897705,1.200000048,180.0,56.0,6.841711908832891,262.4385450496445,1251.5254,-1200.2148,33.7,-29.400002
794,10107,451,100.0,14.0184902,2.735500097,103.0,46.0,108.6000023,50.38166237,4913.131592,142.1964264,1.200000048,120.0,57.0,7.4829607806870095,297.0753168258502,1251.5254,-1200.2148,35.2,-30.900002
795,10108,451,100.0,14.1100498,2.82066671,96.0,41.0,106.7333323,54.16539637,5256.364258,141.2157593,1.320000052,100.0,55.0,7.956160688902223,301.0591572659777,1251.5254,-1200.2148,36.6,-32.3
796,10109,451,100.0,14.19506968,2.717000008,95.0,47.0,103.6499977,60.7276783,7688.413331,161.8097229,1.149999976,140.0,48.0,7.382089043471999,281.61704458009996,1251.5254,-1200.2148,38.2,-33.9
797,10110,451,100.0,14.29317017,2.639666637,89.0,46.0,101.399999,64.70754115,7322.29834,176.5196838,1.159999967,110.0,43.0,6.9678399544908896,267.6621943521333,1251.5254,-1200.2148,39.5,-35.2
798,10112,451,100.0,14.66595005,2.36650002,78.0,39.0,90.04999924,73.77052308,9463.416992,215.7463074,1.11500001,130.0,39.0,5.600322344660001,213.10332500246002,1251.5254,-1200.2148,41.2,-36.9
799,10113,451,100.0,17.39639978,1.170000037,39.0,24.0,44.83333333,57.35255814,5449.22819,304.006134,0.342000008,1400.0,15.0,1.3689000865800016,52.45500165493334,1251.5254,-1200.2148,42.7,-38.4
800,10114,451,100.0,17.34408007,1.170666695,47.0,24.0,45.59999974,63.18751145,6122.61849,205.9396362,0.513999999,550.0,23.0,1.370460510782223,53.38240098762666,1251.5254,-1200.2148,44.0,-39.7
801,10115,451,99.83333333,16.67372992,1.378666639,48.0,25.0,52.20000076,69.70893605,7802.824219,240.2629242,0.529999971,400.0,23.0,1.9007217014915563,71.96639960358665,1251.5254,-1200.2148,45.7,-41.4
802,10116,451,100.0,16.67045977,1.517999967,52.0,25.0,54.46666717,70.46077982,7047.712402,235.3596039,0.389999986,680.0,27.0,2.304323899812001,82.68039896665998,1251.5254,-1200.2148,48.0,-43.7
803,10329,464,101.0,15.44094,1.926500022,75.90000153,38.0,73.15000153,39.64338112,3133.22461,124.5444489,0.74000001,290.0,37.90000153,3.7114023347660003,140.92347955684502,-1265.9307,680.59766,12.9,-12.12
804,10330,464,100.5499992,15.70581011,1.802000046,80.0,43.40000153,67.75,42.16859245,3618.653687,135.3317719,0.819999993,230.0,36.59999847,3.2472041657840025,122.0855031165,-1265.9307,680.59766,14.5,-13.72
805,10331,464,99.5,15.20059489,2.0,81.5,37.5,74.84999848,52.75977517,7031.368164,136.3124237,0.879999995,221.0,44.0,4.0,149.69999696,-1265.9307,680.59766,16.0,-15.22
806,10332,464,100.6499977,15.36736449,1.960000038,78.19999695,41.09999847,73.95000076,54.96627235,5016.101318,150.0417328,0.899999976,336.0,37.09999848,3.8416001489600013,144.94200429970002,-1265.9307,680.59766,17.5,-16.72
807,10333,464,100.75,14.91119981,2.236500025,86.59999847,42.40000153,84.45000076,52.24492647,4913.131592,153.9644012,0.910000026,272.0,44.199996940000005,5.001932361824999,188.87242881099,-1265.9307,680.59766,19.0,-18.22
808,10335,464,99.95000079,15.84315009,1.737499952,69.0,35.09999847,64.75,56.82953262,6168.382813,177.500351,0.639999986,848.0,33.90000153,3.0189060832000028,112.50312189200001,-1265.9307,680.59766,20.5,-19.72
809,10336,464,99.59999849,15.68618977,1.789499998,71.69999695,39.09999847,66.54999924,67.6168518,7134.337647,219.6689606,0.620000005,643.0,32.59999848,3.2023102428419996,119.09122350688001,-1265.9307,680.59766,22.0,-21.22
810,10337,464,99.09999848,16.22573985,1.563999951,59.90000153,32.20000076,57.60000038,71.04917528,10301.88574,236.340271,0.610000014,698.0,27.700000769999995,2.4460958467280025,90.08639777191998,-1265.9307,680.59766,23.5,-22.72
811,10362,466,100.0,17.57297985,1.120000045,44.0,23.0,42.86666743,42.85505931,3733.064535,161.8097229,0.379999995,537.0,21.0,1.254400100800002,48.010669450600034,-83.271484,-1045.5977,13.0,-12.56
812,10363,466,100.0,16.85684991,1.314333359,54.0,27.0,49.83333333,46.99019623,4373.765706,171.6163635,0.519999981,378.0,27.0,1.7274721785802227,65.49761238578556,-83.271484,-1045.5977,14.5,-14.06
813,10364,466,100.0,16.14071997,1.551000039,64.0,29.0,60.13333257,44.21164449,3281.958822,127.4864426,0.649999976,181.0,35.0,2.4056011209780017,93.26680116126997,-83.271484,-1045.5977,16.0,-15.56
814,10365,466,99.89999898,15.54557983,1.81100003,73.0,34.0,69.5,44.50584412,4030.533285,171.6163635,0.639999986,258.0,39.0,3.279721108660001,125.864502085,-83.271484,-1045.5977,17.5,-17.06
815,10366,466,99.16666667,14.98314006,2.052333355,86.0,37.0,78.69999949,50.50424576,3595.771566,176.5196838,0.959999979,271.0,49.0,4.212072200045556,161.51863399181,-83.271484,-1045.5977,19.0,-18.56
816,10367,466,100.0,15.07796981,2.036333322,86.0,40.0,78.73333232,48.98421733,3870.357829,161.8097229,0.910000026,170.0,46.0,4.1466533982875555,160.32730815531556,-83.271484,-1045.5977,20.4,-19.96
817,10368,466,100.0,14.88503976,2.159666697,94.0,41.0,84.29999796,58.44763438,5615.941406,191.2296753,1.019999981,237.0,53.0,4.66416024213089,182.05989815137994,-83.271484,-1045.5977,22.0,-21.56
818,10369,466,100.0,14.73134959,2.220666726,97.0,41.0,86.43333435,71.04917908,7554.389486,199.0749817,1.100000024,263.0,56.0,4.9313607079635595,191.93962960827784,-83.271484,-1045.5977,23.5,-23.06
819,10370,466,100.0,14.52533971,2.347333352,106.0,47.0,93.0,65.01808802,4063.221924,215.7463074,1.159999967,265.0,59.0,5.509973865411556,218.30200173600002,-83.271484,-1045.5977,25.0,-24.56
820,10371,466,100.0,14.6692202,2.278333346,99.0,42.0,89.63333384,64.6585083,7956.461914,210.8429871,1.25999999,220.0,57.0,5.190802835495556,204.21461340082226,-83.271484,-1045.5977,26.4,-25.96
821,10372,466,100.0,14.53841993,2.347666661,104.0,46.0,91.69999949,66.89769617,6080.122721,215.7463074,1.360000014,289.0,58.0,5.511538751170888,215.28103161638998,-83.271484,-1045.5977,27.9,-27.46
822,10373,466,100.0,14.63325047,2.253000021,104.0,44.0,88.66666667,82.04897053,9293.435222,225.5529327,1.25999999,328.0,60.0,5.076009094626,199.76600186951,-83.271484,-1045.5977,29.4,-28.96
823,10374,466,100.0,14.68230003,2.266000032,96.0,43.0,88.93333435,77.1946818,6894.074707,232.4175873,1.25999999,260.0,53.0,5.134756145024001,201.52293848296668,-83.271484,-1045.5977,30.9,-30.46
824,10375,466,100.0,14.55149977,2.302666664,97.0,42.0,89.86666616,76.90047962,5798.998861,250.0695648,1.120000005,336.0,55.0,5.3022737654968894,206.9329763714489,-83.271484,-1045.5977,32.5,-32.06
825,10376,466,100.0,15.09104964,2.011666655,84.0,40.0,78.73333232,74.4978485,5236.751139,294.1994934,0.899999976,299.0,44.0,4.0468027308388885,158.3852192651778,-83.271484,-1045.5977,34.0,-33.56
826,10378,466,98.83333333,17.38986026,1.144333323,51.0,24.0,42.43333308,64.18452327,8097.0236,254.9728851,0.379999995,944.0,27.0,1.3094987541282221,48.557877049402215,-83.271484,-1045.5977,35.5,-35.06
827,10379,466,98.83333333,16.50369016,1.422666629,50.0,32.0,52.73333359,53.08666356,4870.636068,313.8128052,0.430000007,977.0,18.0,2.0239803372702236,75.02195393441777,-83.271484,-1045.5977,36.9,-36.460003
828,10572,474,97.80000305,17.01054027,1.323000014,47.70000076,26.70000076,47.44999886,25.10502434,2132.946289,117.6798019,0.444999993,823.0,21.0,1.7503290370440001,62.77634915607999,-1165.3765,403.21484,10.0,-7.85
829,10574,474,98.25,18.49675513,0.923999995,35.09999847,26.0,33.35000038,29.10123348,3152.837891,284.3928528,0.275999993,3460.0,9.099998470000003,0.85377599076,30.815400184369995,-1165.3765,403.21484,12.8,-10.65
830,10576,474,97.90000153,17.1675,1.245000005,49.0,27.89999962,44.95000077,27.94895172,2843.928345,176.5196838,0.372000009,1950.0,21.10000038,1.5500250124500001,55.96275118340001,-1165.3765,403.21484,15.9,-13.75
831,10581,475,99.5,15.95105987,1.722000003,55.79999924,25.79999924,63.39999962,5.320107699,250.0695648,17.65196991,0.731000006,173.0,30.0,2.965284010332,109.17479953584001,-1039.4492,433.95312,4.6,-1.73
832,10585,475,99.14999771,16.78490967,1.422500015,54.40000153,27.39999962,51.60000038,28.58638477,2309.466065,87.27918243,0.640999973,193.0,27.000001909999998,2.023506292675,73.40100131455,-1039.4492,433.95312,11.1,-8.2300005
833,10587,475,97.70000076,17.91796499,1.057500005,40.5,25.60000038,37.95000076,35.54910564,3187.161133,132.3897705,0.381999999,981.0,14.89999962,1.1183062605750003,40.13212599345001,-1039.4492,433.95312,14.1,-11.2300005
834,10590,475,97.0,15.96087033,1.673000038,67.80000305,32.09999847,59.60000039,38.24593544,3275.421021,147.0997467,0.657999992,473.0,35.70000458,2.7989291271480017,99.71080291727002,-1039.4492,433.95312,17.0,-14.13
835,10600,476,98.29999924,16.51022969,1.474500001,58.29999924,26.5,53.34999847,37.58398438,2780.185181,132.3897705,0.497999996,387.0,31.79999924,2.174150252949,78.664572797365,-963.8862,464.72266,12.9,-8.86
836,10602,476,96.29999924,17.54518511,1.126499951,42.20000076,26.5,39.89999962,43.51700783,4339.442505,176.5196838,0.286000013,3250.0,15.700000760000002,1.2690021396030025,44.94734761683002,-963.8862,464.72266,15.9,-11.86
837,10604,476,96.5,15.35265056,1.896499992,76.5,34.5,67.65000153,56.2656517,4412.992432,171.6163635,0.625,316.0,42.0,3.596712219656,128.298227360445,-963.8862,464.72266,18.9,-14.86
838,10612,477,98.46666718,17.33754015,1.222000003,44.70000076,28.5,44.29999924,40.30533091,3955.348796,343.2327271,0.331999987,2110.0,16.20000076,1.493284007332,54.13459920418,-812.7793,495.4453,17.3,-11.429999
839,10614,477,96.86666616,15.57501004,1.80066669,73.5,40.09999847,64.56666565,48.54291661,3543.469401,142.1964264,0.787,277.0,33.40000153,3.2424005284755557,116.2630441203222,-812.7793,495.4453,20.3,-14.429999
840,10618,478,97.44999695,14.55803968,2.42050004,99.40000153,48.90000153,86.79999924,10.27246523,769.8220215,30.40061378,1.003000021,105.0,50.5,5.858820443640001,210.09940163241998,-712.01855,557.0156,8.6,-2.8100004
841,10620,478,97.09999848,14.11168487,2.746000052,114.8000031,58.09999847,97.84999848,11.5473299,892.4051819,32.36194611,1.235999942,69.5,56.700004629999995,7.540516285584002,268.6961009142799,-712.01855,557.0156,11.6,-5.8100004
842,10624,478,99.86666616,15.94125,1.736666639,66.0,35.09999847,65.10000102,35.2549057,3455.209635,156.9064026,0.750999987,255.0,30.900001529999997,3.0160110150155566,113.05699997029997,-712.01855,557.0156,19.5,-13.71
843,10631,479,95.66666921,15.73524012,1.720666647,72.09999847,35.70000076,60.66666794,11.34302489,1265.057821,43.14925766,0.884000003,130.0,36.39999771,2.960693710098223,104.38711210898221,-661.65576,556.9883,9.1,-3.2100005
844,10635,479,100.0,15.68618977,2.031500042,64.69999695,32.09999847,75.09999848,30.89094639,2373.209229,102.9698181,0.781000018,148.0,32.59999848,4.126992420646001,152.5656500663199,-661.65576,556.9883,14.3,-8.41
845,10637,479,99.84999848,15.74995542,1.807500005,73.90000153,32.70000076,66.94999886,51.65652848,4511.058838,142.1964264,0.661000013,275.0,41.200000769999995,3.267056268075,121.0121232742,-661.65576,556.9883,20.5,-14.610001
846,10644,480,100.0,16.92225024,1.365499974,52.09999847,28.79999924,50.40000153,16.84292126,1495.51416,64.72389221,0.368999988,561.0,23.299999230000005,1.8645901789940007,68.82120077881495,-535.7158,618.54297,9.3,-3.4
847,10646,480,99.54999924,15.75976471,1.833499968,77.30000305,37.70000076,67.15000153,24.76179123,1868.166809,84.33718872,0.568000019,303.0,39.60000229,3.3617221326560007,123.11952565645494,-535.7158,618.54297,12.4,-6.4999995
848,10650,480,98.94999695,16.59852031,1.44599998,58.20000076,30.20000076,52.85000038,31.3812809,2799.798584,142.1964264,0.541999996,275.0,28.0,2.0909159421600005,76.42109949248,-535.7158,618.54297,18.0,-12.1
849,10652,480,99.46666718,15.27417001,2.047666708,79.59999847,35.09999847,75.69999949,42.43010521,3804.980143,161.8097229,0.748000026,242.0,44.5,4.192938947051557,155.00836875128996,-535.7158,618.54297,21.0,-15.1
850,10655,481,98.20000076,14.66104481,2.441500068,102.6999969,43.29999924,87.29999924,20.59396458,1995.653321,62.76255798,1.036999941,106.0,59.399997660000004,5.960922582044004,213.14295408085994,-1064.1865,1173.4844,9.2,-2.9499998
851,10657,481,100.0,15.68619036,1.928499997,66.30000305,32.79999924,71.25,18.55908394,1235.637879,78.45320129,0.522000015,1090.0,33.50000381,3.7191122384290005,137.40562478625,-1064.1865,1173.4844,12.2,-5.95
852,10661,481,98.25,15.12211473,2.101999998,80.40000153,37.90000153,76.0,43.63958931,3461.747314,137.2930908,0.81099999,225.0,42.5,4.418403991592001,159.75199984800003,-1064.1865,1173.4844,18.2,-11.950001
853,10663,481,97.90000153,15.50470507,1.911499978,73.0,34.0,68.54999924,42.78151131,3231.29126,156.9064026,0.796999991,254.0,39.0,3.6538321658940003,131.03332203916003,-1064.1865,1173.4844,21.2,-14.950001
854,10666,482,98.54999924,15.04363516,2.196499944,87.80000305,42.90000153,79.45000077,11.00796413,1078.731476,38.24593353,0.800999999,177.0,44.90000152,4.824612003992004,174.511922242105,-988.73926,1019.3711,8.0,-2.0700002
855,10669,482,100.0,16.20121487,1.744000018,60.09999847,31.79999924,64.95000076,11.03248024,505.0424805,196.1329956,0.388999999,2900.0,28.299999230000005,3.041536062784,113.27280249454,-988.73926,1019.3711,11.1,-5.1700006
856,10670,482,99.95000077,16.90263049,1.384499967,49.29999924,29.79999924,50.95000077,36.77493668,3824.593384,304.006134,0.425000012,2150.0,19.5,1.916840158623001,70.54027438471498,-988.73926,1019.3711,16.7,-10.77
857,10673,482,99.20000076,15.23493032,2.068000079,86.69999695,43.40000153,75.59999847,41.18792915,3922.659912,147.0997467,0.856999993,211.0,43.29999542,4.276624326744006,156.34080280835988,-988.73926,1019.3711,19.7,-13.77
858,10678,483,97.95000076,13.55742028,3.127499938,106.9000015,52.79999924,115.9499969,11.64539671,804.1453247,42.16859436,1.243000031,78.19999695,54.100002260000004,9.781255862190005,362.6336081158502,-888.1084,865.2461,9.0,-3.06
859,10681,483,100.0,16.98601471,1.39200002,49.40000153,30.70000076,52.09999847,14.29319191,833.5652161,107.8731537,0.372000009,1960.0,18.700000769999995,1.9376640556800004,72.52319891223998,-888.1084,865.2461,11.9,-5.9599996
860,10686,483,99.33333333,16.67045977,1.497666637,51.90000153,29.60000038,54.40000026,40.6975975,2517.040202,225.5529327,0.492000014,1110.0,22.300001149999996,2.24300535558289,81.47306544219333,-888.1084,865.2461,17.6,-11.66
861,10688,483,99.83333333,15.04199969,2.236999989,84.40000153,42.70000076,82.83333333,43.459802,3504.24292,147.0997467,0.947000027,178.0,41.700000769999995,5.004168950786,185.29816574804335,-888.1084,865.2461,20.5,-14.559999
862,10694,484,100.0,15.24800996,2.208333333,88.0,43.59999847,81.36666616,83.81416829,1095.075928,71.58854675,0.644999981,243.0,44.40000153,4.876736109638889,179.6847210762111,-787.4746,711.125,10.2,-4.5499997
863,10696,484,100.0,15.73033508,1.938000023,86.5,43.59999847,72.90000153,9.046634198,259.8762131,44.12992096,0.522000015,214.0,42.90000153,3.7558440891480007,141.28020464184004,-787.4746,711.125,13.1,-7.4500003
864,10699,484,99.59999847,15.47036983,1.924666683,72.69999695,43.09999847,71.23333232,39.34100978,2369.940389,137.2930908,0.708000004,323.0,29.599998479999996,3.704341840650223,137.10042143537112,-787.4746,711.125,19.2,-13.550001
865,10728,487,93.70000077,15.54884979,1.704999984,63.09999847,39.70000076,59.5,12.25831223,1005.18161,82.37585449,0.910000026,181.0,23.39999771,2.9070249454400003,101.44749904800001,-762.6084,156.47266,6.9,-2.95
866,10731,487,100.0,14.57766001,2.47300005,99.19999695,55.90000153,92.40000153,24.76179123,2608.568848,59.82056427,0.907000005,77.80000305,43.29999542,6.115729247300003,228.50520840369006,-762.6084,156.47266,9.9,-5.95
867,10741,488,97.70000076,15.8578652,1.671000004,61.29999924,33.20000076,60.85000039,9.463417053,1147.377991,54.91724014,0.479999989,456.0,28.099998479999996,2.792241013368,101.68035089509,-712.2949,64.00391,6.9,-3.1000001
868,10744,488,94.45000076,14.47465488,2.394000053,94.09999847,47.40000153,82.59999847,21.23139668,2235.916138,102.9698181,0.887000024,132.0,46.699996940000005,5.731236253764004,197.74440071497992,-712.2949,64.00391,9.9,-6.0999994
869,10756,489,98.04999924,16.49060995,1.488000036,56.70000076,33.90000153,53.60000038,14.46480751,1485.707459,49.0332489,0.639999986,101.0,22.799999230000005,2.2141441071360015,79.75680249504002,-611.6655,-120.92969,6.9,-3.0700002
870,10760,489,98.59999848,14.78857493,2.289000034,89.80000305,52.20000076,83.5,26.47795487,2029.97644,66.68521881,0.82099998,73.69999695,37.60000229,5.2395211556520005,191.13150283899998,-611.6655,-120.92969,9.9,-6.0699997
871,10772,490,98.95000077,14.965155,2.171999932,69.0,38.20000076,79.85000229,13.48414374,1490.610718,49.0332489,0.717999995,160.0,30.79999924,4.717583704608004,173.43419954407986,-561.3496,-213.39453,6.7,-3.0699997
872,10774,490,99.04999924,14.22940511,2.636000038,103.9000015,54.5,98.04999924,25.74245453,2716.442017,67.66588593,0.853999972,127.0,49.4000015,6.9484962003360025,258.45980172254,-561.3496,-213.39453,9.6,-5.9700003
873,10785,491,98.0,14.91610504,2.155499935,93.5,51.40000153,78.70000076,32.41097927,3098.901367,78.45320129,0.763999999,135.0,42.09999847,4.6461799697850035,169.63784652267992,-511.03223,-305.86328,9.1,-4.57
874,10787,491,99.79999924,14.50408508,2.437999964,108.4000015,55.90000153,91.79999924,40.45243073,5457.400635,100.0278244,0.926999986,90.80000305,52.499999970000005,5.943843824464,223.80839484232,-511.03223,-305.86328,12.1,-7.57
876,10987,510,102.4999981,14.2269525,2.995500028,101.5999985,42.29999924,112.5499992,7.330470563,566.3340302,38.24593353,0.970000029,73.40000153,59.29999926,8.973020417748,337.143525755,-560.99756,433.6797,6.8,-1.3900003
877,10988,510,101.3500004,15.15890249,2.283749998,83.40000153,37.20000076,83.85000038,9.475675583,786.9836273,35.30393982,0.851999998,139.0,46.200000769999995,5.215514053364999,191.49243820012498,-560.99756,433.6797,9.6,-4.1900005
878,10991,510,100.3000011,14.0184899,3.01700002,118.8000031,51.29999924,111.4500008,14.93062401,1421.964264,47.07191849,1.274999976,83.30000305,67.50000385999999,9.102289120679998,336.2446546426,-560.99756,433.6797,12.4,-6.99
879,10996,510,96.97500229,16.37289029,1.530000001,57.09999847,28.70000076,54.27500058,36.38267136,4979.326416,97.08583069,0.56400001,365.0,28.39999771,2.3409000030600002,83.040750941675,-560.99756,433.6797,18.5,-13.09
880,10997,510,100.125,16.53720728,1.544500053,54.40000153,27.89999962,56.40000058,16.63452983,1505.320709,68.64654541,0.470999986,42.59999847,26.500001909999998,2.3854804137170027,87.10980388501002,-560.99756,433.6797,20.2,-14.790001
881,11005,511,100.4750004,14.52861006,2.547249973,95.30000305,42.70000076,94.97499848,11.79249668,1414.609207,37.26527023,1.034000039,97.90000153,52.60000229,6.488482424948501,241.92506231385502,-510.63428,433.65234,7.8,-2.4700003
882,11006,511,100.5250016,14.98967968,2.249249995,87.40000153,38.29999924,83.82500077,11.42474699,1117.958069,39.22660065,0.783999979,108.0,49.10000229,5.0591255400075,188.5433825627975,-510.63428,433.65234,9.9,-4.5699997
883,11009,511,99.55000114,15.50961,1.930499971,70.59999847,34.09999847,70.94999886,50.32036973,6227.222534,154.9450684,0.925999999,187.0,36.5,3.7268301380310005,136.96897074168,-510.63428,433.65234,12.6,-7.2700005
884,11015,511,99.29999923,16.44646522,1.53975001,67.69999695,32.70000076,56.07499981,48.10161686,7587.895386,151.0223999,0.66900003,28.89999962,34.99999619,2.370830093295,86.3414815181975,-510.63428,433.65234,18.6,-13.27
885,11016,511,98.35000038,15.56111228,1.913750023,78.19999695,34.40000153,68.64999771,52.46557712,6994.592896,154.9450684,0.943000019,18.20000076,43.79999542,3.6624391505325002,131.37893469646244,-510.63428,433.65234,20.1,-14.77
886,11024,512,99.02499962,15.34774504,1.995999962,68.69999695,34.29999924,73.14999866,11.58410502,907.115097,51.97524261,0.823000014,399.0,34.39999771,3.984015848304001,146.00739454566005,-510.61768,464.46484,6.8,-1.3300004
887,11025,512,100.6500015,16.57889998,1.481999993,48.29999924,30.79999924,55.19999981,17.19841266,1000.27829,317.7354431,0.340000004,2610.0,17.5,2.1963239792520004,81.80639933202,-510.61768,464.46484,9.8,-4.3300004
888,11028,512,100.3250008,15.47772718,1.970000028,84.09999847,35.09999847,73.35000038,24.369524,2270.23938,81.39519501,0.723999977,188.0,49.0,3.880900110320001,144.4995028024,-510.61768,464.46484,12.5,-7.03
889,11032,512,97.47500038,16.35327025,1.552749991,74.30000305,33.5,55.27499962,42.03375244,4572.350403,124.5444489,0.663999975,136.0,40.80000305,2.4110325345505,85.82825516248,-510.61768,464.46484,18.6,-13.130001
890,11033,512,99.47500039,15.5782797,1.911250025,68.69999695,30.89999962,69.82500076,53.94883156,6690.586914,159.8483887,0.730000019,47.20000076,37.79999733,3.6528766580625005,133.453034448175,-510.61768,464.46484,20.3,-14.83
891,11408,543,98.85000229,15.3428401,1.90899998,82.0,38.79999924,70.89999771,30.768363,2941.994995,96.1051712,0.698000014,276.0,43.20000076,3.6442809236400002,135.34809421039003,-133.21484,-182.80469,8.4,-3.0199995
892,11413,543,93.79999924,17.60404494,1.058000028,40.09999847,30.70000076,36.75,41.55567742,2441.855835,112.7764664,0.81400001,288.0,9.399997710000001,1.1193640592480005,38.881501029,-133.21484,-182.80469,13.9,-8.5199995
893,11416,543,98.04999924,16.66228478,1.358500004,56.29999924,35.29999924,49.85000038,46.45900154,5207.331055,201.0363159,0.345999986,816.0,21.0,1.8455222608679998,67.72122571563,-133.21484,-182.80469,16.9,-11.5199995
896,11458,545,100.5,15.6077102,1.844500005,85.19999695,39.59999847,69.75,34.93618965,3162.644532,90.22117615,0.640999973,214.0,45.59999848,3.402180268445,128.65387534875,-32.556152,-336.92188,10.3,-5.32
897,11460,545,99.90000153,17.19202498,1.21450001,54.90000153,31.0,45.54999924,41.18792915,3785.366822,137.2930908,0.432000011,411.0,23.900001529999997,1.4750102742900002,55.32047453247999,-32.556152,-336.92188,13.4,-8.42
898,11464,545,99.60000229,16.34346008,1.478499949,72.09999847,37.20000076,55.44999886,38.00076676,1323.897705,137.2930908,0.524999976,257.0,34.89999771,2.185962099193002,81.98282048656006,-32.556152,-336.92188,17.6,-12.620001
899,11482,546,98.84999848,15.86767507,1.620500028,84.40000153,44.59999847,60.80000115,43.14925957,2476.179077,154.9450684,0.547999978,199.0,39.800003059999995,2.6260203407480005,98.52640356597503,17.76709,-429.3828,10.0,-4.18
900,11487,546,97.59999848,15.86276984,1.584499955,73.0,34.5,58.65000153,46.09125328,4731.708496,161.8097229,0.601000011,234.0,38.5,2.510640107395002,92.93092478503493,17.76709,-429.3828,16.3,-10.48
902,11511,548,99.59999848,14.71990523,2.409500003,110.9000015,35.70000076,88.34999848,22.18754482,2000.556519,84.33718872,1.034000039,126.0,75.20000074000001,5.805690264456999,212.87932160260996,-384.7744,341.14453,10.0,-4.45
903,11516,548,99.90000153,15.78919491,1.787999988,92.90000153,33.5,66.15000153,32.28839493,3005.738282,108.8538132,0.888999999,121.0,59.40000153,3.196943957088,118.27620194183997,-384.7744,341.14453,13.0,-7.45
904,11530,549,99.64999773,14.88177019,2.298499942,93.30000305,36.40000153,84.40000153,29.34640026,2662.505371,91.20184326,0.97299999,151.0,56.90000152,5.283101983374003,193.9933986215049,-309.29248,217.85547,11.5,-4.86
905,11532,549,99.59999845,14.62670997,2.414000035,75.09999847,30.89999962,89.5,35.05877304,4197.246094,105.9118195,0.648000002,289.0,44.19999885,5.827396168980001,216.05300313249998,-309.29248,217.85547,14.5,-7.86
906,11547,550,100.1499977,15.86276984,1.771499992,87.09999847,35.90000153,65.55000305,31.33224678,3706.913696,96.1051712,0.924000025,84.0,51.199996940000005,3.1382122216560004,116.12182987867499,-258.99072,94.57422,9.6,-3.9100003
907,11549,550,99.90000155,17.46670553,1.185000002,73.19999695,29.0,43.75,40.28081513,2564.438965,106.8924866,0.662999988,111.0,44.19999695,1.40422500474,51.8437500875,-258.99072,94.57422,12.7,-7.0099998
908,11566,551,100.0500031,14.90138994,2.305000067,57.20000076,27.39999962,85.10000229,21.18236351,1799.520264,74.53054047,1.078999996,105.0,29.800001140000003,5.313025308870004,196.15551098015015,-208.67188,2.109375,7.6,-1.9099998
909,11570,551,99.95000077,17.52065955,1.250500024,78.5,30.39999962,45.14999962,31.96967888,3025.351563,114.7378006,0.559000015,724.0,48.10000038,1.5637503100240004,56.460075608409994,-208.67188,2.109375,10.6,-4.9100003
910,11573,551,100.7999993,16.99582516,1.388999999,33.20000076,20.79999924,51.35000039,33.48970986,1907.393311,776.6866455,0.337000012,1430.0,12.400001520000004,1.9293209972219998,71.32515049035999,-208.67188,2.109375,13.5,-7.81
912,11601,553,99.74999999,15.07306536,2.173499942,94.59999847,36.40000153,80.09999848,24.78630734,2020.169861,86.29851532,0.866999984,10.69999981,58.199996940000005,4.724101997874003,174.09734205048008,-82.83301,-152.01562,7.5,-2.5500002
913,11604,553,100.7999993,17.79043546,1.109499991,44.90000153,25.20000076,41.30000115,40.89372826,2476.179077,148.0804138,0.395999998,1470.0,19.700000769999995,1.2309902300290003,45.82235090422499,-82.83301,-152.01562,10.5,-5.55
914,11607,553,99.04999924,17.70214543,1.164499998,44.29999924,25.20000076,41.89999962,43.90927315,2539.922363,123.5637894,0.423000008,668.0,19.099998479999996,1.3560602453419999,48.79254947369,-82.83301,-152.01562,13.5,-8.55
915,11610,553,99.10000229,17.10373494,1.341500044,47.90000153,25.29999924,48.29999924,36.11298752,2064.299744,257.9148865,0.398999989,1990.0,22.60000229,1.799622368052002,64.79445110565996,-82.83301,-152.01562,16.4,-11.45
916,11623,554,99.45000077,14.66595005,2.379000068,99.69999695,39.09999847,88.09999848,21.40301418,2324.176026,92.18251038,1.054999948,73.69999695,60.59999848,5.659641323544004,209.58990237471988,-32.51123,-244.48047,8.5,-2.77
917,11626,554,100.4500008,15.10249498,2.152500034,83.5,34.0,80.34999848,32.90130997,2941.994873,118.6604691,0.800000012,144.0,49.5,4.633256396370001,172.95337446009995,-32.51123,-244.48047,11.5,-5.77
918,11630,554,100.2999992,17.4618003,1.23300004,41.70000076,24.20000076,45.14999962,37.51043511,2829.218384,163.7710419,0.287,1900.0,17.5,1.5202890986400017,55.66995133745999,-32.51123,-244.48047,14.5,-8.77
919,11633,554,100.0499992,17.04487512,1.352500022,63.09999847,30.10000038,49.5,44.93897247,2716.442017,164.751709,0.579999983,524.0,32.999998090000005,1.8292563095100007,66.948751089,-32.51123,-244.48047,17.4,-11.67
920,11644,555,100.3499985,15.7303345,1.81099999,104.1999969,38.90000153,67.54999924,13.01832819,843.3718872,54.91724014,0.717000008,168.0,65.29999537,3.27972096378,122.33304794814002,42.980957,-367.76953,6.3,-1.48
921,11648,555,99.54999924,15.66657003,1.796499968,82.40000153,32.70000076,66.85000229,24.51662445,1985.846619,77.47253418,0.629000008,211.0,49.700000769999995,3.227412135024001,120.09602697478493,42.980957,-367.76953,9.3,-4.48
922,11651,555,100.8999977,16.26988515,1.590000034,62.0,28.5,59.59999847,19.31910038,1784.810242,67.66588593,0.503000021,551.0,33.5,2.528100108120001,94.76399959369995,42.980957,-367.76953,12.3,-7.48
923,11653,555,98.84999848,16.62794993,1.434499979,54.59999847,24.0,52.35000039,30.40061474,3398.004028,99.04716492,0.470999986,627.0,30.599998470000003,2.057790189751,75.09607446010499,42.980957,-367.76953,15.3,-10.48
924,11656,555,101.0499993,17.75610002,1.122000039,58.70000076,27.39999962,41.85000039,40.32984924,3064.578003,169.6550446,0.363999993,993.0,31.300001140000003,1.2588840875160014,46.955702069730016,42.980957,-367.76953,18.3,-13.48
925,11670,556,101.0500031,15.48998996,1.941499949,82.19999695,31.89999962,73.09999848,24.0262928,1922.103333,81.39519501,0.449000001,990.0,50.29999733,3.7694220519670028,141.92364332082008,93.305176,-460.23047,11.1,-5.0600004
926,11672,556,101.7999992,15.30850467,2.072000027,93.80000305,38.09999847,78.59999848,25.59535503,2338.885987,79.43386078,1.02699995,136.0,55.70000458,4.293184111888001,162.85919897275997,93.305176,-460.23047,14.1,-8.06
927,11675,556,100.8500023,17.2067395,1.333499968,50.0,23.29999924,48.95000077,35.5491066,2966.511597,131.4091034,0.453000009,883.0,26.70000076,1.7782221646560008,65.27482446039498,93.305176,-460.23047,17.0,-10.96
928,11689,557,98.55000305,14.45993977,2.453999996,109.3000031,43.29999924,90.5,23.60950851,2500.695679,66.68521881,0.558000028,288.0,66.00000385999999,6.0221159803679996,222.08699963799998,143.63037,-552.6953,10.0,-5.36
929,11691,557,97.54999924,14.47956011,2.480000019,110.4000015,43.0,89.04999924,26.28182125,2755.668579,116.6991348,1.192000031,144.0,67.4000015,6.150400094240002,220.84399980715003,143.63037,-552.6953,13.0,-8.360001
930,11693,557,99.15000153,15.65185493,1.83950001,79.69999695,34.79999924,67.40000153,26.23278809,1608.290589,43.14925766,0.437999994,395.0,44.89999771,3.3837602867900003,123.98230348843502,143.63037,-552.6953,16.0,-11.360001
931,11709,558,101.7999993,15.78919491,1.765500009,116.0999985,40.29999924,67.75,36.33363724,4040.339844,99.04716492,1.207000017,94.59999847,75.79999925999999,3.1169902817789996,119.61262560975,193.95703,-645.15625,10.6,-5.0600004
932,11712,558,98.54999924,15.73033508,1.764500022,80.5,33.20000076,64.5,56.51081848,5746.696533,165.7323914,0.908999979,132.0,47.29999924,3.1134603276380006,113.810251419,193.95703,-645.15625,13.6,-8.06
933,11716,558,96.25,16.917345,1.345499993,71.0,31.20000076,47.14999962,58.39859773,7389.310303,160.8290558,0.721000016,179.0,39.79999924,1.810370231163,63.440324158660005,193.95703,-645.15625,16.6,-11.06
934,11726,559,99.75,14.50898973,2.499500036,116.8000031,47.20000076,92.85000229,21.10881329,2490.889039,72.56920624,0.824000001,111.0,69.60000234,6.247500429964002,232.0785840664551,244.28418,-737.6211,8.7,-3.62
935,11729,559,100.3499985,15.70090547,1.84800005,66.09999847,26.89999962,68.69999886,28.48831749,2172.172852,93.16316986,0.542999983,399.0,39.19999885,3.4151041848000023,126.95760132827994,244.28418,-737.6211,11.7,-6.62
936,11736,559,99.0,15.37717495,2.028499961,101.0,36.09999847,73.29999924,42.21762657,4986.681397,124.5444489,1.070000052,241.0,64.90000153,4.114812091777002,148.68904559964005,244.28418,-737.6211,16.2,-11.120001
937,11745,560,100.7000008,15.48018009,1.957000017,101.5999985,41.40000153,73.09999848,19.6868496,2069.203125,75.51119995,0.903999984,180.0,60.19999697,3.829849066538,143.05669826805996,-485.51855,310.38672,8.3,-3.1600003
938,11750,560,101.0999985,16.60342496,1.525000036,59.70000076,26.10000038,56.40000153,23.26627636,1691.647095,88.25984192,0.57099998,484.0,33.60000038,2.325625109800001,86.01000436365005,-485.51855,310.38672,11.3,-6.1600003
939,11754,560,100.1500016,15.34774533,1.985499978,86.19999695,36.79999924,74.10000229,30.08189774,2020.169861,99.04716492,0.855000019,169.0,49.39999771,3.9422101626380006,147.12555291659496,-485.51855,310.38672,14.3,-9.16
940,11765,561,100.8000031,15.11230544,2.218999982,94.69999695,38.40000153,82.25,17.21067047,1618.097229,128.4671021,0.828999996,143.0,56.29999542,4.923960920116001,182.5127485195,-435.2036,217.92188,8.1,-3.1400003
941,11768,561,100.4500008,16.26498051,1.643499971,77.80000305,32.20000076,60.45000076,20.74106407,1510.223999,108.8538132,0.654999971,300.0,45.60000229,2.701092154677001,99.34957449600998,-435.2036,217.92188,11.1,-6.1400003
942,11772,561,99.45000076,15.76957516,1.810000003,81.69999695,36.90000153,66.25,25.81600475,2770.37854,90.22117615,0.731000006,164.0,44.79999542,3.2761000108600005,119.91250019875001,-435.2036,217.92188,14.1,-9.14
943,11785,562,99.5,15.10249498,2.18599999,72.19999695,30.89999962,79.70000077,33.66132355,4589.511963,97.08583069,0.508000016,508.0,41.29999733,4.77859595628,174.22420088622,-384.8872,125.453125,9.9,-4.22
944,11788,562,100.5499993,17.71685994,1.134500027,42.59999847,21.89999962,42.0,35.05877304,2677.215332,117.6798019,0.377999991,765.0,20.699998850000004,1.287090311263001,47.649001134,-384.8872,125.453125,12.9,-7.22
945,11804,563,99.5,15.65185492,1.749500036,106.5,41.5,65.75,35.81878853,5079.844727,119.6411285,0.783999979,119.0,65.0,3.060750375964001,115.02962736699999,42.87793,-583.46094,8.8,-3.42
946,11807,563,102.1500016,14.85233999,2.378499985,95.40000153,39.5,90.70000076,33.44067383,2986.124878,111.7958069,0.995999992,94.5,55.90000153,5.6572621786449995,215.72995044715998,42.87793,-583.46094,11.8,-6.42
947,11810,563,100.4000015,17.39803525,1.22149998,45.0,21.79999924,45.20000076,37.26526833,3550.007324,134.3511047,0.398000002,546.0,23.20000076,1.4920622011400002,55.211800024339986,42.87793,-583.46094,14.8,-9.42
948,11813,563,101.2999992,15.64204505,1.906999946,62.29999924,26.29999924,71.5,57.34438513,6418.452149,209.8623199,0.941999972,137.0,36.0,3.636648794044003,136.350496139,42.87793,-583.46094,17.6,-12.22
949,11827,564,100.2000008,15.50470506,1.959999979,106.0,40.40000153,72.40000153,27.77733517,2083.913086,102.9698181,1.129999995,68.19999695,65.59999847,3.8415999176800004,141.90400147839998,118.38867,-675.9375,10.2,-4.2799997
950,11829,564,98.75,15.52923004,1.886500001,94.59999847,39.40000153,68.79999924,35.35297203,3520.587525,117.6798019,0.783999979,199.0,55.199996940000005,3.5588822537729996,129.79119863506,118.38867,-675.9375,13.2,-7.2799997
951,11831,564,97.04999924,15.691095,1.758000016,81.0,32.5,63.10000038,46.58158684,4089.372803,152.003067,0.551999986,313.0,48.5,3.0905640562560004,110.92980167764,118.38867,-675.9375,16.2,-10.280001
954,11860,566,97.5,14.72971452,2.186500073,96.0,38.40000153,80.40000153,13.45962667,563.88237,63.74322128,0.731000006,94.80000305,57.59999847,4.780782569229005,175.7946092145451,42.804688,-737.52734,5.3,-0.4000001
955,11864,566,96.90000153,15.3428401,1.860000015,93.59999847,30.70000076,67.55000305,18.28940201,1564.160584,65.7045517,0.897000015,42.79999924,62.89999771,3.4596000558,125.64300668625005,42.804688,-737.52734,8.3,-3.4
956,11867,566,99.45000076,14.86214986,2.298500061,104.1999969,41.79999924,84.34999847,21.18236351,2103.526368,68.64654541,0.903999984,95.80000305,62.399997660000004,5.283102530417003,193.8784766286449,42.804688,-737.52734,11.2,-6.2999997
957,11869,566,100.2000008,15.56356489,1.883000016,95.69999695,38.59999847,70.20000077,28.24315071,2074.106507,151.0223999,0.859000027,135.0,57.09999848,3.545689060256,132.18660257311,42.804688,-737.52734,14.2,-9.299999
958,11886,567,100.0,15.23002509,1.959500075,77.0,34.0,74.89999771,29.34640026,3177.354492,117.6798019,1.269999981,65.5,43.0,3.8396405439250056,146.7665511302448,294.6128,-830.08203,9.6,-3.9000006
959,11888,567,99.70000077,14.88667542,2.125999928,82.0,34.0,81.75,22.13851261,3540.200562,157.8870697,0.879999995,114.0,48.0,4.519875693856005,173.800494114,294.6128,-830.08203,12.6,-6.9000006
960,11890,567,100.0,15.04363457,2.068500042,89.0,32.0,80.54999924,35.13232231,3442.134034,133.3704376,0.395999998,563.0,57.0,4.278692423754002,166.61767681103998,294.6128,-830.08203,15.6,-9.900001
961,11907,568,100.0,14.68066456,2.32099998,87.0,41.0,92.54999924,31.43031216,2628.182007,131.4091034,0.910000026,299.0,46.0,5.387040907159999,214.80854638504002,344.94238,-922.54297,10.1,-4.1600003
962,11909,568,98.84999848,14.88177019,1.926500023,92.0,38.0,76.40000153,20.74106503,2785.088623,93.16316986,0.814999998,156.0,54.0,3.7114023386190005,147.18460470474503,344.94238,-922.54297,13.1,-7.1600003
963,11911,568,100.0,17.29012488,1.212000012,56.0,28.0,47.64999962,46.1402874,3559.813843,193.1910095,0.409999996,766.0,28.0,1.4689440290880003,57.75180011124,344.94238,-922.54297,15.9,-9.959999
964,11925,569,99.70000077,15.58809045,1.837000013,74.0,34.0,69.65000153,19.17199993,1054.214875,85.31785583,0.595000029,286.0,40.0,3.374569047762,127.94705371606001,395.28662,-984.1914,7.6,-1.7599998
965,11927,569,100.0,15.08777988,2.119666656,99.0,42.0,81.33333333,25.57901128,3265.61442,101.989151,0.899999976,137.0,57.0,4.492986732558223,172.39955468093447,395.28662,-984.1914,10.6,-4.76
966,11929,569,98.70000076,16.59361449,1.403500021,54.0,26.0,51.70000077,30.20448208,2991.028199,166.7130585,0.524999976,565.0,28.0,1.9698123089470003,72.56095216639501,395.28662,-984.1914,13.6,-7.76
967,11931,569,100.0,17.65309489,1.147500038,43.0,24.0,43.89999962,48.98421478,3353.874268,226.5335999,0.405000001,551.0,19.0,1.3167563372100015,50.37525123214999,395.28662,-984.1914,16.5,-10.66
968,11941,570,99.20000077,14.94062944,2.064500094,84.0,38.0,78.25,17.50487042,1122.86142,98.0664978,0.699999988,189.0,46.0,4.262160638126009,161.5471323555,445.61816,-1076.6523,7.5,-2.2800002
969,11944,570,100.0,15.09268511,2.080500007,88.0,39.0,79.09999847,24.3450079,2951.801636,98.0664978,0.810000002,169.0,49.0,4.328480279127,164.56754737053498,445.61816,-1076.6523,10.5,-5.28
970,11946,570,99.84999848,15.15645017,2.02549994,82.0,37.0,76.39999771,25.61987305,3966.789673,88.25984192,0.730000019,222.0,45.0,4.102650006940004,154.74819077760512,445.61816,-1076.6523,13.5,-8.280001
971,11948,570,100.0,16.58380521,1.413999975,57.0,28.0,53.75,27.3850708,2883.155152,115.7184601,0.389999986,641.0,29.0,1.9993959293000008,76.00249865625,445.61816,-1076.6523,16.5,-11.280001
972,11961,571,100.0,15.69600024,1.797500015,77.0,37.0,70.25,29.56704998,3044.964722,82.37585449,0.569999993,318.0,40.0,3.231006303925,126.27437605375,495.95068,-1169.1133,5.9,-0.47000027
973,11963,571,99.54999924,14.33731489,2.509999991,91.0,41.0,95.40000153,22.13851166,3692.203613,74.53054047,1.00999999,167.0,50.0,6.300099954819999,239.45400298169997,495.95068,-1169.1133,8.9,-3.4699998
974,11965,571,99.29999924,14.85724522,2.11650002,96.0,42.0,80.35000229,24.14887428,2294.755982,95.12450409,0.80400002,204.0,54.0,4.479572334660001,170.06078145378507,495.95068,-1169.1133,11.9,-6.47
975,11967,571,99.84999848,15.0632549,2.048500062,94.0,40.0,77.95000077,31.74902725,3084.191284,93.16316986,0.819999993,149.0,54.0,4.196352504014004,159.68058141024505,495.95068,-1169.1133,14.9,-9.469999
976,11981,572,100.0,14.77386041,2.374500036,95.0,42.0,95.45000076,15.29837418,1137.571411,52.95590973,1.279999971,72.19999695,53.0,5.638250420964002,226.64603024082004,546.28394,-1261.5742,5.2,-0.5499997
977,11983,572,100.0,14.77876506,2.264500022,88.0,39.0,88.20000076,18.73070049,2240.819458,59.82056427,0.839999974,142.0,49.0,5.127960349638,199.72890366142,546.28394,-1261.5742,8.2,-3.5499997
978,11985,572,98.90000153,16.32874498,1.414499998,69.0,33.0,53.84999847,25.69342232,1902.490112,139.254425,0.467000008,379.0,36.0,2.000810244342,76.170822728115,546.28394,-1261.5742,11.2,-6.5499997
979,11987,572,100.0,15.03872992,2.050000072,92.0,40.0,80.79999924,18.97586727,1907.393433,109.8344803,0.819999993,187.0,52.0,4.2025002952000055,165.64000425959995,546.28394,-1261.5742,14.1,-9.450001
980,11989,572,100.0,14.67575992,2.248999954,102.0,45.0,87.0,39.10401726,3741.237061,147.0997467,0.939999998,86.09999847,57.0,5.058000793092002,195.66299599799999,546.28394,-1261.5742,17.2,-12.550001
981,12002,573,100.0,14.965155,2.071499944,101.0,43.0,81.45000076,28.31670284,2995.931397,98.0664978,0.889999986,96.59999847,58.0,4.2911120179920035,168.72367201313995,596.61865,-1354.0352,8.4,-3.5299997
982,12004,573,100.0,15.0632549,2.172500015,97.0,41.0,86.85000229,20.1771822,956.1483764,96.1051712,0.814999998,107.0,56.0,4.719756315174999,188.68163127777504,596.61865,-1354.0352,11.4,-6.5299997
983,12006,573,100.0,14.64632972,2.292999983,99.0,42.0,88.94999695,24.5166235,2579.148926,91.20184326,0.855000019,193.0,57.0,5.257848922038001,203.96234149420005,596.61865,-1354.0352,14.4,-9.53
984,12008,573,100.0,15.36736508,1.98149997,87.0,39.0,77.55000115,44.8654232,4172.729493,152.9837341,0.829999983,115.0,48.0,3.926342131110001,153.66532495222498,596.61865,-1354.0352,17.5,-12.63
985,12025,574,100.0,15.37227031,1.89350003,76.0,39.0,74.5,11.7679801,2010.36322,68.64654541,0.49000001,280.0,37.0,3.585342363610001,141.065752235,571.39355,-1446.4609,9.5,-4.33
986,12028,574,100.0,15.09758975,2.041999936,92.0,41.0,80.95000077,26.89473725,1985.846619,109.8344803,0.785000026,150.0,51.0,4.169763738624003,165.29989639153993,571.39355,-1446.4609,12.5,-7.33
987,12030,574,100.0,15.16626004,1.939999998,87.0,39.0,76.85000229,25.88955593,2422.242432,111.7958069,0.689999998,178.0,48.0,3.76359999224,149.08900428890001,571.39355,-1446.4609,15.5,-10.33
988,12033,574,100.0,15.52922946,1.805000007,84.0,38.0,70.79999924,35.52458954,2353.595947,160.8290558,0.736999989,189.0,46.0,3.2580250252700003,127.7939991238,571.39355,-1446.4609,18.5,-13.33
990,12067,576,99.43333435,17.04977996,1.245000045,47.0,25.0,46.59999974,17.53755887,1271.595622,111.7958069,0.39199999,678.0,22.0,1.5500251120500022,58.017001773299995,219.04346,-860.8594,9.6,-3.8200002
991,12069,576,93.44999695,14.51389496,2.053500057,61.0,30.0,73.90000153,21.35397911,1206.217957,98.0664978,0.718999982,293.0,31.0,4.2168624840990026,151.75365735415508,219.04346,-860.8594,12.6,-6.82
992,12072,576,100.0,16.10311554,1.651999951,70.0,31.0,63.35000038,21.69721317,2412.435913,91.20184326,0.579999983,225.0,39.0,2.7291038381040025,104.65419752360998,219.04346,-860.8594,15.6,-9.82
993,12088,577,99.0,16.63776039,1.344500006,83.0,35.0,50.34999847,28.75800133,1721.067017,97.08583069,0.412,378.0,48.0,1.8076802661340003,67.695573245015,269.3584,-984.1367,8.2,-2.6299996
994,12095,577,98.84999848,15.77938504,1.680500031,81.0,34.0,62.64999962,26.67408753,1157.184632,101.0084915,0.569999993,318.0,47.0,2.824080354191001,105.28332630355999,269.3584,-984.1367,14.4,-8.83
995,12097,577,99.83333333,15.20223016,2.041333318,95.0,40.0,76.30000051,39.58617719,3196.967895,188.287674,0.699999988,180.0,55.0,4.167041715176889,155.75373320448,269.3584,-984.1367,17.5,-11.93
996,12109,578,99.75,14.54332458,2.443499923,85.0,36.0,92.35000229,20.64299774,1799.520324,98.0664978,0.964999974,58.5,49.0,5.970691873701006,225.65722348466485,319.70215,-1045.7852,7.4,-1.79
997,12113,578,100.0,15.6534902,1.842000008,91.0,38.0,70.36666616,31.62644641,1565.795044,116.6991348,0.588,127.0,53.0,3.3929640294720005,129.61539962965333,319.70215,-1045.7852,12.2,-6.5899997
998,12117,578,99.83333333,15.52922985,1.880999963,87.0,38.0,71.66666539,30.72750219,1435.039713,137.2930908,0.623000026,140.0,49.0,3.5381608608060016,134.8049949469234,319.70215,-1045.7852,16.7,-11.09
999,12138,579,100.0,15.59790032,1.928000033,83.0,37.0,74.5,42.29117775,2363.402588,174.5583649,0.959999979,140.0,46.0,3.717184127248001,143.6360024585,370.0332,-1138.2461,15.6,-9.460001
1000,12140,579,100.0,16.52003956,1.518000007,72.0,33.0,58.59999847,18.63263512,907.1151123,125.525116,0.455000013,191.0,39.0,2.304324021252,88.95479808766,370.0332,-1138.2461,18.6,-12.460001
1001,12159,580,99.59999848,15.43113013,1.915500045,82.0,36.0,72.89999771,19.44168282,382.4593506,101.989151,0.65200001,156.0,46.0,3.6691404223950017,139.63994889400487,395.19238,-1199.8828,15.2,-8.34
1002,12161,580,100.0,16.06387488,1.682500005,77.0,35.0,65.89999962,54.03463938,3044.964722,230.4562531,0.720000029,192.0,42.0,2.8308062668250003,110.87674969015,395.19238,-1199.8828,18.2,-11.34
1003,12175,581,100.0,14.83762488,2.212000013,81.0,42.0,85.5,19.09845066,1441.577515,81.39519501,1.049999952,60.40000153,39.0,4.892944057512,189.1260011115,495.87207,-1353.9922,8.4,-3.1499996
1004,12177,581,100.0,14.89648529,2.246999979,87.0,42.0,86.70000076,21.89334583,2657.602051,64.72389221,0.920000017,103.0,45.0,5.049008905626,194.81489988701998,495.87207,-1353.9922,11.4,-6.1499996
1005,12179,581,99.90000153,14.92100969,2.188499928,87.0,43.0,82.60000229,29.73866558,2976.318238,85.31785583,0.745000005,189.0,44.0,4.789531934856006,180.77009906446486,495.87207,-1353.9922,14.4,-9.15
1006,12181,581,100.0,15.49489519,1.891000033,84.0,37.0,73.54999924,41.08986283,3898.143311,160.8290558,0.785000026,140.0,47.0,3.5758811248060014,139.08305098999,495.87207,-1353.9922,17.5,-12.25
1020,12408,596,100.3499985,15.31831513,1.968999982,70.5,38.70000076,74.20000077,25.25212193,4241.375977,102.9698181,0.629999995,271.0,31.79999924,3.876960929116,146.09980018053,-661.51904,803.4922,8.9,-3.0499997
1021,12411,596,100.1500016,16.11783006,1.632999957,58.59999847,35.29999924,60.75,27.06635285,2471.275635,103.9504852,0.589999974,390.0,23.299999230000005,2.6666888595620017,99.20474738775,-661.51904,803.4922,11.9,-6.0499997
1022,12414,596,100.1000023,17.17240523,1.273000002,48.29999924,24.39999962,47.10000039,31.13611222,3025.351441,101.0084915,0.779999971,136.0,23.89999962,1.6205290050920003,59.95830059067,-661.51904,803.4922,14.9,-9.049999
1023,12425,597,100.4000015,14.8817696,2.128000021,85.69999695,39.29999924,81.95000076,16.84292126,1735.776978,60.80122757,0.720000029,236.0,46.39999771,4.528384089376001,174.38960333823002,-611.2085,711.02344,8.3,-2.73
1024,12427,597,100.5499993,15.86277043,1.766499997,61.5,30.70000076,65.80000115,24.49210739,2387.91919,83.35652924,0.600000024,345.0,30.79999924,3.1205222394009997,116.23570183407499,-611.2085,711.02344,11.3,-5.73
1025,12430,597,100.1500015,17.20674008,1.279500008,37.20000076,25.89999962,47.20000077,18.60811806,872.7918398,84.33718872,0.540000021,2140.0,11.300001140000003,1.6371202704720003,60.392401362815015,-611.2085,711.02344,14.3,-8.73
1026,12446,598,100.5,15.90200992,1.75,70.0,31.39999962,65.15000153,25.54632187,2598.762207,79.43386078,0.689999998,305.0,38.60000038,3.0625,114.0125026775,-560.897,618.5586,12.1,-6.4300003
1027,12450,598,99.54999924,17.61875946,1.122500002,46.40000153,23.79999924,41.45000077,38.56465149,3422.52063,122.5831223,0.370000005,490.0,22.60000229,1.26000625449,46.527625947225005,-560.897,618.5586,15.1,-9.43
1028,12457,599,100.2000008,14.54823039,2.375500083,89.5,34.5,90.89999771,21.03526402,2417.339111,47.07191849,0.730000019,228.0,55.0,5.643000644333006,215.9329521048048,-485.41943,495.26562,7.5,-2.44
1029,12459,599,99.65000153,17.19693021,1.268499971,43.40000153,25.29999924,46.59999847,20.00556564,2245.722901,83.35652924,0.389999986,816.0,18.10000229,1.6090921764270008,59.11209670779505,-485.41943,495.26562,10.5,-5.44
1030,12463,599,99.5,14.2686446,2.574499965,103.0,49.40000153,97.20000076,35.30393982,5241.654541,76.49186707,1.049999952,151.0,53.59999847,6.628050069785,250.24139855461993,-485.41943,495.26562,13.5,-8.440001
1035,12526,604,100.6999969,14.88667484,2.167500019,94.0,45.70000076,83.29999924,29.9347992,2991.028199,102.9698181,0.810000002,253.0,48.29999924,4.6980563323650015,180.55274993540002,-510.45166,772.59766,9.6,-3.8300004
1036,12530,604,100.25,16.61814005,1.467500031,58.29999924,30.39999962,54.29999924,38.54013443,4403.185791,118.6604691,0.569999993,402.0,27.89999962,2.1535563409850007,79.68525056799997,-510.45166,772.59766,12.6,-6.8300004
1037,12539,605,100.3499985,15.46546499,1.847500026,65.40000153,40.0,70.34999848,34.81360626,3358.777588,100.0278244,0.560000002,492.0,25.400001529999997,3.4132563460700007,129.97162402089995,-686.78564,649.4414,12.0,-5.95
1038,12542,605,99.89999773,16.03444468,1.642499984,66.40000153,36.59999847,61.29999924,40.47694779,4192.342774,152.003067,0.469999999,988.0,29.800003059999995,2.6978061974400007,100.68524777090002,-686.78564,649.4414,15.1,-9.05
1041,12567,607,99.79999925,14.87196032,2.240999937,73.40000153,35.70000076,83.55000305,11.91507959,1701.453736,38.24593353,1.120000005,99.19999695,37.700000769999995,5.0220807176340045,187.23555157139984,-586.1626,464.5078,5.5,-3.01
1042,12569,607,99.04999924,14.77386041,2.172500015,100.0999985,44.59999847,81.94999695,16.52420616,2069.203125,45.11058807,0.860000014,128.0,55.500000029999995,4.719756315174999,178.03636960312494,-586.1626,464.5078,8.5,-6.01
1043,12573,607,99.69999695,14.29807481,2.490999937,110.0,50.5,95.45000076,18.53456879,2167.269654,66.68521881,1.029999971,84.59999847,59.5,6.205080686134005,237.76594587980995,-586.1626,464.5078,11.5,-9.01
1044,12584,608,99.70000076,15.83824486,1.754000008,59.70000076,33.20000076,65.0,48.78808022,5555.467041,164.751709,0.579999983,299.0,26.5,3.0765160280640003,114.01000052,-837.81885,741.96484,12.5,-8.13
1051,12799,626,100.0499993,14.21959524,2.727499962,115.1999969,39.0,102.3500023,7.379503965,475.6225281,19.61330032,0.899999976,154.0,76.1999969,7.439256042710001,279.1596273839499,-32.092773,618.28516,6.1,-2.59
1052,12801,626,99.89999769,14.51389496,2.47450006,85.19999695,36.09999847,92.54999924,12.06217909,1304.284363,31.38127899,0.74000001,276.0,49.09999848,6.123150546940003,229.01497867237995,-32.092773,618.28516,7.5,-3.99
1053,12802,626,100.0499993,14.31278992,2.628499985,123.5,44.29999924,99.29999922,14.61190891,1637.71051,63.74322128,0.822000027,228.0,79.20000076,6.909012171145,261.01004646027,-32.092773,618.28516,9.0,-5.49
1054,12803,626,99.93333179,14.74443021,2.306333303,86.30000305,36.59999847,86.60000102,14.59556389,1791.348063,50.0139122,0.714999974,302.0,49.70000458,5.319173304526891,199.72846639225997,-32.092773,618.28516,10.5,-6.99
1055,12804,626,100.7666651,15.83661018,1.758666674,80.80000305,40.59999847,66.30000051,18.30574608,1846.919027,55.89790344,0.694999993,408.0,40.20000458,3.0929084702382226,116.59960138312002,-32.092773,618.28516,12.0,-8.49
1056,12805,626,101.4000015,16.27478999,1.576333324,62.70000076,32.70000076,59.83333333,21.08429655,1775.003581,127.4864426,0.538999975,934.0,30.0,2.4848267483528885,94.31727721407889,-32.092773,618.28516,13.5,-9.99
1057,12807,626,99.85000229,15.09758975,2.105999947,70.69999695,30.20000076,78.54999924,25.91407204,3280.324463,96.1051712,0.370000005,1240.0,40.49999619,4.435235776764003,165.42629423629003,-32.092773,618.28516,15.0,-11.49
1058,12813,626,99.5,14.86215044,2.199500084,89.59999847,41.79999924,82.39999771,53.25010873,5246.557617,133.3704376,1.054999948,438.0,47.799999230000005,4.837800619516006,181.2388018847448,-32.092773,618.28516,21.4,-17.89
1059,12814,626,100.0,14.85724521,2.220000029,108.5999985,43.90000153,83.54999924,58.34956553,5413.270752,102.9698181,1.024999976,363.0,64.69999697,4.928400128760001,185.48100073574997,-32.092773,618.28516,22.9,-19.39
1060,12815,626,99.7666677,14.58747028,2.383999984,107.5999985,38.5,89.63333384,59.65712104,5377.312826,156.9064026,1.187000036,824.0,69.0999985,5.683455923712,213.68586644042665,-32.092773,618.28516,24.4,-20.89
1061,12816,626,99.35000229,14.60218499,2.370499969,109.6999969,39.20000076,88.5,62.02705958,4466.928956,152.003067,1.14199996,401.0,70.49999614000001,5.619270103029001,209.7892472565,-32.092773,618.28516,25.9,-22.39
1062,12817,626,99.40000153,14.55804026,2.381500006,105.1999969,44.29999924,89.35000229,63.7432251,7340.277344,147.0997467,1.085999966,307.0,60.899997660000004,5.671542278578,212.78703098973503,-32.092773,618.28516,27.4,-23.89
1063,12818,626,97.83333333,14.39127008,2.466000001,100.0,41.29999924,90.36666616,65.86799622,7328.8361,269.6828613,1.212000012,455.0,58.70000076,6.081156004931999,222.84419884092662,-32.092773,618.28516,29.0,-25.49
1064,12819,626,99.0,14.81800455,2.218500019,105.0,41.59999847,82.40000153,62.02705958,5325.010742,152.9837341,1.049000025,428.0,63.40000153,4.9217423343030005,182.804404959905,-32.092773,618.28516,30.4,-26.89
1065,12820,626,98.15000153,14.464845,2.392000079,95.19999695,39.90000153,88.5,60.06572725,4486.542236,171.6163635,1.070000052,521.0,55.29999542,5.721664377936005,211.6920069915,-32.092773,618.28516,31.9,-28.39
1066,12821,626,98.80000305,15.08287523,2.020499945,89.30000305,37.29999924,75.34999847,74.0402069,7227.500976,192.2103424,1.047999978,307.0,52.00000381,4.082420027745004,152.2446677643851,-32.092773,618.28516,33.4,-29.890001
1067,12823,626,95.35000229,16.33855544,1.402999997,54.59999847,26.60000038,50.19999886,52.71074488,4790.548339,279.489502,0.540000021,893.0,27.999998090000002,1.968408991582,70.43059824998001,-32.092773,618.28516,34.9,-31.390001
1068,12824,626,97.79999924,16.17178466,1.541500032,68.40000153,31.20000076,56.25,78.4531975,8051.259277,230.4562531,0.685000002,504.0,37.200000769999995,2.3762223486560012,86.7093768,-32.092773,618.28516,36.4,-32.890003
1069,12826,626,97.90000153,16.03934991,1.640500009,61.0,29.39999962,59.29999924,76.73703385,5516.240479,245.1662445,0.68599999,784.0,31.60000038,2.691240279529,97.28164928691999,-32.092773,618.28516,38.8,-35.29
1070,12827,626,97.34999848,15.94615523,1.640000045,70.40000153,30.60000038,59.30000115,76.49186705,4618.932129,254.9728851,0.693000019,552.0,39.80000115,2.6896001476000024,97.25200455450006,-32.092773,618.28516,40.3,-36.79
1071,12828,626,96.86666616,16.02299992,1.605333328,70.40000153,30.39999962,57.53333283,70.60787582,6704.479492,227.514267,0.708000004,684.0,40.000001909999995,2.5770950939875554,92.36017666291555,-32.092773,618.28516,41.8,-38.29
1072,12829,626,98.29999924,16.24536018,1.747000039,87.40000153,32.09999847,63.65000153,86.78884888,5673.146973,269.6828613,0.879999995,703.0,55.300003059999995,3.0520091362660016,111.19655515526006,-32.092773,618.28516,43.3,-39.79
1073,12830,626,96.04999924,15.64695028,1.739499986,71.19999695,33.09999847,61.94999886,95.61483383,8340.55542,287.3348389,0.721000016,265.0,38.09999848,3.0258602012940004,107.76202214967002,-32.092773,618.28516,44.5,-40.99
1074,12832,626,92.86666616,14.93735987,2.09799997,125.1999969,54.59999847,70.33333333,74.20365017,8871.749348,519.7524414,0.953000009,582.0,70.59999843,4.401603874120001,147.55933121634,-32.092773,618.28516,46.1,-42.59
1075,12841,627,100.6666666,14.44686034,2.542666674,74.09999847,43.79999924,96.36666869,4.363959233,202.6707611,119.6411285,1.25,303.0,30.299999230000005,6.465153815070222,245.0283169624622,93.726074,433.34766,6.6,-3.32
1076,12842,627,100.9000015,14.49917986,2.592499972,103.3000031,37.40000153,97.19999693,14.51384163,2319.272705,40.20726395,0.959999979,350.0,65.90000157,6.7210561048200015,251.9909893194251,93.726074,433.34766,8.1,-4.8200006
1077,12844,627,94.36666616,17.10210007,1.200333357,45.79999924,24.79999924,42.06666692,14.67728583,898.9428507,64.72389221,0.412,804.0,21.0,1.4408001679268896,50.49402352188446,93.726074,433.34766,9.6,-6.3200006
1078,12846,627,101.3999977,15.71561998,1.858500004,73.80000305,33.20000076,69.89999771,21.35398007,2672.312134,56.87856674,0.629999995,386.0,40.60000229,3.4540222648679997,129.90914602363497,93.726074,433.34766,11.1,-7.8200006
1079,12847,627,99.79999922,15.14664029,2.080999971,90.19999695,35.90000153,77.45000077,19.19651794,1569.064026,71.58854675,0.797999978,265.0,54.29999542,4.330560879302,161.17344935631996,93.726074,433.34766,12.6,-9.320001
1080,12848,627,99.74999998,14.45994036,2.531000018,108.6999969,42.0,94.34999848,23.14369392,2569.342285,68.64654541,1.25999999,232.0,66.6999969,6.405961091116,238.79984785117995,93.726074,433.34766,14.1,-10.820001
1081,12850,627,95.75,17.86891503,1.003499985,64.19999695,29.70000076,35.75,8.727918147,642.3355408,30.40061378,0.393999994,1710.0,34.49999619,1.007012219895,35.87512446375,93.726074,433.34766,15.6,-12.320001
1082,12855,627,98.95000077,14.72971452,2.291499972,98.80000305,37.5,89.79999924,43.95830917,3255.807861,132.3897705,1.133999944,272.0,61.30000305,5.250972121676001,205.77669574406002,93.726074,433.34766,19.8,-16.519999
1083,12856,627,97.29999924,14.82290978,2.135500073,95.5,35.59999847,78.14999771,55.84887125,6982.334717,129.4477844,0.99000001,442.0,59.90000153,4.560360561783006,166.88932581465482,93.726074,433.34766,21.3,-18.019999
1084,12857,627,99.10000229,14.464845,2.394500018,104.4000015,40.20000076,90.20000076,55.16240503,3152.837891,156.9064026,1.067999959,324.0,64.20000074000001,5.733630336202,215.98390344342,93.726074,433.34766,22.8,-19.519999
1085,12858,627,101.1499977,14.73952498,2.311499953,97.59999847,40.79999924,88.60000229,56.3882332,3687.300293,157.8870697,1.018000007,221.0,56.799999230000005,5.3430320327190035,204.79890112913492,93.726074,433.34766,24.3,-21.019999
1086,12859,627,100.5500031,14.56294491,2.397500038,105.0,38.70000076,91.55000305,60.31089783,3849.109986,149.0610809,1.217000008,189.0,66.29999924,5.748006432210001,219.49113579127513,93.726074,433.34766,25.8,-22.519999
1087,12860,627,99.66666923,14.65286983,2.312000036,104.5999985,41.40000153,87.19999949,64.23355612,7724.371419,172.5970306,1.174999952,186.0,63.19999697,5.345344166464002,201.60640196007998,93.726074,433.34766,27.3,-24.019999
1088,12861,627,100.9333344,14.70518993,2.299666722,101.1999969,41.0,88.56666819,69.79065832,9107.109049,211.8236389,0.981000006,765.0,60.1999969,5.288467032274225,203.67381951495898,93.726074,433.34766,28.8,-25.519999
1089,12862,627,101.6999995,14.65286983,2.348666668,110.0999985,42.5,92.0,62.43567148,3507.511719,190.2490082,1.072000027,387.0,67.5999985,5.5162351173742215,216.077333456,93.726074,433.34766,30.3,-27.019999
1090,12863,627,99.15000153,14.82290978,2.174499989,90.19999695,40.20000076,81.64999771,65.21421815,3795.173584,190.2490082,0.913999975,750.0,49.99999619,4.728450202161,177.54791912224502,93.726074,433.34766,31.8,-28.519999
1091,12864,627,100.4500008,14.51880019,2.409500003,94.5,39.79999924,92.20000077,82.86619185,9635.033203,274.5861816,1.194000006,611.0,54.70000076,5.805690264456999,222.15590213191498,93.726074,433.34766,33.3,-30.019999
1092,12865,627,99.04999924,15.33303023,1.89349997,82.69999695,37.0,70.80000305,80.65969468,8458.235352,617.8189697,1.35800004,264.0,45.69999695,3.5853421363900004,134.05980365117492,93.726074,433.34766,34.8,-31.519999
1093,12867,627,99.84999848,16.82905497,1.341500044,53.79999924,27.29999924,50.04999924,49.0332489,3844.206787,164.751709,0.472000003,1610.0,26.5,1.799622368052002,67.14207618265996,93.726074,433.34766,36.3,-33.02
1094,12869,627,100.25,16.39251004,1.486999989,66.5,31.0,55.90000153,80.4145279,4310.022705,313.8128052,0.79400003,923.0,35.5,2.2111689672860004,83.12330166020999,93.726074,433.34766,38.8,-35.52
1095,12870,627,100.9666646,16.33037986,1.512333314,66.80000305,30.5,57.5,96.59550223,11986.99479,245.1662445,0.689999998,616.0,36.30000305,2.287152052634222,86.959165555,93.726074,433.34766,40.3,-37.02
1096,12873,628,99.50000002,14.07735002,2.957499981,86.59999847,36.40000153,107.3499985,3.113611222,1613.193909,13.72931004,0.959999979,157.0,50.199996940000005,8.746806137615,317.4876185241,169.19922,279.2461,5.9,-2.72
1097,12880,628,101.75,17.05959022,1.351499975,47.0,27.60000038,50.64999962,38.00076676,3108.707886,117.6798019,0.356000006,1310.0,19.39999962,1.8265521824250008,68.45347322018002,169.19922,279.2461,11.6,-8.42
1098,12882,628,100.9500008,17.65309547,1.157000006,46.5,28.10000038,43.05000115,39.47176552,4383.57251,85.31785583,0.465000004,1040.0,18.39999962,1.3386490138840001,49.80885158885001,169.19922,279.2461,12.9,-9.719999
1099,12883,628,98.33333588,17.12826011,1.278999964,64.19999695,32.29999924,46.19999949,40.69759496,2840.659587,125.525116,0.504999995,405.0,31.89999771,1.6358409079120013,59.089797684510025,169.19922,279.2461,14.4,-11.219999
1100,12884,628,99.70000078,16.23554972,1.628500045,65.59999847,32.5,59.5,33.71035767,2010.363221,122.5831223,0.574000001,561.0,33.09999847,2.652012396565002,96.8957526775,169.19922,279.2461,15.9,-12.719999
1101,12885,628,101.0499993,16.12763994,1.703499973,69.80000305,33.40000153,63.14999962,36.94655419,2113.333008,93.16316986,0.660000026,366.0,36.40000152,2.9019121580110006,107.57602264762002,169.19922,279.2461,17.4,-14.219999
1102,12886,628,100.8666687,16.92552,1.413666646,68.30000305,30.39999962,52.06666692,42.82237116,4596.049967,156.9064026,0.722000003,582.0,37.90000343,1.9984533860128895,73.60491039319555,169.19922,279.2461,18.8,-15.619999
1103,12887,628,99.20000203,15.19242009,2.105666637,103.5999985,38.90000153,76.80000051,55.79983648,4501.252278,128.4671021,1.220000029,418.0,64.69999697,4.43383198617489,161.71519879549,169.19922,279.2461,20.2,-17.02
1104,12888,628,99.45000077,15.11230544,2.128999949,96.0,39.20000076,78.25,64.18452455,7551.120361,130.4284515,0.939999998,424.0,56.79999924,4.532640782842002,166.59424600924999,169.19922,279.2461,21.9,-18.72
1105,12897,628,98.09999848,15.23002509,1.992999971,73.40000153,37.5,72.70000076,86.78884888,10713.76465,304.006134,0.711000025,393.0,35.90000153,3.9720488844060005,144.89109940637996,169.19922,279.2461,35.5,-32.32
1106,12899,628,94.63333384,16.76856007,1.33799998,49.59999847,27.79999924,46.36666616,71.58854167,5367.506348,382.4593506,0.485000014,1150.0,21.799999230000005,1.7902439464800004,62.03859839474668,169.19922,279.2461,36.9,-33.72
1107,12901,628,97.30000051,16.10475024,1.639000019,76.0,35.20000076,58.26666768,81.55863698,5910.140951,224.5722809,0.712000012,488.0,40.79999924,2.6863210622820004,95.49906943458669,169.19922,279.2461,39.7,-36.52
1108,12902,628,97.0,16.2208352,1.562000036,66.59999847,32.20000076,55.69999886,78.94353105,4373.765869,264.779541,0.469000012,1180.0,34.39999771,2.439844112464001,87.00340022451995,169.19922,279.2461,41.2,-38.02
1109,12903,628,97.20000076,16.34836473,1.523499966,72.19999695,31.39999962,54.39999962,84.3371849,6727.361572,184.3650208,0.720000029,484.0,40.79999733,2.321052146402001,82.87839757147002,169.19922,279.2461,42.7,-39.52
1110,12904,628,98.73333486,16.12109983,1.624333342,84.40000153,33.70000076,59.16666666,91.36528523,10447.35091,245.1662445,0.713999987,292.0,50.700000769999995,2.638458805932889,96.10638939083776,169.19922,279.2461,44.2,-41.02
1111,12905,628,97.59999847,15.96414029,1.683000008,75.5,35.20000076,60.36666616,91.69217682,5916.678711,284.3928528,0.624000013,636.0,40.29999924,2.832489026928,101.59709963021334,169.19922,279.2461,45.7,-42.52
1112,12906,628,99.23333232,16.27478999,1.532000025,72.59999847,32.70000076,56.73333359,113.1033579,10355.82227,343.2327271,0.689999998,286.0,39.89999771,2.347024076600001,86.91546847821334,169.19922,279.2461,47.1,-43.92
1113,12907,628,96.19999695,15.98049008,1.572499991,72.90000153,33.0,56.45000076,106.1569901,4412.992432,304.006134,0.620000005,438.0,39.90000153,2.4727562216949996,88.76762568704999,169.19922,279.2461,48.4,-45.22
1114,12917,629,94.90000153,12.66961473,4.09800005,135.1000061,47.5,144.6500016,1.372930974,156.4160538,234.3789368,0.952000022,1920.0,87.6000061,16.7936044098,592.7757137893,370.49365,-90.60156,3.3,-0.32999992
1115,12918,629,99.09999848,13.16501949,3.833500028,135.0,48.5,141.75,1.103248149,479.0548478,6.864655018,1.470000029,145.0,86.5,14.695722464676,543.398628969,370.49365,-90.60156,5.0,-2.03
1116,12920,629,99.30000305,14.08225467,2.857999921,108.5999985,42.09999847,105.0499992,0.760015368,46.58158684,44.12992096,1.830000043,199.0,66.50000003,8.168163548436008,300.2328894146501,370.49365,-90.60156,8.0,-5.0299997
1117,12921,629,100.8000031,13.6996655,3.387500048,112.5,43.90000153,125.9499969,1.765196979,160.3387223,8.825984955,0.99000001,261.0,68.59999847,11.475156575200003,426.65562054434986,370.49365,-90.60156,9.3,-6.33
1118,12922,629,102.4499969,14.34712535,2.756500006,94.90000153,37.70000076,105.8499985,3.334261179,247.6178971,9.806650162,0.867999971,313.0,57.200000769999995,7.598292283078,291.77552150035,370.49365,-90.60156,11.0,-8.03
1119,12924,629,99.04999922,14.37164974,2.63349998,94.59999847,39.5,96.04999924,3.751043558,193.1909943,18.63263512,0.814999998,358.0,55.09999847,6.93532214466,252.94767107754,370.49365,-90.60156,12.5,-9.53
1120,12925,629,100.2000008,15.08777988,2.153499961,88.59999847,37.5,80.20000077,9.733099938,811.0099487,29.41995049,0.85799998,313.0,51.09999847,4.637562082027002,172.71069853039498,370.49365,-90.60156,14.0,-11.03
1121,12926,629,98.54999924,15.65185493,1.839000046,70.19999695,31.60000038,66.70000077,12.11121178,1392.544251,34.32327271,0.698000014,196.0,38.59999657,3.381921169188002,122.66130448423004,370.49365,-90.60156,15.5,-12.53
1122,12927,629,102.1000023,15.92163026,1.84799999,74.40000153,31.79999924,68.89999771,12.01314592,1500.41742,39.22660065,0.501999974,360.0,42.60000229,3.41510396304,127.32719507908001,370.49365,-90.60156,17.0,-14.03
1123,12928,629,99.8000005,15.51942017,1.848666708,102.5,42.70000076,69.43333562,16.39344883,1376.19987,50.9945755,1.24000001,138.0,59.79999924,3.417568597267558,128.35909598608453,370.49365,-90.60156,18.5,-15.53
1124,12933,629,100.4666646,15.44747992,1.893000007,91.30000305,39.29999924,71.69999949,53.44624074,5105.995768,140.2350922,0.810000002,213.0,52.00000381,3.5834490265019996,135.72809953646998,370.49365,-90.60156,22.2,-19.230001
1125,12934,629,100.4666672,15.17933987,2.048999945,97.0,39.59999847,77.40000152,75.51119995,9293.435222,151.0223999,0.99000001,172.0,57.40000153,4.198400774610002,158.5925988574799,370.49365,-90.60156,23.8,-20.83
1126,12935,629,100.0333303,14.87850023,2.207999945,104.5,42.20000076,83.10000102,78.45319622,10313.32682,156.9064026,1.100000024,130.0,62.29999924,4.8752637571200035,183.48479768165993,370.49365,-90.60156,25.3,-22.33
1127,12936,629,99.69999952,14.57439006,2.418666681,114.1999969,46.20000076,90.56666819,58.18612417,6550.84196,156.9064026,1.200000048,291.0,67.99999614000001,5.849948513779555,219.05058276033557,370.49365,-90.60156,26.8,-23.83
1128,12937,629,99.0,14.58746989,2.345000029,112.9000015,45.29999924,87.39999771,86.5436821,8786.757813,151.0223999,1.25,125.0,67.60000226,5.49902513601,204.9529971645499,370.49365,-90.60156,28.3,-25.33
1129,12938,629,98.65000153,14.71990523,2.253999949,113.5,43.79999924,83.55000305,94.63417053,11983.72607,169.6550446,1.299999952,176.0,69.70000076,5.080515770092002,188.32170261364982,370.49365,-90.60156,29.8,-26.83
1130,12939,629,100.0,14.45503513,2.493999958,114.3000031,43.79999924,93.90000153,92.42767335,10100.84912,161.8097229,1.25,384.0,70.50000385999999,6.220035790504001,234.1865998720199,370.49365,-90.60156,31.3,-28.33
1131,12940,629,98.45000076,14.39127008,2.460500002,121.5,46.20000076,91.20000076,96.1051674,9963.555664,202.9976501,1.320000052,181.0,75.29999924,6.054060259841999,224.39760205237997,370.49365,-90.60156,32.8,-29.83
1132,12941,629,96.10000229,14.7002849,2.13199997,114.4000015,43.5,77.45000076,102.2343216,12778.06495,205.9396362,1.25999999,157.0,70.9000015,4.545423872080001,165.12339929681997,370.49365,-90.60156,34.3,-31.33
1133,12942,629,96.25,14.66104482,2.164499998,106.1999969,45.09999847,78.79999924,97.33099748,9968.459474,198.0943298,1.230000019,182.0,61.09999843,4.685060241342001,170.56259819738003,370.49365,-90.60156,35.8,-32.829998
1134,12943,629,97.19999695,14.73952498,2.189999938,113.8000031,47.59999847,79.90000153,105.1763153,11444.36036,243.2049103,1.440000057,108.0,66.20000463,4.796099728440004,174.9809983968999,370.49365,-90.60156,37.3,-34.329998
1135,12944,629,97.63333384,14.78367009,2.178333283,97.0,38.59999847,79.80000305,119.3142395,13278.2041,225.5529327,1.070000052,168.0,58.40000153,4.745135891825559,173.83100262731654,370.49365,-90.60156,38.8,-35.829998
1136,12946,629,97.86666616,17.10863998,1.21633331,66.5,30.39999962,44.5333341,62.27222825,6103.005208,254.9728851,0.660000026,331.0,36.10000038,1.479466721015556,54.167377671188866,370.49365,-90.60156,40.3,-37.329998
1137,12948,629,100.100001,16.38597012,1.523000002,73.69999695,34.90000153,56.69999949,93.81694538,9058.07552,299.1028137,0.644999981,498.0,38.79999542,2.3195290060920004,86.35409933667,370.49365,-90.60156,42.8,-39.829998
1138,12949,629,100.2999993,16.52494538,1.499000013,77.09999847,33.79999924,55.55000115,110.0796433,13587.11279,294.1994934,0.698000014,435.0,43.299999230000005,2.2470010389740005,83.26945244600002,370.49365,-90.60156,44.3,-41.329998
1139,12950,629,100.9500008,16.35326996,1.541499973,86.19999695,35.5,58.04999924,121.8476257,13390.97949,323.6194458,0.737999976,240.0,50.69999695,2.376222166759001,89.48407226111003,370.49365,-90.60156,45.8,-42.829998
1140,12951,629,100.3666661,16.69335007,1.416000009,48.0,26.79999924,52.83333333,109.9979273,12091.59896,269.6828613,0.432000011,1480.0,21.20000076,2.005056025488,74.81200047078,370.49365,-90.60156,47.3,-44.329998
1141,12952,629,100.9000016,16.78491025,1.334999979,51.09999847,29.20000076,50.89999962,110.8151436,13851.89258,333.4261169,0.40200001,1450.0,21.89999771,1.7822249439300004,67.95149842380002,370.49365,-90.60156,48.6,-45.629997
1142,12953,629,97.06666565,17.95230003,0.998000006,41.09999847,26.0,36.06666692,94.7976176,9221.519368,451.1058655,0.358999997,1550.0,15.099998470000003,0.9960040119760002,35.99453380256001,370.49365,-90.60156,50.3,-47.329998
1143,12958,629,97.65000153,17.49122993,1.121499956,43.29999924,28.89999962,40.75,93.65350725,3152.837769,588.3989868,0.323000014,1660.0,14.39999962,1.2577621513080022,45.701123207,370.49365,-90.60156,54.2,-51.23
1144,12959,629,99.09999848,17.60404494,1.101999999,49.20000076,31.29999924,40.75,99.53749465,4148.212891,608.0122681,0.370000005,1730.0,17.900001520000004,1.214403997796,44.90649995925,370.49365,-90.60156,55.7,-52.73
1145,12960,629,97.63333384,17.19366044,1.226666689,66.59999847,32.40000153,44.23333359,118.6604614,4076.297282,568.7857056,0.43599999,1890.0,34.199996940000005,1.5047111659022228,54.25955685827778,370.49365,-90.60156,57.1,-54.129997
1146,12961,629,98.45000076,16.191405,1.504000008,88.69999695,43.5,55.80000115,147.0997467,7301.051025,558.9790039,0.805000007,213.0,45.19999695,2.262016024064,83.923202176,370.49365,-90.60156,58.5,-55.53
1147,12985,630,100.0,14.38636485,2.511999965,98.5,44.40000153,96.5,3.064577937,73.54987335,19.61330032,0.699999988,109.0,54.09999847,6.31014382416,242.40799662249998,496.344,-244.72266,9.6,-6.6500006
1148,12986,630,99.20000077,14.17544993,2.549999952,91.19999695,39.0,97.29999924,4.290409327,210.8429642,21.57462883,0.810000002,99.40000153,52.19999695,6.5024997552000015,248.11499339160002,496.344,-244.72266,11.1,-8.150001
1149,12987,630,100.0,15.00439508,2.060500026,83.40000153,36.40000153,79.79999924,4.903325081,382.4593506,18.63263512,0.709999979,144.0,47.0,4.245660357146002,164.42790050882002,496.344,-244.72266,12.6,-9.650001
1150,12988,630,99.84999848,15.36736508,1.862999976,73.59999847,34.29999924,71.75,6.742071868,627.6256104,22.55529404,0.610000014,123.0,39.299999230000005,3.4707689105760005,133.670248278,496.344,-244.72266,14.1,-11.150001
1151,12989,630,100.0,14.7607798,2.214666685,82.40000153,36.29999924,85.5,8.580818653,761.6498413,30.40061378,0.709999979,145.0,46.10000229,4.904748525648889,189.3540015675,496.344,-244.72266,15.6,-12.650001
1152,12990,630,100.0,14.86214986,2.147500039,88.09999847,37.59999847,83.09999848,11.03248119,1211.121277,35.30393982,0.829999983,169.0,50.5,4.611756417505002,178.45724997669993,496.344,-244.72266,17.1,-14.150001
1153,12992,630,99.59999848,14.93081956,2.081500054,79.59999847,36.09999847,79.25,13.36155987,956.1483458,58.83990097,0.800000012,133.0,43.5,4.332642474802004,164.95887927950002,496.344,-244.72266,18.3,-15.349999
1154,12996,630,99.59999847,15.60444024,1.757666668,72.5,33.09999847,66.53333282,35.95771662,2758.937418,142.1964264,0.920000017,172.0,39.40000153,3.089392115798222,116.94342140866443,496.344,-244.72266,22.3,-19.349998
1155,12997,630,99.46666717,14.82618013,2.173999945,94.5,40.29999924,82.19999695,35.1404953,2275.142741,177.500351,1.120000005,119.0,54.20000076,4.726275760860002,178.70278884830014,496.344,-244.72266,23.8,-20.849998
1156,12998,630,100.0,14.88504015,2.160000006,93.0,39.79999924,82.86666616,47.88913854,3988.037598,161.8097229,1.100000024,183.0,53.20000076,4.665600025920001,178.9919994028,496.344,-244.72266,25.3,-22.349998
1157,12999,630,100.0,14.84253011,2.269500017,101.0,44.0,87.59999847,57.85923385,3991.306519,178.4810333,1.220000029,189.0,57.0,5.150630327163,198.80819801686496,496.344,-244.72266,26.8,-23.849998
1158,13000,630,99.03333028,14.29643993,2.5236667,107.8000031,49.09999847,94.86666616,64.07011032,4586.243164,187.3070068,1.24000001,196.0,58.700004629999995,6.368893612688891,239.41184632800886,496.344,-244.72266,28.3,-25.349998
1159,13001,630,100.0,14.6316152,2.364500046,102.5999985,46.0,91.0,62.51739123,3677.493653,201.0363159,1.330000043,188.0,56.5999985,5.590860467534001,215.16950418599998,496.344,-244.72266,29.8,-26.849998
1160,13002,630,99.20000077,14.37165033,2.506500006,103.8000031,48.0,94.79999924,73.54987335,5658.437012,181.4230194,1.159999967,181.0,55.8000031,6.282542280078,237.61619866386002,496.344,-244.72266,31.3,-28.349998
1161,13003,630,99.86666616,14.51553004,2.468666712,103.0,47.90000153,92.93333181,73.87675985,4945.820475,225.5529327,1.370000005,262.0,55.09999847,6.0943153349368915,229.42142267459772,496.344,-244.72266,32.8,-29.849998
1162,13004,630,99.89999898,14.31278991,2.606999953,107.5999985,48.70000076,98.26666515,64.39699937,5073.306722,206.9203033,1.389999986,164.0,58.899997739999996,6.796448754942001,256.1811914275167,496.344,-244.72266,34.3,-31.349998
1163,13005,630,99.93333435,14.45667001,2.476666689,104.3000031,47.70000076,93.63333384,66.35833105,5122.340169,251.0502319,1.5,177.0,56.600002339999996,6.133877888402223,231.89855890154448,496.344,-244.72266,35.8,-32.85
1164,13006,630,100.0,14.52370542,2.42050004,106.0,48.09999847,92.10000229,73.54987335,5089.651123,250.0695648,1.480000019,146.0,57.90000153,5.858820443640001,222.9280592269451,496.344,-244.72266,37.3,-34.35
1165,13007,630,99.96666718,14.56785014,2.414000034,103.0,47.09999847,91.13333384,77.14564515,5818.612142,259.8762207,1.480000019,917.0,55.90000153,5.827396164152001,219.99587098829335,496.344,-244.72266,38.6,-35.649998
1166,13008,630,99.93333435,14.82944989,2.216666698,102.8000031,47.29999924,84.26666514,82.048968,7475.936035,264.779541,1.210000038,91.69999695,55.50000386,4.913611250022224,186.79111036735551,496.344,-244.72266,40.3,-37.35
1167,13010,630,99.56666565,17.1446101,1.199000001,45.5,33.5,45.23333231,48.86980439,4527.403239,323.6194458,0.389999986,2530.0,12.0,1.437601002398,54.23476548492333,496.344,-244.72266,41.8,-38.85
1168,13013,630,99.73333232,16.21592958,1.498999993,63.59999847,31.10000038,56.83333333,38.40937805,2503.964599,264.779541,0.600000024,409.0,32.499998090000005,2.247000979014,85.19316626383667,496.344,-244.72266,43.7,-40.75
1169,13015,630,99.89999898,16.30094966,1.473999977,75.30000305,36.09999847,56.13333384,67.82932663,4478.369954,357.9427185,0.910000026,112.0,39.20000458,2.1726759321960007,82.74053278909332,496.344,-244.72266,46.8,-43.85
1170,13018,631,97.79999924,13.31216994,3.462000013,117.8000031,45.90000153,126.949997,7.600153685,661.9488831,17.65196991,1.330000043,120.0,71.90000157,11.985444090011999,439.50089126434995,697.6758,-583.75,5.5,-2.63
1171,13019,631,101.5,15.02892005,2.265000105,89.30000305,37.79999924,85.04999924,5.41817403,338.329422,22.55529404,0.50999999,716.0,51.50000381,5.13022547565001,192.63825720884992,697.6758,-583.75,7.0,-4.13
1172,13020,631,92.79999924,14.68066515,2.164499998,89.59999847,39.09999847,74.69999886,7.453053475,657.0455322,22.55529404,0.851000011,264.0,50.5,4.685060241342001,161.68814738307,697.6758,-583.75,8.5,-5.63
1173,13021,631,101.25,14.72480987,2.437000036,90.59999847,39.09999847,91.70000077,10.41956568,1348.414368,32.36194611,0.790000021,248.0,51.5,5.938969175464002,223.47290517769005,697.6758,-583.75,10.0,-7.13
1174,13022,631,99.96666719,14.83272004,2.340666691,93.69999695,39.20000076,86.33333333,11.57184665,1363.124308,37.26527023,0.74000001,364.0,54.49999619,5.47872055835689,202.07755764853113,697.6758,-583.75,11.5,-8.63
1175,13023,631,99.59999847,14.92591492,2.271499992,77.59999847,36.09999847,83.34999848,17.21067047,1833.843506,44.12992096,0.674000025,461.0,41.5,5.159712213655999,189.32952088052,697.6758,-583.75,13.0,-10.13
1176,13024,631,99.5,15.10249499,2.168500066,79.5,35.79999924,79.29999924,19.51523304,2789.991821,63.74322128,0.859000027,465.0,43.70000076,4.702392536242004,171.96205358573997,697.6758,-583.75,14.5,-11.63
1177,13025,631,99.50000002,15.3428401,2.027500034,74.59999847,31.10000038,74.5,26.23278809,3285.227662,70.60787964,0.836000025,436.0,43.499998090000005,4.110756387870001,151.048752533,697.6758,-583.75,16.0,-13.13
1178,13031,631,93.86666616,17.37350988,1.134666661,42.70000076,26.29999924,39.40000025,44.39143436,3327.723226,313.8128052,0.811999977,658.0,16.400001520000004,1.287468431584889,44.70586672706666,697.6758,-583.75,21.2,-18.330002
1179,13033,631,98.76666768,15.77121024,1.767333349,86.19999695,38.79999924,64.70000204,65.05077617,6554.111002,154.9450684,0.870000005,210.0,47.39999771,3.123467166487556,114.34647128566004,697.6758,-583.75,22.7,-19.830002
1180,13034,631,99.15000153,14.70519013,2.369499922,111.1999969,44.20000076,86.95000077,66.6852188,6354.709473,156.9064026,1.264999986,267.0,66.99999614000001,5.614529880358007,206.02802004241497,697.6758,-583.75,24.2,-21.330002
1181,13035,631,98.20000076,14.55804027,2.412500024,115.4000015,45.20000076,87.84999847,66.19488525,10184.20606,250.0695648,1.264000058,383.0,70.20000074000001,5.8201563658,211.93812341727497,697.6758,-583.75,25.7,-22.830002
1182,13036,631,99.29999924,14.59727976,2.424499989,108.0,43.40000153,89.5,77.2273674,7266.72754,272.6248474,1.460000038,334.0,64.59999847,5.878200196661001,216.9927490155,697.6758,-583.75,27.2,-24.330002
1183,13037,631,99.90000155,14.37655555,2.578999997,123.0,47.79999924,96.60000229,78.45319748,6766.588379,193.1910095,1.322999954,228.0,75.20000076,6.651240984526,249.13140561611002,697.6758,-583.75,30.2,-27.330002
1184,13038,631,98.90000153,14.18526039,2.682999969,123.5,49.29999924,99.39999769,89.48567583,8414.105469,208.8816528,1.416000009,219.0,74.20000076,7.198488833654,266.6901907208701,697.6758,-583.75,31.7,-28.830002
1185,13039,631,99.75000002,14.32260038,2.516000033,121.0,46.40000153,95.54999924,91.44700623,8173.842774,223.5916138,1.440000057,341.0,74.59999847,6.330256166056001,240.40380124099,697.6758,-583.75,33.2,-30.330002
1186,13040,631,99.70000077,14.22940511,2.593999982,118.4000015,46.5,98.34999848,86.05334852,6192.89917,235.3596039,1.460000038,221.0,71.9000015,6.728835906616001,255.11989428682003,697.6758,-583.75,34.4,-31.530003
1187,13041,631,99.14999771,14.32750502,2.541999936,120.6999969,49.20000076,95.0,91.44701005,7090.207764,274.5861816,1.391000032,221.0,71.49999614000001,6.461763674624003,241.48999392,697.6758,-583.75,36.2,-33.33
1188,13042,631,98.45000077,14.24411963,2.56099999,110.0999985,45.40000153,95.10000229,91.69217683,7992.419678,279.489502,1.169999957,280.0,64.69999697,6.5587209487800004,243.55110491368998,697.6758,-583.75,37.7,-34.83
1189,13043,631,98.10000229,14.40598459,2.412999988,105.9000015,46.09999847,89.5,92.42767715,6192.89917,353.0393677,1.195000052,275.0,59.80000303,5.822568942088001,215.963498926,697.6758,-583.75,39.1,-36.23
1190,13045,631,97.89999898,16.79471973,1.370333354,49.40000153,29.10000038,49.56666692,54.10001883,4828.140625,274.5861816,0.524999976,967.0,20.300001149999996,1.8778135010848893,67.92285692708445,697.6758,-583.75,40.7,-37.83
1191,13047,631,96.79999924,16.32383975,1.495500029,64.59999847,31.10000038,53.5,82.62102508,5526.047119,313.8128052,0.717000008,390.0,33.499998090000005,2.2365203367390007,80.0092515515,697.6758,-583.75,42.8,-39.93
1192,13048,631,96.84999848,16.3581746,1.500500023,63.29999924,30.29999924,53.55000115,92.9180069,8688.691895,558.9790039,0.555999994,1320.0,33.0,2.251500319023001,80.35177795722502,697.6758,-583.75,44.3,-41.43
1193,13050,632,98.35000229,13.35141001,3.490499973,73.30000305,33.40000153,128.3000031,3.064577937,227.5142822,10.78731441,0.575999975,441.0,39.90000152,12.183590061513,447.8311573564499,873.8259,-953.5742,4.1,-0.8599999
1194,13051,632,98.70000077,15.74505019,1.741999984,85.90000153,37.20000076,64.04999924,3.334260941,111.7958107,14.70997524,0.834999979,256.0,48.700000769999995,3.0345639442560004,111.57509765128002,873.8259,-953.5742,5.6,-2.36
1195,13052,632,102.0,15.01911018,2.26549995,79.09999847,33.59999847,85.95000076,5.197524548,463.854538,21.57462883,0.722000003,218.0,45.5,5.1324900234500035,194.71972242427995,873.8259,-953.5742,7.1,-3.86
1196,13053,632,99.0,15.9559651,1.664499998,75.59999847,33.29999924,61.35000038,6.889171363,525.6364136,26.47795486,0.59799999,366.0,42.299999230000005,2.7705602433419996,102.11707550981,873.8259,-953.5742,8.6,-5.3600006
1197,13054,632,100.9500008,14.62180532,2.547999978,93.19999695,39.79999924,94.75,12.03766251,1338.607666,52.95590973,1.029999971,180.0,53.39999771,6.492303887888,241.4229979155,873.8259,-953.5742,10.1,-6.8600006
1198,13056,632,102.3499985,14.09696977,3.02699995,98.40000153,40.90000153,115.1500016,13.33704376,1220.927918,36.28460312,1.083999991,276.0,57.5,9.162728697300002,348.5590490856999,873.8259,-953.5742,11.6,-8.360001
1199,13058,632,96.55000305,14.71009477,2.261000038,113.6999969,48.70000076,80.85000229,16.91647053,844.8428955,53.93657684,1.029999971,167.0,64.99999614000001,5.1121211718360025,182.80185824999012,873.8259,-953.5742,13.1,-9.860001
1200,13059,632,98.0,16.55928023,1.435499967,112.1999969,48.5,52.0,24.76179028,1323.897766,64.72389221,1.355000019,148.0,63.6999969,2.060660155257001,74.645998284,873.8259,-953.5742,14.6,-11.360001
1201,13061,632,101.75,17.5010398,1.236000002,35.09999847,30.0,46.04999924,21.81979466,1809.326843,70.60787964,0.412,126.0,5.099998470000003,1.5276960049439998,56.917799152739995,873.8259,-953.5742,16.1,-12.860001
1202,13065,632,99.84999845,15.56356489,1.907500029,66.19999695,35.09999847,70.29999924,46.70416832,4584.608887,110.8151398,0.726000011,209.0,31.099998479999996,3.6385563606350004,134.09725058899997,873.8259,-953.5742,20.7,-17.460001
1203,13066,632,99.65000153,15.93634477,1.745000005,64.09999847,34.20000076,63.85000039,41.6782608,4991.584717,235.3596039,0.536000013,578.0,29.89999771,3.0450250174500004,111.41825099980001,873.8259,-953.5742,22.2,-18.960001
1204,13067,632,98.75,16.47589543,1.49150002,61.5,29.39999962,54.39999962,51.97524453,4589.511963,156.9064026,0.555000007,442.0,32.10000038,2.22457230966,81.13760052123,873.8259,-953.5742,23.6,-20.36
1205,13068,632,99.5,14.48446534,2.488999963,110.5999985,45.59999847,92.5,72.81437303,7624.670166,162.79039,1.126999974,257.0,65.00000003,6.195120815814001,230.2324965775,873.8259,-953.5742,25.1,-21.86
1206,13069,632,99.59999847,14.47465488,2.442999959,108.4000015,43.90000153,91.95000077,70.36270905,6830.331787,156.9064026,1.180999994,492.0,64.49999997,5.968248799674003,224.63384811116,873.8259,-953.5742,26.6,-23.36
1207,13070,632,98.80000305,14.23431034,2.596500039,107.9000015,43.09999847,96.65000153,67.66588593,6310.579102,343.2327271,1.715000033,191.0,64.80000303,6.741812452527001,250.95173274199504,873.8259,-953.5742,28.2,-24.960001
1208,13071,632,99.14999771,14.22449989,2.588500023,106.5999985,43.5,97.35000228,69.8723793,6276.256104,176.5196838,1.203999996,138.0,63.0999985,6.700332369071,251.99048314083004,873.8259,-953.5742,29.7,-26.460001
1209,13072,632,99.29999924,14.25883473,2.628499985,106.5999985,47.79999924,97.95000077,70.8530426,6075.219483,201.0363159,1.065000057,181.0,58.79999926,6.909012171145,257.461575554695,873.8259,-953.5742,31.2,-27.960001
1210,13073,632,98.85000229,14.19016503,2.595000029,116.5999985,45.5,97.45000076,80.4145279,7766.866455,304.006134,1.35800004,181.0,71.0999985,6.734025150510001,252.88275479825,873.8259,-953.5742,32.7,-29.460001
1211,13074,632,98.95000077,14.29317017,2.532999992,104.0,44.0,94.95000077,82.3758545,8041.452881,180.4423523,1.276000023,132.0,60.0,6.416088959472001,240.50835119081,873.8259,-953.5742,34.2,-30.960001
1212,13075,632,99.00000254,14.34548988,2.487666686,99.80000305,46.09999847,93.36666616,83.35652413,8332.383138,176.5196838,1.254999995,144.0,53.70000458,6.188485540634222,232.26514498911553,873.8259,-953.5742,35.7,-32.46
1213,13076,632,98.75,14.31278992,2.498999954,102.5,43.5,93.60000229,85.5630188,8762.241455,313.8128052,1.274999976,295.0,59.0,6.245000770092002,233.9064014171099,873.8259,-953.5742,37.2,-33.96
1214,13077,632,98.54999924,14.34712477,2.468000055,93.0,42.09999847,92.14999771,88.01467895,8610.238526,328.5227661,1.095000029,174.0,50.90000153,6.091024271480004,227.42619941652987,873.8259,-953.5742,38.7,-35.46
1215,13079,632,97.66666667,15.99683987,1.603666703,65.40000153,28.0,58.46666717,97.08583323,9067.882486,253.0115509,0.800000012,201.0,37.40000153,2.5717468943108903,93.76104737591224,873.8259,-953.5742,40.2,-36.96
1216,13081,632,98.79999924,16.49551518,1.462499976,53.79999924,27.29999924,53.60000039,78.94353105,7305.954102,245.1662445,0.625999987,458.0,26.5,2.1389061798,78.38999928397499,873.8259,-953.5742,43.1,-39.859997
1217,13082,632,97.5,16.10802,1.571333329,56.70000076,28.79999924,56.86666616,67.0121053,7341.911459,431.4926147,0.65200001,405.0,27.900001520000004,2.4690884308262224,89.35648784632446,873.8259,-953.5742,44.6,-41.359997
1218,13084,633,100.1666667,13.34159975,3.548000018,143.6999969,49.59999847,135.0666656,1.879607876,174.2314733,9.806650162,1.330000043,75.40000153,94.09999843,12.588304127728001,479.21653197999996,1100.3748,-1292.6016,5.5,-1.1300001
1219,13085,633,96.64999771,13.45931979,3.287999988,74.30000305,33.79999924,117.3500023,1.765196979,160.3387222,9.806650162,1.008000016,193.0,40.50000381,10.810943921088,385.8468061542,1100.3748,-1292.6016,7.0,-2.63
1220,13086,633,99.80000308,15.22511987,2.077499986,62.0,32.59999847,76.75,4.21685946,324.6001129,20.59396362,0.577000022,602.0,29.400001529999997,4.31600619183,159.4481239255,1100.3748,-1292.6016,8.5,-4.13
1221,13087,633,101.1000023,14.59237453,2.539499998,94.0,37.40000153,95.09999848,7.64918661,664.8908692,28.43928337,1.233999968,283.0,56.59999847,6.449060239842001,241.50644594976,1100.3748,-1292.6016,10.0,-5.63
1222,13089,633,99.54999924,14.73462033,2.368999958,62.79999924,28.70000076,87.35000229,7.820803405,580.5536804,20.59396362,0.82099998,337.0,34.09999848,5.612160801004001,206.9321517563099,1100.3748,-1292.6016,11.5,-7.13
1223,13091,633,99.56666818,16.65410978,1.463000019,59.20000076,26.89999962,53.46666717,12.63423379,738.1138407,71.58854675,0.335999995,693.0,32.300001140000006,2.1403690555940007,78.22173508557668,1100.3748,-1292.6016,13.0,-8.63
1224,13094,633,99.5,14.25393009,2.772500038,58.90000153,31.10000038,101.4500008,23.36434269,1377.83429,61.78189468,0.564999998,421.0,27.800001149999996,7.686756460710002,281.2701310731,1100.3748,-1292.6016,16.0,-11.63
1225,13098,633,100.3999977,15.78429026,1.764999985,74.40000153,32.29999924,66.25,36.65235329,3854.01355,112.7764664,0.389999986,1360.0,42.10000229,3.11522494705,116.93124900625,1100.3748,-1292.6016,19.2,-14.830001
1226,13099,633,97.59999847,15.92163026,1.661000014,65.59999847,32.0,60.14999962,42.16859436,3059.674683,111.7958069,0.497000009,1480.0,33.59999847,2.7589210465080005,99.90915021092,1100.3748,-1292.6016,20.7,-16.330002
1227,13100,633,98.66666667,15.25454988,1.937333306,80.0,34.20000076,71.93333181,38.62185669,3631.729329,156.9064026,0.889999986,319.0,45.79999924,3.7532603385368897,139.35883952706226,1100.3748,-1292.6016,22.2,-17.830002
1228,13101,633,97.60000229,15.55866025,1.777500034,75.19999695,35.20000076,65.0,48.22420122,3456.843995,120.6217957,0.675999999,376.0,39.99999619,3.1595063708700013,115.53750221,1100.3748,-1292.6016,23.7,-19.330002
1229,13102,633,97.25,15.75486006,1.692999959,71.0,34.90000153,61.54999924,51.9262085,5982.056397,121.6024551,0.787999988,213.0,36.09999847,2.8662488611740016,104.20414618977003,1100.3748,-1292.6016,25.2,-20.830002
1230,13103,633,98.26666514,14.82290959,2.219000022,101.6999969,40.59999847,81.3666687,54.26346078,4390.11027,110.8151398,1.304999948,563.0,61.09999843,4.923961097636,180.55263963536672,1100.3748,-1292.6016,26.7,-22.330002
1231,13104,633,98.29999924,14.12639998,2.616499901,108.5,45.29999924,97.60000229,62.27222633,5148.491211,140.2350922,1.190000057,165.0,63.20000076,6.84607173193301,255.3703963293848,1100.3748,-1292.6016,28.2,-23.830002
1232,13105,633,98.13333384,14.23431015,2.622333368,115.8000031,44.09999847,95.83333333,64.1191457,4396.647949,149.0610809,1.292000055,145.0,71.70000463,6.876632292926224,251.30694775792557,1100.3748,-1292.6016,29.7,-25.330002
1233,13106,633,98.54999924,14.18035516,2.684000016,108.3000031,41.29999924,98.59999848,76.98220062,7173.564453,225.5529327,1.271000028,188.0,67.00000385999999,7.203856085888001,264.64239749792,1100.3748,-1292.6016,31.2,-26.830002
1234,13107,633,98.06666565,13.95308987,2.803333362,122.1999969,49.0,103.2666677,76.4918696,6531.228841,163.7710419,1.22300005,229.0,73.1999969,7.858677938502224,289.4908947459778,1100.3748,-1292.6016,32.7,-28.330002
1235,13108,633,98.10000102,14.0479204,2.735000054,117.1999969,45.09999847,100.6999995,82.5393041,6982.334798,176.5196838,1.330000043,174.0,72.09999843,7.480225295380002,275.4145040703,1100.3748,-1292.6016,34.2,-29.830002
1236,13109,633,97.76666768,13.98579023,2.748999993,121.0999985,47.70000076,101.1666667,87.44262697,7024.830078,196.1329956,1.470999956,202.0,73.39999774,7.5570009615139995,278.1071660501333,1100.3748,-1292.6016,35.7,-31.330002
1237,13110,633,97.46666718,13.90403991,2.728000005,108.9000015,44.0,101.2666651,70.77132288,5923.216471,196.1329956,1.340000033,249.0,64.9000015,7.441984027280001,276.25546289913336,1100.3748,-1292.6016,37.2,-32.83
1238,13111,633,97.36666616,14.17217997,2.606333335,105.8000031,45.0,94.90000153,85.15440877,7760.328776,207.9009705,1.256999969,215.0,60.8000031,6.792973453132222,247.34103747919,1100.3748,-1292.6016,38.7,-34.33
1239,13112,633,97.69999949,14.50571997,2.38866663,97.80000305,39.70000076,87.16666667,86.46196493,8767.14502,220.6496277,1.14199996,423.0,58.10000229,5.705728269275556,208.21210792296222,1100.3748,-1292.6016,40.2,-35.83
1240,13114,633,98.99999746,16.61160014,1.458666682,55.29999924,28.10000038,53.13333384,84.01030223,9568.021159,245.1662445,0.456,660.0,27.199998859999997,2.1277084891768894,77.50382377599112,1100.3748,-1292.6016,41.7,-37.33
1241,13116,633,96.16666667,16.63121989,1.402999997,47.09999847,28.20000076,49.59999975,49.19669468,4347.614746,215.7463074,0.430999994,669.0,18.89999771,1.968408991582,69.58879950045001,1100.3748,-1292.6016,43.2,-38.83
1242,13117,633,98.10000102,16.56255018,1.458999991,50.90000153,27.29999924,52.66666667,43.31270345,1497.148519,221.6302795,0.469000012,774.0,23.60000229,2.128680973738,76.84066619753,1100.3748,-1292.6016,44.6,-40.23
1243,13118,633,95.53333283,16.58216993,1.401333332,54.90000153,26.20000076,49.23333231,80.74141948,7312.491862,372.6526794,0.568000019,344.0,28.700000769999995,1.9637351073742224,68.99230961143556,1100.3748,-1292.6016,46.1,-41.73
1244,13122,634,99.54999924,14.74443021,2.381000042,86.19999695,38.40000153,87.34999847,7.845319985,926.7284546,34.32327271,0.634000003,398.0,47.79999542,5.669161200004003,207.98035002576995,-208.40771,525.9336,5.9,1.1300001
1245,13123,634,100.25,14.25883474,2.792999983,96.09999847,42.20000076,103.0500031,8.458235263,1054.214874,26.47795486,0.852999985,226.0,53.89999771,7.800848905038,287.81865690645,-208.40771,525.9336,7.4,-0.3699999
1246,13124,634,101.3000031,14.965155,2.315999985,82.30000305,38.90000153,86.5,10.22343206,1147.377991,31.38127899,0.933000028,318.0,43.40000152,5.36385593052,200.3339987025,-208.40771,525.9336,8.9,-1.8699994
1247,13125,634,101.1500016,14.67575992,2.474499941,101.1999969,41.5,93.0,11.5473299,1725.970398,74.53054047,1.143000007,161.0,59.6999969,6.123149958009003,230.128494513,-208.40771,525.9336,10.4,-3.3699994
1248,13126,634,101.0499992,14.38636484,2.686499954,100.1999969,41.20000076,101.0,13.9254427,1706.356995,39.22660065,1.166000009,214.0,58.99999614,7.217282002842001,271.33649535399996,-208.40771,525.9336,11.8,-4.77
1249,13127,634,99.84999849,14.21959524,2.790500045,106.1999969,44.5,102.9500008,16.32807255,1632.807129,38.24593353,1.161999941,139.0,61.6999969,7.786890501145002,287.28198186515004,-208.40771,525.9336,13.4,-6.3699994
1250,13128,634,99.90000153,14.94553525,2.245999933,94.0,40.5,83.04999924,21.99141216,1804.423584,78.45320129,0.855000019,212.0,53.5,5.044515699036004,186.53029272869006,-208.40771,525.9336,14.9,-7.8699994
1251,13130,634,101.2999993,17.05959022,1.355499983,45.5,28.39999962,50.40000153,32.97486115,1995.653198,115.7184601,0.379999995,655.0,17.10000038,1.8373802039130005,68.31720121711497,-208.40771,525.9336,16.5,-9.469999
1252,13133,634,100.7666651,15.78755983,1.783666651,77.5,32.59999847,67.03333282,33.34261004,2386.28479,112.7764664,0.730000019,445.0,44.90000153,3.181466721889556,119.56512025641779,-208.40771,525.9336,19.6,-12.57
1253,13134,634,101.0500031,15.11230486,2.077000022,86.59999847,36.40000153,79.54999924,40.6975956,3824.593506,105.9118195,0.910000026,90.09999847,50.199996940000005,4.313929091388,165.22535017158,-208.40771,525.9336,21.1,-14.07
1254,13135,634,100.7333349,15.49652988,1.913333336,81.19999695,34.40000153,72.06666819,40.87738419,3425.789551,129.4477844,0.910000026,87.80000305,46.79999542,3.6608444546488887,137.88755866237778,-208.40771,525.9336,22.6,-15.57
1255,13136,634,100.0333329,15.1760701,2.07099994,81.40000153,37.5,77.43333435,36.77493604,2556.266764,110.8151398,0.99000001,195.0,43.90000153,4.289040751480004,160.36443079284993,-208.40771,525.9336,24.1,-17.07
1256,13137,634,97.80000305,14.63161461,2.293499947,105.0999985,42.29999924,84.0,49.64616393,3064.578003,130.4284515,0.949999988,84.80000305,62.79999926,5.260142006889002,192.65399554799998,-208.40771,525.9336,25.6,-18.57
1257,13138,634,100.2000008,14.715,2.34800005,111.9000015,46.59999847,88.10000229,54.91723825,6016.379883,147.0997467,1.210000038,133.0,65.30000303,5.513104234800003,206.85880978192012,-208.40771,525.9336,27.1,-20.07
1258,13139,634,98.86666617,14.5253401,2.442666689,110.0,44.79999924,90.16666921,57.69578935,3893.23999,168.6743774,1.080000043,104.0,65.20000076,5.966620553550223,220.24711933734895,-208.40771,525.9336,28.6,-21.57
1259,13140,634,98.64999771,14.64632972,2.328999997,107.4000015,44.29999924,85.90000153,64.7238922,4432.605713,154.9450684,1.120000005,132.0,63.100002260000004,5.424240986026,200.06110330566997,-208.40771,525.9336,30.1,-23.07
1260,13141,634,92.40000153,14.54822981,2.360499978,97.19999695,41.70000076,85.65000153,61.53672793,4104.083008,156.9064026,1.029999971,115.0,55.49999619,5.571960146138,202.17682672726497,-208.40771,525.9336,31.6,-24.57
1261,13142,634,99.10000102,14.51226027,2.399333398,105.5,43.20000076,89.6333313,62.43567275,4213.590495,185.3456726,1.129999995,192.0,62.29999924,5.756800754758227,215.06024536208875,-208.40771,525.9336,33.1,-26.069998
1262,13143,634,97.80000051,15.02237994,2.534666777,89.80000305,38.5,75.96666717,81.39519247,7531.506836,362.8460388,1.100000024,333.0,51.30000305,6.424535670427567,192.5501874352156,-208.40771,525.9336,34.6,-27.569998
1263,13145,634,96.53333283,16.57236025,1.420333346,57.40000153,30.5,50.43333308,56.38823573,4909.86263,185.3456726,0.50999999,677.0,26.900001529999997,2.017346813759556,71.63214472344889,-208.40771,525.9336,36.1,-29.069998
1264,13147,634,98.06666819,16.47752972,1.469333331,61.5,31.29999924,53.23333359,59.16678747,4873.905029,213.7849731,0.529999971,660.0,30.20000076,2.158940437587556,78.2175113640289,-208.40771,525.9336,37.6,-30.569998
1265,13148,634,99.29999924,16.42194025,1.50849998,70.80000305,32.29999924,55.5,75.0208702,5364.237305,222.6109467,0.589999974,367.0,38.50000381,2.2755721896600005,83.72174889,-208.40771,525.9336,39.0,-31.97
1266,13149,634,98.79999924,16.35326996,1.525000036,72.90000153,33.90000153,55.75,82.13069153,7649.186768,235.3596039,0.649999976,422.0,39.0,2.325625109800001,85.018752007,-208.40771,525.9336,40.5,-33.47
1267,13155,635,100.0666682,15.97068021,1.775000016,112.6999969,40.59999847,66.26666514,24.85985692,2304.562703,60.80122757,0.921000004,120.0,72.09999843,3.1506250568,117.62333168376664,-82.59131,340.9922,7.4,-1.3600001
1268,13157,635,102.2666651,16.89608979,1.387666663,64.69999695,29.5,52.76666641,16.34441694,1105.209412,65.7045517,0.617999971,2980.0,35.19999695,1.9256187676015557,73.22254389479889,-82.59131,340.9922,10.4,-4.3599997
1269,13158,635,102.2999992,16.554375,1.499000013,67.40000153,30.89999962,57.20000077,16.59775496,1353.317688,90.22117615,0.423000008,403.0,36.500001909999995,2.2470010389740005,85.74280189783002,-82.59131,340.9922,11.9,-5.8599997
1270,13159,635,101.6999995,16.92224984,1.382000009,65.0,30.79999924,52.0,25.90589968,1824.036825,77.47253418,0.579999983,227.0,34.20000076,1.909924024876,71.864000468,-82.59131,340.9922,13.4,-7.3599997
1271,13167,635,99.14999771,15.55375501,1.873500049,87.0,36.29999924,68.84999847,41.18792725,2995.931519,122.5831223,0.519999981,175.0,50.70000076,3.5100024336030025,128.99047550719493,-82.59131,340.9922,20.3,-14.259999
1272,13168,635,98.54999924,14.97005964,2.074500084,96.90000153,41.59999847,77.25,50.25907898,4589.512208,124.5444489,1.049999952,107.0,55.300003059999995,4.303550598516006,160.25513148899998,-82.59131,340.9922,21.8,-15.759999
1273,13169,635,98.95000076,15.42622491,1.949999988,87.69999695,38.0,71.14999771,53.4462433,5727.083496,135.3317719,0.850000024,237.0,49.69999695,3.8024999532000003,138.74249468070002,-82.59131,340.9922,23.3,-17.259998
1274,13170,635,99.14999771,15.16626003,2.054499984,87.40000153,40.70000076,75.90000153,53.44623948,3844.206543,137.2930908,1.080000043,145.0,46.700000769999995,4.220970184256,155.93655192898498,-82.59131,340.9922,24.8,-18.759998
1275,13171,635,97.75,14.35203,2.516499997,102.6999969,46.0,91.70000076,52.95590975,2932.188233,132.3897705,1.139999986,142.0,56.6999969,6.332772234900999,230.76305163744,-82.59131,340.9922,26.3,-20.259998
1276,13172,635,100.6333338,14.69865002,2.415666659,107.1999969,44.79999924,90.46666463,58.1861229,5102.726562,146.1190796,1.139999986,103.0,62.399997660000004,5.835445407404223,218.5373054976256,-82.59131,340.9922,27.8,-21.759998
1277,13173,635,99.93333436,14.48282968,2.511333307,100.1999969,43.40000153,93.8666687,53.28279749,4723.536458,118.6604691,1.110000014,95.30000305,56.799995370000005,6.306794978847557,235.7304915234444,-82.59131,340.9922,29.3,-23.259998
1278,13174,635,99.54999924,14.68066515,2.370999933,105.5999985,42.59999847,87.95000077,70.36271288,6261.545655,158.8677216,1.070000052,183.0,63.000000029999995,5.621640682286004,208.52944593301993,-82.59131,340.9922,30.8,-24.759998
1279,13175,635,100.1500015,14.57275478,2.411499977,106.5,43.70000076,91.0,71.58854675,7649.187012,155.9257355,1.080000043,223.0,62.79999924,5.815332139071001,219.446497907,-82.59131,340.9922,32.3,-26.259998
1280,13176,635,99.90000153,14.86705509,2.228999973,96.59999847,40.09999847,83.5,70.36271285,6197.802735,186.3263397,1.029999971,246.0,56.5,4.968440879634001,186.1214977455,-82.59131,340.9922,33.8,-27.759998
1281,13177,635,99.73333486,14.80329023,2.294666608,97.80000305,41.40000153,85.26666514,69.6272138,4589.511963,184.3650208,1.090000033,235.0,56.40000152,5.265494841870225,195.65856927227566,-82.59131,340.9922,35.3,-29.259998
1282,13179,635,97.45000077,17.03996989,1.274500013,53.5,30.0,45.79999924,65.94971848,5035.7146,196.1329956,0.529999971,609.0,23.5,1.624350283137,58.372099626779985,-82.59131,340.9922,36.8,-30.759998
1283,13181,635,97.06666565,16.83069025,1.324000001,59.09999847,31.5,47.60000102,65.37766393,4252.817139,225.5529327,0.560000002,813.0,27.599998470000003,1.752976002648,63.02240139808,-82.59131,340.9922,38.3,-32.26
1284,13182,635,98.93333435,16.43502008,1.492000023,70.80000305,33.90000153,54.66666794,72.73265077,4569.898845,220.6496277,0.589999974,339.0,36.90000152,2.226064068632,81.56266982381337,-82.59131,340.9922,39.7,-33.66
1285,13183,635,100.3999977,16.39741527,1.543500007,70.09999847,33.5,57.35000038,55.4075718,6065.412842,235.3596039,0.600000024,246.0,36.59999847,2.382392271609,88.51972598798,-82.59131,340.9922,41.2,-35.16
1286,13191,636,101.0,16.32384034,1.574500025,120.5,45.20000076,59.0,22.11399555,1412.157593,60.80122757,0.970000029,120.0,75.29999924,2.479050328725001,92.895501475,18.047852,156.0664,8.6,-2.8800006
1287,13192,636,105.75,16.9565845,1.388000012,72.80000305,31.20000076,55.14999962,20.34879875,1039.504944,56.87856674,0.479999989,747.0,41.60000229,1.926544033312,76.54820013436,18.047852,156.0664,10.1,-4.3800006
1288,13193,636,102.7999993,15.1613548,2.135500074,98.59999847,37.0,82.79999924,27.409585,3398.004273,67.66588593,0.899999976,95.69999695,61.59999847,4.560360566054005,176.81940450421993,18.047852,156.0664,11.6,-5.8800006
1289,13194,636,100.3999977,15.22511986,1.998000026,42.59999847,31.39999962,75.85000229,29.10123253,1794.616943,245.1662445,0.340000004,1410.0,11.199998850000004,3.9920041038960004,151.54830654752007,18.047852,156.0664,13.1,-7.3800006
1290,13195,636,101.7999992,17.51084967,1.163999974,44.0,26.39999962,44.25,42.87957573,3898.143311,132.3897705,0.370000005,1490.0,17.60000038,1.3548959394720006,51.5069988495,18.047852,156.0664,14.6,-8.880001
1291,13201,636,98.46666462,17.44871989,1.113666654,59.09999847,32.20000076,41.33333334,38.7689565,2994.297078,137.2930908,0.460000008,413.0,26.89999771,1.2402534162315557,46.03155503942445,18.047852,156.0664,20.2,-14.480001
1292,13202,636,100.5999985,15.17116469,2.055999994,92.19999695,38.20000076,77.79999924,44.12992478,4614.028565,105.9118195,0.910000026,134.0,53.99999619,4.227135975328,159.95679797064003,18.047852,156.0664,21.7,-15.980001
1293,13203,636,100.6000023,15.30360002,1.93599999,94.80000305,40.40000153,73.94999695,58.10440063,7261.823975,134.3511047,1.049999952,118.0,54.40000152,3.74809596128,143.16719335570002,18.047852,156.0664,23.2,-17.480001
1294,13204,636,100.7666651,15.11393993,2.063999971,97.80000305,39.79999924,78.76666514,55.0806834,5942.82959,145.1384125,1.149999976,166.0,58.00000381,4.2600958802880005,162.5743945647267,18.047852,156.0664,24.7,-18.980001
1295,13214,636,91.5,17.35388994,1.116499961,51.70000076,27.60000038,37.64999962,61.78189278,5785.92334,215.7463074,0.400000006,1230.0,24.10000038,1.2465721629130013,42.03622310738002,18.047852,156.0664,38.2,-32.48
1296,13217,636,98.39999898,16.12109983,1.616666675,66.40000153,29.39999962,58.69999949,52.46557746,5122.340169,194.1716614,0.689999998,354.0,37.000001909999995,2.613611138055556,94.898332998,18.047852,156.0664,40.9,-35.18
1297,13218,636,98.30000305,16.48080007,1.478999973,73.0,30.79999924,53.64999962,84.33719255,7497.183838,264.779541,0.625999987,487.0,42.20000076,2.187440920134001,79.34834798943002,18.047852,156.0664,42.5,-36.78
1298,13228,637,101.1999969,14.75424008,2.416500092,90.40000153,43.90000153,90.75,21.4520464,2535.018921,59.82056427,0.899999976,173.0,46.5,5.839472694636009,219.297383349,345.35156,1.8476562,10.7,-4.9199996
1299,13229,637,101.1333339,15.2970603,2.081666708,86.09999847,39.90000153,77.93333181,23.69940376,2209.765055,66.68521881,0.730000019,79.40000153,46.199996940000005,4.333336283195558,162.2312222723944,345.35156,1.8476562,12.2,-6.4199996
1300,13230,637,98.06666565,15.20877008,2.007666628,92.40000153,39.59999847,73.16666667,33.1137867,4020.726318,89.24051666,0.819999993,136.0,52.800003059999995,4.030725289184891,146.8942749553589,345.35156,1.8476562,13.7,-7.9199996
1301,13234,637,103.1499977,18.143595,1.044500053,39.20000076,28.20000076,39.85000039,28.63541603,755.1119995,147.0997467,0.370000005,601.0,11.0,1.0909803607170026,41.62332751940502,345.35156,1.8476562,16.7,-10.92
1302,13236,637,102.0,17.48142005,1.171999991,54.20000076,30.5,44.65000153,47.04740143,3035.158203,205.9396362,0.400000006,220.0,23.70000076,1.3735839789040003,52.329801391309985,345.35156,1.8476562,18.2,-12.42
1303,13241,637,96.30000051,14.85234018,2.245666583,103.5999985,44.59999847,82.16666921,48.33043799,3484.629557,156.9064026,0.910000026,371.0,59.000000029999995,5.043018402002897,184.518943281312,345.35156,1.8476562,22.9,-17.119999
1304,13242,637,100.7000008,15.11230486,2.028499961,100.5,41.90000153,77.89999771,51.73007775,4687.578613,147.0997467,0.801999986,377.0,58.59999847,4.114812091777002,158.0201423166351,345.35156,1.8476562,24.4,-18.619999
1305,13243,637,99.15000153,14.75914531,2.219499946,104.0,43.5,83.35000229,58.34956553,4947.454834,170.6357117,1.082999945,504.0,60.5,4.9261800102940025,184.99532558175488,345.35156,1.8476562,25.9,-20.119999
1306,13244,637,98.40000153,14.54332458,2.298500061,113.5,45.0,86.0,61.78189278,4275.699219,149.0610809,1.100000024,398.0,68.5,5.283102530417003,197.671005246,345.35156,1.8476562,27.4,-21.619999
1307,13245,637,99.0,14.40107995,2.395499945,120.5,47.0,90.70000077,68.15621565,6085.026368,181.4230194,1.095000029,367.0,73.5,5.738419986495003,217.27184685603498,345.35156,1.8476562,28.9,-23.119999
1308,13246,637,99.20000077,14.50898973,2.38349998,114.0,44.59999847,89.60000229,70.11754608,4937.648194,142.1964264,1.100000024,141.0,69.40000153,5.68107215466,213.56160366621495,345.35156,1.8476562,30.4,-24.619999
1309,13247,637,98.80000051,14.36183987,2.474333366,120.1999969,46.09999847,92.56666565,65.70455297,3912.853272,169.6550446,1.129999995,197.0,74.09999843,6.122325606100891,229.04078939716112,345.35156,1.8476562,31.9,-26.119999
1310,13248,637,97.66666667,14.18852996,2.572333415,118.5,46.79999924,94.63333638,69.463768,4086.104085,166.7130585,1.230000019,158.0,71.70000076,6.616899197925563,243.42849334320917,345.35156,1.8476562,33.4,-27.62
1311,13249,637,98.0,14.52370483,2.363000036,110.0,43.09999847,86.84999848,79.4338646,5913.409668,203.978302,1.230000019,137.0,66.90000153,5.583769170136001,205.22654953483993,345.35156,1.8476562,34.9,-29.12
1312,13250,637,98.59999847,14.59727976,2.333500028,105.5,44.40000153,86.5,66.44005203,3741.236939,225.5529327,1.330000043,131.0,61.09999847,5.445222380676001,201.847752422,345.35156,1.8476562,36.4,-30.62
1313,13251,637,98.25,14.5187996,2.391499996,108.0,41.70000076,88.04999924,83.11135483,5393.657227,254.9728851,1.309999943,170.0,66.29999924,5.7192722308679995,210.57157283026,345.35156,1.8476562,37.8,-32.02
1314,13253,637,96.96666718,16.86665997,1.281666637,54.20000076,28.39999962,46.36666743,69.62721252,4730.074137,205.9396362,0.519999981,679.0,25.800001140000003,1.64266936839889,59.42661071390553,345.35156,1.8476562,39.4,-33.620003
1315,13255,637,98.34999848,16.1374504,1.570500017,67.40000153,29.0,57.54999924,81.64036178,5374.04419,232.4175873,0.600000024,604.0,38.40000153,2.4664703033970006,90.38227478476999,345.35156,1.8476562,40.9,-35.120003
1316,13256,637,97.03333283,15.96087014,1.623333375,71.40000153,36.29999924,58.53333282,80.41453043,5929.753906,186.3263397,0.689999998,388.0,35.10000229,2.635211246388891,95.01911271668887,345.35156,1.8476562,42.3,-36.52
1317,13257,637,97.80000051,15.95432983,1.624666651,71.69999695,32.90000153,59.30000051,56.388237,3226.387858,250.0695648,0.639999986,508.0,38.79999542,2.639541726871556,96.34273323288,345.35156,1.8476562,43.6,-37.82
1318,13263,638,99.69999693,16.75548004,1.388500035,45.40000153,32.79999924,51.39999962,10.68924809,570.7470093,144.1577606,0.330000013,1170.0,12.600002289999999,1.9279323471950014,71.36890127136999,194.16943,-182.96094,8.4,-3.5899997
1319,13264,638,99.40000153,14.91774012,2.241666675,86.80000305,34.79999924,82.73333486,10.05181599,1588.677205,30.40061378,0.889999986,133.0,52.00000381,5.025069481805555,185.46055966727778,194.16943,-182.96094,9.9,-5.0899997
1320,13265,638,98.35000228,14.71009477,2.308499932,103.5,40.5,84.35000229,11.62088013,1421.964173,32.36194611,0.709999979,115.0,63.0,5.3291719360440055,194.72197455066487,194.16943,-182.96094,11.4,-6.5899997
1321,13266,638,99.26666514,15.79083038,1.767666697,71.19999695,31.0,64.96666463,15.21665192,1758.65918,56.87856674,0.680000007,266.0,40.19999695,3.1246455516828893,114.83940948161882,194.16943,-182.96094,12.9,-8.09
1322,13267,638,99.60000232,16.76038527,1.397499979,57.29999924,30.79999924,51.5,21.37849522,7286.341065,78.45320129,0.460000008,416.0,26.5,1.9530061913050005,71.9712489185,194.16943,-182.96094,14.4,-9.59
1323,13269,638,103.0999985,17.1675,1.334999979,51.70000076,27.0,50.75,16.49968863,677.1491699,308.9094849,0.300000012,2040.0,24.70000076,1.7822249439300004,67.75124893425,194.16943,-182.96094,15.9,-11.09
1324,13275,638,98.10000229,15.48998996,1.874000013,82.59999847,36.09999847,68.09999848,46.33641815,1922.103394,153.9644012,0.776000023,295.0,46.5,3.5118760487240004,127.61939803681997,194.16943,-182.96094,22.2,-17.390001
1325,13276,638,98.25,14.85724522,2.213000059,97.30000305,42.20000076,80.65000153,52.9068756,2196.689576,182.4036865,0.916000009,529.0,55.10000229,4.897369261134004,178.47845814424008,194.16943,-182.96094,23.7,-18.890001
1326,13277,638,99.09999847,14.83271966,2.219499946,99.30000305,41.70000076,82.54999924,49.0332489,1691.647095,135.3317719,1.128999949,374.0,57.60000229,4.9261800102940025,183.21971885548004,194.16943,-182.96094,25.2,-20.390001
1327,13278,638,99.0,14.92100969,2.198500038,100.0999985,40.29999924,81.0,56.3882351,2338.885864,152.003067,1.10800004,287.0,59.79999926,4.833402417086002,178.078503078,194.16943,-182.96094,26.7,-21.890001
1328,13279,638,100.1999969,14.60708964,2.432500005,108.0,43.59999847,91.14999771,64.23355675,4721.901856,171.6163635,1.120000005,222.0,64.40000153,5.917056274325001,221.72236988532498,194.16943,-182.96094,28.2,-23.390001
1329,13280,638,99.34999848,14.44032003,2.480499983,109.5999985,44.29999924,92.70000077,64.96905137,2432.049194,196.1329956,1.202999949,211.0,65.29999925999999,6.152880165663,229.942350334085,194.16943,-182.96094,29.7,-24.890001
1330,13281,638,99.79999924,14.65123495,2.357500077,108.8000031,43.5,88.39999771,74.77570343,4677.772217,199.0749817,1.205000043,239.0,65.3000031,5.557806613055006,208.40300140812482,194.16943,-182.96094,31.2,-26.390001
1331,13282,638,99.89999773,14.44522526,2.529500008,111.5,46.20000076,94.59999848,67.17555235,5393.657227,173.5776978,1.286999941,276.0,65.29999924,6.398370290471999,239.29069691195997,194.16943,-182.96094,32.7,-27.890001
1332,13283,638,99.04999924,14.56294491,2.404000044,108.0,45.90000153,89.14999771,77.4725342,3873.626709,235.3596039,1.325999975,246.0,62.09999847,5.779216211552002,214.31659841743988,194.16943,-182.96094,34.2,-29.390001
1333,13284,638,99.93333434,14.5940098,2.410999934,107.8000031,49.09999847,90.36666616,82.86619058,4958.895996,228.4949341,1.169999957,338.0,58.700004629999995,5.812920681748004,217.87402614756002,194.16943,-182.96094,35.7,-30.890001
1334,13285,638,100.0499992,14.51389496,2.416999936,107.3000031,49.0,91.69999695,83.84685515,4344.345948,236.340271,1.202000022,258.0,58.3000031,5.841888690624003,221.63888675935019,194.16943,-182.96094,37.2,-32.39
1335,13286,638,98.75,14.77386041,2.23300004,96.90000153,43.20000076,82.84999848,84.5823555,9399.673829,357.9427185,0.99000001,470.0,53.700000769999995,4.986289178640001,185.00404991983993,194.16943,-182.96094,38.7,-33.89
1336,13287,638,100.0499993,14.85233999,2.203000069,95.69999695,42.79999924,83.39999771,82.6210251,5496.626953,333.4261169,1.029999971,366.0,52.89999771,4.853209304014004,183.73020070972981,194.16943,-182.96094,40.2,-35.39
1337,13291,638,98.0,16.12764052,1.585500002,67.40000153,35.40000153,57.60000038,76.73703385,3491.167359,328.5227661,0.54400003,604.0,32.0,2.5138102563420004,91.32480071769,194.16943,-182.96094,43.6,-38.789997
1338,13292,638,98.76666769,16.42521001,1.511333346,67.80000305,30.89999962,55.0333341,88.58673605,5586.521647,233.3982697,0.657999992,456.0,36.90000343,2.284128482731556,83.1737129668889,194.16943,-182.96094,45.1,-40.289997
1339,13305,639,100.4499969,16.17178525,1.607999981,91.09999847,34.40000153,60.09999847,20.59396458,1946.619934,55.89790344,0.910000026,115.0,56.699996940000005,2.5856639388960008,96.64079639786004,320.01758,-337.08203,14.1,-8.32
1340,13306,639,99.49999998,16.68681034,1.408000052,56.40000153,29.29999924,52.0,20.54493141,1976.039856,69.62721252,0.569999993,98.90000153,27.10000229,1.9824641464320027,73.216002704,320.01758,-337.08203,15.6,-9.82
1341,13307,639,95.79999924,14.80819468,2.125999928,88.0,40.70000076,75.90000153,22.89852715,2956.704957,70.60787964,0.819999993,54.90000153,47.29999924,4.519875693856005,161.3633977879799,320.01758,-337.08203,17.1,-11.32
1342,13309,639,100.4500008,16.94186998,1.367000043,53.20000076,29.89999962,50.59999847,28.88058281,1421.964234,115.7184601,0.409999996,301.0,23.300001140000003,1.8686891175620017,69.17020008428993,320.01758,-337.08203,18.6,-12.82
1343,13312,639,98.69999949,15.96741005,1.660666665,70.80000305,30.5,60.93333308,42.83871587,3161.010091,135.3317719,0.74000001,114.0,40.30000305,2.757813772242222,101.18995503329776,320.01758,-337.08203,23.0,-17.22
1344,13313,639,98.54999924,15.70581011,1.759500027,80.5,37.5,64.54999924,55.65273668,7001.948242,152.9837341,0.99000001,148.0,43.0,3.095840345013001,113.57572540563,320.01758,-337.08203,24.4,-18.619999
1345,13314,639,98.10000229,14.94553466,2.118000031,97.0,42.09999847,77.75,58.3495655,6898.978272,137.2930908,1.059999943,137.0,54.90000153,4.485924131316,164.67450241024997,320.01758,-337.08203,25.9,-20.119999
1346,13315,639,97.35000229,14.91119981,2.10650003,98.19999695,39.40000153,76.79999924,60.5560627,5530.950196,217.7076263,1.059999943,130.0,58.79999542,4.43734237639,161.77920070305998,320.01758,-337.08203,27.4,-21.619999
1347,13316,639,99.85000228,14.86214986,2.208500028,102.0,40.09999847,83.04999924,70.60787963,7448.150635,191.2296753,1.159999967,66.0,61.90000153,4.877472373676,183.41592564694,320.01758,-337.08203,29.1,-23.32
1348,13318,639,99.30000305,14.76404995,2.242999912,112.0,47.20000076,83.89999771,88.01467895,9674.259766,237.3209381,1.120000005,161.0,64.79999924,5.031048605232009,188.1876874803302,320.01758,-337.08203,30.3,-24.519999
1349,13319,639,100.7999992,14.6316152,2.368999958,115.0,43.20000076,90.5,81.15002443,9571.290528,190.2490082,1.230000019,127.0,71.79999924,5.612160801004001,214.39449619899997,320.01758,-337.08203,31.7,-25.92
1350,13320,639,100.5999985,14.70518954,2.330999971,106.0,42.40000153,88.5,81.88552475,6227.222656,225.5529327,1.289999962,82.90000153,63.59999847,5.433560864802,206.2934974335,320.01758,-337.08203,33.3,-27.519999
1351,13321,639,99.45000077,14.59237453,2.343500019,106.0,43.20000076,88.15000153,89.97601318,9232.960938,234.3789368,1.279999971,137.0,62.79999924,5.491992339053,206.57953026040502,320.01758,-337.08203,34.8,-29.019999
1352,13322,639,99.04999924,14.37164974,2.481999994,114.4000015,48.20000076,93.04999924,87.2791786,8600.43164,333.4261169,1.289000034,190.0,66.20000074000001,6.160323970216001,230.95009755538004,320.01758,-337.08203,36.3,-30.519999
1353,13323,639,100.6500015,14.75914472,2.282999992,109.1999969,46.40000153,87.0,95.36967088,10037.10547,313.8128052,1.695000052,209.0,62.799995370000005,5.2120889634720005,198.620999304,320.01758,-337.08203,37.8,-32.02
1354,13324,639,99.7666677,14.70518993,2.288333257,113.9000015,45.0,86.23333231,82.86618803,9378.425943,264.779541,1.370000005,142.0,68.9000015,5.236469095092229,197.33060218690562,320.01758,-337.08203,39.3,-33.52
1355,13325,639,98.34999848,14.56294491,2.387499929,115.8000031,44.5,87.5,98.80199813,11802.30323,240.2629242,1.450000048,183.0,71.3000031,5.700155910975005,208.90624378750002,320.01758,-337.08203,40.8,-35.02
1356,13326,639,97.94999695,15.20059547,1.985500038,91.0,36.90000153,72.54999924,97.0858307,8276.812744,210.8429871,1.110000014,268.0,54.09999847,3.9422104008980017,144.04802624791998,320.01758,-337.08203,42.3,-36.52
1357,13328,639,94.76666768,17.04651019,1.234666665,51.70000076,28.60000038,43.16666794,66.5217743,6390.666666,274.5861816,0.389999986,1770.0,23.10000038,1.5244017736622222,53.29644594464222,320.01758,-337.08203,43.8,-38.02
1358,13330,639,97.5,16.23554972,1.538000047,69.09999847,31.60000038,55.5,86.29851533,5163.200928,254.9728851,0.74000001,359.0,37.499998090000005,2.365444144572002,85.35900260849999,320.01758,-337.08203,45.8,-40.02
1359,13331,639,96.76666768,16.50695993,1.441666682,68.40000153,28.70000076,51.43333308,113.5936966,12101.40592,269.6828613,0.800000012,82.5,39.700000769999995,2.078402821988889,74.14972264564443,320.01758,-337.08203,47.3,-41.52
1360,13341,640,99.0,16.37289029,1.519500017,64.80000305,33.29999924,55.70000077,31.62644482,3299.937622,155.9257355,0.400000006,1190.0,31.500003810000003,2.308880301663,84.63615211691501,521.33203,-706.9297,11.7,-7.0299997
1361,13342,640,98.19999695,17.75119479,1.0625,65.30000305,27.29999924,38.80000115,54.57400705,3981.499634,250.0695648,0.340000004,138.0,38.00000381,1.12890625,41.225001221875,521.33203,-706.9297,13.8,-9.13
1362,13343,640,100.5,15.37226973,1.990500033,81.5,36.59999847,74.5,52.46558,7492.280762,127.4864426,0.75999999,163.0,44.90000153,3.962090381373001,148.2922524585,521.33203,-706.9297,14.7,-10.03
1363,13344,640,99.90000153,14.827815,2.297000051,92.59999847,41.29999924,85.40000153,40.20726395,5741.793213,106.8924866,0.959999979,107.0,51.299999230000005,5.276209234294003,196.16380786981006,521.33203,-706.9297,16.2,-11.530001
1364,13349,640,98.84999847,15.96577498,1.663999975,72.0,31.29999924,61.09999847,53.69141008,4927.841553,147.0997467,0.670000017,203.0,40.70000076,2.768895916800001,101.67039592658004,521.33203,-706.9297,23.6,-18.93
1365,13350,640,99.75,15.3134099,1.952499986,94.5,39.59999847,73.15000153,61.04639435,6060.509522,147.0997467,0.930000007,140.0,54.90000153,3.8122561953300007,142.82537696322498,521.33203,-706.9297,25.1,-20.43
1366,13351,640,99.69999695,14.77876505,2.228500009,105.5,43.90000153,84.14999771,73.30470658,6810.718262,213.7849731,1.379999995,158.0,61.59999847,4.966212290112999,187.52827065408493,521.33203,-706.9297,26.6,-21.93
1367,13352,640,98.70000076,14.60709022,2.305500031,102.5999985,40.40000153,86.0,64.7238865,6590.068848,156.9064026,1.039999962,178.0,62.19999697,5.315330392941,198.27300266599997,521.33203,-706.9297,28.1,-23.43
1368,13353,640,98.89999898,14.59074004,2.298333327,108.0,44.40000153,86.3666687,76.32842255,9466.686197,195.1523285,1.279999971,95.90000153,63.59999847,5.2823360819988885,198.49939301517776,521.33203,-706.9297,29.6,-24.93
1369,13354,640,99.5,14.6316152,2.371999979,114.0,46.40000153,88.40000153,88.2598419,9316.316895,186.3263397,1.309999943,249.0,67.59999847,5.626383900376,209.68480177275995,521.33203,-706.9297,31.1,-26.43
1370,13355,640,99.84999845,14.42560551,2.448500038,118.5999985,47.40000153,93.04999924,86.29852295,9100.570801,174.5583649,1.230000019,75.30000305,71.19999697,5.995152436086002,227.83292667504,521.33203,-706.9297,32.6,-27.929998
1371,13356,640,99.13333384,14.45994017,2.458000024,116.0,46.40000153,91.63333384,86.62540437,9669.356771,198.0943298,1.360000014,70.59999847,69.59999847,6.041764117984,225.23473677792003,521.33203,-706.9297,34.1,-29.429998
1372,13357,640,99.25,14.33241025,2.499000073,117.1999969,48.90000153,94.30000305,93.16317368,10713.76514,206.9203033,1.299999952,164.0,68.29999537,6.245001364854005,235.65571450585023,521.33203,-706.9297,35.6,-30.929998
1373,13358,640,99.19999695,14.18035516,2.603999973,121.1999969,50.09999847,98.5,97.0858307,9610.516602,230.4562531,1.309999943,129.0,71.09999843,6.780815859384001,256.4939973405,521.33203,-706.9297,37.1,-32.43
1374,13359,640,98.40000153,14.44358979,2.404999971,114.5,43.29999924,89.43333435,80.08763885,8463.138672,226.5335999,1.269999981,88.59999847,71.20000076,5.7840248605100015,215.0871665181833,521.33203,-706.9297,38.6,-33.93
1375,13360,640,98.63333384,14.70518993,2.27333339,112.0,42.5,84.1333313,102.3160451,10842.88574,264.779541,1.289999962,81.30000305,69.5,5.168044702088892,191.2631112562221,521.33203,-706.9297,40.1,-35.43
1376,13361,640,98.0,14.84743476,2.197499991,111.0999985,40.20000076,80.20000076,105.6666527,11316.87403,250.0695648,1.299999952,132.0,70.89999774,4.829006210445,176.23950094829996,521.33203,-706.9297,41.6,-36.93
1377,13363,640,96.40000153,17.03670013,1.228333354,57.29999924,29.10000038,44.10000102,73.71331915,6658.715169,235.3596039,0.49000001,1020.0,28.199998859999997,1.5088028285488895,54.16950216430003,521.33203,-706.9297,43.1,-38.43
1378,13365,640,98.56666819,16.58216993,1.390333334,67.40000153,31.0,51.33333333,93.4900589,8182.014648,240.2629242,0.660000026,298.0,36.40000153,1.9330267796315552,71.37044447403223,521.33203,-706.9297,45.1,-40.43
1379,13366,640,97.60000229,16.4709902,1.476499975,68.5,31.79999924,53.0,94.8793373,8644.561768,237.3209381,0.540000021,541.0,36.70000076,2.1800521761750007,78.25449867500001,521.33203,-706.9297,46.7,-42.03
1380,13377,641,101.0499992,15.03872993,2.240499973,89.5,37.40000153,83.64999771,8.924051285,676.658844,41.18792725,0.680000007,86.09999847,52.09999847,5.019840129013001,187.41781761070504,722.67554,-1045.9531,11.3,-3.3100004
1381,13378,641,98.55000305,14.56785014,2.447000027,105.5,42.09999847,89.0,17.84810257,1402.350891,57.85923004,0.879999995,66.69999695,63.40000153,5.987809132138001,217.783002403,722.67554,-1045.9531,12.2,-4.21
1382,13379,641,100.5500031,14.6316152,2.458999992,104.5,42.70000076,92.09999848,16.6713047,2314.369324,50.9945755,1.090000033,148.0,61.79999924,6.0466809606559995,226.47389552552,722.67554,-1045.9531,14.3,-6.3100004
1383,13380,641,100.0999985,14.37655497,2.636999965,91.59999847,35.90000153,98.20000077,13.11639404,936.5350647,45.11058807,1.080000043,127.0,55.699996940000005,6.95376881541,258.95339859348996,722.67554,-1045.9531,15.8,-7.8100004
1384,13381,641,94.20000076,16.6377598,1.340499997,59.70000076,26.10000038,46.64999962,14.46480847,872.7918091,53.93657684,0.879999995,141.0,33.60000038,1.796940241957,62.53432435066001,722.67554,-1045.9531,17.3,-9.309999
1385,13382,641,99.25,14.7297151,2.39199996,94.59999847,37.29999924,87.35000229,18.36295128,2181.979615,56.87856674,1.120000005,43.90000153,57.299999230000005,5.7216638086400025,208.94120198367995,722.67554,-1045.9531,18.8,-10.809999
1386,13383,641,99.79999924,14.34222012,2.660999894,114.0,45.20000076,98.45000076,23.85467625,1730.873657,82.37585449,1.210000038,107.0,68.79999924,7.080920435868012,261.97544158665994,722.67554,-1045.9531,20.3,-12.309999
1387,13387,641,91.09999848,16.48079987,1.342000008,52.09999847,29.89999962,45.30000051,38.00076803,3494.43628,105.9118195,0.670000017,292.0,22.199998850000004,1.8009640214720002,60.79260104682,722.67554,-1045.9531,24.3,-16.31
1388,13388,641,97.15000153,16.2600747,1.53549999,58.59999847,27.20000076,55.04999924,44.62025833,2466.372559,135.3317719,0.680000007,274.0,31.39999771,2.35776021929,84.52927328252,722.67554,-1045.9531,25.9,-17.91
1389,13389,641,99.54999924,16.81433987,1.368000031,53.59999847,28.0,50.5,49.52358246,4883.71167,103.9504852,0.689999998,199.0,25.599998470000003,1.8714240848160009,69.0840015655,722.67554,-1045.9531,27.4,-19.41
1390,13390,641,99.5,15.42131968,1.91049999,83.40000153,35.79999924,71.14999771,68.15621568,3290.131226,159.8483887,0.722000003,373.0,47.60000229,3.6500102117899997,135.932069913455,722.67554,-1045.9531,28.9,-20.91
1391,13391,641,100.3000031,14.62670997,2.39049995,106.9000015,43.5,90.15000153,56.14307213,5447.593994,152.003067,1.15199995,250.0,63.4000015,5.714490010950003,215.50357414996492,722.67554,-1045.9531,30.4,-22.41
1392,13392,641,99.46666462,14.55804007,2.411999941,106.8000031,44.59999847,90.0,49.85047085,6053.97168,186.3263397,1.289999962,184.0,62.200004629999995,5.817743715384003,217.07999469,722.67554,-1045.9531,31.9,-23.91
1393,13393,641,100.25,14.59237512,2.396999955,108.5,42.40000153,90.75,64.47872162,7163.757813,175.539032,1.226999998,295.0,66.09999847,5.7456087842700025,217.52774591625,722.67554,-1045.9531,33.3,-25.31
1394,13394,641,98.79999924,14.3667451,2.541999936,122.0,45.29999924,93.84999848,76.73703385,8575.915039,171.6163635,1.210000038,169.0,76.70000076,6.461763674624003,238.56669012976008,722.67554,-1045.9531,34.9,-26.910002
1395,13395,641,100.1000023,14.56785014,2.394500017,119.5,43.29999924,90.65000153,78.69836428,8384.685791,186.3263397,1.210000038,221.0,76.20000076,5.733630331413,217.061430204635,722.67554,-1045.9531,36.4,-28.410002
1396,13396,641,98.89999771,14.30298004,2.550500035,120.4000015,47.0,95.10000229,78.2080307,8320.942383,174.5583649,1.340000033,10.5,73.4000015,6.505050428535002,242.55255916914513,722.67554,-1045.9531,37.9,-29.910002
1397,13397,641,99.69999693,14.5629455,2.375500083,118.5,46.0,89.65000153,89.24050903,9012.311524,225.5529327,1.279999971,149.0,72.5,5.643000644333006,212.96358607546512,722.67554,-1045.9531,39.4,-31.410002
1398,13398,641,99.70000077,14.45503513,2.436999917,116.5,42.0,92.09999847,86.78885268,11571.84668,227.514267,1.279999971,154.0,74.5,5.938968595458007,224.44768862709014,722.67554,-1045.9531,40.9,-32.910004
1399,13399,641,99.64999771,14.56785014,2.367500067,110.8000031,41.5,89.40000153,98.55682755,11390.42383,225.5529327,1.120000005,124.0,69.3000031,5.605056567245004,211.6545096120751,722.67554,-1045.9531,42.4,-34.410004
1400,13400,641,99.35000229,14.78857493,2.219500065,104.1999969,40.90000153,83.25,93.40834045,11341.39063,232.4175873,1.24000001,151.0,63.299995370000005,4.926180538535005,184.77338041125,722.67554,-1045.9531,43.9,-35.910004
1401,13402,641,96.20000076,17.03016001,1.269500018,46.40000153,27.70000076,44.89999962,80.90485765,8698.498047,210.8429871,0.400000006,1000.0,18.700000769999995,1.6116302957020003,57.000550325789995,722.67554,-1045.9531,45.4,-37.410004
1402,13404,641,99.29999797,16.77836975,1.382666667,63.5,30.20000076,50.83333333,57.36890157,4331.270223,205.9396362,0.569999993,310.0,33.29999924,1.9117671120328892,70.28555556789112,722.67554,-1045.9531,48.9,-40.910004
1403,13405,641,98.83333079,16.62795012,1.456666668,70.19999695,31.79999924,52.86666743,98.06649525,12804.21549,279.489502,0.670000017,217.0,38.39999771,2.121877781662222,77.00911229352222,722.67554,-1045.9531,50.3,-42.309998
1404,13410,642,92.79999796,16.95494981,1.232333342,42.70000076,26.39999962,42.19999949,14.93879636,1582.139486,68.64654541,0.395999998,842.0,16.300001140000003,1.518645465804889,52.00446640391,924.02246,-1415.7891,6.6,-0.8299999
1405,13411,642,94.85000229,17.07920997,1.211499989,65.80000305,31.5,42.5,24.22242546,1990.749817,119.6411285,0.444000006,1040.0,34.30000305,1.467732223347,51.4887495325,924.02246,-1415.7891,8.1,-2.3300004
1406,13412,642,99.74999998,15.05344445,2.105500103,54.79999924,35.5,78.79999924,18.01971913,1951.523377,112.7764664,0.338,1520.0,19.29999924,4.43313068373301,165.9134065162199,924.02246,-1415.7891,9.6,-3.8300004
1407,13415,642,101.0499992,15.18588037,2.060500026,90.0,39.09999847,78.44999695,18.63263417,2250.626099,48.0525856,0.797999978,206.0,50.90000153,4.245660357146002,161.64622075517494,924.02246,-1415.7891,11.1,-5.3300004
1408,13416,642,98.65000153,15.95105987,1.664499998,82.59999847,36.70000076,61.35000039,12.38089514,554.0756836,86.29851532,0.524999976,691.0,45.89999771,2.7705602433419996,102.117075526455,924.02246,-1415.7891,12.6,-6.8300004
1409,13417,642,99.29999924,16.07858999,1.588,98.59999847,36.09999847,59.20000077,24.68824101,3309.744385,72.56920624,0.77700001,658.0,62.5,2.5217440000000004,94.00960122276001,924.02246,-1415.7891,14.1,-8.33
1410,13418,642,98.0,14.15092553,2.631500006,124.5999985,47.09999847,97.0,17.52938652,3216.581177,63.74322128,1.200000048,182.0,77.50000003,6.924792281578,255.255500582,924.02246,-1415.7891,15.6,-9.83
1411,13419,642,100.0999985,15.45074988,1.879500032,94.0,38.5,70.94999695,23.04562664,3157.741211,41.18792725,0.550999999,276.0,55.5,3.5325203702880006,133.3505215379249,924.02246,-1415.7891,17.1,-11.33
1412,13420,642,99.34999847,14.53841994,2.39199996,126.6999969,48.09999847,89.70000077,35.59814072,5202.427735,217.7076263,1.422000051,179.0,78.59999843,5.7216638086400025,214.56239825384,924.02246,-1415.7891,18.6,-12.83
1413,13425,642,93.75,16.31402988,1.411500037,44.20000076,26.79999924,49.25,48.29775048,5045.52124,166.7130585,0.363999993,1160.0,17.400001520000004,1.9923323544510012,69.51637682225,924.02246,-1415.7891,23.0,-17.23
1414,13426,642,98.45000076,15.94125,1.648499966,65.09999847,32.59999847,60.54999924,57.85923388,6928.398438,117.6798019,0.57099998,837.0,32.5,2.717552137902001,99.81667168844002,924.02246,-1415.7891,24.5,-18.73
1415,13427,642,100.1500015,15.60280497,1.828999997,64.19999695,34.90000153,68.70000076,57.12373543,7369.69751,225.5529327,0.688000023,546.0,29.299995420000002,3.3452409890259998,125.65230118393998,924.02246,-1415.7891,26.0,-20.23
1416,13428,642,100.1000023,16.46117974,1.467500031,82.59999847,35.59999847,54.95000077,59.08506395,7482.473877,163.7710419,0.768999994,243.0,47.0,2.1535563409850007,80.63912783342502,924.02246,-1415.7891,27.5,-21.73
1417,13429,642,99.90000153,14.94063002,2.175499916,102.0,41.20000076,81.54999924,68.89171603,7570.733399,146.1190796,1.340000033,119.0,60.79999924,4.732799884516008,177.41201649642008,924.02246,-1415.7891,29.0,-23.23
1418,13430,642,99.55000305,14.52370483,2.446499944,109.5999985,43.70000076,91.40000153,76.98220062,8816.178223,161.8097229,1.309999943,150.0,65.89999774,5.985361975992004,223.61009862474492,924.02246,-1415.7891,30.5,-24.73
1419,13431,642,99.25,14.42070028,2.505499959,107.6999969,41.5,93.29999924,76.24670028,8247.392334,198.0943298,1.309999943,172.0,66.1999969,6.277530044549003,233.76314427052006,924.02246,-1415.7891,32.0,-26.23
1420,13432,642,99.19999949,14.41415997,2.495333354,115.4000015,43.90000153,92.99999746,73.38642882,8306.232422,171.6163635,1.330000043,118.0,71.49999997,6.22668854758489,232.0659955838533,924.02246,-1415.7891,33.5,-27.73
1421,13433,642,99.25,14.59237512,2.378999949,100.5999985,42.79999924,88.54999924,78.94353105,9870.393067,183.3843536,1.129999995,166.0,57.79999926,5.659640757342001,210.66044367591005,924.02246,-1415.7891,35.0,-29.23
1422,13434,642,98.5,14.23430975,2.596000076,117.6999969,44.29999924,96.14999771,87.76951217,10973.64161,201.0363159,1.220000029,174.0,73.39999766,6.739216394592007,249.60540136255983,924.02246,-1415.7891,36.5,-30.73
1423,13435,642,99.90000155,14.51389496,2.443500042,111.5999985,43.09999847,92.0,92.18250655,9237.86377,210.8429871,1.340000033,77.40000153,68.50000003,5.970692455254002,224.80200386400003,924.02246,-1415.7891,38.0,-32.23
1424,13436,642,98.69999949,14.46320993,2.425333341,105.1999969,43.20000076,90.13333384,94.47072602,11944.49935,205.9396362,1.110000014,140.0,61.99999614,5.882241814966222,218.60337969763557,924.02246,-1415.7891,39.5,-33.73
1425,13437,642,98.75,14.14601973,2.652500033,100.0999985,44.59999847,98.84999847,86.78884888,10419.56543,215.7463074,1.190000057,97.09999847,55.500000029999995,7.035756425065001,262.19962420372497,924.02246,-1415.7891,41.0,-35.23
1426,13438,642,99.39999898,14.60709041,2.362999996,94.19999695,39.40000153,88.26666768,81.55863698,4909.862793,205.9396362,1.029999971,95.5,54.79999542,5.583768981096,208.57413537477333,924.02246,-1415.7891,42.5,-36.73
1427,13440,642,99.04999924,17.35388994,1.156000018,41.09999847,32.40000153,42.84999847,68.64654923,5781.02002,259.8762207,0.25999999,1250.0,8.699996940000005,1.3363360416160004,49.53459900261998,924.02246,-1415.7891,44.0,-38.23
1428,13442,642,99.34999847,16.66228478,1.387999952,58.79999924,31.0,51.44999886,83.6016884,10674.53808,269.6828613,0.709999979,284.0,27.79999924,1.926543866752002,71.41259594808005,924.02246,-1415.7891,47.2,-41.43
1429,13443,642,99.75,16.31402988,1.524500013,62.29999924,32.5,56.85000038,102.4794884,13435.10987,274.5861816,0.75999999,123.0,29.79999924,2.3241002896369998,86.66782631836,924.02246,-1415.7891,48.7,-42.93
1430,14572,671,100.0,14.93327247,2.333499968,86.90000153,43.20000076,87.375,7.931127906,865.4368134,21.57462883,1.100000024,140.0,43.700000769999995,5.445222100656001,203.889559704,-57.213867,741.5508,5.6,-2.58
1431,14574,671,100.0,16.72359751,1.475750029,54.40000153,32.20000076,55.70000077,11.04473925,1174.346268,88.25984192,0.40200001,778.0,22.200000769999995,2.177838148093501,82.19927775162753,-57.213867,741.5508,8.6,-5.5800004
1432,14576,671,99.75,16.05651762,1.676249981,69.09999847,36.90000153,62.39999866,19.02490068,2118.236389,68.64654541,0.414000005,486.0,32.199996940000005,2.8098139988025004,104.59799656822503,-57.213867,741.5508,11.6,-8.58
1433,14584,671,99.69999886,15.21776261,2.043750018,86.69999695,38.40000153,75.95000077,50.90876865,5540.75708,118.6604691,1.019999981,469.0,48.29999542,4.176914136075,155.2228154407875,-57.213867,741.5508,19.5,-16.48
1434,14586,671,99.85000038,14.84252953,2.275250018,100.6999969,48.59999847,84.90000153,59.82056425,5785.92334,154.9450684,0.958000004,231.0,52.09999843,5.176762644409,193.1687300093325,-57.213867,741.5508,22.5,-19.48
1435,14588,671,99.77499962,14.65368785,2.432999969,95.0,45.90000153,90.125,55.03982259,7227.500977,171.6163635,1.080000043,294.0,49.09999847,5.919488849154001,219.27412220612499,-57.213867,741.5508,25.5,-22.48
1436,14590,671,99.64999962,14.99948985,2.204999924,89.40000153,45.5,81.32500076,67.54329873,7739.898316,163.7710419,0.94599998,469.0,43.90000153,4.862024664840006,179.32162049509992,-57.213867,741.5508,28.5,-25.48
1437,14592,671,100.0,15.28397998,1.999750078,80.5,37.29999924,75.25000191,74.28537177,9801.746582,201.0363159,0.986000001,354.0,43.20000076,3.999000374461006,150.48119718902262,-57.213867,741.5508,31.5,-28.48
1438,14595,671,99.19999886,16.8609375,1.324249983,58.59999847,30.20000076,49.09999943,71.4659605,8453.332276,363.8267212,0.48300001,1150.0,28.39999771,1.7536380174755004,65.02067341047751,-57.213867,741.5508,34.5,-31.48
1439,14597,671,100.0,16.18404744,1.604250014,69.30000305,32.20000076,59.80000019,84.7049389,10988.35083,202.016983,0.731000006,385.0,37.10000229,2.573618107419,95.9341511420075,-57.213867,741.5508,37.5,-34.48
1440,14599,671,99.97500038,16.36553245,1.552000016,68.69999695,32.40000153,57.57499981,88.87276649,12324.50708,283.4122009,0.745000005,268.0,36.29999542,2.408704049664,89.35640062632,-57.213867,741.5508,40.5,-37.48
1441,14602,671,96.19999886,14.90874749,2.191500008,98.69999695,54.90000153,76.97499847,59.20765019,10679.44153,537.4044189,0.781000018,894.0,43.79999542,4.802672285064001,168.690709762805,-57.213867,741.5508,43.5,-40.48
1442,14708,674,99.42499924,13.68249749,3.296500027,96.5,43.20000076,121.9250031,3.885885,429.0409241,11.76797962,1.100000024,219.0,53.29999924,10.866912428011,401.9257760111251,68.71924,803.1172,3.5,-0.43000007
1443,14711,674,99.52499962,15.31095757,2.059000015,59.0,27.89999962,76.125,8.323393702,703.6271209,30.40061378,0.998000026,209.0,31.10000038,4.23948106177,156.741376141875,68.71924,803.1172,6.4,-3.3300002
1444,14713,674,97.85000229,14.29071755,2.580500007,104.5999985,39.79999924,93.875,13.69253492,1338.607727,37.26527023,1.019999981,182.0,64.79999925999999,6.658980286127,242.244438157125,68.71924,803.1172,9.4,-6.33
1445,14716,674,99.27499962,14.56784985,2.473750055,90.5,40.70000076,90.875,18.33843517,1522.482376,98.0664978,1.149999976,338.0,49.79999924,6.119439334612503,224.802036248125,68.71924,803.1172,12.4,-9.33
1446,14719,674,99.22500038,16.5396599,1.52125001,52.40000153,28.29999924,55.125,20.49589825,1189.056274,74.53054047,0.592999995,279.0,24.10000229,2.314201592925,83.85890680125,68.71924,803.1172,15.6,-12.530001
1447,14724,674,99.70000076,15.05834967,2.109499991,81.30000305,37.70000076,78.77499962,45.698987,1326.34935,120.6217957,0.888000011,269.0,43.60000229,4.449990212028999,166.17586098941499,68.71924,803.1172,20.5,-17.43
1448,14726,674,99.57500267,14.67085499,2.354750037,96.0,43.90000153,87.80000115,50.13649654,3873.626648,148.0804138,1.159999967,152.0,52.09999847,5.544847736751501,206.74705595656255,68.71924,803.1172,23.5,-20.43
1449,14728,674,99.79999924,14.52125251,2.458500028,94.19999695,44.79999924,92.82500076,55.2849865,4248.731018,155.9257355,1.059999943,193.0,49.39999771,6.044222387676001,228.21026696756002,68.71924,803.1172,26.5,-23.43
1450,14730,674,99.39999962,14.72235755,2.293249965,85.0,42.5,85.64999962,59.69797993,4184.987793,174.5583649,0.943000019,304.0,42.5,5.2589954019725,196.416858630815,68.71924,803.1172,29.5,-26.43
1451,14732,674,99.35000038,14.71009506,2.336749971,83.0,44.70000076,86.85000038,61.6593094,6038.444458,186.3263397,1.039999962,437.0,38.29999924,5.460400426968501,202.946735869315,68.71924,803.1172,32.5,-29.43
1452,14734,674,98.27500153,16.73095507,1.397249997,54.59999847,30.60000038,50.57499886,66.31746864,7374.600586,166.7130585,0.552999973,822.0,23.999998090000002,1.9523075541165003,70.66591700541001,68.71924,803.1172,35.5,-32.43
1453,14736,674,99.69999886,16.18895267,1.609750003,65.59999847,35.5,59.47500038,71.46595954,6109.542785,90.22117615,0.579999983,270.0,30.099998470000003,2.5912950721585,95.73988204013,68.71924,803.1172,38.5,-35.43
1454,14738,674,99.25,16.11292484,1.61225003,65.19999695,34.5,59.59999943,78.57578088,11191.83936,354.02005,0.676999986,455.0,30.69999695,2.599350159235001,96.09010086901748,68.71924,803.1172,41.5,-38.43
1455,14741,674,99.72499848,16.03444468,1.715000034,75.59999847,34.5,63.59999943,95.86000061,7266.727539,282.4315186,0.828000009,261.0,41.09999847,2.941225116620001,109.07400118484998,68.71924,803.1172,44.5,-41.43
1456,14869,677,99.72500038,14.65614017,2.575999975,103.3000031,50.20000076,96.35000228,14.3054502,1110.603104,70.60787964,1.059999943,95.19999695,53.100002339999996,6.635775871200002,248.19760346452995,-82.319336,895.6289,6.8,-3.0800002
1457,14871,677,99.75,14.63406781,2.531000018,99.09999847,46.29999924,93.39999962,11.57184661,1140.023041,38.24593353,0.853999972,127.0,52.799999230000005,6.405961091116,236.39540071942,-82.319336,895.6289,9.8,-6.08
1458,14873,677,99.79999924,14.44277235,2.695500016,108.5999985,50.59999847,99.4750004,18.47327709,1784.810303,58.83990097,1.159000039,127.0,58.000000029999995,7.265720336256,268.1348651698,-82.319336,895.6289,12.8,-9.08
1459,14879,677,99.92499924,15.81372018,1.821249992,72.90000153,33.5,67.42500114,28.19411707,4577.253784,137.2930908,0.744000018,197.0,39.40000153,3.31695153336,122.79778278682501,-82.319336,895.6289,18.3,-14.579999
1460,14881,677,99.64999962,14.85724492,2.302000046,95.5,45.40000153,84.85000038,41.28599501,3500.973938,147.0997467,1.136000037,174.0,50.09999847,5.2992042117840015,195.32470477786,-82.319336,895.6289,21.2,-17.480001
1461,14884,677,99.60000038,14.70273751,2.388999939,100.0999985,40.70000076,88.39999962,58.38634109,6156.124268,156.9064026,1.162999988,130.0,59.399997739999996,5.707320708542004,211.18759369978002,-82.319336,895.6289,24.3,-20.58
1462,14887,677,99.35000038,14.81800513,2.30250001,86.80000305,43.0,84.72500038,61.20575333,5680.501831,176.5196838,1.00999999,234.0,43.80000305,5.301506296050001,195.0793142222,-82.319336,895.6289,27.3,-23.58
1463,14889,677,99.95000076,15.05835026,2.204000056,85.40000153,48.5,82.125,66.39101887,7207.887573,196.1329956,1.126000047,361.0,36.90000153,4.857616246848003,181.003504599,-82.319336,895.6289,30.3,-26.58
1464,14891,677,99.89999962,16.92960749,1.40625,52.90000153,33.70000076,52.125,60.06573009,5408.36731,245.1662445,0.465000004,915.0,19.200000769999995,1.9775390625,73.30078125,-82.319336,895.6289,33.3,-29.58
1465,14893,677,99.72500038,16.08594753,1.707750023,71.30000305,38.79999924,62.42499924,81.22357751,9193.734254,294.1994934,0.860000014,224.0,32.50000381,2.9164101410565006,106.60629388788497,-82.319336,895.6289,36.3,-32.579998
1466,14900,677,93.64999962,16.39741497,1.363499999,55.40000153,39.90000153,47.94999885,47.89322424,4155.56781,411.8792725,0.467999995,1570.0,15.5,1.8591322472730003,65.379823384025,-82.319336,895.6289,43.2,-39.48
1467,15080,681,98.27499962,13.37348237,3.414499998,121.0999985,55.70000076,126.6000004,4.388475835,473.1708603,15.6906395,1.139999986,58.79999924,65.39999774,11.658810236342001,432.2757011126,219.49365,125.15625,7.8,-2.3300004
1468,15082,681,98.22500038,14.16318744,2.649749994,86.40000153,41.59999847,97.97499849,3.32200259,321.167778,16.6713047,0.779999971,110.0,44.800003059999995,7.021175030703,259.60925166102754,219.49365,125.15625,10.8,-5.3300004
1469,15084,681,99.8750019,14.24657224,2.650249958,103.4000015,46.59999847,99.6499996,6.288514256,728.1437454,18.63263512,0.980000019,65.69999695,56.80000303,7.023824839879001,264.0974072546,219.49365,125.15625,13.8,-8.33
1470,15086,681,100.5250015,15.33793487,1.989500016,71.59999847,35.70000076,74.77499962,12.92026091,1571.515595,33.34260941,0.870000005,95.69999695,35.89999771,3.9581103136640006,148.76486294039,219.49365,125.15625,16.8,-11.33
1471,15090,681,99.39999964,15.15154493,2.106999964,82.69999695,40.59999847,78.67499924,33.5510006,2971.414917,103.9504852,0.5,334.0,42.09999848,4.439448848296001,165.76822056638002,219.49365,125.15625,19.8,-14.33
1472,15092,681,99.49999998,15.34038778,1.95175004,87.09999847,39.59999847,72.72500229,46.81449318,7661.445191,139.254425,1.129999995,137.0,47.5,3.809328218640002,141.94102612850762,219.49365,125.15625,22.8,-17.33
1473,15105,681,98.77499962,16.75057511,1.371749997,52.90000153,27.70000076,50.30000115,65.65552045,15403.79541,233.3982697,0.419999987,1460.0,25.200000769999995,1.8816980542695,68.9990264266125,219.49365,125.15625,40.8,-35.329998
1474,15108,681,99.27500153,16.29931507,1.568499983,65.0,33.79999924,57.44999981,80.68420984,18926.83398,250.0695648,0.709999979,291.0,31.20000076,2.460192196671,90.11032372533501,219.49365,125.15625,43.8,-38.329998
1475,15296,686,100.25,14.58011263,2.515000045,93.19999695,40.90000153,93.77499963,6.031089664,684.0138168,16.6713047,0.529999971,147.0,52.29999542,6.3252252263500015,235.84412828932497,269.88623,186.76172,8.4,-6.16
1476,15298,686,100.6250019,14.7002849,2.476999998,94.5,39.5,91.90000151,8.985343338,1206.217926,27.45862007,1.0,10.5,55.0,6.135528990092001,227.63630355647,269.88623,186.76172,11.4,-9.16
1477,15300,686,100.4750004,15.34529243,2.022500038,86.90000153,40.79999924,75.40000153,17.38228703,2736.055298,43.14925766,0.74000001,206.0,46.10000229,4.090506403710002,152.49650595962504,269.88623,186.76172,14.4,-12.16
1478,15313,686,100.3500004,16.06877982,1.68599999,85.40000153,38.29999924,62.89999866,42.64666891,6131.607788,126.5057755,0.680000007,239.0,47.10000229,2.84259596628,106.04939711176002,269.88623,186.76172,22.1,-19.86
1479,15327,686,99.79999923,16.10066264,1.640500009,72.59999847,38.20000076,60.75,81.07647706,12223.98926,269.6828613,0.839999974,305.0,34.39999771,2.691240279529,99.66037554674999,269.88623,186.76172,40.2,-37.96
1480,15329,686,98.92500114,16.14235504,1.617000014,71.90000153,36.59999847,59.07499981,81.78745843,8352.814088,270.6635437,0.74000001,479.0,35.300003059999995,2.6146890452760005,95.52427551982001,269.88623,186.76172,43.2,-40.96
1481,15331,686,99.07499886,16.24290727,1.590999991,74.69999695,36.70000076,58.12500096,110.9622421,12437.28369,283.4122009,0.620000005,348.0,37.99999619,2.531280971362,92.47687600423498,269.88623,186.76172,46.2,-43.96
1482,15334,686,99.12500192,17.45199014,1.20025,54.59999847,31.5,43.75,97.4290638,10453.88867,400.1112976,0.419999987,1660.0,23.099998470000003,1.4406000625000002,52.510937500000004,269.88623,186.76172,49.2,-46.96
1483,15585,691,100.125,13.80266976,3.106999993,109.3000031,48.20000076,116.7250004,6.031089665,1064.0215,17.65196991,1.350000024,82.5,61.100002339999996,9.653448956502,362.664575425725,370.64307,248.34375,8.5,-5.67
1484,15587,691,100.0750008,14.56784985,2.563749969,95.19999695,36.59999847,94.42500115,9.365350484,2152.559601,20.59396362,1.059999943,149.0,58.59999848,6.5728139035475,242.08209377113744,370.64307,248.34375,11.5,-8.67
1485,15589,691,100.3250008,15.72543015,1.892500013,64.69999695,29.70000076,69.90000153,16.41388035,2343.789276,57.85923004,0.469999999,138.0,34.99999619,3.5815562992050003,132.285753804225,370.64307,248.34375,14.5,-11.67
1486,15598,691,100.0250015,16.88791509,1.375499994,59.79999924,29.39999962,50.75,33.23228455,4089.372925,103.9504852,0.370000005,390.0,30.39999962,1.8920002334939998,69.80662469549999,370.64307,248.34375,19.0,-16.17
1487,15602,691,100.3250008,14.77386041,2.309499979,103.5999985,35.70000076,86.92499924,61.65931034,12326.95874,154.9450684,1.24000001,234.0,67.89999774,5.333790153001,200.75328391935503,370.64307,248.34375,24.0,-21.17
1488,15604,691,100.5,14.60954254,2.457249999,108.0999985,41.70000076,92.19999886,67.37168311,12331.86157,172.5970306,1.190000057,207.0,66.39999774,6.038077557585501,226.558447106535,370.64307,248.34375,27.0,-24.17
1489,15606,691,100.2250004,14.50163247,2.470999956,112.3000031,53.90000153,93.30000115,73.30470563,18210.94873,173.5776978,1.230000019,211.0,58.40000157,6.105840782552002,230.54429873644995,370.64307,248.34375,30.0,-27.17
1490,15608,691,100.1500015,14.21223739,2.671249926,114.8000031,53.29999924,101.1500015,51.43587971,8977.987916,143.1770935,1.519999981,219.0,61.50000386,7.135576167155007,270.1969340217749,370.64307,248.34375,33.0,-30.17
1491,15610,691,99.87499807,14.54087255,2.399999976,106.9000015,49.40000153,90.69999886,95.29612159,23670.80078,258.8955688,1.5,155.0,57.499999970000005,5.759999884800001,217.6799950872,370.64307,248.34375,36.0,-33.17
1492,15613,691,98.54999924,17.05959022,1.289499998,51.20000076,26.70000076,46.90000057,80.53711129,17882.42554,262.8182068,0.540000021,1120.0,24.5,1.662810244842,60.477550641215,370.64307,248.34375,39.0,-36.17
1493,15616,691,100.1749992,16.09821002,1.629500002,67.40000153,33.20000076,60.85000039,73.57439041,15469.98975,276.5475159,0.75999999,291.0,34.200000769999995,2.6552702565179995,99.155075757205,370.64307,248.34375,42.0,-39.17
1494,15618,691,100.3500004,16.08839986,1.656500012,76.90000153,36.40000153,61.67500019,123.097971,22494.00293,298.1221619,0.860000014,151.0,40.5,2.743992289756,102.164638554835,370.64307,248.34375,45.0,-42.17
1495,15620,691,99.39999963,16.78736228,1.368750006,57.79999924,28.70000076,50.57500077,92.2805748,8786.758423,388.3433228,0.419999987,1940.0,29.099998479999996,1.8734765789249999,69.2245326073875,370.64307,248.34375,48.0,-45.17
1496,15626,691,98.375,17.39803525,1.162250012,50.20000076,31.89999962,42.45000077,111.2564449,9939.039672,523.6751099,0.270000011,2900.0,18.300001140000003,1.3508250903940004,49.33751390433252,370.64307,248.34375,52.6,-49.769997
1497,17054,718,97.375,13.83209996,2.997750044,86.69999695,42.29999924,109.2250004,2.427145839,125.0347805,6.864655018,1.139999986,74.19999695,44.39999771,8.986505326302002,327.429249755,244.60596,-28.917969,11.1,-4.34
1498,17056,718,99.54999924,14.04791982,2.912500024,95.40000153,41.5,107.3500004,5.773664953,664.4005127,23.53595924,1.149999976,106.0,53.90000153,8.482656389799999,312.65687874139996,244.60596,-28.917969,14.1,-7.34
1499,17058,718,99.40000153,15.89710498,1.746749997,56.70000076,30.39999962,64.10000038,10.84860635,693.8204651,33.34260941,0.540000021,302.0,26.300001140000003,3.0511355520195,111.966675471465,244.60596,-28.917969,17.1,-10.34
1500,17060,718,100.4249992,16.15706985,1.646499992,65.40000153,32.40000153,61.22499943,15.61708951,1071.376465,55.89790344,0.50999999,406.0,33.0,2.7109622236560003,100.806961071695,244.60596,-28.917969,20.1,-13.34
1501,17065,718,99.25,14.61935271,2.359749973,94.69999695,47.79999924,87.97499848,51.54620171,3608.847107,139.254425,1.039999962,175.0,46.89999771,5.568419935073501,207.59900028785503,244.60596,-28.917969,25.8,-19.039999
1502,17067,718,99.94999884,14.76895489,2.265499949,112.0,47.40000153,85.375,66.44005108,6357.160644,156.9064026,1.00999999,311.0,64.59999847,5.132490018919003,193.41705814587502,244.60596,-28.917969,28.8,-22.039999
1503,17069,718,98.87499809,14.32995763,2.50274998,117.4000015,50.29999924,93.64999962,79.67903138,7406.472168,182.4036865,1.039999962,201.0,67.10000226,6.26375746239,234.38253467595501,244.60596,-28.917969,31.8,-25.039999
1504,17071,718,98.85000038,14.33486228,2.492500007,110.0,43.5,93.32499885,69.38204766,4506.15564,218.6882935,1.129999995,234.0,66.5,6.212556284894999,232.6125602869,244.60596,-28.917969,34.8,-28.039999
1505,17073,718,98.24999809,14.24412022,2.507499993,113.5999985,53.40000153,93.67499924,64.35613919,5388.753845,212.804306,1.269999981,341.0,60.19999697,6.287556214895001,234.89005993857504,244.60596,-28.917969,37.8,-31.039999
1506,17075,718,97.27500153,14.31033759,2.475249946,106.3000031,56.0,90.42499924,45.96867037,4793.000122,198.0943298,1.090000033,312.0,50.3000031,6.1268622951730025,223.82447448586004,244.60596,-28.917969,40.8,-34.04
1507,17078,718,98.42500116,16.67209495,1.422500015,49.70000076,28.10000038,51.75000096,76.2467022,7833.061646,212.804306,0.49000001,1020.0,21.60000038,2.023506292675,73.61437714185001,244.60596,-28.917969,43.8,-37.04
1508,17080,718,99.22499848,16.14235504,1.611000002,68.09999847,38.0,59.27499962,94.38900184,7909.062866,300.0834656,0.670000017,345.0,30.099998470000003,2.5953210064439998,95.49202450637,244.60596,-28.917969,46.8,-40.04
1509,17083,718,99.55000115,16.06142256,1.643749982,79.69999695,41.20000076,60.75000095,101.4988232,5785.923401,302.0447998,0.709999979,211.0,38.49999619,2.7019140033250006,99.85781296806249,244.60596,-28.917969,49.8,-43.04
1510,17085,718,95.95000076,17.06940009,1.21875,51.5,30.60000038,43.47500038,96.10516739,4533.123779,379.517334,0.460000008,568.0,20.89999962,1.4853515625,52.985156713124994,244.60596,-28.917969,52.8,-46.04
1511,17091,718,97.22500039,16.11047251,1.415250003,56.29999924,34.0,53.14999962,125.1573715,6928.398193,548.1917114,0.469999999,1060.0,22.29999924,2.0029325709915,75.220537121655,244.60596,-28.917969,61.3,-54.54
1512,18009,850,99.39999962,15.6199724,1.853000015,79.30000305,34.0,68.27500057,35.38974714,2569.342194,161.8097229,0.873000026,116.0,45.30000305,3.43360905559,126.51357708033501,345.25586,-213.84375,26.2,-18.91
1513,18012,850,99.24999809,14.89158007,2.229250014,93.0,36.0,82.32500077,44.1666975,4069.759522,186.3263397,1.177999973,149.0,57.0,4.969555624918999,183.5230091190725,345.25586,-213.84375,29.2,-21.91
1514,18014,850,99.47499847,14.52861006,2.476749957,109.5999985,45.70000076,91.75,59.19538975,4922.938293,222.6109467,1.355999947,193.0,63.899997739999996,6.134290349499502,227.24180855475,345.25586,-213.84375,32.1,-24.809998
1515,18017,850,99.57499884,14.50408508,2.473500013,102.6999969,42.5,92.125,57.17276859,5234.299438,231.4369202,1.534000039,101.0,60.1999969,6.118202314311001,227.87118869762503,345.25586,-213.84375,35.3,-28.009998
1516,18019,850,99.27499962,14.40598518,2.516749978,95.30000305,43.5,93.72500039,63.70645046,5521.143982,304.9867859,1.498000026,128.0,51.80000305,6.334030451763001,235.88239266958252,345.25586,-213.84375,38.3,-31.009998
1517,18022,850,100.0249996,14.32750502,2.609749973,101.0,44.40000153,98.10000038,64.93227959,4746.418579,305.9674683,1.707999945,178.0,56.59999847,6.810794921573501,256.016473343005,345.25586,-213.84375,41.3,-34.01
1518,18024,850,99.02499962,15.56601751,1.854000002,92.59999847,37.90000153,68.22499943,80.20613861,8262.102539,311.8514709,0.998000026,303.0,54.699996940000005,3.4373160074160003,126.48914907967,345.25586,-213.84375,44.3,-37.01
1519,18028,850,99.125,16.52985032,1.459500015,66.40000153,29.5,53.64999962,74.12601661,7357.439027,322.6387634,0.597000003,375.0,36.90000153,2.130140293785,78.30217525014,345.25586,-213.84375,47.3,-40.01
1520,18031,850,100.5999985,15.99765721,1.699999959,70.0,31.10000038,63.49999904,87.34047126,8982.891235,357.9427185,0.866999984,143.0,38.89999962,2.8899998606000015,107.94999576450003,345.25586,-213.84375,50.0,-42.71
1521,18035,850,98.95000077,17.61876004,1.125999987,47.20000076,27.0,41.20000076,60.31089784,4211.955933,394.2273254,0.409999996,1330.0,20.20000076,1.267875970724,46.39120032015999,345.25586,-213.84375,53.0,-45.71
1522,18216,859,98.89999963,15.70580982,1.768749982,73.40000153,35.09999847,65.30000019,20.42234779,1034.601562,115.7184601,0.660000026,519.0,38.300003059999995,3.128476498825001,115.49937416066251,-32.003418,803.16406,9.9,-2.8999996
1523,18217,859,100.9250012,15.01420524,2.203249991,112.0,47.40000153,83.07499886,38.14786816,3241.097718,122.5831223,0.970000029,151.0,64.59999847,4.8543105228415,183.03499049061998,-32.003418,803.16406,12.9,-5.8999996
1524,18218,859,100.625,16.31648249,1.581999988,73.90000153,32.79999924,58.97499943,36.24782944,2726.248657,141.2157593,0.519999981,325.0,41.10000229,2.502723962032,93.29844839056,-32.003418,803.16406,15.9,-8.9
1525,18219,859,101.2250004,16.13009226,1.680999994,88.0,39.20000076,64.10000038,56.68243409,3802.528381,191.2296753,0.469999999,432.0,48.79999924,2.825760979828,107.75210025418,-32.003418,803.16406,18.9,-11.9
1529,18228,861,96.14999771,15.3011477,1.968000054,82.0,46.59999847,69.15000153,17.40680361,983.1166612,89.24051666,0.600000024,126.0,35.40000153,3.873024212544003,136.08720674514007,647.1052,-1076.7383,12.8,-7.3500004
1530,18230,861,96.62500191,15.80636263,1.758249998,68.0,37.59999847,61.87499905,27.58120298,2588.955567,100.0278244,0.629999995,150.0,30.400001529999997,3.091443055467,108.79171695591249,647.1052,-1076.7383,15.8,-10.35
1531,18234,862,96.55000115,14.80574265,2.236000002,77.0,52.40000153,79.22500038,10.9098978,1059.118195,49.0332489,0.709999979,89.69999695,24.599998470000003,4.9996960089439995,177.14710100813,647.1052,-1076.7383,12.8,-7.48
1532,18236,862,99.69999884,15.47282224,1.937250018,74.69999695,43.5,71.50000191,11.58410502,593.3022994,39.22660065,0.620000005,111.0,31.19999695,3.7529376322410006,138.51337998714752,647.1052,-1076.7383,15.8,-10.48
1535,18245,864,97.64999962,16.59116246,1.451499999,58.70000076,36.59999847,51.94999981,20.22621489,1488.159149,83.35652924,0.479999989,215.0,22.10000229,2.1068522470969997,75.405424672265,823.45483,-953.5547,9.8,-3.7400002
1536,18247,864,98.64999962,14.92346259,2.234000027,97.5,57.09999847,81.125,19.98104858,1431.770813,56.87856674,0.949999988,134.0,40.40000153,4.990756120636001,181.233252190375,823.45483,-953.5547,12.8,-6.7400002
1537,18253,865,97.14999962,12.79714484,4.02275002,139.5,57.0,147.8250008,1.287122816,22.06496286,14.70997524,1.649999976,64.69999695,82.5,16.18251772341,594.6630249247,949.4636,-737.91016,3.8,2.6200001
1538,18255,865,99.47500037,13.42253233,3.463,138.3000031,64.80000305,129.4250012,1.900038421,73.54987145,20.59396362,1.799999952,101.0,73.50000005,11.992369,448.1987791556,949.4636,-737.91016,6.8,-0.3800001
1539,18257,865,98.5,14.16318744,2.737999976,95.90000153,45.90000153,99.84999845,4.290409386,534.4624023,19.61330032,0.949999988,125.0,50.0,7.496643868575999,273.3892933597,949.4636,-737.91016,9.8,-3.38
1540,18259,865,99.94999885,15.11966241,2.085500062,87.40000153,50.20000076,78.02500153,4.658158659,308.9094696,30.40061378,0.850000024,167.0,37.200000769999995,4.349310508602003,162.72114552836507,949.4636,-737.91016,12.8,-6.38
1541,18263,865,93.67500114,17.87627259,1.036499992,35.09999847,23.5,35.42500019,3.00328654,122.5831223,18.63263512,0.300000012,270.0,11.599998470000003,1.074332233416,36.718012413535,949.4636,-737.91016,15.8,-9.38
1542,18265,865,95.34999848,16.49551517,1.433999986,44.79999924,27.0,50.17499924,29.91028214,2645.34375,129.4477844,0.400000006,345.0,17.79999924,2.0563559598479997,71.95094820771,949.4636,-737.91016,18.8,-12.379999
1543,18268,866,100.9249992,15.1736173,2.008000016,80.69999695,50.09999847,77.17499924,9.046634674,220.6496201,32.36194611,0.819999993,291.0,30.599998479999996,4.032064064256001,154.96739970872,949.4636,-737.91016,3.6,3.1
1544,18270,866,100.2999973,12.97372491,4.213750005,146.3999939,66.09999847,158.4000015,0.796790302,12.2583127,12.74864388,1.649999976,63.29999924,80.29999543,17.755689104637497,667.458007112625,949.4636,-737.91016,6.6,0.099999905
1545,18273,866,99.04999924,14.06263463,2.823750019,94.0,46.70000076,104.2250004,1.16453968,63.74322606,8.825984955,0.910000026,173.0,47.29999924,7.9735641698025015,294.305346859775,949.4636,-737.91016,9.6,-2.9000006
1546,18276,866,96.09999847,15.99029995,1.615000009,58.90000153,34.0,57.25000096,4.780741811,411.8792801,20.59396362,0.460000008,329.0,24.900001529999997,2.60822502907,92.45875206565002,949.4636,-737.91016,12.6,-5.9000006
1547,18278,866,95.42499924,17.85419993,1.080750004,31.39999962,18.79999924,37.55000019,5.700115264,335.8777542,30.40061378,0.239999995,552.0,12.60000038,1.1680205711459999,40.5821628555425,949.4636,-737.91016,15.6,-8.900001
1548,18281,866,98.40000153,14.22204756,2.666000009,96.69999695,52.20000076,97.42499924,17.0390544,1760.293701,110.8151398,0.839999974,142.0,44.49999619,7.107556047987999,259.735048850665,949.4636,-737.91016,18.6,-11.900001
1549,18284,867,93.47499848,13.96698734,2.57675004,91.0,49.70000076,89.72500038,14.34222555,1311.639374,49.0332489,0.899999976,90.80000305,41.29999924,6.6396407686400005,231.198898318165,999.7993,-830.3711,14.8,-4.1400003
1550,18286,867,94.32500077,16.13990243,1.480250001,49.09999847,30.20000076,52.02499962,4.412992418,299.1028061,161.8097229,0.370000005,619.0,18.89999771,2.1911400654605,77.01000573953,999.7993,-830.3711,17.8,-7.1399994
1551,18288,867,96.37500191,15.5929951,1.73999998,68.30000305,38.79999924,62.60000038,9.193734288,404.5243073,52.95590973,0.800000012,162.0,29.500003810000003,3.0275999304,108.92399940919998,999.7993,-830.3711,20.8,-10.139999
1552,18290,867,98.82500077,16.20121487,1.619749993,76.0,44.5,58.69999885,24.49210787,2010.363251,87.27918243,0.699999988,155.0,31.5,2.6235900398235006,95.07932272638752,999.7993,-830.3711,23.8,-13.139999
1556,18302,869,98.39999962,14.90384256,2.107999951,94.30000305,51.09999847,78.375,13.36156058,696.2721405,80.41452789,0.610000014,210.0,43.20000458,4.443663793416002,165.214496159625,1050.1472,-892.0156,18.3,-6.489999
1557,18306,869,96.95000267,15.19078501,1.853249997,63.09999847,43.90000153,68.52500153,16.85517907,1115.506393,76.49186707,0.779999971,177.0,19.199996940000005,3.4345355513805003,126.99395887989749,1050.1472,-892.0156,21.3,-9.489999
1558,18309,869,99.79999923,14.30297975,2.70449996,106.9000015,61.40000153,99.8999996,26.47795487,2628.182129,77.47253418,1.070000052,173.0,45.499999970000005,7.314320033640002,270.1795449222,1050.1472,-892.0156,24.3,-12.489999
1559,18311,870,98.50000001,13.90812751,2.688500047,111.4000015,63.0,102.5750008,3.971693099,120.1314621,20.59396362,1.029999971,54.5,48.4000015,7.228032502719001,275.772894471825,1050.1362,-922.8281,14.3,-2.4099998
1560,18316,870,96.89999962,13.95962979,2.759499967,100.5,56.0,99.90000154,3.885885,112.7764721,24.51662445,0.75999999,128.0,44.5,7.6148400678730015,275.67405095293,1050.1362,-922.8281,20.3,-8.409999
1561,18318,870,97.44999886,15.64449737,1.771250009,65.0,48.5,64.10000133,2.696828723,73.54987431,10.78731441,0.5,276.0,16.5,3.1373265943825004,113.53712793266251,1050.1362,-922.8281,23.3,-11.409999
1562,18322,871,98.14999962,13.88850776,2.375500024,121.8000031,53.5,95.25,27.88765907,2054.493164,95.12450409,0.870000005,129.0,68.3000031,5.643000364024,226.266377286,1100.4851,-984.47266,21.9,-9.99
1563,18324,871,100.0000019,14.59237512,2.501500011,110.8000031,59.59999847,92.42500115,20.8391304,916.9217681,86.29851532,1.00999999,129.0,51.200004629999995,6.257502305033,231.2011413934,1100.4851,-984.47266,24.6,-12.690001
1564,18329,872,98.29999924,13.72418989,3.041750014,129.1000061,60.0,112.2250004,4.204601049,308.9094849,25.49728775,1.230000019,80.90000153,69.1000061,9.252243147668999,341.36039653784997,1100.4739,-1015.28516,14.2,-2.3999996
1565,18332,872,99.34999848,16.84131717,1.395500034,49.09999847,31.29999924,50.84999943,12.13572907,902.2118073,46.09125519,0.280000001,665.0,17.799999230000005,1.9474203448940008,70.96117593346497,1100.4739,-1015.28516,17.2,-5.4000006
1566,18335,872,92.35000038,14.896485,1.972249985,68.5,30.39999962,67.64999962,11.97637081,639.8838882,60.80122757,0.75,119.0,38.10000038,3.8897700033325,133.422710735795,1100.4739,-1015.28516,20.2,-8.400001
1567,18337,872,98.07499885,15.1196624,2.083250016,77.0,41.79999924,75.42499924,17.27196264,924.2767639,72.56920624,0.779999971,141.0,35.20000076,4.339930629164001,157.12913087353,1100.4739,-1015.28516,23.2,-11.400001
1568,18341,873,98.82499886,13.45441515,3.466250003,132.3999939,60.5,126.8500023,4.008468211,392.2659989,31.38127899,1.409999967,68.40000153,71.8999939,12.014889083297499,439.693820852925,1125.627,-1107.7344,13.7,-2.08
1569,18344,873,96.37500191,14.96024977,2.122499973,76.19999695,37.29999924,75.35000038,4.903324962,487.8808212,24.51662445,0.790000021,233.0,38.89999771,4.505006135385001,159.93037377209998,1125.627,-1107.7344,16.7,-5.080001
1570,18346,873,93.97500038,15.44584495,1.800500035,60.5,34.0,62.25,13.37381887,1230.734528,66.68521881,0.560000002,215.0,26.5,3.2418003760350014,112.08112717875,1125.627,-1107.7344,19.7,-8.080001
1571,18348,873,98.14999962,14.61444719,2.395500004,100.8000031,49.90000153,86.82499886,12.52799535,313.8127937,37.26527023,0.819999993,144.0,50.90000157,5.738420269164,207.98928511642998,1125.627,-1107.7344,22.7,-11.080001
1572,18350,873,97.25,17.6678097,1.128750026,40.29999924,28.5,40.12499905,23.14369297,1953.974945,156.9064026,0.25,679.0,11.799999239999998,1.2740766211950008,45.291093720937475,1125.627,-1107.7344,25.7,-14.080001
1573,18355,874,98.72500038,14.08470758,2.756749988,97.59999847,44.09999847,101.8500004,2.21875453,68.64655113,9.806650162,0.870000005,115.0,53.5,7.599670496338001,280.7749873805,1125.627,-1107.7344,14.9,-3.12
1574,18358,874,98.17500114,14.45503513,2.530499995,88.69999695,53.09999847,91.375,6.362064005,975.7616271,25.49728775,0.75,121.0,35.59999848,6.403430224695,231.224437043125,1125.627,-1107.7344,17.9,-6.12
1575,18360,874,98.375,17.62611759,1.136000008,42.70000076,28.10000038,41.07499886,12.62606144,507.4941254,152.003067,0.219999999,736.0,14.60000038,1.290496018176,46.66119903355999,1125.627,-1107.7344,20.9,-9.12
1576,18362,874,99.29999924,14.02830007,2.865999997,107.3000031,46.70000076,106.0500012,18.26488519,3025.351441,63.74322128,1.080000043,140.0,60.600002339999996,8.213955982803999,303.93930312105,1125.627,-1107.7344,23.9,-12.12
1577,18364,874,93.39999771,16.77264747,1.281999976,42.29999924,27.0,44.27499962,35.05877304,943.8900147,284.3928528,0.300000012,524.0,15.299999239999998,1.6435239384640006,56.760548450240016,1125.627,-1107.7344,26.9,-15.12
1578,18367,875,98.17499924,16.28460026,1.557249993,56.29999924,33.09999847,56.30000019,4.511058867,154.4547406,46.09125519,0.360000014,506.0,23.200000769999995,2.4250275406985002,87.6731749017775,1150.791,-1169.3672,18.8,-7.0099993
1579,18369,875,98.625,17.90815482,1.091999978,41.29999924,28.0,39.27499866,15.20030666,495.2358093,80.41452789,0.289999992,795.0,13.299999239999998,1.1924639519520006,42.888297672670035,1150.791,-1169.3672,21.8,-10.009999
1580,18371,875,99.97500036,14.34957738,2.667999983,94.59999847,54.09999847,98.85000037,19.42942524,458.4608917,40.20726395,0.829999983,100.0,40.5,7.118223909288001,263.73179930671,1150.791,-1169.3672,24.8,-13.009999
1581,18380,876,98.52499962,13.94736759,2.882250011,108.6999969,47.09999847,106.0,1.7774553,36.77493763,22.55529404,0.899999976,114.0,61.59999843,8.3073651259095,305.518501166,1175.956,-1231.0039,10.1,1.3999996
1582,18382,876,100.3750019,13.60401763,3.477749944,133.3999939,59.59999847,128.375,1.88778019,78.45319748,9.806650162,0.99000001,117.0,73.79999543,12.094744672992004,446.456149061,1175.956,-1231.0039,13.1,-1.6000004
1583,18384,876,100.3500004,14.2539298,2.836750031,110.5,57.09999847,104.3500004,3.432327509,100.5181646,18.63263512,0.810000002,119.0,53.40000153,8.0471507383785,296.01486686954996,1175.956,-1231.0039,16.1,-4.6000004
1584,18386,876,98.57500077,16.52494508,1.497500002,55.70000076,32.40000153,54.05000019,6.803363324,634.9805908,24.51662445,0.430000007,312.0,23.299999230000005,2.24250625599,80.939875392625,1175.956,-1231.0039,19.1,-7.6000004
1585,18388,876,99.97500038,14.74933514,2.440500021,106.5,46.79999924,89.32499886,9.340833901,723.2404098,32.36194611,0.910000026,110.0,59.70000076,5.956040352501001,217.99766159365495,1175.956,-1231.0039,22.1,-10.6
1586,18390,876,99.50000001,13.92039,3.006500065,109.4000015,58.70000076,111.0749989,17.18615389,1559.257324,62.76255798,1.25999999,102.0,50.70000074,9.039042640845004,333.9469914127249,1175.956,-1231.0039,25.1,-13.6
1587,18393,876,94.82499886,15.61261484,1.774250031,70.5,32.40000153,61.625,24.5166235,1904.941712,106.8924866,0.699999988,347.0,38.09999847,3.147963172503501,109.338158160375,1175.956,-1231.0039,28.1,-16.6
1588,18405,877,98.07500077,17.63347456,1.097499967,45.90000153,24.0,40.00000096,50.93328762,5351.979004,208.8816528,0.379999995,500.0,21.900001529999997,1.2045061775650012,43.89999973359997,-309.9912,-1137.9219,13.8,-10.87
1589,18406,877,97.85000039,17.02035014,1.282499999,53.5,28.70000076,46.42500019,56.87857056,6256.642456,207.9009705,0.419999987,540.0,24.79999924,1.6448062474349998,59.540062697249994,-309.9912,-1137.9219,14.9,-11.969999
1590,18407,877,99.92500115,17.0694001,1.279999971,56.59999847,31.79999924,47.44999981,59.08506394,4869.001648,235.3596039,0.50999999,490.0,24.799999230000005,1.638399925760001,60.73599838075001,-309.9912,-1137.9219,16.3,-13.369999
1591,18408,877,100.2249985,17.14297532,1.262499988,60.70000076,34.0,47.25,51.48491192,4283.054321,191.2296753,0.49000001,405.0,26.70000076,1.5939062197000002,59.653124433,-309.9912,-1137.9219,17.8,-14.869999
1592,18409,877,99.79999922,15.59790032,1.87500003,73.69999695,34.40000153,69.57499886,72.81437301,7874.739868,205.9396362,0.779999971,165.0,39.29999542,3.515625112500001,130.45312494974996,-309.9912,-1137.9219,19.6,-16.67
1593,18410,877,99.60000039,15.57337535,1.850000024,85.0,43.09999847,68.72499848,69.87238218,7519.248902,191.2296753,0.889999986,162.0,41.90000153,3.422500088800001,127.14124883739996,-309.9912,-1137.9219,20.7,-17.77
1594,18411,877,100.0999985,15.32812471,1.977499992,92.19999695,45.40000153,74.07499885,70.97562885,7899.25647,204.9589691,0.99000001,115.0,46.79999542,3.91050621836,146.483309633275,-309.9912,-1137.9219,22.2,-19.27
1595,18412,877,99.32500077,14.88667484,2.184999943,103.8000031,48.40000153,81.60000038,74.04020692,8823.533082,238.30159,1.090000033,150.0,55.40000157,4.774224750910002,178.29599617909994,-309.9912,-1137.9219,24.1,-21.17
1596,18413,877,100.5499992,14.86214986,2.235000014,106.0999985,49.59999847,84.72500229,73.18212415,5996.766358,237.3209381,1.090000033,160.0,56.500000029999995,4.995225062580001,189.36038130430006,-309.9912,-1137.9219,25.2,-22.27
1597,18414,877,99.39999962,14.76404995,2.277499974,107.0999985,50.79999924,85.125,84.70493889,8289.070801,301.0641479,1.100000024,125.0,56.29999926,5.1870061315700005,193.87218528674998,-309.9912,-1137.9219,26.7,-23.77
1598,18415,877,100.2999992,14.83762488,2.25,105.8000031,48.79999924,85.12499809,93.28575706,8781.854736,261.8375549,1.179999948,115.0,57.00000386,5.0625,191.5312457025,-309.9912,-1137.9219,28.2,-25.27
1599,18416,877,101.6500016,14.76404995,2.297499955,105.9000015,50.09999847,88.75,96.10516739,11147.70874,282.4315186,1.100000024,141.0,55.80000303,5.278506043225002,203.90312100625002,-309.9912,-1137.9219,30.0,-27.07
1600,18417,877,100.0250015,14.715,2.282499969,108.0,53.90000153,86.42499924,93.40833855,11535.07165,269.6828613,1.049999952,167.0,54.09999847,5.209806108485,197.265058086125,-309.9912,-1137.9219,31.7,-28.77
1601,18418,877,99.77499962,14.59237512,2.357499957,104.5,47.5,89.0,88.25984764,9615.420044,284.3928528,1.309999943,155.0,57.0,5.557806047255001,209.817496173,-309.9912,-1137.9219,32.7,-29.77
1602,18419,877,100.25,14.81309991,2.24000001,103.4000015,52.09999847,84.64999962,106.2795677,13263.4939,286.354187,1.190000057,170.0,51.30000303,5.017600044800001,189.6159999953,-309.9912,-1137.9219,34.7,-31.77
1603,18437,878,97.94999886,18.0749253,0.998249993,50.20000076,25.39999962,36.125,26.60053825,3780.46344,304.006134,0.379999995,780.0,24.800001140000003,0.9965030485244999,36.061780997125,-360.37988,-1168.707,16.1,-13.14
1604,18438,878,99.67499924,16.99582487,1.330000013,60.0,31.10000038,49.10000038,69.13688277,6268.901123,196.1329956,0.460000008,400.0,28.89999962,1.7689000345800003,65.3030011437,-360.37988,-1168.707,17.8,-14.839999
1605,18439,878,99.35000038,15.6224253,1.827499986,75.59999847,39.40000153,67.72500038,65.82713415,6357.160767,183.3843536,0.839999974,165.0,36.199996940000005,3.3397561988300004,123.76743724629999,-360.37988,-1168.707,19.2,-16.240002
1606,18440,878,100.0250015,15.67147526,1.800000012,75.80000305,39.40000153,67.07499886,75.63378621,7320.664063,230.4562531,0.889999986,215.0,36.40000152,3.2400000432,120.73499875289997,-360.37988,-1168.707,20.6,-17.64
1607,18441,878,100.375,15.42622549,1.957500011,90.5,40.5,73.25,86.17593575,8835.791382,231.4369202,1.00999999,188.0,50.0,3.831806293065,143.38687580575,-360.37988,-1168.707,22.3,-19.34
1608,18442,878,100.0500012,14.715,2.305000007,104.5999985,49.09999847,87.07499886,86.54368401,9056.441161,245.1662445,1.169999957,170.0,55.500000029999995,5.31302503227,200.70787298182498,-360.37988,-1168.707,23.8,-20.84
1609,18443,878,100.3000012,14.88667484,2.225000024,99.80000305,50.09999847,83.80000114,55.89790536,4562.543823,205.9396362,0.920000017,180.0,49.70000458,4.9506251068,186.45500454770004,-360.37988,-1168.707,25.3,-22.34
1610,18444,878,100.5499992,14.78857493,2.262499988,109.9000015,51.70000076,86.10000038,74.1627903,6891.623169,213.7849731,1.070000052,151.0,58.20000074,5.1189061957,194.80124982655,-360.37988,-1168.707,27.0,-24.04
1611,18445,878,101.25,14.91119981,2.215000034,110.8000031,54.90000153,84.99999809,88.25984955,9367.802125,268.7022095,1.210000038,167.0,55.90000157,4.906225150620001,188.27499865934996,-360.37988,-1168.707,28.1,-25.14
1612,18446,878,100.8500004,14.66595005,2.342499912,105.0,48.20000076,89.80000115,52.58815956,4631.19043,209.8623199,1.039999962,168.0,56.79999924,5.487305837720008,210.35649479147492,-360.37988,-1168.707,29.9,-26.939999
1613,18447,878,101.0249996,14.88667483,2.202500045,106.5,50.40000153,84.60000229,81.5177784,8519.526978,225.5529327,1.080000043,161.0,56.09999847,4.851006448225001,186.3315088507251,-360.37988,-1168.707,31.1,-28.14
1614,18448,878,101.1499996,14.8130999,2.254999995,106.4000015,50.29999924,86.67499924,96.71808433,11645.39673,294.1994934,1.230000019,166.0,56.100002260000004,5.08502497745,195.452122852825,-360.37988,-1168.707,33.1,-30.14
1615,18450,878,100.2000008,15.54885037,1.854999989,99.80000305,49.70000076,69.77499962,103.2149868,11736.10815,304.006134,1.00999999,195.0,50.10000229,3.44102495919,129.432623527575,-360.37988,-1168.707,34.2,-31.240002
1616,18460,879,100.3250008,17.65800012,1.122500003,52.0,28.10000038,41.77500058,53.38494873,5410.819092,202.9976501,0.360000014,630.0,23.89999962,1.260006256735,46.892438276375,-410.75195,-1168.6797,13.2,-10.12
1617,18464,879,100.7499981,17.06940009,1.315000028,62.09999847,32.5,49.05000019,61.41414356,6590.068604,202.016983,0.620000005,257.0,29.599998470000003,1.729225073640001,64.50075162325001,-410.75195,-1168.6797,17.0,-13.92
1618,18465,879,99.19999885,15.89220005,1.697499991,65.80000305,37.70000076,62.90000153,62.0270586,6009.024658,215.7463074,0.829999983,119.0,28.10000229,2.881506219445,106.77275203107497,-410.75195,-1168.6797,18.5,-15.42
1619,18466,879,99.82500077,15.74505019,1.795000017,77.09999847,38.0,66.52500153,72.56921004,7266.727539,215.7463074,0.970000029,150.0,39.09999847,3.22202506103,119.41237887727502,-410.75195,-1168.6797,20.0,-16.92
1620,18467,879,102.4750004,15.49980042,1.970000029,81.80000305,42.20000076,75.72500038,68.27879811,6769.039795,205.9396362,0.839999974,210.0,39.60000229,3.8809001142600006,149.178252944625,-410.75195,-1168.6797,21.5,-18.42
1621,18468,879,99.75,15.15644958,2.077499926,92.80000305,48.0,77.32500076,67.05296801,5925.668091,225.5529327,1.070000052,141.0,44.80000305,4.316005942530007,160.64268335684994,-410.75195,-1168.6797,23.0,-19.92
1622,18469,879,100.6749992,14.88667484,2.220000029,104.0999985,53.90000153,84.32500077,77.71769905,7752.156372,250.0695648,1.129999995,169.0,50.19999697,4.928400128760001,187.20150415482502,-410.75195,-1168.6797,24.5,-21.42
1623,18470,879,100.1750012,14.83762488,2.267499984,103.1999969,54.70000076,85.04999924,79.67902946,7703.123413,227.514267,1.210000038,172.0,48.49999614,5.141556177440001,192.85087191590003,-410.75195,-1168.6797,26.0,-22.92
1624,18471,879,101.375,14.98477474,2.182500065,103.3000031,51.90000153,83.52499771,80.53710938,6896.526367,264.779541,1.320000052,120.0,51.40000157,4.763306533725005,182.29331293119986,-410.75195,-1168.6797,27.5,-24.42
1625,18472,879,101.1250019,14.78857493,2.294999957,107.6999969,57.0,87.44999886,76.24670029,8941.212891,264.779541,1.200000048,154.0,50.6999969,5.267024802630002,200.69774362335002,-410.75195,-1168.6797,28.9,-25.82
1626,18473,879,100.6999988,14.8130999,2.237500012,104.5999985,54.0,85.72500038,90.46634293,10309.24048,291.2575073,1.200000048,128.0,50.5999985,5.0064063036999995,191.80968937895,-410.75195,-1168.6797,30.4,-27.32
1627,18474,879,100.2250004,14.6169001,2.327499926,107.8000031,57.20000076,88.72500038,95.0019188,11049.64282,279.489502,1.25,170.0,50.600002339999996,5.4172559055300065,206.50743181879997,-410.75195,-1168.6797,32.0,-28.92
1628,18475,879,100.3999996,14.88667483,2.200000048,108.0999985,56.70000076,83.57500077,92.9180069,9527.160278,296.1608276,1.320000052,130.0,51.399997739999996,4.840000211200003,183.86500570560005,-410.75195,-1168.6797,33.5,-30.42
1629,18502,880,100.5249996,17.82967495,1.026999995,35.09999847,19.39999962,38.92500019,54.42690563,5258.81604,240.2629242,0.370000005,2000.0,15.699998850000004,1.0547289897299998,39.975975000504995,-461.1079,-1137.8398,15.4,-12.15
1630,18503,880,101.9500008,17.06940009,1.255000025,61.79999924,31.20000076,48.55000019,58.71731663,6219.867676,215.7463074,0.479999989,470.0,30.599998479999996,1.5750250627500004,60.930251452200004,-461.1079,-1137.8398,16.9,-13.65
1631,18504,880,101.3249989,15.86767507,1.662499994,65.90000153,26.0,64.17500019,68.76913263,6938.204712,230.4562531,0.779999971,162.0,39.90000153,2.7639062300500004,106.69093743082502,-461.1079,-1137.8398,18.4,-15.15
1632,18505,880,102.1749993,15.99029995,1.629999995,76.40000153,36.5,63.52500057,60.18831254,6401.29065,196.1329956,0.709999979,247.0,39.90000153,2.6568999837,103.545750611475,-461.1079,-1137.8398,19.9,-16.65
1633,18506,880,100.7499981,15.59790032,1.799999982,87.69999695,44.29999924,68.65000153,65.33680344,6997.044678,196.1329956,0.850000024,303.0,43.39999771,3.2399999352000006,123.57000151829997,-461.1079,-1137.8398,21.4,-18.15
1634,18507,880,101.6249981,15.35264998,1.919999987,91.09999847,44.0,74.5,66.31746674,4231.569519,230.4562531,0.939999998,212.0,47.09999847,3.68639995008,143.0399990315,-461.1079,-1137.8398,22.9,-19.65
1635,18508,880,102.0750008,15.0338247,2.097499907,99.69999695,48.79999924,82.27499962,79.55644608,6430.710693,230.4562531,1.029999971,210.0,50.89999771,4.399505859865009,172.57180405137504,-461.1079,-1137.8398,24.4,-21.15
1636,18509,880,101.125,14.86214986,2.19750005,105.3000031,48.70000076,84.75,84.95010376,9056.441163,264.779541,1.090000033,170.0,56.600002339999996,4.829006469750002,186.2381292375,-461.1079,-1137.8398,25.9,-22.65
1637,18510,880,99.82499886,14.83762488,2.200000048,107.4000015,49.70000076,83.17499924,83.11135675,7266.727539,245.1662445,1.080000043,150.0,57.70000074,4.840000211200003,182.98500232039999,-461.1079,-1137.8398,27.4,-24.15
1638,18511,880,99.72500038,14.56785014,2.340000033,111.3000031,47.09999847,88.99999809,84.95010185,10473.50195,269.6828613,1.100000024,160.0,64.20000463,5.47560015444,208.25999846759996,-461.1079,-1137.8398,28.9,-25.65
1639,18512,880,100.8000011,14.83762488,2.210000038,110.8000031,51.09999847,84.77500153,96.84066581,8198.35913,284.3928528,1.230000019,183.0,59.700004629999995,4.884100167960002,187.35275660275005,-461.1079,-1137.8398,30.4,-27.15
1640,18513,880,100.4500008,14.76404995,2.257499993,111.0999985,51.59999847,86.19999886,100.88591,9100.571166,294.1994934,1.200000048,220.0,59.500000029999995,5.096306218395001,194.59649682305002,-461.1079,-1137.8398,31.9,-28.65
1641,18514,880,99.72499847,15.05834967,2.105000019,106.5,51.20000076,78.54999924,109.3441467,9755.164552,294.1994934,1.190000057,220.0,55.29999924,4.431025079990001,165.34774989265,-461.1079,-1137.8398,33.4,-30.150002
1642,18534,881,99.34999847,17.95230013,1.039999962,34.29999924,23.20000076,38.27500057,53.81399155,3547.555664,308.9094849,0.370000005,3750.0,11.099998479999996,1.0815999209600013,39.80599913834998,-511.46387,-1107.0,14.4,-11.19
1643,18537,881,99.80000115,16.77510008,1.377499998,55.40000153,31.79999924,51.32499981,52.95590879,6396.387329,186.3263397,0.430000007,860.0,23.60000229,1.89750624449,70.700187135625,-511.46387,-1107.0,15.9,-12.69
1644,18538,881,100.6750012,16.28459967,1.572499961,65.69999695,31.20000076,59.02499962,64.72388841,7499.635498,147.0997467,0.730000019,202.0,34.49999619,2.472756127345001,92.81680960047501,-511.46387,-1107.0,17.4,-14.19
1645,18539,881,99.54999924,15.8431501,1.689999998,65.59999847,31.10000038,63.29999924,59.69798089,5700.115174,196.1329956,0.810000002,220.0,34.499998090000005,2.85609999324,106.976998589,-511.46387,-1107.0,18.9,-15.69
1646,18540,881,102.4500008,15.91672502,1.762499988,91.09999847,43.79999924,67.60000038,75.38862037,7578.088501,215.7463074,0.850000024,185.0,47.299999230000005,3.1064062077000005,119.14499985855,-511.46387,-1107.0,20.4,-17.189999
1647,18541,881,100.8249988,15.35264998,1.994999975,91.19999695,41.40000153,75.375,78.8209467,8612.690185,205.9396362,0.949999988,220.0,49.79999542,3.9800249002500006,150.373123115625,-511.46387,-1107.0,21.9,-18.689999
1648,18542,881,98.95000075,14.81309991,2.150000036,91.0,45.70000076,80.97499848,80.53711319,10010.13745,225.5529327,1.149999976,190.0,45.29999924,4.6225001548,174.0962496470999,-511.46387,-1107.0,23.4,-20.189999
1649,18543,881,99.97500036,15.08287465,2.087499976,101.0999985,48.09999847,78.55000115,79.67902948,9622.774903,264.779541,1.049999952,193.0,53.000000029999995,4.357656149800001,163.97312551542498,-511.46387,-1107.0,24.9,-21.689999
1650,18544,881,100.9499989,14.83762488,2.242500007,111.1999969,50.29999924,85.77499962,78.57578278,8164.036011,220.6496277,0.959999979,175.0,60.899997660000004,5.028806281394999,192.350437248275,-511.46387,-1107.0,26.2,-22.990002
1651,18545,881,100.6499996,14.86214986,2.182500065,105.0,53.70000076,83.69999886,84.70493699,10794.66992,274.5861816,1.100000024,160.0,51.29999924,4.763306533725005,182.67525295244994,-511.46387,-1107.0,27.9,-24.689999
1652,18546,881,100.5,14.81309991,2.237500012,91.5,34.20000076,85.09999847,89.11792946,9740.454833,294.1994934,1.190000057,154.0,57.29999924,5.0064063036999995,190.41124759782497,-511.46387,-1107.0,29.4,-26.189999
1653,18547,881,100.9750004,14.73952498,2.314999938,105.0999985,54.40000153,88.52500153,95.73741721,11351.19727,284.3928528,1.389999986,215.0,50.69999697,5.359224712940004,204.9353730533999,-511.46387,-1107.0,30.9,-27.689999
1654,18548,881,99.94999885,14.83762488,2.20750004,105.4000015,54.20000076,83.52499962,92.55025673,10485.76001,304.006134,1.24000001,210.0,51.20000074,4.8730564266000025,184.38144000215001,-511.46387,-1107.0,32.4,-29.190002
1655,18573,882,100.2000008,17.31464986,1.189999998,46.70000076,28.0,44.57499981,48.72679043,3915.305053,176.5196838,0.439999998,980.0,18.70000076,1.41609999524,53.04424968475,-587.0215,-1106.9609,14.8,-11.690001
1656,18574,882,100.7749977,16.33364992,1.542499989,83.69999695,54.0,58.09999943,53.93657304,4878.808228,186.3263397,0.49000001,400.0,29.69999695,2.379306216065,89.619248481675,-587.0215,-1106.9609,16.3,-13.19
1657,18575,882,98.44999886,15.86767507,1.712499976,97.59999847,40.5,62.44999885,62.14964199,6298.320984,181.4230194,0.791000009,235.0,57.09999847,2.9326561678000003,106.94562153182503,-587.0215,-1106.9609,17.8,-14.69
1658,18576,882,99.25000001,15.79410014,1.710000009,81.5,45.09999847,63.80000019,64.96905423,7556.023682,201.0363159,0.639999986,270.0,36.40000153,2.92410003078,109.0980008991,-587.0215,-1106.9609,19.3,-16.189999
1659,18577,882,100.6499996,15.64695028,1.805000007,83.30000305,52.09999847,68.54999924,73.18212509,7286.340943,171.6163635,0.939999998,255.0,31.200004579999998,3.2580250252700003,123.73274910805002,-587.0215,-1106.9609,20.8,-17.689999
1660,18578,882,100.6250019,15.05834996,2.122500003,91.90000153,50.59999847,80.47499848,77.3499527,7803.641602,233.3982697,0.899999976,240.0,41.300003059999995,4.505006262735,170.80818451522498,-587.0215,-1106.9609,22.3,-19.189999
1661,18579,882,101.0999985,15.00929972,2.172500074,97.80000305,41.20000076,82.94999886,84.09202386,8284.167358,242.2242584,1.00999999,235.0,56.60000229,4.719756571530005,180.2088786616499,-587.0215,-1106.9609,23.7,-20.59
1662,18580,882,100.4500008,14.86214986,2.220000029,97.19999695,39.59999847,84.12500191,84.09202195,8016.936157,250.0695648,1.129999995,170.0,57.59999848,4.928400128760001,186.75750667982504,-587.0215,-1106.9609,25.2,-22.09
1663,18581,882,100.5,14.86214986,2.220000029,102.3000031,51.09999847,84.5,95.12450218,10294.53064,250.0695648,1.179999948,142.0,51.200004629999995,4.928400128760001,187.59000245049998,-587.0215,-1106.9609,26.7,-23.59
1664,18582,882,101.0500012,14.8130999,2.269999981,107.5,50.0,86.87499809,93.40833663,9514.901856,279.489502,1.179999948,133.0,57.5,5.15289991374,197.20624401367502,-587.0215,-1106.9609,28.1,-24.99
1665,18583,882,100.3500004,14.66595005,2.297499955,105.3000031,50.20000076,87.625,103.2149906,12405.41162,284.3928528,1.129999995,160.0,55.100002339999996,5.278506043225002,201.31843355687502,-587.0215,-1106.9609,29.6,-26.49
1666,18584,882,100.9750004,15.40169993,1.944999993,92.90000153,49.40000153,73.82500076,124.1767044,17921.65235,284.3928528,1.269999981,195.0,43.5,3.78302497277,143.58962596142499,-587.0215,-1106.9609,31.2,-28.09
1667,18594,883,99.42499925,14.49917986,2.538250029,120.3000031,48.0,93.54999923,2.047138095,49.03324843,13.72931004,1.110000014,150.0,72.3000031,6.4427132097185,237.45328825849745,371.2119,1542.4922,1.8,-6.5699997
1668,18596,883,100.7250004,15.61752007,1.902750015,74.69999695,33.29999924,71.12500191,10.86086464,463.3641892,48.0525856,0.660000026,236.0,41.39999771,3.6204576195825005,135.3330984511275,371.2119,1542.4922,4.8,-9.57
1669,18598,883,99.35000038,15.31586251,1.999500007,75.40000153,32.70000076,73.69999886,13.864151,779.6286469,46.09125519,0.670000017,140.0,42.700000769999995,3.998000277993,147.36314823646998,371.2119,1542.4922,7.8,-12.57
1670,18600,883,100.2999992,14.51144293,2.551000059,98.59999847,41.20000076,95.05000114,17.76229429,921.8250733,52.95590973,0.980000019,133.0,57.39999771,6.5076013010180045,242.4725585160901,371.2119,1542.4922,10.8,-15.57
1671,18602,883,100.4499989,14.63651984,2.42475003,102.1999969,42.70000076,91.10000039,22.06496096,1527.385742,88.25984192,0.889999986,147.0,59.49999614,5.879412707985,220.8947286786525,371.2119,1542.4922,13.8,-18.57
1672,18604,883,101.4750004,14.67821253,2.449999988,104.6999969,44.40000153,92.90000153,24.18565083,1652.420502,73.54987335,0.850000024,162.0,60.299995370000005,6.002499941200001,227.60500263369997,371.2119,1542.4922,16.8,-21.57
1673,18606,883,99.47499845,14.50898973,2.478749991,100.1999969,42.40000153,92.02500153,39.63112354,3209.226074,126.5057755,1.129999995,170.0,57.799995370000005,6.144201517882499,228.10697171426247,371.2119,1542.4922,19.8,-24.57
1674,18608,883,100.5250015,14.57030217,2.468500018,98.5,45.59999847,92.94999886,46.70416927,3216.581116,138.2737579,1.080000043,250.0,52.90000153,6.093492338866,229.44707385900995,371.2119,1542.4922,22.8,-27.57
1675,18610,883,98.80000115,14.87441264,2.208249986,88.19999695,43.20000076,81.40000153,51.01909638,5011.197876,147.0997467,1.070000052,240.0,44.99999619,4.876368000669001,179.7515522390225,371.2119,1542.4922,25.8,-30.57
1676,18612,883,98.89999962,14.74197759,2.278750003,88.30000305,45.20000076,84.35000038,57.06244181,3731.430298,150.0417328,0.910000026,330.0,43.10000229,5.1927015761724995,192.212563618975,371.2119,1542.4922,28.8,-33.57
1677,18614,883,98.32499886,15.6886421,1.768749982,72.69999695,34.29999924,64.70000076,47.30482722,3312.195953,164.751709,0.629999995,370.0,38.39999771,3.128476498825001,114.43812517964999,371.2119,1542.4922,31.8,-36.57
1678,18616,883,100.4500008,16.04180252,1.663750023,80.80000305,37.90000153,62.27750015,69.78657246,6371.870728,244.1855774,0.720000029,250.0,42.90000152,2.7680641390325005,103.614192306945,371.2119,1542.4922,34.8,-39.57
1679,18618,883,95.64999962,17.5844249,1.098250002,42.0,21.0,38.77499962,31.79806185,2983.673188,263.7988892,0.319999993,1700.0,21.0,1.2061530668929998,42.584643410215,371.2119,1542.4922,37.8,-42.57
1680,18639,884,100.6500015,15.09268482,2.201749981,72.0,32.70000076,81.97500038,10.46859837,831.1135711,30.40061378,0.899999976,180.0,39.29999924,4.8477029788334995,180.48845552913997,648.13794,1449.9375,8.5,-15.2
1681,18641,884,98.82500076,14.60463731,2.424000025,83.59999847,37.5,88.65000153,12.90800285,1370.479324,31.38127899,1.120000005,100.0,46.09999847,5.8757761211999995,214.88760592497002,648.13794,1449.9375,11.5,-18.2
1682,18643,884,99.87499811,14.71990494,2.375250042,91.40000153,39.59999847,88.17499924,16.73259592,1468.545807,45.11058807,1.049999952,106.0,51.800003059999995,5.641812762021001,209.43767064815995,648.13794,1449.9375,14.5,-21.2
1683,18645,884,101.6499996,14.52615745,2.555249989,99.30000305,41.70000076,97.40000153,22.83723545,1760.293655,72.56920624,1.049999952,155.0,57.60000229,6.5293025062845,248.88135283813247,648.13794,1449.9375,17.5,-24.2
1684,18647,884,99.55000115,14.0184899,2.84224993,111.8000031,44.09999847,106.3499985,29.38317442,3201.871094,73.54987335,1.029999971,163.0,67.70000463,8.078384664585004,302.2732757921251,648.13794,1449.9375,20.5,-27.2
1685,18649,884,99.47499846,14.05037243,2.769249976,109.0999985,44.59999847,104.1000004,33.9677825,4086.921204,76.49186707,1.210000038,175.0,64.50000003,7.668745429575999,288.27892360929997,648.13794,1449.9375,23.5,-30.2
1686,18651,884,99.47500038,14.1705447,2.692000032,103.8000031,44.0,100.9500008,38.38077545,2998.383179,91.20184326,1.100000024,170.0,59.8000031,7.246864172288002,271.75740538400004,648.13794,1449.9375,26.5,-33.2
1687,18653,884,98.75,14.22449988,2.62924999,100.5999985,43.20000076,97.375,40.74662924,3437.230713,116.6991348,0.930000007,235.0,57.399997739999996,6.912955509914999,256.02321777624996,648.13794,1449.9375,29.5,-36.2
1688,18655,884,101.2000008,14.68066486,2.419000089,97.09999847,42.59999847,91.77499962,45.19639683,3042.513153,126.5057755,0.819999993,255.0,54.5,5.851561430582008,222.00373224875497,648.13794,1449.9375,32.0,-38.7
1689,18657,884,97.20000076,14.91855737,2.121749968,65.0,34.20000076,76.875,54.59852218,4126.147888,148.0804138,0.699999988,525.0,30.79999924,4.501822926708001,163.10952879,648.13794,1449.9375,35.5,-42.2
1690,18659,884,99.57500075,15.38698541,1.987749994,74.59999847,35.29999924,73.125,49.18034935,4817.516785,156.9064026,0.810000002,300.0,39.299999230000005,3.9511500386470004,145.35421831125,648.13794,1449.9375,38.5,-45.2
1691,18662,884,100.375,15.99275257,1.703499973,68.69999695,32.0,63.375,55.34627915,3731.430237,177.500351,0.75,192.0,36.69999695,2.9019121580110006,107.959310788875,648.13794,1449.9375,41.5,-48.2
1692,18671,885,100.2249985,15.10985253,2.165249944,61.29999924,28.39999962,80.25,3.959434867,215.7462978,20.59396362,0.680000007,320.0,32.89999962,4.688307319992004,173.761308006,673.14185,1018.54297,1.8,-7.8999996
1693,18673,885,99.57499884,15.70581011,1.815750003,75.80000305,32.40000153,67.04999828,11.00796437,943.8900222,42.16859436,0.810000002,190.0,43.40000152,3.2969480733945,121.74603457805999,673.14185,1018.54297,4.8,-10.9
1694,18675,885,100.1500015,15.12701996,2.136499941,77.0,34.0,79.32500267,19.94427347,2027.524811,66.68521881,0.790000021,145.0,43.0,4.564631997893003,169.47786352427983,673.14185,1018.54297,7.8,-13.9
1695,18677,885,99.67499924,14.69292764,2.438249946,91.80000305,40.09999847,89.45000077,18.16681862,1569.063965,63.74322128,1.059999943,140.0,51.70000458,5.945062799169003,218.10145954715247,673.14185,1018.54297,10.8,-16.9
1696,18679,885,100.8750019,14.47955982,2.565499961,100.3000031,40.0,96.87499999,28.50057554,1990.749909,72.56920624,1.049999952,190.0,60.3000031,6.581790049891001,248.53280869622003,673.14185,1018.54297,13.8,-19.9
1697,18681,885,100.9249992,14.34712506,2.635249973,102.5999985,41.20000076,100.0749989,37.05687714,3429.875794,90.22117615,1.070000052,150.0,61.399997739999996,6.944542420196501,263.7226381492,673.14185,1018.54297,16.8,-22.9
1698,18683,885,98.85000038,13.99887016,2.753749967,110.6999969,48.40000153,103.3500004,34.7890892,3898.143372,91.20184326,1.029999971,160.0,62.299995370000005,7.583138880752501,284.60006019095,673.14185,1018.54297,19.8,-25.9
1699,18685,885,101.2250004,14.32259979,2.645750046,107.6999969,45.09999847,101.3250008,48.26097584,4332.087524,136.3124237,1.450000048,140.0,62.59999843,6.999993305909001,268.08062552755,673.14185,1018.54297,22.8,-28.9
1700,18687,885,99.35000038,13.91058012,2.887250066,113.4000015,45.5,108.5249996,50.82296372,4741.515137,147.0997467,1.320000052,190.0,67.9000015,8.336212943617005,313.33881225774996,673.14185,1018.54297,25.8,-31.9
1701,18689,885,98.74999809,14.48937027,2.407000005,99.69999695,41.70000076,89.52500153,52.93139267,5268.622681,143.1770935,1.029999971,255.0,57.99999619,5.79364902407,215.486679130335,673.14185,1018.54297,28.8,-34.899998
1702,18692,885,98.14999962,17.00808736,1.304749996,48.70000076,25.39999962,47.19999981,52.74751855,3380.842529,205.9396362,0.449999988,650.0,23.300001140000003,1.7023725520619999,61.5841995632975,673.14185,1018.54297,31.8,-37.899998
1703,18695,885,100.7999992,15.8848425,1.745999992,71.40000153,33.5,65.52500057,58.77860545,4775.838501,182.4036865,0.800000012,315.0,37.90000153,3.048515972064,114.40665047102,673.14185,1018.54297,34.8,-40.899998
1704,18697,885,100.25,15.88729511,1.706,78.90000153,29.39999962,63.99999809,75.27829553,5989.411255,252.030899,0.870000005,150.0,49.500001909999995,2.910436,109.18399674154,673.14185,1018.54297,37.8,-43.899998
1705,18699,885,99.52500155,16.52739741,1.485249996,53.29999924,28.5,55.14999866,76.06282711,5959.991577,282.4315186,0.430000007,1300.0,24.79999924,2.2059675506180003,81.91153528916502,673.14185,1018.54297,40.8,-46.899998
1706,18721,886,100.1750012,16.81188754,1.417000026,93.69999695,39.0,52.47500038,4.707191766,154.454731,31.38127899,0.870000005,107.0,54.69999695,2.0078890736840007,74.35707690281001,1226.9006,432.88672,1.8,-8.95
1707,18723,886,100.0749988,14.15337727,2.721249998,117.0999985,44.0,103.1500016,9.475675583,583.4956513,27.45862007,1.570000052,108.0,73.0999985,7.405201551614999,280.6969416477,1226.9006,432.88672,4.8,-11.950001
1708,18725,886,99.74999999,14.4084375,2.529500008,96.90000153,37.20000076,94.82499886,11.85378742,546.7207336,31.38127899,0.99000001,132.0,59.700000769999995,6.398370290471999,239.85983537496998,1226.9006,432.88672,7.8,-14.950001
1709,18727,886,99.77499963,14.42560493,2.536500037,89.09999847,31.79999924,94.79999924,14.58739138,786.9836579,48.0525856,0.980000019,103.0,57.299999230000005,6.433832437701002,240.46020157986,1226.9006,432.88672,10.8,-17.95
1710,18729,886,99.85000036,13.84681478,2.962000012,114.1999969,40.70000076,112.25,20.44686556,1318.994385,56.87856674,1.360000014,110.0,73.49999614000001,8.773444071087999,332.484501347,1226.9006,432.88672,13.8,-20.95
1711,18731,886,100.0500011,13.78305001,3.059999943,122.8000031,49.09999847,115.8250008,25.20676756,2451.662476,77.47253418,1.399999976,145.0,73.70000463,9.363599651160001,354.42449584597495,1226.9006,432.88672,16.8,-23.949999
1712,18733,886,100.4750004,13.76342997,3.045249999,115.0,43.09999847,116.9249992,33.13421822,2557.083985,85.31785583,1.370000005,130.0,71.90000153,9.2735475564095,356.065853696875,1226.9006,432.88672,19.8,-26.949999
1713,18735,886,99.05000116,13.60892227,3.047499955,114.0,46.20000076,116.2749996,39.96209717,4202.149536,106.8924866,1.360000014,140.0,67.79999924,9.287255975725003,354.34805604862504,1226.9006,432.88672,22.8,-29.949999
1714,18737,886,100.8000011,13.92529493,2.838749945,115.0999985,47.20000076,110.5500012,42.85505867,4474.283936,128.4671021,0.699999988,1180.0,67.89999774,8.058501250237503,313.82380982624994,1226.9006,432.88672,25.8,-32.95
1715,18740,886,98.0,17.12090266,1.24000001,40.5,25.29999924,45.125,38.20915842,3020.448181,184.3650208,0.670000017,140.0,15.200000760000002,1.5376000248,55.955000451249994,1226.9006,432.88672,28.8,-35.95
1716,18743,886,99.47500039,15.68128484,1.780749977,61.0,31.60000038,66.32499981,34.60521603,3032.706482,116.6991348,1.080000043,130.0,29.39999962,3.1710704805855,118.10824188618248,1226.9006,432.88672,31.8,-38.95
1717,18745,886,97.79999924,15.75731268,1.773250014,63.59999847,30.20000076,63.77499867,60.62961196,6249.287598,147.0997467,0.620000005,275.0,33.39999771,3.1444156121510005,113.08901728442748,1226.9006,432.88672,34.8,-41.95
1718,18747,886,98.00000191,16.32138772,1.530999988,58.0,31.79999924,55.35000038,62.33351611,5766.310181,207.9009705,0.579999983,317.0,26.20000076,2.3439609632560003,84.74084991758,1226.9006,432.88672,37.8,-44.95
1719,18850,890,86.125,16.30912524,1.261000007,51.40000153,27.5,40.625,86.17593575,7634.476684,441.2992554,0.497999996,590.0,23.900001529999997,1.5901210176540002,51.228125284375004,-107.49951,895.6406,41.8,-38.02
1720,18856,890,97.04999924,17.99399224,1.010749996,41.70000076,32.5,36.20000077,99.29232979,8796.564818,647.2388916,0.342000008,1200.0,9.200000760000002,1.021615554414,36.589150633477495,-107.49951,895.6406,58.7,-54.920002
1721,18858,890,92.52499962,17.62611759,1.03549999,43.79999924,27.39999962,35.5,109.2215595,12618.70666,666.8522339,0.409000009,760.0,16.39999962,1.0722602292899999,36.760249644999995,-107.49951,895.6406,61.7,-57.920002
1722,18866,891,99.42500115,15.2864326,2.120999932,94.09999847,44.79999924,76.72499848,40.69759655,2444.307465,105.9118195,0.897000015,170.0,49.299999230000005,4.498640711544005,162.73371655878012,-157.9375,741.60156,12.2,-2.8999996
1723,18869,891,97.97500038,15.23493003,2.114749998,76.40000153,32.09999847,75.44999981,67.9110508,5045.52124,181.4230194,0.83099997,390.0,44.300003059999995,4.472167554041,159.5578869472975,-157.9375,741.60156,18.3,-8.999999
1724,18871,891,95.39999962,16.36553274,1.496999979,62.90000153,26.5,52.10000134,48.78808212,3221.484436,122.5831223,0.59799999,320.0,36.40000153,2.2410089371260002,77.99370091187997,-157.9375,741.60156,21.2,-11.900001
1725,18873,891,98.92499922,15.05099271,2.177999944,79.80000305,36.09999847,79.375,49.52358055,3508.32898,129.4477844,0.996999979,280.0,43.70000458,4.743683756064004,172.87874555500002,-157.9375,741.60156,27.2,-17.900002
1726,18875,891,96.12499808,14.30052743,2.364500046,92.09999847,42.09999847,86.47500038,49.1558323,5062.682922,171.6163635,0.996999979,215.0,50.0,5.590860467534001,204.47014237636,-157.9375,741.60156,33.1,-23.8
1727,18916,893,91.5,17.15769032,1.325333317,101.8000031,43.40000153,45.69999949,20.75740814,1421.964203,90.22117615,0.564999998,122.0,58.40000157,1.7565084011502223,60.56773191098001,119.109375,864.71875,12.1,-2.4000006
1728,18918,893,98.02499772,15.29133783,1.957500041,91.40000153,40.5,71.77499962,37.69431019,2885.60669,142.1964264,0.763999999,200.0,50.90000153,3.831806410515002,140.49956469892498,119.109375,864.71875,18.5,-8.8
1729,18922,893,100.1999988,15.01175263,2.150750041,88.19999695,40.20000076,80.80000115,48.1138754,2819.411804,181.4230194,0.663999975,195.0,47.99999619,4.625725738861501,173.78060578616254,119.109375,864.71875,28.9,-19.2
1730,18924,893,97.375,14.39862763,2.422750056,89.0,38.5,88.44999886,60.0657301,6369.418824,147.0997467,1.062999964,330.0,50.5,5.869717833848003,214.2922396912649,119.109375,864.71875,34.9,-25.2
1731,18926,893,96.89999962,14.65614017,2.229249954,72.09999847,40.59999847,81.02499962,68.15621566,6739.619995,205.9396362,0.930000007,285.0,31.5,4.969555357409003,180.62497667573504,119.109375,864.71875,40.9,-31.2
1732,18973,895,99.375,13.92284261,2.81949997,124.1999969,54.79999924,107.0249996,13.07961893,784.5319977,40.20726395,1.133000016,57.0,69.39999766,7.94958008083,301.75698316145,269.91406,248.38672,5.2,-2.2599998
1733,18975,895,99.14999771,15.2864326,1.948499978,94.69999695,46.09999847,72.54999924,36.83622837,3648.073609,128.4671021,0.864000022,98.0,48.59999848,3.7966521642660007,141.36367192304004,269.91406,248.38672,8.1,-5.1600003
1734,18977,895,99.64999962,15.00439507,2.134499967,97.90000153,48.70000076,79.75,36.68912888,4334.539185,122.5831223,0.884000003,128.0,49.200000769999995,4.5560901091230015,170.22637236825,269.91406,248.38672,11.1,-8.16
1735,18979,895,99.80000115,15.88238988,1.695499987,78.5,44.5,63.34999943,33.88197422,3081.739685,135.3317719,0.61500001,261.0,34.0,2.8747202059170003,107.40992321001501,269.91406,248.38672,14.1,-11.16
1736,18981,895,99.40000153,16.83886485,1.343499989,44.79999924,27.5,49.72499943,15.45773149,1206.217896,121.6024551,0.409000009,620.0,17.29999924,1.8049922204429998,66.80553618722999,269.91406,248.38672,17.1,-14.16
1737,18992,895,99.15000153,15.93389245,1.607249976,75.19999695,39.20000076,60.34999943,86.23722649,10238.14234,264.779541,0.721000016,330.0,35.99999619,2.5832524853520007,96.99753513546752,269.91406,248.38672,37.9,-34.960003
1738,19014,896,96.20000076,14.45503513,2.397000015,91.0,42.29999924,85.80000113,27.33603668,2395.27417,76.49186707,0.887000024,134.0,48.70000076,5.745609071910001,205.66260399561003,345.3921,94.28906,10.5,-5.27
1739,19016,896,98.875,14.74688253,2.362500012,100.0999985,39.70000076,86.10000038,32.23936129,2667.408661,93.16316986,0.953000009,114.0,60.399997739999996,5.5814063067,203.41125193095,345.3921,94.28906,13.1,-7.8700004
1740,19018,896,99.10000039,15.54639747,1.873999983,85.09999847,36.20000076,68.87499809,44.62025642,4606.673706,119.6411285,0.757000029,210.0,48.89999771,3.5118759362840004,129.07174524978504,345.3921,94.28906,16.2,-10.970001
1741,19020,896,98.89999962,16.46363236,1.507750005,64.69999695,33.29999924,54.90000057,49.27841377,4628.738647,151.0223999,0.532000005,310.0,31.39999771,2.2733100775775,82.77547613391751,345.3921,94.28906,19.1,-13.870001
1742,19028,896,98.82499886,14.80574265,2.309500039,102.5999985,45.70000076,84.20000076,65.58196928,7212.79065,178.4810333,1.105999947,220.0,56.899997739999996,5.3337904301410015,194.45990503902001,345.3921,94.28906,27.0,-21.77
1743,19029,896,99.27499962,14.45013019,2.539500058,111.0,41.5,93.64999962,80.53711319,9257.477418,181.4230194,1.162999988,197.0,69.5,6.449060544582002,237.82417946668997,345.3921,94.28906,30.0,-24.77
1744,19030,896,99.39999962,14.47710749,2.493000031,109.5999985,39.70000076,92.625,84.09202195,8056.162597,199.0749817,1.335999966,260.0,69.89999774,6.215049154566,230.91412787137497,345.3921,94.28906,33.0,-27.77
1745,19031,896,99.00000191,14.47955981,2.50699997,107.1999969,43.0,92.125,86.29851915,11522.81335,222.6109467,1.38499999,177.0,64.1999969,6.28504884958,230.95737223625,345.3921,94.28906,36.0,-30.77
1746,19032,896,98.67499924,14.50163247,2.448750019,94.59999847,43.59999847,90.15000153,89.24051286,10860.86475,240.2629242,1.218999982,350.0,51.0,5.996376655552502,220.75481795943753,345.3921,94.28906,39.0,-33.77
1747,19034,896,97.82500076,16.95903741,1.322499991,52.70000076,29.0,47.59999943,74.1627884,8414.105591,235.3596039,0.605000019,890.0,23.70000076,1.749006226195,62.950998817774995,345.3921,94.28906,42.0,-36.77
1748,19065,897,97.75,17.38822537,1.172500014,44.5,28.39999962,42.39999962,43.46797371,1711.260376,227.514267,0.328999996,860.0,16.10000038,1.37475628283,49.71400014805,647.25635,-706.98047,22.9,-17.42
1749,19068,897,98.65000153,14.9528928,2.098749995,95.80000305,45.0,78.35000038,50.79844569,4606.673645,140.2350922,0.947000027,140.0,50.80000305,4.4047515415125,164.43706290577498,647.25635,-706.98047,26.5,-21.02
1750,19070,897,96.92500114,14.29562278,2.487500012,101.6999969,49.5,90.29999733,50.03843118,3344.067749,169.6550446,1.162999988,138.0,52.1999969,6.1876563096999995,224.62124444197497,647.25635,-706.98047,29.5,-24.02
1751,19072,897,98.07499886,14.50898973,2.325749993,97.40000153,45.20000076,86.45000076,28.45154238,1618.09729,205.9396362,1.192999959,148.0,52.200000769999995,5.4091130299395,201.06108866242,647.25635,-706.98047,32.5,-27.02
1752,19074,897,98.17499924,14.29317017,2.430750012,104.0,50.59999847,91.375,68.04588985,7722.736572,238.30159,1.488000035,124.0,53.40000153,5.908545620838,222.1097823465,647.25635,-706.98047,35.5,-30.02
1753,19076,897,97.40000153,14.09451745,2.546750009,106.5,46.20000076,94.87499809,80.2919464,8835.791748,253.0115509,1.472000003,125.0,60.29999924,6.485935608341501,241.62290223958252,647.25635,-706.98047,38.5,-33.02
1754,19078,897,97.97500038,14.31278991,2.448500037,103.0,47.40000153,91.15000153,79.67902946,8347.9104,274.5861816,1.332000017,127.0,55.59999847,5.995152431189002,223.18078211875505,647.25635,-706.98047,41.5,-36.02
1755,19116,898,97.97499847,16.30421971,1.524500013,57.40000153,32.20000076,55.32499981,40.57501316,4533.12384,112.7764664,0.708000004,300.0,25.200000769999995,2.3241002896369998,84.34296292956999,672.42896,-737.8047,20.2,-15.620001
1756,19118,898,92.17500115,17.83212728,1.000500008,37.40000153,28.70000076,34.12499952,41.06534434,3584.330566,156.9064026,0.508000016,360.0,8.700000769999995,1.001000266008,34.142062292759995,672.42896,-737.8047,23.3,-18.72
1757,19121,898,98.625,14.41579505,2.485249996,103.0,40.79999924,91.79999924,61.78189089,6867.106446,156.9064026,1.225999951,160.0,62.20000076,6.176467542617999,228.14594774401002,672.42896,-737.8047,26.3,-21.72
1758,19123,898,98.10000038,14.27600245,2.570499957,109.4000015,46.0,94.29999924,69.50463104,7244.662598,169.6550446,1.218999982,280.0,63.4000015,6.607470028937001,242.39814399152004,672.42896,-737.8047,29.3,-24.72
1759,19125,898,98.25,14.19506997,2.591000021,111.1999969,44.90000153,96.0,72.20145798,7433.440552,186.3263397,1.271999955,190.0,66.29999537,6.7132811088220015,248.73600201600001,672.42896,-737.8047,32.3,-27.72
1760,19127,898,98.35000038,14.1852598,2.604749978,111.5,43.79999924,96.62500191,80.2919426,9191.28247,202.9976501,1.309000015,340.0,67.70000076,6.784722447891001,251.68397159932246,672.42896,-737.8047,35.3,-30.72
1761,19129,898,98.35000038,14.24902515,2.515000045,104.0999985,42.79999924,94.02499962,90.46634293,9534.515137,245.1662445,1.302000046,170.0,61.29999926,6.3252252263500015,236.472878275425,672.42896,-737.8047,38.3,-33.72
1762,19132,898,96.42500114,16.00011012,1.622249991,68.0,31.0,57.75,89.48567963,9735.551269,259.8762207,0.874000013,340.0,37.0,2.6316950332994997,93.68493698025,672.42896,-737.8047,41.3,-36.72
1763,19175,899,96.77500153,16.73586,1.321999967,59.5,34.20000076,47.69999981,42.27891827,2922.381653,151.0223999,0.467999995,700.0,25.29999924,1.747683912748001,63.05939817472001,697.58887,-799.4414,21.2,-16.67
1764,19177,899,97.64999962,16.77509979,1.351499975,59.79999924,34.29999924,48.85000038,42.34020996,2716.442078,152.003067,0.522000015,410.0,25.5,1.8265521824250008,66.02077429231998,697.58887,-799.4414,24.2,-19.67
1765,19179,899,99.47499848,14.41088982,2.451250017,105.6999969,41.59999847,92.72500038,70.48529625,8249.844117,150.0417328,1.202999949,178.0,64.09999843,6.0086266458425,227.2921587578,697.58887,-799.4414,27.2,-22.67
1766,19181,899,98.35000229,14.33240995,2.476999998,109.6999969,42.79999924,92.17499924,55.22369671,4692.481873,189.2683411,1.322000027,142.0,66.89999766,6.135528990092001,228.31747293313003,697.58887,-799.4414,30.1,-25.57
1767,19183,899,99.14999962,14.28826494,2.523750007,112.9000015,51.20000076,95.125,69.93367099,6335.095825,223.5916138,1.335999966,154.0,61.70000074,6.3693140978325,240.07171941587498,697.58887,-799.4414,33.2,-28.67
1768,19185,899,99.32500267,14.30298004,2.494499982,113.8000031,48.70000076,94.49999809,69.07559014,7183.371094,235.3596039,1.424999952,122.0,65.10000234,6.222530160198,235.73024353450504,697.58887,-799.4414,36.2,-31.67
1769,19187,899,99.60000038,14.58501756,2.351749957,104.5,49.5,88.72500038,78.75965309,9916.974611,237.3209381,1.394999981,122.0,55.0,5.530727860249502,208.65901582848997,697.58887,-799.4414,39.2,-34.670002
1770,19229,900,97.85000229,16.19876225,1.574749976,58.5,31.79999924,56.84999943,42.53634262,3871.175049,127.4864426,0.568000019,340.0,26.70000076,2.479837486912001,89.52453523799251,722.7617,-830.2617,20.5,-14.83
1771,19231,900,97.75,15.93634477,1.671499997,64.40000153,31.0,60.42500115,43.88475704,3773.108521,124.5444489,0.663999975,470.0,33.40000153,2.7939122399709997,101.00038924095,722.7617,-830.2617,23.6,-17.93
1772,19233,900,99.375,15.48508502,1.895249963,80.69999695,38.5,70.12500191,53.20107556,4300.215942,137.2930908,0.833999991,330.0,42.19999695,3.591972422251501,132.90440727530242,722.7617,-830.2617,26.6,-20.93
1773,19235,900,99.04999924,14.44767758,2.500999987,104.1999969,42.90000153,92.57500076,58.22698309,3341.616028,150.0417328,1.225999951,195.0,61.299995370000005,6.255000934974001,231.53007569728499,722.7617,-830.2617,29.6,-23.93
1774,19237,900,99.25,14.101875,2.736000002,120.0999985,48.5,102.2749996,68.03363228,5893.796448,189.2683411,1.338999987,187.0,71.5999985,7.485696010943999,279.82439911015,722.7617,-830.2617,32.6,-26.929998
1775,19239,900,98.97500229,14.16809267,2.605499983,117.3000031,46.79999924,98.12499999,81.5177784,8593.077027,183.3843536,1.394999981,225.0,70.50000385999999,6.788630161413001,255.66468580582003,722.7617,-830.2617,35.6,-29.929998
1776,19241,900,99.17499924,14.30298004,2.514750004,116.9000015,44.59999847,94.82500076,80.65969468,8195.907593,220.6496277,1.39199996,400.0,72.30000303,6.323967582618001,238.46117104051,722.7617,-830.2617,38.6,-32.93
1777,19243,900,98.97499847,14.28581262,2.504750073,106.5,46.40000153,94.44999886,90.46634293,8825.984619,235.3596039,1.123000026,145.0,60.09999847,6.273772928193504,236.57364153943487,722.7617,-830.2617,41.6,-35.93
1778,19363,903,96.52499962,18.25641001,0.9595,35.5,23.70000076,34.07500029,25.35018969,1056.666534,608.0122681,0.200000003,1350.0,11.799999239999998,0.92064025,32.694962778255,118.86426,340.89453,16.8,-6.909999
1779,19366,903,95.125,17.59914,1.089750022,45.70000076,25.10000038,38.22500038,45.34349633,3290.131104,196.1329956,0.365999997,1050.0,20.60000038,1.1875551104490005,41.65569500505501,118.86426,340.89453,20.9,-11.009999
1780,19368,903,97.30000115,16.63040254,1.417250008,69.80000305,33.09999847,50.95000076,71.83370971,6303.224243,237.3209381,0.52700001,176.0,36.70000458,2.0085975851759996,72.20888898471,118.86426,340.89453,24.0,-14.11
1781,19370,903,99.0,16.37289029,1.487000018,83.0,37.90000153,54.94999981,88.87276269,6680.780274,308.9094849,0.601999998,229.0,45.09999847,2.2111690535320006,81.71065070657001,118.86426,340.89453,27.0,-17.11
1782,19371,903,98.47499847,15.24228729,1.984750003,88.5,39.79999924,72.95000076,66.68521881,6339.999268,127.4864426,0.823000014,223.0,48.70000076,3.9392325744085004,144.78751422726,118.86426,340.89453,28.8,-18.91
1783,19372,903,99.25,14.61199487,2.409250021,95.59999847,42.79999924,89.30000115,52.95591068,5481.917175,127.4864426,0.810000002,178.0,52.799999230000005,5.804485663688501,215.14602964593752,118.86426,340.89453,31.9,-22.009998
1784,19375,903,99.375,14.57275508,2.391250014,100.5,46.09999847,89.30000115,63.74322415,5550.563721,201.0363159,1.164999962,144.0,54.40000153,5.718076629455001,213.53862900013752,118.86426,340.89453,34.8,-24.91
1785,19376,903,99.39999962,14.62916258,2.361749947,98.5,44.0,88.14999962,70.97562789,6805.814941,196.1329956,1.274999976,125.0,54.5,5.577862812154502,208.18825693058503,118.86426,340.89453,37.8,-27.91
1786,19377,903,99.75,14.58256495,2.387249947,90.5,39.09999847,89.97500038,60.43347836,6004.121155,245.1662445,1.110000014,227.0,51.40000153,5.6989623094515025,214.79281488847997,118.86426,340.89453,40.8,-30.91
1787,19533,906,97.02499962,16.74812249,1.386750013,77.40000153,35.09999847,49.375,48.91066646,3160.192933,215.7463074,0.730000019,204.0,42.300003059999995,1.9230755985555,68.47078189187499,144.01758,279.2578,14.6,-4.55
1788,19540,906,99.17499924,16.81924481,1.390749991,70.69999695,32.20000076,50.94999886,70.36271286,4658.158692,264.779541,0.552999973,189.0,38.49999619,1.9341855374665002,70.85871045599501,144.01758,279.2578,25.7,-15.650001
1789,19542,906,99.02499962,15.47282283,1.932999999,92.0,40.20000076,71.02500153,53.07849218,5974.701416,205.9396362,0.75999999,108.0,51.79999924,3.7364889961339998,137.29132788646498,144.01758,279.2578,28.9,-18.849998
1790,19701,909,99.95000076,16.63530777,1.479750008,53.79999924,25.0,54.625,43.14925957,3398.004059,225.5529327,0.38499999,780.0,28.79999924,2.1896600861759996,80.831344187,169.18506,248.4336,15.4,-5.8499994
1791,19704,909,99.32500076,15.86277013,1.695500016,86.90000153,38.90000153,62.92500019,36.89752007,990.4716034,156.9064026,0.416000009,332.0,48.0,2.8747203042560003,106.689338828945,169.18506,248.4336,18.1,-8.55
1792,19706,909,100.0,16.96884757,1.397500009,75.0,33.90000153,53.79999924,42.65892744,2770.378601,196.1329956,0.407000005,520.0,41.09999847,1.9530062751550001,75.1854994221,169.18506,248.4336,21.3,-11.749999
1793,19708,909,97.22500038,18.25150478,0.969000012,64.80000305,30.10000038,34.625,17.95842719,1581.322296,182.4036865,0.572000027,259.0,34.70000267,0.9389610232560001,33.5516254155,169.18506,248.4336,24.3,-14.749999
1794,19710,909,99.70000077,15.43603536,1.951749981,101.5999985,44.90000153,72.60000038,61.90447521,4861.646667,146.1190796,0.829999983,175.0,56.69999697,3.8093279883335005,141.697049362265,169.18506,248.4336,27.3,-17.75
1795,19865,912,98.59999848,14.82536239,2.298000008,88.5,41.59999847,83.82500076,32.3619442,3741.236878,86.29851532,0.930000007,133.0,46.90000153,5.280804036767999,192.62985241707997,169.14258,155.99219,12.6,-4.05
1796,19868,912,99.27499962,15.98294269,1.713750035,100.0,47.40000153,62.74999905,34.93618918,3035.158051,104.93116,0.893000007,93.90000153,52.59999847,2.936939182462501,107.53781306818746,169.14258,155.99219,15.6,-7.05
1797,19871,912,99.625,16.00010983,1.70025003,82.5,38.79999924,62.625,39.83951569,3483.812378,127.4864426,0.660000026,188.0,43.70000076,2.890850164515001,106.47815812875001,169.14258,155.99219,18.6,-10.05
1798,19874,912,98.55000115,15.65676015,1.826000005,88.19999695,40.40000153,66.42500115,50.1364975,5391.205567,134.3511047,0.949999988,151.0,47.79999542,3.33427601826,121.292052432025,169.14258,155.99219,24.6,-16.05
1799,19971,915,94.15000153,15.72297753,1.67475003,91.19999695,40.20000076,58.92500019,29.05220032,2843.928528,78.45320129,0.606000006,130.0,50.99999619,2.804787662985001,98.68464583595251,269.84473,94.32031,14.9,-4.87
1800,19974,915,98.45000077,15.09023249,2.091750026,64.19999695,29.5,76.32499886,27.87540293,2557.083923,83.35652924,0.791999996,113.0,34.69999695,4.375418171271002,159.65281834985498,269.84473,94.32031,17.9,-7.87
1801,19976,915,98.34999848,16.42194025,1.482000023,66.0,27.20000076,54.02499962,40.88147259,3846.658447,141.2157593,0.519999981,260.0,38.79999924,2.1963240681720007,80.065050679415,269.84473,94.32031,20.9,-10.87
1802,19978,915,99.27500153,16.33855486,1.475000024,63.79999924,29.10000038,55.17500019,46.0299635,3851.561646,203.978302,0.483999997,350.0,34.699998859999994,2.1756250708000007,81.38312660445001,269.84473,94.32031,23.9,-13.87
1803,19982,915,97.52499962,17.05468499,1.298749969,70.69999695,30.79999924,46.84999943,60.42122269,4844.484985,237.3209381,0.961000025,93.0,39.89999771,1.686751481977501,60.84643530736251,269.84473,94.32031,26.9,-16.869999
1804,19986,915,98.75,15.12211502,2.009750038,93.30000305,38.70000076,74.80000115,60.10250471,3569.620423,230.4562531,0.874000013,143.0,54.60000229,4.039095215241002,150.32930515361255,269.84473,94.32031,31.4,-21.369999
1805,19992,915,97.05000115,16.46853758,1.407249988,62.20000076,26.5,51.125,66.6974764,5756.503418,283.4122009,0.67900002,340.0,35.70000076,1.9803525287260002,71.9456556365,269.84473,94.32031,46.3,-36.27
1806,20084,917,99.0,14.76159734,2.201499999,92.90000153,39.70000076,83.02499962,17.66422773,1723.518616,58.83990097,0.657999992,127.0,53.200000769999995,4.846602245597,182.77953658040502,294.9995,32.683594,12.6,-2.33
1807,20091,917,98.625,16.92224994,1.284750015,62.79999924,27.89999962,47.37500096,70.69368554,6965.173096,275.566864,0.49000001,250.0,34.89999962,1.6505826010425002,60.86503319398501,294.9995,32.683594,25.4,-15.129999
1808,20092,917,96.90000153,17.25579003,1.193500012,52.0,26.60000038,42.74999905,75.58475493,8877.469727,304.9867859,0.453000009,310.0,25.39999962,1.4244422786440003,51.02212437917499,294.9995,32.683594,26.9,-16.63
1809,20269,920,98.39999962,14.97496487,2.003749967,99.80000305,34.09999847,75.47499848,55.8733883,4425.250855,244.1855774,0.952000022,145.0,65.70000458,4.015013930252501,151.23302571362504,320.1548,-28.953125,30.5,-20.15
1810,20270,920,98.22500038,14.65368785,2.295000017,99.0,34.70000076,84.47500038,56.19210244,4251.182739,187.3070068,1.123000026,164.0,64.29999924,5.2670250780300005,193.870127308175,320.1548,-28.953125,33.5,-23.15
1811,20271,920,99.10000038,14.35202971,2.46875,112.8000031,34.09999847,93.09999847,66.03552819,6413.549072,201.0363159,1.254999995,140.0,78.70000463,6.0947265625,229.8406212228125,320.1548,-28.953125,36.5,-26.15
1812,20272,920,99.42499924,14.45748716,2.35650003,111.8000031,42.90000153,89.97500038,66.34198474,5136.23291,231.4369202,1.241999984,135.0,68.90000157,5.55309239139,212.02609109472,320.1548,-28.953125,39.5,-29.15
1813,20273,920,99.125,14.39617501,2.484499991,105.4000015,38.09999847,92.875,66.83231545,6138.963013,261.8375549,1.363999963,140.0,67.30000303,6.172740205278999,230.74793666412498,320.1548,-28.953125,42.5,-32.15
1814,20274,920,99.54999924,14.45994036,2.351250053,100.3000031,42.40000153,90.04999924,75.58475305,7141.692505,559.9597168,1.398000002,142.0,57.90000157,5.528376811732501,211.73006548569995,320.1548,-28.953125,45.5,-35.15
1815,20452,923,97.85000038,17.26314758,1.231249988,64.09999847,27.5,44.27499962,95.82322501,7533.958862,305.9674683,0.493000001,160.0,36.59999847,1.5159765329500003,54.51359275082501,345.31055,-90.58984,24.0,-13.65
1816,20454,923,97.17500115,15.49734751,1.785249978,97.80000305,35.90000153,65.07499886,81.55455398,10272.46557,260.8569031,0.759000003,135.0,61.90000152,3.187117483949,116.175140283165,345.31055,-90.58984,26.7,-16.35
1817,20457,923,97.77499771,16.51022998,1.45024997,65.30000305,26.29999924,52.39999962,66.62392809,6580.261963,232.4175873,0.652999997,180.0,39.00000381,2.1032249754850008,75.99309787690501,345.31055,-90.58984,29.0,-18.65
1818,20458,923,99.42500115,14.96025006,2.131749988,92.19999695,39.0,79.79999924,58.22698213,4648.352112,182.4036865,0.943000019,120.0,53.19999695,4.544358011338001,170.11364742227002,345.31055,-90.58984,32.0,-21.65
1819,20459,923,98.27499962,14.60954254,2.352500022,104.0999985,45.29999924,86.27499962,64.51549721,5111.716187,192.2103424,1.120000005,185.0,58.79999926,5.534256353510001,202.9619385041,345.31055,-90.58984,35.0,-24.65
1820,20460,923,99.57500076,14.53596761,2.409000039,106.0,40.59999847,90.45000077,75.71959686,7685.961548,208.8816528,1.376999974,113.0,65.40000153,5.803281187902001,217.89405538248002,345.31055,-90.58984,38.0,-27.65
1821,20462,923,98.97500038,14.22940511,2.563749969,111.4000015,39.20000076,96.40000153,79.45837975,9093.215944,211.8236389,1.358999968,120.0,72.20000074000001,6.5728139035475,247.14550093413743,345.31055,-90.58984,41.0,-30.65
1822,20463,923,99.35000038,14.38636513,2.484499991,102.5999985,34.79999924,93.47500038,70.38722801,8720.563111,282.4315186,1.302999973,137.0,67.79999925999999,6.172740205278999,232.23863760283498,345.31055,-90.58984,44.0,-33.65
1823,20464,923,98.47499848,14.89157977,2.090499997,96.59999847,32.90000153,78.19999886,86.64174842,10402.40393,294.1994934,1.241999984,180.0,63.699996940000005,4.370190237457001,163.47709738223,345.31055,-90.58984,47.0,-36.65
1824,21344,957,98.79999924,17.8223174,1.057249993,43.29999924,23.70000076,38.80000019,20.49589872,777.1770019,70.60787964,0.610000014,220.0,19.599998479999996,1.1177775476985004,41.021299929277504,1251.4517,-1415.9062,12.4,-5.99
1825,21350,957,100.1499996,16.12028238,1.62924999,61.59999847,29.10000038,60.69999885,30.4251318,2145.204682,142.1964264,0.550000012,477.0,32.499998090000005,2.654455529915,98.89547251936251,1251.4517,-1415.9062,21.2,-14.790001
1826,21352,957,100.2999992,15.36245985,1.992249996,64.30000305,33.0,74.32500076,22.49400282,1439.125855,91.20184326,0.810000002,179.0,31.30000305,3.969060046562,148.07398246680998,1251.4517,-1415.9062,24.2,-17.79
1827,21353,957,98.32500076,14.89648471,2.163999975,73.40000153,33.29999924,79.52499962,21.66043854,1625.452179,128.4671021,0.930000007,181.0,40.10000229,4.6828958918,172.092097189555,1251.4517,-1415.9062,25.7,-19.29
1828,21354,957,99.6499996,15.13683013,2.132499993,67.90000153,32.20000076,78.47500038,20.0300827,1515.12738,86.29851532,0.689999998,148.0,35.700000769999995,4.547556220145001,167.347937761025,1251.4517,-1415.9062,27.2,-20.79
1829,21356,957,100.7500019,14.08225525,2.804250062,100.8000031,36.79999924,107.2250004,24.14887524,3912.853272,80.41452789,1.350000024,96.19999695,64.00000385999999,7.863818410227004,300.68571401965,1251.4517,-1415.9062,30.2,-23.79
1830,21357,957,100.5750008,14.0454675,2.806500077,94.19999695,44.09999847,107.4999981,29.19929981,3773.10852,78.45320129,1.299999952,82.69999695,50.09999848,7.876442682201006,301.69875294514986,1251.4517,-1415.9062,31.7,-25.29
1831,21358,957,100.1749973,13.92774755,2.881500006,84.80000305,42.0,110.0499992,27.5444274,2895.41333,85.31785583,1.299999952,72.80000305,42.80000305,8.303042284578,317.1090733551,1251.4517,-1415.9062,33.2,-26.79
1832,21360,957,99.25,13.85417262,2.879999995,92.0,43.79999924,109.0249996,34.59295607,2750.765289,106.8924866,1.190000057,90.59999847,48.20000076,8.294399971199999,313.991998302875,1251.4517,-1415.9062,36.2,-29.79
1833,21361,957,99.79999924,13.88605515,2.886250019,89.09999847,42.09999847,109.9750004,34.10262489,3150.386291,127.4864426,1.169999957,85.09999847,47.0,8.3304391721775,317.415346994025,1251.4517,-1415.9062,37.7,-31.29
1834,21362,957,100.2500019,13.99887016,2.801500023,76.30000305,38.79999924,107.4500008,38.56465054,5410.819092,137.2930908,1.350000024,81.90000153,37.50000381,7.848402378869,301.02117971255,1251.4517,-1415.9062,39.2,-32.79
1835,21364,957,99.82500076,14.14356769,2.725000024,75.59999847,40.09999847,102.6000004,37.11816978,3827.045044,169.6550446,1.00999999,97.09999847,35.5,7.425625130799999,279.5850035524,1251.4517,-1415.9062,42.2,-35.79
1836,21366,957,99.97499845,15.22511986,2.003000021,56.20000076,29.5,75.625,48.1016159,5977.152832,152.003067,0.829999983,131.0,26.70000076,4.012009084126,151.476876588125,1251.4517,-1415.9062,43.7,-37.29
1837,21375,958,98.04999924,14.28581262,2.660999954,91.5,45.0,95.87499999,4.155567885,437.1314163,12.74864388,0.910000026,89.19999695,46.5,7.080920755188001,255.12337056313999,1276.6597,-1354.2891,11.7,-6.2999997
1838,21376,958,99.44999886,15.00194217,2.212749958,83.69999695,36.09999847,81.09999848,12.41767025,1210.140564,42.16859436,0.829999983,113.0,47.59999848,4.896262376629001,179.45401823042005,1276.6597,-1354.2891,13.2,-7.7999997
1839,21378,958,99.125,14.45503484,2.530250073,92.30000305,42.79999924,93.125,26.87022019,3084.436463,80.41452789,1.149999976,81.80000305,49.50000381,6.402165431916505,235.629538048125,1276.6597,-1354.2891,14.7,-9.299999
1840,21381,958,99.45000077,15.80881495,1.809249967,67.5,36.5,65.94999886,19.88298249,1612.213196,103.9504852,0.660000026,286.0,31.0,3.273385443089501,119.32003326110502,1276.6597,-1354.2891,16.2,-10.800001
1841,21383,958,98.125,16.27969502,1.54549998,61.40000153,28.60000038,56.25,37.22849464,3007.209137,109.8344803,0.540000021,419.0,32.80000115,2.3885701881800006,86.934373875,1276.6597,-1354.2891,17.7,-12.300001
1842,21384,958,94.75,16.03444497,1.575250029,67.69999695,33.5,55.05000019,25.54632282,1848.063172,84.33718872,0.579999983,427.0,34.19999695,2.481412653864501,86.7175143957475,1276.6597,-1354.2891,19.2,-13.800001
1843,21386,958,97.67499924,15.10249499,2.045000017,84.40000153,34.79999924,74.2499981,31.699996,3122.927674,101.0084915,0.819999993,231.0,49.60000229,4.18202506953,151.84124737674998,1276.6597,-1354.2891,20.7,-15.300001
1844,21387,958,97.17499924,15.23983497,1.981750011,75.69999695,33.40000153,71.17499924,26.25730419,2328.098663,96.1051712,0.689999998,269.0,42.29999542,3.9273331060984997,141.05105552679498,1276.6597,-1354.2891,22.2,-16.800001
1845,21388,958,99.35000038,15.45074988,1.94600004,77.09999847,35.59999847,71.55000114,33.37938357,3468.367004,93.16316986,0.860000014,160.0,41.5,3.7869161556800015,139.23630508044005,1276.6597,-1354.2891,23.7,-18.300001
1846,21389,958,99.95000076,15.32076745,2.051250011,80.80000305,36.5,75.65000153,33.52648306,3469.102478,93.16316986,0.899999976,169.0,44.30000305,4.207626607627501,155.17706647056252,1276.6597,-1354.2891,25.2,-19.800001
1847,21390,958,99.64999961,14.87196002,2.309249997,82.5,38.79999924,84.80000115,33.17099285,4404.166321,90.22117615,0.939999998,79.19999695,43.70000076,5.332635548644501,195.8244024012375,1276.6597,-1354.2891,26.7,-21.300001
1848,21391,958,100.4749985,14.18035516,2.78974998,98.80000305,48.59999847,104.7749996,35.40200615,4926.370484,82.37585449,1.25999999,79.69999695,50.20000458,7.7827049509099995,292.2960530386,1276.6597,-1354.2891,28.2,-22.800001
1849,21392,958,100.3249989,14.19016503,2.768750012,100.5,47.59999847,103.875,41.04082966,5252.441529,93.16316986,1.330000043,74.90000153,52.90000153,7.665976628949999,287.60390749649997,1276.6597,-1354.2891,29.7,-24.300001
1850,21393,958,99.07500076,13.91303215,2.885749996,102.5999985,48.79999924,107.8499985,37.70656872,4433.34137,100.0278244,1.409999967,137.0,53.79999926,8.327553039414,311.22813273997497,1276.6597,-1354.2891,31.2,-25.800001
1851,21394,958,98.875,13.92774784,2.89774996,105.5999985,46.90000153,107.4000016,42.18085289,4501.00708,107.8731537,1.440000057,86.69999695,58.69999697,8.396954830680002,311.2183503403999,1276.6597,-1354.2891,32.7,-27.300001
1852,21395,958,99.45000076,14.00132277,2.888249993,96.69999695,46.79999924,107.625,43.05119419,4100.895752,117.6798019,1.169999957,107.0,49.89999771,8.3419880220645,310.847905496625,1276.6597,-1354.2891,34.2,-28.800001
1853,21396,958,98.90000152,14.00868003,2.791249931,102.9000015,45.79999924,104.0500012,49.81778145,5586.358032,132.3897705,1.279999971,73.90000153,57.100002260000004,7.791076177307504,290.4295586700499,1276.6597,-1354.2891,35.7,-30.300001
1854,21397,958,99.30000114,14.06263521,2.747500003,100.9000015,44.29999924,103.2249985,51.58297824,6233.106812,139.254425,1.679999948,66.09999847,56.600002260000004,7.548756266484999,283.61068368842496,1276.6597,-1354.2891,37.2,-31.800001
1855,21398,958,100.2250004,14.22204756,2.611750007,94.69999695,44.59999847,99.97499848,59.46507358,7391.271973,147.0997467,1.25999999,72.19999695,50.09999848,6.8212380990645,261.109702979965,1276.6597,-1354.2891,38.7,-33.3
1856,21399,958,100.5750008,14.32014747,2.584749937,96.0,45.40000153,98.72500038,63.68193149,7736.710938,156.9064026,1.360000014,85.80000305,50.59999847,6.680932236821505,255.17943851253,1276.6597,-1354.2891,40.2,-34.8
1857,21400,958,99.67499924,14.93572479,2.141500026,86.69999695,37.20000076,80.72500038,73.611166,8596.999268,156.9064026,0.949999988,92.0,49.49999619,4.586022361358001,172.87259041262,1276.6597,-1354.2891,41.7,-36.3
1858,21402,958,97.47500038,17.38577247,1.203000009,41.5,24.39999962,42.94999981,45.1596241,3330.583405,222.6109467,0.360000014,911.0,17.10000038,1.447209021654,51.668850157979996,1276.6597,-1354.2891,43.2,-37.8
1859,21445,959,99.25000001,15.71561969,1.83950001,69.90000153,40.09999847,67.14999962,36.07621288,2898.355347,117.6798019,0.839999974,169.0,29.800003059999995,3.3837602867900003,123.52242497249,1301.8359,-1385.1094,23.1,-17.86
1860,21446,959,100.1499996,15.18097485,2.125250042,78.0,37.90000153,78.64999962,27.17667914,2130.249512,98.0664978,0.949999988,156.0,40.09999847,4.516687741021001,167.15091499570497,1301.8359,-1385.1094,24.6,-19.36
1861,21447,959,99.60000039,15.30605264,2.043749958,74.80000305,37.5,75.02499962,22.84949446,1544.302124,89.24051666,0.639999986,180.0,37.30000305,4.176913890825001,153.332339822325,1301.8359,-1385.1094,26.1,-20.86
1862,21448,959,100.1499996,14.34712477,2.672999978,96.80000305,43.79999924,99.42499923,24.29597569,2442.836426,87.27918243,1.159999967,95.69999695,53.00000381,7.144928882388,265.76302075444,1301.8359,-1385.1094,27.6,-22.36
1863,21449,959,100.2000008,13.93755742,2.969500005,103.5,47.09999847,111.7000008,29.95931625,3297.731079,82.37585449,1.409999967,98.40000153,56.40000153,8.817930279695,331.6931529341,1301.8359,-1385.1094,29.1,-23.86
1864,21450,959,100.8250008,14.02829978,2.936250031,103.9000015,44.79999924,110.9749985,30.79287958,3596.343506,84.33718872,1.370000005,70.0,59.100002260000004,8.621564244547502,325.85034278585,1301.8359,-1385.1094,30.6,-25.36
1865,21451,959,100.5749989,13.94491497,2.997500062,99.5,46.40000153,113.0500011,35.61039639,3998.906739,95.12450409,1.279999971,70.09999847,53.09999847,8.985006621690003,338.86738530635006,1301.8359,-1385.1094,32.1,-26.859999
1866,21452,959,99.79999924,13.80021744,3.054500043,105.9000015,47.20000076,114.7999993,41.49438667,4844.484985,102.9698181,1.289999962,90.5,58.70000074,9.329970512687002,350.65660279824993,1301.8359,-1385.1094,33.6,-28.359999
1867,21453,959,99.67500116,13.84191013,2.957500041,105.3000031,48.79999924,111.8249989,44.32605743,4839.091431,115.7184601,1.5,75.0,56.50000386,8.746806492515,330.72243883157495,1301.8359,-1385.1094,35.1,-29.859999
1868,21454,959,100.3499985,14.03320472,2.820249975,105.5999985,48.90000153,107.3749981,48.75130749,6470.182495,144.1577606,1.360000014,78.09999847,56.69999697,7.9538099214875,302.82433570715006,1301.8359,-1385.1094,36.6,-31.359999
1869,21455,959,100.25,14.04792011,2.826999963,95.40000153,47.79999924,107.0999985,52.87500668,6314.991944,146.1190796,1.590000033,73.19999695,47.60000229,7.991928790802001,302.77169179680004,1301.8359,-1385.1094,38.1,-32.86
1870,21456,959,100.2250004,14.18035487,2.738749981,99.80000305,43.5,103.2999992,54.68433095,7061.768433,147.0997467,1.429999948,69.19999695,56.30000305,7.500751458427499,282.9128708463,1301.8359,-1385.1094,39.6,-34.36
1871,21457,959,100.2749996,14.50163276,2.492749989,90.19999695,41.90000153,93.90000153,60.17605305,8445.977295,152.003067,1.279999971,62.90000153,48.29999542,6.2138025076595005,234.06922778100747,1301.8359,-1385.1094,41.1,-35.86
1872,21459,959,99.9750023,16.75793266,1.434749991,55.79999924,32.5,52.72500038,50.44295311,4253.879273,192.2103424,0.439999998,308.0,23.29999924,2.0585075366744996,75.64719382067999,1301.8359,-1385.1094,42.6,-37.36
1873,21475,959,99.02499963,16.49306227,1.489250005,59.29999924,33.20000076,54.42500115,99.39039803,10225.8844,431.4926147,0.540000021,494.0,26.099998479999996,2.2178655773925,81.0524332347625,1301.8359,-1385.1094,68.4,-63.160004
1874,21479,959,99.12499809,17.81495985,1.086999983,42.5,28.89999962,39.72500038,103.2762833,9321.220703,549.1723633,0.409999996,798.0,13.60000038,1.181568963042,43.18107473773499,1301.8359,-1385.1094,71.4,-66.16
1875,21481,959,98.72500038,18.09209244,1.003749982,36.5,27.70000076,36.72500038,104.992445,9605.613281,394.2273254,0.379999995,921.0,8.799999239999998,1.0075140263650002,36.86271847037499,1301.8359,-1385.1094,74.3,-69.060005
1876,21482,959,99.0,17.95720506,1.013500005,33.0,24.10000038,37.40000057,101.0084915,7994.871094,872.7918091,0.340000004,2170.0,8.89999962,1.027182260135,37.90490076469501,1301.8359,-1385.1094,75.9,-70.66
1877,21483,959,99.29999924,17.37105765,1.20874998,46.0,28.5,44.30000019,117.5572148,10338.6604,534.4624023,0.460000008,873.0,17.5,1.4610765141500002,53.54762434366249,1301.8359,-1385.1094,79.0,-73.76
1878,21484,959,98.49999809,17.85665225,1.072749987,39.20000076,27.70000076,38.97499943,110.0183525,8566.108521,902.211731,0.449999988,204.0,11.5,1.1507925346085,41.8104301318575,1301.8359,-1385.1094,80.4,-75.16
1879,21512,960,99.24999999,15.72788247,1.803499997,78.30000305,35.90000153,66.19999886,63.0690174,4815.064941,235.3596039,0.720000029,224.0,42.40000152,3.252612239179,119.39169774541,1327.0125,-1415.9336,28.1,-18.98
1880,21513,960,98.69999886,15.2986948,2.00850001,80.09999847,39.0,73.27500153,38.2091589,2383.01593,191.2296753,0.720000029,205.0,41.09999847,4.03407229017,147.17284130575501,1327.0125,-1415.9336,29.6,-20.48
1881,21514,960,99.67499923,15.09759004,2.143000007,89.40000153,42.59999847,79.14999962,30.47416544,1990.749893,111.7958069,0.870000005,68.5,46.800003059999995,4.592449030001999,169.61844973971,1327.0125,-1415.9336,31.1,-21.98
1882,21515,960,99.94999888,13.99151231,2.977499962,119.5,53.40000153,110.3750019,24.34500885,2557.083954,74.53054047,1.24000001,83.09999847,66.09999847,8.865506023710001,328.64156396299995,1327.0125,-1415.9336,32.6,-23.48
1883,21516,960,100.3750019,13.99151231,2.976499975,114.9000015,52.29999924,111.3500004,25.25212288,2508.050781,81.39519501,1.200000048,70.90000153,62.600002260000004,8.859552101175,331.43327340685,1327.0125,-1415.9336,34.1,-24.98
1884,21517,960,99.60000037,13.77324014,3.129500032,120.3000031,52.79999924,116.4499989,24.79856539,2383.0159,80.41452789,1.330000043,110.0,67.50000385999999,9.793770450288003,364.43027528395,1327.0125,-1415.9336,35.6,-26.48
1885,21518,960,100.125,13.80021744,3.114500046,115.5999985,49.40000153,116.8249989,27.51991129,2623.278809,91.20184326,1.409999967,80.30000305,66.19999697,9.700110536534002,363.85146444799994,1327.0125,-1415.9336,37.1,-27.98
1886,21519,960,100.0249996,13.97189227,2.935749948,113.0999985,54.5,110.1500015,34.3845644,3596.588684,103.9504852,1.350000024,94.59999847,58.5999985,8.618627757182004,323.37286117582494,1327.0125,-1415.9336,38.6,-29.48
1887,21520,960,99.95000077,13.91548536,2.984499991,120.5999985,52.5,111.8249989,26.46569586,2240.819458,107.8731537,1.389999986,85.69999695,68.0999985,8.907240196279,333.741708210625,1327.0125,-1415.9336,40.1,-30.98
1888,21521,960,100.3250008,13.94491497,2.987499952,115.3000031,48.70000076,112.2999992,39.55757237,5045.521363,132.3897705,1.720000029,69.09999847,66.60000234,8.925155963200002,335.49624221960005,1327.0125,-1415.9336,41.6,-32.48
1889,21522,960,98.89999962,13.94246236,2.889500022,109.4000015,54.59999847,107.0250015,42.6957016,4520.865479,132.3897705,1.269999981,90.90000153,54.80000303,8.349210377138,309.24874418880006,1327.0125,-1415.9336,43.1,-33.98
1890,21523,960,100.3500023,14.15092495,2.800249994,106.4000015,44.70000076,105.2499981,43.60281754,4731.708618,137.2930908,1.190000057,80.09999847,61.70000074,7.8414000288970005,294.72630654802504,1327.0125,-1415.9336,44.6,-35.48
1891,21525,960,98.69999886,14.86460247,2.333250016,85.0,41.40000153,84.0,49.13131524,6141.414307,147.0997467,0.949999988,103.0,43.59999847,5.444055637164,195.993001344,1327.0125,-1415.9336,46.1,-36.98
1892,21576,961,100.2750015,15.48018009,1.988999993,70.19999695,35.5,73.27499962,26.47795391,1951.523285,154.9450684,1.129999995,172.0,34.69999695,3.956120972154,145.743973731255,1352.2197,-1354.3164,25.7,-20.37
1893,21578,961,100.7249985,14.11168487,2.891250014,85.30000305,43.90000153,108.4750004,17.55390286,2493.340668,96.1051712,1.049999952,93.59999847,41.40000152,8.359326643455,313.62834642515,1352.2197,-1354.3164,28.7,-23.37
1894,21579,961,100.500002,13.93265249,2.956999958,99.59999847,41.79999924,112.25,17.90939402,2125.591309,88.25984192,1.139999986,87.90000153,57.799999230000005,8.743848751612001,331.9232452855,1352.2197,-1354.3164,30.2,-24.87
1895,21581,961,100.7749996,13.98415505,2.898750007,96.0,46.59999847,110.8000012,31.98193598,3380.842529,109.8344803,1.409999967,70.80000305,49.40000153,8.4027516030825,321.1815042541,1352.2197,-1354.3164,33.2,-27.87
1896,21583,961,100.3249989,14.03810995,2.959999979,86.30000305,46.09999847,110.1499996,31.25869656,2476.179016,135.3317719,1.399999976,78.30000305,40.20000458,8.76159987568,326.04399650285,1352.2197,-1354.3164,36.2,-30.87
1897,21584,961,100.2250004,14.1165901,2.85074997,84.80000305,38.79999924,106.4499989,43.88475609,4690.030334,129.4477844,1.389999986,95.09999847,46.00000381,8.126775391455,303.462331170675,1352.2197,-1354.3164,37.7,-32.370003
1898,21586,961,100.8000012,14.24166731,2.706499994,77.69999695,41.40000153,102.8250027,48.51840019,4893.518189,156.9064026,1.210000038,88.5,36.29999542,7.325142217522,278.2958691906,1352.2197,-1354.3164,40.7,-35.370003
1899,21587,961,100.2000008,14.56049259,2.436999977,75.09999847,38.5,91.79999924,49.70745658,4971.971497,149.0610809,1.059999943,81.59999847,36.59999847,5.938968887898001,223.71659603648004,1352.2197,-1354.3164,42.2,-36.870003
1900,21647,962,98.82499886,15.92898751,1.704750031,81.59999847,38.5,62.25,100.4446087,14016.15418,279.489502,0.810000002,134.0,43.09999847,2.9061726681945013,106.12068942975,1377.4265,-1292.6953,33.5,-23.89
1901,21648,962,99.57500268,16.09575741,1.649499983,95.40000153,42.0,60.75,69.18591309,7077.949462,290.276825,0.839999974,132.0,53.40000153,2.720850193917,100.20712396725,1377.4265,-1292.6953,34.7,-25.09
1902,21649,962,99.75,14.95044018,2.24000001,107.1999969,45.70000076,82.64999962,87.78177644,12724.12817,272.6248474,1.029999971,85.30000305,61.49999614,5.017600044800001,185.13599997530002,1377.4265,-1292.6953,36.5,-26.89
1903,21650,962,100.1499996,14.82781501,2.27974999,105.1999969,45.09999847,85.42500115,92.81994056,13361.5603,259.8762207,1.070000052,97.0,60.09999843,5.197260016905,194.7476455174625,1377.4265,-1292.6953,38.0,-28.39
1904,21651,962,100.25,14.68802241,2.359499991,105.9000015,46.0,88.82500076,92.94252395,12773.16113,284.3928528,1.090000033,78.30000305,59.9000015,5.567240207528999,209.58258849379496,1377.4265,-1292.6953,39.5,-29.89
1905,21652,962,100.0,14.72480987,2.308999956,107.1999969,49.5,86.97500038,91.32442665,10860.8645,258.8955688,1.139999986,104.0,57.6999969,5.331480796808003,200.82527205051997,1377.4265,-1292.6953,41.0,-31.39
1906,21653,962,100.0000019,14.39862763,2.526500046,103.6999969,46.29999924,95.34999848,85.90625191,12822.19458,236.340271,1.100000024,77.19999695,57.399997660000004,6.383202482438003,240.90177554581993,1377.4265,-1292.6953,42.5,-32.89
1907,21654,962,100.1000004,14.41088982,2.525250018,97.0,44.70000076,95.375,74.4202156,10363.177,220.6496277,1.179999948,72.09999847,52.29999924,6.376887653409,240.84572046674998,1377.4265,-1292.6953,44.0,-34.39
1908,21655,962,99.62500191,14.41334273,2.505249977,96.19999695,47.09999847,94.04999924,64.1967783,7965.451416,205.9396362,1.049999952,98.19999695,49.09999848,6.276277447258501,235.61875843286003,1377.4265,-1292.6953,45.5,-35.89
1909,21656,962,100.5249996,14.76895518,2.299749971,88.80000305,43.09999847,87.04999924,71.72338296,9877.748046,225.5529327,1.080000043,82.90000153,45.70000458,5.2888499291145,200.19323322774002,1377.4265,-1292.6953,47.0,-37.39
1910,21658,962,100.3999977,16.90753513,1.316999972,49.5,26.29999924,49.65000057,65.33680343,8173.842652,240.2629242,0.460000008,368.0,23.20000076,1.734488926248001,65.38904936048999,1377.4265,-1292.6953,48.5,-38.89
1911,21700,963,100.5,16.28705229,1.491250038,68.40000153,34.29999924,56.85000038,73.54987145,6058.057739,323.6194458,0.720000029,185.0,34.10000229,2.2238266758350016,84.77756522697501,1402.603,-1323.5195,28.1,-19.900002
1912,21701,963,100.2250023,15.93389245,1.639999986,75.5,36.0,62.14999962,83.23394204,6751.878418,325.58078,0.579999983,337.0,39.5,2.6895999540800006,101.92599850670001,1402.603,-1323.5195,29.6,-21.400002
1913,21702,963,100.5249996,16.43420244,1.409999967,67.80000305,34.79999924,54.125,100.5181599,8112.55127,298.1221619,0.680000007,183.0,33.00000381,1.9880999069400014,76.316248213875,1402.603,-1323.5195,31.3,-23.099998
1914,21703,963,100.0750008,15.80636263,1.661750018,81.90000153,36.70000076,63.375,83.74879075,6979.882935,338.3294373,0.75999999,150.0,45.200000769999995,2.7614131223230003,105.31340739075,1402.603,-1323.5195,32.7,-24.5
1915,21704,963,98.72500038,14.89403239,2.226249993,102.4000015,45.90000153,81.39999962,95.90903473,12209.27905,298.1221619,1.049999952,88.90000153,56.499999970000005,4.9561890313325,181.21674858422503,1402.603,-1323.5195,34.3,-26.099998
1916,21705,963,98.89999962,14.83762488,2.259500027,103.1999969,47.29999924,82.92500115,95.83548546,13851.89282,328.5227661,1.049999952,97.80000305,55.899997660000004,5.105340372013001,187.36904233740003,1402.603,-1323.5195,35.8,-27.599998
1917,21706,963,99.17500115,14.71990494,2.341250002,104.0999985,47.29999924,86.30000114,96.30130385,13876.40942,333.4261169,1.080000043,92.90000153,56.79999926,5.481451571865001,202.04987784162503,1402.603,-1323.5195,37.3,-29.099998
1918,21707,963,99.10000037,14.63161461,2.391000032,102.5999985,44.09999847,88.09999848,100.2852516,12822.19434,357.9427185,1.070000052,99.40000153,58.500000029999995,5.716881153024001,210.64709918487995,1402.603,-1323.5195,38.8,-30.599998
1919,21708,963,99.07500077,14.58501757,2.443750024,101.0,49.40000153,89.77499962,95.35741234,12422.57385,297.1414795,1.299999952,77.69999695,51.59999847,5.9719141798,219.38765747597498,1402.603,-1323.5195,40.2,-32.0
1920,21709,963,99.47499847,14.53841993,2.499000013,92.59999847,49.70000076,92.05000114,82.33908273,11767.97949,272.6248474,1.120000005,78.5,42.89999771,6.245001064974,230.03295404551002,1402.603,-1323.5195,41.8,-33.6
1921,21710,963,99.55000116,14.4918226,2.560500026,95.5,48.0,94.07499886,69.61495209,9264.832276,215.7463074,1.179999948,84.40000153,47.5,6.556160383146001,240.87903702697997,1402.603,-1323.5195,43.3,-35.1
1922,21711,963,99.79999926,14.37165003,2.647499919,99.0,49.29999924,97.79999924,56.36371898,7504.538697,178.4810333,1.090000033,77.69999695,49.70000076,7.009255821105006,258.92549006610005,1402.603,-1323.5195,44.8,-36.6
1923,21713,963,100.3249989,15.59790003,1.91475001,72.40000153,41.59999847,71.12499905,58.20246791,6950.463013,190.2490082,0.839999974,94.59999847,30.800003059999995,3.6662676007949995,136.18659264223749,1402.603,-1323.5195,46.3,-38.1
1924,21718,963,98.27499771,17.44217997,1.163749993,47.09999847,28.39999962,42.34999943,118.7953053,10321.49902,750.2087402,0.389999986,883.0,18.699998850000004,1.3543140462074998,49.284811540212495,1402.603,-1323.5195,57.7,-49.5
1925,21719,963,99.375,16.08104231,1.650000006,51.20000076,27.29999924,60.72499943,136.9866409,12675.09497,872.7918091,0.430000007,584.0,23.900001520000004,2.7225000198,100.19624942384999,1402.603,-1323.5195,59.2,-51.0
1926,21721,963,98.5,17.32936496,1.203999967,56.70000076,30.60000038,43.90000057,139.9286385,12231.344,514.8491211,0.670000017,98.09999847,26.10000038,1.4496159205360009,52.85559923757998,1402.603,-1323.5195,60.7,-52.5
1927,21723,963,99.6000023,17.92777515,1.037249983,39.09999847,26.5,38.39999962,137.231802,13143.36255,912.0184326,0.439999998,1070.0,12.599998470000003,1.0758875272335002,39.830398953045005,1402.603,-1323.5195,62.2,-54.0
1928,21741,963,98.14999961,17.10373494,1.228249997,46.20000076,28.10000038,45.0,137.2930965,12733.93482,961.0516968,0.439999998,807.0,18.10000038,1.5085980551305,55.271249865,1402.603,-1323.5195,78.1,-69.9
1929,21742,963,100.3500004,17.29257721,1.224500001,42.0,26.29999924,45.64999962,123.4412079,17644.61475,853.1785278,0.430000007,404.0,15.700000760000002,1.499400252449,55.898424580340006,1402.603,-1323.5195,79.6,-71.4
1930,21743,963,100.0750008,17.34162775,1.192750007,42.5,25.5,44.47500038,145.5674553,15975.03272,804.1452637,0.519999981,346.0,17.0,1.4226525791984999,53.047557014569996,1402.603,-1323.5195,80.9,-72.700005
1931,21785,964,98.27499962,15.3403872,1.975250006,70.30000305,31.20000076,71.625,85.97980118,9348.188844,270.6635437,0.629999995,208.0,39.10000229,3.901612586203,141.47728167975,1427.7698,-1385.1523,29.5,-22.2
1932,21786,964,96.625,15.36000782,1.922250033,67.19999695,30.39999962,68.37500095,82.08165933,7296.147705,263.7988892,0.720000029,101.0,36.79999733,3.6950451893685012,131.43384783251253,1427.7698,-1385.1523,31.0,-23.7
1933,21787,964,98.125,14.83517256,2.29825002,80.09999847,35.70000076,82.52499962,97.06131554,7911.514649,318.7161255,0.930000007,90.0,44.39999771,5.281953154429999,189.663082027165,1427.7698,-1385.1523,32.5,-25.2
1934,21788,964,98.39999962,14.43050986,2.432249963,87.0,38.29999924,90.125,81.51777649,8406.750367,244.1855774,1.019999981,78.69999695,48.70000076,5.915839882513501,219.20652791537498,1427.7698,-1385.1523,34.0,-26.7
1935,21789,964,98.02499962,14.3520297,2.605499983,86.59999847,44.90000153,93.92499924,94.65868759,8423.912109,275.566864,1.24000001,122.0,41.699996940000005,6.788630161413001,244.72158392309504,1427.7698,-1385.1523,35.5,-28.2
1936,21790,964,98.52499962,14.13866246,2.679499924,98.0,46.59999847,99.15000152,75.02086926,8629.851929,218.6882935,1.169999957,82.19999695,51.40000153,7.179719842716005,265.6724215374399,1427.7698,-1385.1523,37.0,-29.7
1937,21791,964,97.27499962,14.19752259,2.564249993,86.69999695,41.20000076,93.6249981,71.58854103,7524.152222,213.7849731,1.039999962,87.90000153,45.49999619,6.575378026600499,240.07790072255,1427.7698,-1385.1523,38.5,-31.2
1938,21792,964,100.0250015,14.32995763,2.64625001,95.30000305,42.79999924,98.80000116,85.47721291,7779.124877,236.340271,1.080000043,76.40000153,52.50000381,7.0026391154250005,261.44950405765,1427.7698,-1385.1523,40.0,-32.7
1939,21793,964,98.40000153,14.17545022,2.664000035,98.09999847,43.5,98.04999924,74.34666634,6876.913086,225.5529327,1.100000024,95.30000305,54.59999847,7.096896186480001,261.20520140711,1427.7698,-1385.1523,41.5,-34.2
1940,21794,964,100.875,14.44277235,2.587500036,89.90000153,42.59999847,97.75000001,75.02087211,6945.559693,213.7849731,1.129999995,88.30000305,47.300003059999995,6.6951564363000005,252.92812854487497,1427.7698,-1385.1523,43.0,-35.7
1941,21795,964,100.6249981,14.74197759,2.351750016,80.69999695,38.09999847,88.60000038,78.8822384,6234.577637,248.1082306,0.970000029,88.40000153,42.59999848,5.530728137756,208.365052311265,1427.7698,-1385.1523,44.5,-37.2
1942,21809,965,99.05000116,16.39741498,1.560250044,57.29999924,27.5,56.59999943,77.47253227,6704.561157,290.276825,0.620000005,240.0,29.79999924,2.434380199802002,88.31015160105747,1427.7896,-1323.5273,25.5,-19.66
1943,21810,965,98.22499848,15.9976578,1.657750011,70.59999847,31.89999962,60.27499962,70.36271286,4705.230408,274.5861816,1.129999995,142.0,38.69999885,2.7481350989705002,99.92088128308,1427.7896,-1323.5273,27.0,-21.16
1944,21811,965,99.62500001,15.93879768,1.738249987,68.0,32.0,63.75,80.65969658,7684.000489,268.7022095,0.75999999,173.0,36.0,3.0215130173055007,110.81343667125,1427.7896,-1323.5273,28.5,-22.66
1945,21812,965,100.0,15.84069748,1.788749993,66.30000305,31.39999962,65.89999962,82.86618995,8952.4906,289.2961731,0.639999986,106.0,34.90000343,3.1996265374574997,117.878623858975,1427.7896,-1323.5273,30.0,-24.16
1946,21813,965,99.89999964,14.94063002,2.189500034,82.40000153,37.5,81.92499924,88.87276267,11399.98511,298.1221619,0.920000017,92.30000305,44.90000153,4.793910398886001,179.37478862142999,1427.7896,-1323.5273,31.5,-25.66
1947,21814,965,100.5749969,14.94798728,2.265750051,86.40000153,41.0,84.50000191,91.44701004,9693.383057,257.9148865,0.959999979,104.0,45.40000153,5.133623293606503,191.4558836370826,1427.7896,-1323.5273,33.0,-27.16
1948,21815,965,100.0499992,14.72971481,2.371750057,85.19999695,40.70000076,88.17500115,88.7501812,10147.67603,284.3928528,1.019999981,79.90000153,44.49999619,5.625198332879503,209.12906400348754,1427.7896,-1323.5273,34.5,-28.66
1949,21816,965,99.32500076,14.63406752,2.377499998,91.09999847,43.59999847,88.59999848,78.08544543,8594.302612,269.6828613,1.070000052,108.0,47.5,5.652506240489999,210.64649620899996,1427.7896,-1323.5273,36.0,-30.16
1950,21817,965,98.875,14.56785014,2.40049994,91.80000305,44.09999847,88.77500153,89.73084639,9318.278565,277.5281677,1.090000033,80.40000153,47.70000458,5.7623999619400035,213.1043858462649,1427.7896,-1323.5273,37.5,-31.66
1951,21818,965,99.90000153,14.54332487,2.412500083,88.30000305,40.90000153,90.95000076,83.35652353,10131.24975,264.779541,1.100000024,81.80000305,47.40000152,5.820156650475006,219.41688438235005,1427.7896,-1323.5273,39.0,-33.16
1952,21819,965,97.75,14.31769514,2.461500049,90.30000305,42.70000076,90.92499924,70.4852953,6983.805664,216.7269592,1.00999999,102.0,47.60000229,6.0589824912270025,223.81189008458497,1427.7896,-1323.5273,40.5,-34.66
1953,21820,965,99.52500154,14.42805754,2.48725003,90.90000153,44.40000153,93.25000191,69.38204765,8047.33667,210.8429871,1.0,78.09999847,46.5,6.186412711735,231.9360700481475,1427.7896,-1323.5273,42.0,-36.16
1954,21822,965,99.20000076,15.1049476,2.092500001,76.09999847,33.90000153,77.39999962,65.09163571,7440.060059,284.3928528,0.879999995,88.09999847,42.199996940000005,4.378556254185,161.95949928225,1427.7896,-1323.5273,43.5,-37.66
1955,21830,966,97.90000153,15.3967947,1.917250007,84.19999695,33.5,69.47500038,37.26526833,3456.844055,117.6798019,0.709999979,294.0,50.69999695,3.6758475893415,133.20094496488,169.31348,525.75,8.2,-4.62
1956,21832,966,98.57499695,14.59482744,2.438500047,102.0,43.20000076,88.70000077,33.0974431,3309.744324,104.93116,0.949999988,123.0,58.79999924,5.946282479219001,216.29495604654502,169.31348,525.75,11.2,-7.62
1957,21834,966,93.82499887,17.2091924,1.184999973,56.0,26.70000076,41.19999981,25.74245548,2059.396454,153.9644012,0.430000007,349.0,29.29999924,1.4042249360100008,48.82199866245001,169.31348,525.75,14.2,-10.62
1958,21837,966,98.42499924,14.97251255,2.14624995,97.80000305,37.70000076,78.52499962,30.03286457,3579.427185,100.0278244,0.939999998,97.5,60.10000229,4.606388847875003,168.53427650817503,169.31348,525.75,17.1,-13.52
1959,21841,966,96.3999977,17.46915727,1.140249998,57.0,24.29999924,40.60000038,59.20764732,4682.675232,500.1391296,0.239999995,1180.0,32.70000076,1.300170057939,46.294150352094995,169.31348,525.75,19.8,-16.22
1960,21845,966,98.87499999,14.98722765,2.101749987,84.30000305,38.59999847,78.07500267,70.24012947,6840.138306,189.2683411,0.910000026,147.0,45.70000458,4.4173530078545,164.09413584669747,169.31348,525.75,24.0,-20.42
1961,21846,966,100.1999988,14.57275508,2.387499988,90.90000153,39.5,90.625,62.39480878,6594.972046,153.9644012,1.100000024,93.59999847,51.40000153,5.700156192700001,216.36718641250002,169.31348,525.75,27.0,-23.42
1962,21847,966,99.92499729,14.58501727,2.364750028,83.19999695,43.70000076,89.5,71.09821224,6496.905518,172.5970306,1.139999986,106.0,39.49999619,5.5920426949260005,211.645127506,169.31348,525.75,30.0,-26.42
1963,21848,966,99.89999962,14.78612231,2.209500015,82.0,40.09999847,83.95000077,81.15002633,9071.150879,189.2683411,1.00999999,132.0,41.90000153,4.881890316285001,185.48752796056502,169.31348,525.75,33.0,-29.42
1964,21849,966,99.22500038,15.36000724,1.889999986,59.70000076,33.90000153,70.77499962,83.72427179,10517.63184,216.7269592,0.800000012,255.0,25.799999230000005,3.5720999470800003,133.76474829095002,169.31348,525.75,36.0,-32.42
1965,21894,967,99.70000076,15.69845226,1.826249987,80.59999847,38.09999847,67.39999962,41.06534576,4241.376038,135.3317719,0.670000017,173.0,42.5,3.3351890150175,123.089248429825,219.69043,556.54297,10.0,-4.31
1966,21896,967,100.4750004,15.62487792,1.86650002,75.69999695,36.5,69.70000076,36.65235329,5173.007813,101.989151,0.800000012,132.0,39.19999695,3.48382232466,130.09505281254,219.69043,556.54297,13.1,-7.4100003
1967,21898,967,101.25,15.9559651,1.735250026,78.59999847,38.40000153,65.27499962,58.22698306,6055.606323,179.4617004,0.709999979,116.0,40.199996940000005,3.011092652733,113.26844478775499,219.69043,556.54297,16.1,-10.41
1968,21902,967,98.32499885,16.24290727,1.555000007,66.40000153,31.0,57.10000038,52.58815861,5001.391358,164.751709,0.800000012,92.59999847,35.40000153,2.41802502177,88.79050099060001,219.69043,556.54297,19.1,-13.41
1969,21911,967,99.75,14.76159734,2.235000014,97.0,42.79999924,84.45000267,58.71731759,5025.907959,198.0943298,0.980000019,148.0,54.20000076,4.995225062580001,188.74575714975006,219.69043,556.54297,26.8,-21.109999
1970,21912,967,99.92499923,14.59482744,2.334499956,99.90000153,44.0,88.67500115,61.6593094,7134.337768,151.0223999,1.190000057,91.90000153,55.90000153,5.449890044564003,207.01178628297495,219.69043,556.54297,29.8,-24.109999
1971,21913,967,99.90000155,14.49672753,2.407500029,95.19999695,44.09999847,91.42499924,72.20145799,8090.486206,151.0223999,1.129999995,133.0,51.09999848,5.796056389635001,220.105688321625,219.69043,556.54297,32.8,-27.109999
1972,21914,967,100.0,14.57030246,2.342750013,95.30000305,44.40000153,89.39999962,71.34337615,8286.619019,164.751709,1.049999952,154.0,50.90000152,5.4884776234115,209.441850271955,219.69043,556.54297,35.8,-30.109999
1973,21915,967,100.6499996,14.90138994,2.170999944,78.40000153,38.0,83.07500076,63.98838901,7698.220093,145.1384125,0.99000001,197.0,40.40000153,4.713240756848004,180.35582199775996,219.69043,556.54297,38.8,-33.11
1974,21958,968,97.22500038,15.45565511,1.924000025,97.30000305,40.90000153,68.67500019,42.00923634,5199.976074,116.6991348,0.860000014,130.0,56.40000152,3.7017760962000006,132.13070208243502,18.166016,402.5703,12.6,-2.79
1975,21972,968,94.89999771,17.33917513,1.168249995,55.29999924,30.89999962,40.77499962,78.62481498,4302.667724,313.8128052,0.389999986,373.0,24.39999962,1.3648080508175002,47.63539310219001,18.166016,402.5703,22.0,-12.19
1976,21975,968,96.72500038,16.41948733,1.542500019,65.0,31.89999962,54.07500076,45.08607197,2713.990357,154.9450684,0.540000021,136.0,33.10000038,2.3793063086150004,83.41068969972501,18.166016,402.5703,25.0,-15.19
1977,21976,968,98.80000115,14.87931758,2.27974999,95.30000305,42.40000153,82.77499962,45.2086544,4552.737183,137.2930908,1.090000033,158.0,52.90000152,5.197260016905,188.706304555945,18.166016,402.5703,26.5,-16.689999
1978,21978,968,98.20000077,14.81555223,2.324750006,88.40000153,44.29999924,83.42500115,55.95919418,7597.702026,143.1770935,0.920000017,212.0,44.10000229,5.404462590396999,193.9422719240125,18.166016,402.5703,29.5,-19.689999
1979,21979,968,99.52499961,14.58501727,2.504000068,103.6999969,46.90000153,91.70000076,67.77620791,8563.657103,165.7323914,1.179999948,105.0,56.799995370000005,6.270016340544004,229.61680813864004,18.166016,402.5703,32.5,-22.689999
1980,21980,968,99.64999961,14.57766031,2.476249933,97.30000305,45.5,91.42500115,70.62013626,9782.133179,166.7130585,1.129999995,139.0,51.80000305,6.131813730682505,226.39115297221244,18.166016,402.5703,35.5,-25.689999
1981,21981,968,99.22500038,14.86215015,2.303499937,88.40000153,44.5,84.04999924,75.9525032,11169.77393,184.3650208,1.0,208.0,43.90000153,5.306111959759005,193.60916795419007,18.166016,402.5703,38.5,-28.689999
1982,21982,968,98.72499848,15.32076745,2.036250025,77.59999847,40.5,73.67500115,77.70544243,11748.36645,211.8236389,0.870000005,342.0,37.09999847,4.146314164312502,150.02072293356255,18.166016,402.5703,41.5,-31.689999
1983,21984,968,96.75,16.15216491,1.664000005,63.0,32.70000076,57.95000076,69.62721442,8855.404907,258.8955688,0.589999974,291.0,30.29999924,2.76889601664,96.42880155439,18.166016,402.5703,44.4,-34.59
1984,22026,969,98.42499924,15.26926459,2.136250019,82.0,38.70000076,75.875,45.15962124,5278.429138,156.9064026,0.50999999,359.0,43.29999924,4.563564143677501,162.087970191625,68.543945,433.35938,13.7,-4.4799995
1985,22028,969,98.52499962,15.27907505,2.152750015,94.40000153,44.29999924,76.02499962,49.26615715,6246.835877,148.0804138,0.74000001,119.0,50.10000229,4.6343326270825,163.66281907233,68.543945,433.35938,16.4,-7.1799994
1986,22030,969,96.30000115,18.05040003,1.034500003,35.40000153,26.20000076,36.30000019,39.60660744,3773.108459,164.751709,0.460000008,710.0,9.200000769999995,1.070190256207,37.552350305455,68.543945,433.35938,19.5,-10.28
1987,22032,969,98.67500114,16.61814005,1.501249999,63.59999847,31.5,53.80000019,60.50702858,5457.400604,205.9396362,0.569999993,270.0,32.09999847,2.2537515594974997,80.76725023143749,68.543945,433.35938,22.7,-13.4800005
1988,22034,969,99.25,16.19876225,1.658000022,78.19999695,32.59999847,60.02499962,86.76433563,9115.281005,318.7161255,0.629999995,186.0,45.59999848,2.7489640729520004,99.52145069051,68.543945,433.35938,25.8,-16.579998
1989,22036,969,99.65000154,15.24719252,2.111249983,82.40000153,41.40000153,77.02499962,58.98699762,6594.972168,178.4810333,0.879999995,191.0,41.0,4.4573764907175,162.61902913830002,68.543945,433.35938,28.9,-19.68
1990,22037,969,100.5500011,14.53596732,2.586999953,100.9000015,46.59999847,95.82499886,57.8592348,6543.487061,158.8677216,1.159999967,124.0,54.30000303,6.692568756822001,247.899267547045,68.543945,433.35938,31.9,-22.68
1991,22038,969,99.72500038,14.59973237,2.490000069,97.09999847,48.40000153,91.60000038,78.22028922,9053.989257,149.0610809,1.169999957,143.0,48.699996940000005,6.200100343620005,228.08400726660003,68.543945,433.35938,34.9,-25.68
1992,22039,969,99.72500039,14.94308234,2.269250035,86.80000305,44.5,83.27499962,67.88653183,8830.888305,193.1910095,1.039999962,170.0,42.30000305,5.1494957213475026,188.97179580231,68.543945,433.35938,37.9,-28.68
1993,22040,969,99.27500153,15.34774475,2.05399999,75.09999847,40.09999847,74.50000191,70.20335388,8933.857665,203.978302,0.839999974,164.0,35.0,4.218915958919999,153.02300317813996,68.543945,433.35938,40.9,-31.68
1994,22088,970,98.42499924,14.77385983,2.269249976,108.8000031,48.0,83.22500038,35.38974667,4564.995362,90.22117615,0.819999993,116.0,60.8000031,5.149495453576,188.85833011491496,320.22363,125.11328,11.3,-5.9
1995,22090,970,100.0249996,15.23738264,2.063749999,96.59999847,43.70000076,76.67499924,39.98661518,4538.027222,118.6604691,0.949999988,100.0,52.89999771,4.2590640583725,158.238029604875,320.22363,125.11328,14.5,-9.1
1996,22092,970,99.60000039,16.26988486,1.57100001,76.0,34.79999924,57.94999981,49.26615715,7600.153564,143.1770935,0.649999976,188.0,41.20000076,2.46804103142,91.03945028100999,320.22363,125.11328,17.6,-12.200001
1997,22094,970,99.60000038,16.62059267,1.49574998,62.20000076,31.89999962,54.39999962,51.95072748,6830.331543,177.500351,0.540000021,261.0,30.300001140000003,2.2372680026700005,81.36879834361501,320.22363,125.11328,20.6,-15.200001
1998,22098,970,99.47499848,14.92100998,2.222500026,94.59999847,43.40000153,82.19999886,51.80362607,6011.476136,163.7710419,0.860000014,180.0,51.199996940000005,4.939506365570001,182.68949960354996,320.22363,125.11328,24.6,-19.2
1999,22099,970,99.00000001,14.74443021,2.330750048,99.59999847,46.0,85.57500076,65.81487943,8178.745972,147.0997467,0.949999988,193.0,53.59999847,5.432395786252003,199.45393712897004,320.22363,125.11328,27.7,-22.300001
2000,22100,970,99.87500001,14.36429248,2.588999987,111.0,48.09999847,97.0,54.19400119,7021.561157,158.8677216,1.120000005,140.0,62.90000153,6.702920932685999,251.132998739,320.22363,125.11328,30.6,-25.2
2001,22101,970,99.55000115,14.5065377,2.520999968,110.0,50.40000153,93.07500076,78.7596569,10431.82361,174.5583649,1.139999986,119.0,59.59999847,6.355440838656,234.64207393755996,320.22363,125.11328,33.7,-28.300001
2002,22102,970,99.32499886,14.59727976,2.446999967,103.5,46.70000076,90.04999924,88.4559803,11969.01587,207.9009705,1.149999976,165.0,56.79999924,5.987808838498001,220.35234516863005,320.22363,125.11328,36.7,-31.300001
2003,22103,970,98.39999962,14.66595005,2.386750043,99.0,47.29999924,86.52499771,90.34375764,11895.46607,225.5529327,1.25,196.0,51.70000076,5.6965757677605025,206.5135420049174,320.22363,125.11328,39.7,-34.3
2004,22143,971,102.4499989,15.96332237,1.733000011,58.09999847,30.29999924,66.92500019,38.36851692,2427.145813,113.7571335,0.779999971,86.0,27.799999230000005,3.003289038126,115.98102606544501,395.79785,186.70703,8.6,-6.1200004
2005,22145,971,101.125,15.69354762,1.824000031,83.30000305,38.5,69.07499886,47.31708527,4094.276306,126.5057755,0.769999981,112.0,44.80000305,3.326976113088001,125.99280006196496,395.79785,186.70703,11.6,-9.120001
2006,22147,971,100.1750012,15.76712226,1.768249989,75.90000153,27.89999962,66.22499943,52.3429947,8065.969483,154.9450684,0.620000005,213.0,48.000001909999995,3.1267080235985003,117.1023545136225,395.79785,186.70703,14.6,-12.120001
2007,22149,971,101.3249989,15.04608748,2.143000066,94.5,40.59999847,81.92499924,57.85923386,6570.455201,155.9257355,0.649999976,182.0,53.90000153,4.592449282876004,175.56527877836996,395.79785,186.70703,17.6,-15.120001
2008,22156,971,100.3249989,14.93327247,2.173999965,98.19999695,42.0,82.29999924,67.05296708,8041.452637,198.0943298,1.039999962,156.0,56.19999695,4.726275847820002,178.92019546726004,395.79785,186.70703,24.3,-21.82
2009,22157,971,99.7250004,14.60463731,2.326250017,105.8000031,44.79999924,88.22500038,71.58854294,7207.887573,176.5196838,1.070000052,120.0,61.00000386,5.4114391415925,205.2334086338,395.79785,186.70703,27.2,-24.720001
2010,22158,971,100.2750015,14.37655468,2.453499973,109.4000015,48.0,94.60000038,71.71112634,7796.286499,222.6109467,1.110000014,144.0,61.4000015,6.019662117511,232.10109837813,395.79785,186.70703,30.2,-27.720001
2011,22159,971,100.6750012,14.4918226,2.366000056,108.3000031,45.40000153,91.97500038,85.80818749,9782.132935,221.6302795,1.149999976,94.59999847,62.90000157,5.5979562649920025,217.61285604968,395.79785,186.70703,33.2,-30.720001
2012,22160,971,101.4499988,14.58011263,2.317999959,106.8000031,46.79999924,91.125,88.99534609,9291.800781,242.2242584,1.169999957,157.0,60.00000386,5.373123809924003,211.22774626387502,395.79785,186.70703,36.2,-33.72
2013,22162,971,96.90000153,16.81433987,1.271750003,47.20000076,24.89999962,46.375,68.15621853,8556.301879,281.4508362,0.409999996,995.0,22.300001140000003,1.6173480701304999,58.977406389125,395.79785,186.70703,39.3,-36.82
2014,22201,972,97.95000076,13.46667764,3.351000011,119.5,51.70000076,122.0749989,3.910401642,203.4879875,15.6906395,1.059999943,83.09999847,67.79999924,11.229201073722,409.073322656725,320.08643,-183.01953,10.9,-0.60999966
2015,22203,972,98.32499886,13.32688474,3.596000075,128.8000031,50.59999847,130.875,3.567168713,154.454731,18.63263512,1.100000024,65.40000153,78.20000463,12.931216539400006,470.626509815625,320.08643,-183.01953,13.9,-3.6099997
2016,22206,972,98.37500001,14.99703752,2.248749972,79.59999847,38.59999847,81.10000135,8.899534465,436.3958969,42.16859436,0.879999995,111.0,41.0,5.056876436570001,182.37362576501246,320.08643,-183.01953,17.0,-6.71
2017,22208,972,99.32500076,15.36736508,2.009250015,77.80000305,37.40000153,73.4999981,16.87969589,2071.654724,48.0525856,0.560000002,179.0,40.40000152,4.037085622777501,147.67987228492498,320.08643,-183.01953,20.0,-9.71
2018,22210,972,95.52499962,16.31157755,1.537749976,61.70000076,31.0,53.44999981,18.36295199,2037.331574,77.47253418,0.460000008,225.0,30.70000076,2.3646749886880003,82.1927359250275,320.08643,-183.01953,23.0,-12.71
2019,22212,972,97.35000229,17.52556507,1.201249987,46.90000153,25.5,42.32499981,40.26855564,5001.391358,177.500351,0.340000004,533.0,21.400001529999997,1.4430015312675,50.842905471537506,320.08643,-183.01953,26.0,-15.71
2020,22216,972,99.5,15.16625974,2.144499958,86.0,37.5,78.27499962,45.6254387,4096.728088,136.3124237,0.810000002,130.0,48.5,4.598880069862002,167.86073339754,320.08643,-183.01953,29.0,-18.71
2021,22217,972,99.17499924,14.896485,2.230499983,97.40000153,38.59999847,82.19999886,60.02895641,7104.917481,143.1770935,0.959999979,211.0,58.800003059999995,4.9751301741630005,183.34709605983002,320.08643,-183.01953,32.0,-21.71
2022,22218,972,99.75000002,14.69292764,2.393000066,102.9000015,46.79999924,88.57500076,65.60648824,6938.204894,163.7710419,0.99000001,190.0,56.100002260000004,5.726449315876004,211.95998266463002,320.08643,-183.01953,34.8,-24.509998
2023,22219,972,100.0499992,14.52860977,2.507499933,110.5999985,46.20000076,93.45000077,59.59991456,8409.202392,160.8290558,1.169999957,106.0,64.39999774,6.287555913995005,234.32587066962495,320.08643,-183.01953,37.9,-27.61
2024,22220,972,99.67500114,14.37900788,2.607500017,109.5,46.29999924,96.72499847,80.42678832,9468.320314,207.9009705,1.279999971,141.0,63.20000076,6.799056338655,252.21043515485,320.08643,-183.01953,40.9,-30.61
2025,22221,972,99.82500077,14.44032003,2.579250038,109.3000031,52.40000153,95.57500076,83.98169709,8973.08435,243.2049103,1.320000052,149.0,56.90000157,6.652530758523002,246.51182434208002,320.08643,-183.01953,43.8,-33.51
2026,22223,972,98.77499962,15.86031781,1.795250029,73.19999695,34.20000076,64.87499905,89.1792202,10471.05017,245.1662445,0.74000001,273.0,38.99999619,3.2229226666245006,116.46684392588747,320.08643,-183.01953,47.0,-36.71
2027,22242,972,94.5,17.77898973,0.980333328,39.0,24.39999962,34.76666641,110.8314883,14497.49707,912.0184326,0.409999996,1270.0,14.60000038,0.9610534339875555,34.08292178518111,320.08643,-183.01953,75.8,-65.51
2028,22347,995,98.22499848,14.69292763,2.418500006,110.0999985,47.90000153,86.625,24.05080891,1664.678772,130.4284515,1.019999981,251.0,62.19999697,5.849142279022,209.50256301975,1755.3384,-892.2422,25.9,-20.58
2029,22348,995,97.57499886,15.23983497,2.083500058,100.5,47.59999847,73.77499962,55.5546713,3091.546326,196.1329956,0.947000027,408.0,52.90000153,4.340972491686003,153.71021598721998,1755.3384,-892.2422,26.8,-21.48
2030,22349,995,97.65000153,14.91120011,2.244499981,111.1999969,46.79999924,80.0,55.30950355,3694.655396,135.3317719,1.019999981,240.0,64.39999766,5.037780164709001,179.55999848000002,1755.3384,-892.2422,27.4,-22.08
2031,22350,995,97.27499962,14.38391223,2.583999992,117.0999985,52.5,91.64999962,43.271842,2888.05835,121.6024551,1.080000043,257.0,64.5999985,6.677055958655999,236.82359828488,1755.3384,-892.2422,27.9,-22.58
2032,22351,995,98.42499924,14.28581232,2.632250011,122.9000015,54.79999924,97.74999999,22.66561961,821.3069382,47.66031647,0.852999985,345.0,68.10000226,6.9287401204095005,257.3024385489275,1755.3384,-892.2422,28.8,-23.48
2033,22352,995,97.375,13.82229009,3.016250015,122.5999985,59.0,108.0,8.372427105,380.0076828,28.92961502,0.916999996,143.0,63.5999985,9.0977641529875,325.75500162,1755.3384,-892.2422,29.7,-24.380001
2034,22353,995,99.35000039,13.78550234,3.163250029,127.6999969,57.70000076,116.125,7.244662643,262.3278809,26.57602119,0.995999992,232.0,69.99999614000001,10.0061507459685,367.332409617625,1755.3384,-892.2422,30.6,-25.28
2035,22354,995,98.60000038,13.738905,3.224749983,121.9000015,56.20000076,116.1999989,26.19601345,1652.420471,88.75017548,1.330000043,334.0,65.70000074000001,10.399012452858502,374.71594447737505,1755.3384,-892.2422,31.5,-26.18
2036,22355,995,99.14999771,13.69475998,3.24725008,123.1999969,58.5,118.9250012,28.25540924,1963.781647,77.27639771,1.379999995,346.0,64.6999969,10.544633082060008,386.1792196607001,1755.3384,-892.2422,32.4,-27.080002
2037,22356,995,99.70000078,13.79286018,3.202250063,123.0,58.09999847,117.6250019,15.8745141,634.9805566,73.54987335,1.350000024,207.0,64.90000153,10.254405465983504,376.66466974465015,1755.3384,-892.2422,33.3,-27.98
2038,22357,995,97.625,14.32750502,3.497999966,133.5,60.90000153,124.1499996,32.9135685,2294.756134,84.33718872,1.440000057,70.5,72.59999847,12.236003762136002,434.2766943797,1755.3384,-892.2422,34.2,-28.880001
2039,22358,995,97.92499924,13.95963008,2.938250005,117.4000015,58.70000076,105.5500012,35.89233828,3564.717224,89.24051666,1.379999995,104.0,58.70000074,8.6333130918825,310.13229155365,1755.3384,-892.2422,35.1,-29.779999
2040,22359,995,97.84999848,13.63099521,3.216499984,123.5,60.79999924,116.125,40.12145519,4533.12378,88.25984192,1.340000033,118.0,62.70000076,10.345872147071999,373.516060642,1755.3384,-892.2422,35.9,-30.580002
2041,22360,995,98.77499962,13.70947508,3.240499973,112.9000015,55.0,117.0250016,45.24542904,6462.582153,100.0278244,1.5,127.0,57.9000015,10.500840075013,379.2195145251249,1755.3384,-892.2422,36.8,-31.48
2042,22362,995,98.07500077,13.6555199,3.174000025,120.0,56.5,115.3250008,30.9032054,2841.476791,105.9118195,1.450000048,118.0,63.5,10.0742761587,366.04155542232496,1755.3384,-892.2422,38.6,-33.28
2043,22363,995,98.37499809,13.81002731,3.036499977,112.6999969,59.40000153,110.8249989,44.10540676,5351.979248,122.5831223,1.269999981,87.40000153,53.299995370000005,9.220332110321001,336.520106610875,1755.3384,-892.2422,39.5,-34.18
2044,22364,995,98.42500115,14.00867974,2.870249927,111.6999969,56.0,104.5999985,47.89322567,4871.453369,142.1964264,1.24000001,95.19999695,55.6999969,8.238334643443507,300.2281380588251,1755.3384,-892.2422,40.4,-35.08
2045,22365,995,97.8749981,13.92038971,2.880999982,112.3000031,54.59999847,104.9499969,52.64945221,6707.748413,115.7184601,1.169999957,93.69999695,57.700004629999995,8.300160896284,302.3609391798001,1755.3384,-892.2422,41.3,-35.98
2046,22366,995,98.92500114,14.50408508,2.459250033,97.5,48.0,90.82500077,56.74372671,5685.405029,144.1577606,0.860000014,135.0,49.5,6.047910724810501,223.36138614084754,1755.3384,-892.2422,42.2,-36.88
2047,22367,995,97.39999962,16.45137045,1.499750018,67.0,34.5,53.64999962,48.42033291,6487.098999,160.8290558,0.340000004,1760.0,32.5,2.2492501164910004,80.461587895795,1755.3384,-892.2422,43.1,-37.78
2048,22368,995,98.94999886,16.98111006,1.331999987,41.5,30.89999962,48.5,50.50424672,5793.278198,134.3511047,0.470999986,1190.0,10.60000038,1.7742239653680005,64.6019993695,1755.3384,-892.2422,44.0,-38.68
2049,22369,995,98.75,16.89527264,1.372999966,43.70000076,28.60000038,49.67500019,55.55467128,4474.283875,194.1716614,0.432999998,1230.0,15.10000038,1.8851289066360013,68.20377357192,1755.3384,-892.2422,44.9,-39.58
2050,22370,995,98.97499848,16.90998745,1.365500033,51.40000153,29.79999924,49.625,56.9521179,5658.437012,331.4647827,0.425000012,1050.0,21.60000229,1.864590340123001,67.762939137625,1755.3384,-892.2422,45.8,-40.48
2051,22371,995,99.07500077,17.06694777,1.318000019,49.20000076,32.79999924,47.92499924,74.677639,10551.95557,294.1994934,0.430999994,1450.0,16.400001520000004,1.7371240500840006,63.16514990889499,1755.3384,-892.2422,46.7,-41.38
2052,22372,995,95.35000038,16.83641252,1.324249983,43.0,29.0,46.35000038,15.05320692,348.1360588,218.6882935,0.423999995,1220.0,14.0,1.7536380174755004,61.37898721526499,1755.3384,-892.2422,47.6,-42.28
2053,22373,995,97.40000153,16.67699988,1.42324999,54.0,30.60000038,50.72500038,77.59511566,8320.942383,248.1082306,0.513999999,475.0,23.39999962,2.025640534035,72.194356283585,1755.3384,-892.2422,48.5,-43.18
2054,22374,995,97.14999962,16.57399504,1.46600002,59.0,34.90000153,51.92500019,80.04677963,8137.067627,248.1082306,0.509000003,697.0,24.099998470000003,2.1491560586400005,76.12205131704,1755.3384,-892.2422,49.4,-44.08
2055,22375,995,93.95000077,17.42255993,1.126500011,46.40000153,34.40000153,38.92499924,44.05637264,3692.203675,253.992218,0.331,1860.0,12.0,1.2690022747830003,43.849012072034995,1755.3384,-892.2422,50.3,-44.98
2056,22762,1005,99.92500115,16.33119731,1.526250005,53.90000153,32.20000076,56.89999962,21.20688009,1426.867508,50.0139122,0.680000007,200.0,21.700000769999995,2.3294390777625003,86.84362470452501,194.91992,1450.1328,14.8,-9.22
2057,22763,1005,99.97500039,16.16442711,1.60074997,64.5,31.39999962,59.65000057,21.01074743,872.7918396,69.62721252,0.529999971,340.0,33.10000038,2.562400466455001,95.48473662292749,194.91992,1450.1328,16.3,-10.719999
2058,22764,1005,99.99999998,15.60280526,1.822249979,61.90000153,34.40000153,68.39999962,17.63971138,760.0153504,73.54987335,0.529999971,160.0,27.5,3.3205949859655,124.641897871145,194.91992,1450.1328,17.8,-12.219999
2059,22765,1005,99.82500076,14.85969754,2.172250033,78.5,37.40000153,82.30000115,22.95981836,1811.778534,65.7045517,0.810000002,250.0,41.09999847,4.718670205868501,178.77618021398754,194.91992,1450.1328,19.3,-13.719999
2060,22766,1005,100.1250019,14.9528928,2.139000058,79.09999847,38.09999847,81.04999924,25.98762131,1775.00354,99.04716492,0.99000001,210.0,41.0,4.575321248124004,173.36595307525997,194.91992,1450.1328,20.8,-15.219999
2061,22767,1005,99.37500001,14.92836753,2.209249973,84.5,38.09999847,81.67499924,24.7250154,3368.584259,99.04716492,0.910000026,380.0,46.40000153,4.880785443200501,180.44048986574504,194.91992,1450.1328,22.3,-16.72
2062,22768,1005,99.64999963,14.48446475,2.553000033,89.19999695,40.90000153,94.17499924,37.46140194,4214.407654,107.8731537,1.080000043,190.0,48.29999542,6.517809168498001,240.428776167495,194.91992,1450.1328,23.8,-18.22
2063,22769,1005,100.75,14.75178776,2.298749983,81.69999695,40.40000153,87.54999924,37.87818527,3804.980103,106.8924866,1.039999962,260.0,41.29999542,5.284251484342501,201.25555926460004,194.91992,1450.1328,25.3,-19.72
2064,22770,1005,100.4249992,14.48691766,2.468500018,83.09999847,41.20000076,93.77499962,47.09643459,5437.787354,137.2930908,1.190000057,330.0,41.89999771,6.093492338866,231.48358824992,194.91992,1450.1328,26.8,-21.22
2065,22771,1005,101.2750016,14.63897246,2.338500023,80.40000153,40.20000076,90.64999771,51.11716176,6538.583862,156.9064026,1.179999948,180.0,40.200000769999995,5.468582357571,211.98502172978493,194.91992,1450.1328,28.3,-22.72
2066,22772,1005,100.3500004,14.63406752,2.308749974,73.5,40.40000153,88.52499962,55.94693662,6396.387329,156.9064026,0.930000007,335.0,33.09999847,5.330326442445,204.382090571025,194.91992,1450.1328,29.8,-24.22
2067,22773,1005,99.99999999,14.38881746,2.501749993,75.5,40.20000076,94.94999886,51.61975289,5307.849243,156.9064026,1.970000029,340.0,35.29999924,6.258753027475499,237.54115898335496,194.91992,1450.1328,31.3,-25.72
2068,22774,1005,100.4249973,14.68802241,2.22875005,68.09999847,38.09999847,86.24999809,60.80122948,6352.257446,156.9064026,1.00999999,600.0,30.0,4.967326785375002,192.22968755558742,194.91992,1450.1328,32.8,-27.22
2069,22775,1005,100.0000019,14.78857493,2.12074998,62.90000153,37.09999847,82.10000038,59.80830479,5597.145142,187.3070068,0.99000001,270.0,25.800003059999995,4.49758047767,174.11357416388498,194.91992,1450.1328,34.3,-28.72
2070,22777,1005,100.0499992,16.03444497,1.663750023,54.29999924,33.29999924,62.17500114,59.08506585,3451.940735,258.8955688,0.589999974,390.0,21.0,2.7680641390325005,103.44365957670003,194.91992,1450.1328,35.8,-30.22
2071,22778,1005,99.54999924,16.65247491,1.369500011,55.59999847,31.70000076,51.32499885,47.8319335,3608.847107,254.9728851,0.50999999,680.0,23.89999771,1.875530280129,70.28958648964999,194.91992,1450.1328,37.3,-31.72
2072,22780,1005,100.7750015,16.00746767,1.598499984,52.90000153,32.0,61.24999905,65.7045536,5177.911011,266.7408752,0.579999983,500.0,20.900001529999997,2.5552021988480003,97.90812250142501,194.91992,1450.1328,38.8,-33.22
2073,22781,1005,99.34999846,15.96822759,1.704250008,58.0,34.70000076,62.625,50.82296086,3920.208374,296.1608276,0.569999993,430.0,23.29999924,2.904468089768,106.728656751,194.91992,1450.1328,40.3,-34.72
2074,22782,1005,99.42500115,16.58135259,1.464749992,44.29999924,31.0,53.72500038,44.2279892,3331.809204,346.1747437,0.439999998,568.0,13.299999239999998,2.145492539064,78.693693876805,194.91992,1450.1328,41.8,-36.22
2075,22798,1006,99.85000039,16.00010983,1.678249985,61.0,28.60000038,62.29999828,16.79388785,1184.152924,84.33718872,0.449999988,410.0,32.39999962,2.8165230121525004,104.55497117891002,295.55225,1265.2109,14.5,-9.23
2076,22799,1006,99.125,15.80145769,1.482974991,58.79999924,28.10000038,64.0274992,20.23847342,1196.411285,66.68521881,0.620000005,270.0,30.699998859999997,2.19921482393145,94.9511800498725,295.55225,1265.2109,16.0,-10.73
2077,22800,1006,100.0,15.759765,1.86925,64.5,35.40000153,68.22500038,21.635921,1299.381088,70.60787964,0.810000002,180.0,29.099998470000003,3.4940955625,127.529581960315,295.55225,1265.2109,17.5,-12.23
2078,22801,1006,99.77499771,15.328125,1.932249993,75.59999847,37.20000076,72.67499924,27.09087038,1377.834274,78.45320129,0.529999971,335.0,38.39999771,3.7335900354485005,140.42626677276502,295.55225,1265.2109,19.0,-13.73
2079,22802,1006,100.7749996,14.83517227,2.221500039,87.59999847,40.5,85.05000115,31.62644529,2047.138123,94.14383698,0.74000001,108.0,47.09999847,4.935062423277001,188.93858087167504,295.55225,1265.2109,20.5,-15.23
2080,22803,1006,100.5499992,14.83271994,2.192250014,84.09999847,40.20000076,84.02499962,28.46380186,2628.182129,92.18251038,0.649999976,270.0,43.89999771,4.805960123883,184.20380659329498,295.55225,1265.2109,22.0,-16.73
2081,22804,1006,100.6000004,15.08287494,2.10100007,82.69999695,37.5,79.60000038,32.46001148,2900.31659,101.0084915,0.75999999,210.0,45.19999695,4.414201294140005,167.23960637038002,295.55225,1265.2109,23.5,-18.23
2082,22805,1006,99.32500074,14.62670997,2.382000029,89.0,41.29999924,89.17499924,31.33224535,2052.041443,100.0278244,1.039999962,180.0,47.70000076,5.673924138156,212.41485077575499,295.55225,1265.2109,25.0,-19.73
2083,22806,1006,100.3500004,14.54087255,2.478000045,93.59999847,41.29999924,93.17499924,41.40857887,3613.750427,131.4091034,0.779999971,66.0,52.299999230000005,6.140484223020001,230.88765230959498,295.55225,1265.2109,26.5,-21.23
2084,22807,1006,100.0250015,14.32014776,2.682999969,100.8000031,42.40000153,99.62500001,46.93707657,5673.146912,128.4671021,0.769999981,420.0,58.40000157,7.198488833654,267.29387193845497,295.55225,1265.2109,28.0,-22.73
2085,22808,1006,100.375,14.39862763,2.50274998,93.40000153,43.20000076,95.57499886,49.80552196,4118.792847,156.9064026,1.309999943,560.0,50.200000769999995,6.26375746239,239.200326485365,295.55225,1265.2109,29.5,-24.23
2086,22809,1006,99.80000115,14.38881746,2.570749939,94.59999847,43.5,96.02500153,52.19589329,5834.956787,156.9064026,1.200000048,450.0,51.09999847,6.608755248868505,246.8562668257224,295.55225,1265.2109,31.0,-25.73
2087,22810,1006,100.4500008,14.71745261,2.267750025,81.90000153,38.79999924,86.85000038,56.14307021,6776.395142,156.9064026,1.389999986,700.0,43.10000229,5.142690175887499,196.954090532995,295.55225,1265.2109,32.2,-26.93
2088,22811,1006,100.5,14.40353227,2.509000004,82.0,42.40000153,95.94999886,56.17984675,6648.908447,156.9064026,1.299999952,620.0,39.59999847,6.295081020071999,240.73854752353995,295.55225,1265.2109,34.0,-28.73
2089,22812,1006,99.65000153,14.97251255,2.224499941,74.19999695,37.29999924,82.00000191,55.15014649,3952.079834,156.9064026,0.920000017,1100.0,36.89999771,4.948399987509003,182.40899941079488,295.55225,1265.2109,35.5,-30.23
2090,22813,1006,99.67500116,14.46974994,2.374750018,75.80000305,40.5,90.72500038,56.81727601,6256.642578,156.9064026,0.860000014,500.0,35.30000305,5.639437647991,215.44919628545497,295.55225,1265.2109,37.0,-31.73
2091,22815,1006,100.4500008,15.1343778,2.03549996,69.30000305,37.29999924,77.64999962,64.01290608,5553.015259,196.1329956,1.059999943,500.0,32.00000381,4.143260087160002,158.05657112051003,295.55225,1265.2109,38.5,-33.23
2092,22817,1006,99.62499999,16.04916007,1.640249997,56.70000076,33.5,60.875,59.12183954,4864.098327,210.8429871,0.75,490.0,23.20000076,2.6904200526585,99.850218567375,295.55225,1265.2109,40.0,-34.73
2093,22818,1006,99.56666563,15.87911983,1.683999975,64.30000305,35.0,65.10000102,61.29155985,3746.140218,225.5529327,0.959999979,260.0,29.30000305,2.8358559158000007,109.62840009017997,295.55225,1265.2109,41.5,-36.23
2094,22819,1006,100.0333328,15.83987994,1.748000026,61.79999924,34.0,65.06666565,73.46815363,7286.340982,243.2049103,0.779999971,490.0,27.79999924,3.0555040908960005,113.73653324793331,295.55225,1265.2109,43.0,-37.73
2095,22820,1006,100.4666672,15.86931015,1.625333349,61.40000153,35.0,62.46666718,79.12331898,5919.94751,304.006134,0.889999986,280.0,26.400001529999997,2.6417084953715557,101.52915736853778,295.55225,1265.2109,44.5,-39.23
2096,22821,1006,100.7333323,15.76140017,1.710666696,68.19999695,36.5,65.49999873,90.22117868,6230.491374,313.8128052,0.920000017,300.0,31.69999695,2.926380544803557,112.04866641545331,295.55225,1265.2109,46.0,-40.73
2097,22822,1006,99.66666923,15.71562037,1.676666657,67.19999695,37.20000076,63.83333333,74.56322605,5609.403564,313.8128052,0.569999993,370.0,29.999996189999997,2.8112110786955555,107.02722159957777,295.55225,1265.2109,47.5,-42.23
2098,22823,1006,100.4333344,15.4115102,1.716666658,70.19999695,39.29999924,67.76666769,100.027827,8103.561523,416.7826233,0.699999988,230.0,30.89999771,2.9469444146888892,116.3327789471889,295.55225,1265.2109,48.9,-43.63
2099,22832,1007,99.94999885,16.33364963,1.544499994,63.90000153,31.89999962,57.37500096,36.89752007,3567.168823,117.6798019,0.479999989,350.0,32.000001909999995,2.385480231466,88.61568863846999,396.18848,1080.2852,14.6,-9.150001
2100,22833,1007,100.3500004,15.79164753,1.744500011,67.5,33.20000076,65.65000153,25.77923107,1402.350876,106.8924866,0.639999986,104.0,34.29999924,3.043280288379,114.52642839123502,396.18848,1080.2852,16.1,-10.650001
2101,22834,1007,99.67500115,15.82598267,1.84799999,66.80000305,35.40000153,66.92499924,27.04183674,1292.026047,90.22117615,0.660000026,106.0,31.400001520000004,3.41510396304,123.67739792627002,396.18848,1080.2852,17.6,-12.150001
2102,22835,1007,99.89999962,15.75731238,1.815249979,69.59999847,35.5,67.00249958,22.3346448,1382.737595,67.66588593,0.560000002,108.0,34.09999847,3.295132486259501,121.62628595554253,396.18848,1080.2852,19.1,-13.650001
2103,22836,1007,100.3249989,15.30360002,1.987249971,78.0,36.90000153,74.72500038,25.92633009,2601.213928,94.14383698,0.790000021,103.0,41.09999847,3.949162447239501,148.49725483812998,396.18848,1080.2852,20.6,-15.150001
2104,22838,1007,100.6000004,14.51879989,2.465000033,94.09999847,40.0,93.64999962,28.78251696,2611.020477,88.25984192,0.860000014,178.0,54.09999847,6.076225162690001,230.84725215375,396.18848,1080.2852,22.1,-16.650002
2105,22839,1007,100.4250011,14.97986981,2.217250049,81.59999847,40.40000153,82.92500115,34.98522377,5249.009277,103.9504852,1.039999962,106.0,41.199996940000005,4.916197779790503,183.86546286316255,396.18848,1080.2852,23.6,-18.150002
2106,22840,1007,99.79999923,14.68066486,2.361000002,90.19999695,40.29999924,88.15000153,41.62922859,5641.275452,118.6604691,1.019999981,370.0,49.89999771,5.574321009444,208.12215378863,396.18848,1080.2852,25.1,-19.650002
2107,22841,1007,100.375,14.53106238,2.482500017,93.09999847,38.70000076,93.47500038,43.5047493,4422.799072,128.4671021,1.0,240.0,54.39999771,6.162806334405,232.051690032425,396.18848,1080.2852,26.4,-20.95
2108,22842,1007,100.4500008,14.32259979,2.482749999,87.09999847,40.20000076,94.25000191,46.80223656,4827.323364,133.3704376,1.340000033,240.0,46.89999771,6.1640475575345,233.9991921478025,396.18848,1080.2852,28.1,-22.650002
2109,22843,1007,99.92500116,14.31279021,2.682499945,97.5,41.20000076,99.54999924,52.78429031,6053.154785,156.9064026,1.340000033,200.0,56.29999924,7.195805954925003,267.04286748605006,396.18848,1080.2852,29.6,-24.150002
2110,22844,1007,100.6499977,14.36184016,2.571750045,89.09999847,40.29999924,98.02500153,55.79983806,6151.221436,156.9064026,1.210000038,220.0,48.799999230000005,6.613898293957502,252.09580209590254,396.18848,1080.2852,31.1,-25.650002
2111,22845,1007,99.97499849,14.34957767,2.443749964,89.30000305,43.5,94.14999962,50.99458027,6408.645691,156.9064026,1.279999971,200.0,45.80000305,5.971913886550002,230.07905818197503,396.18848,1080.2852,32.6,-27.149998
2112,22846,1007,99.79999923,14.50653741,2.371999979,86.0,39.09999847,90.375,54.14496328,7058.336182,156.9064026,1.139999986,550.0,46.90000153,5.626383900376,214.369498102125,396.18848,1080.2852,34.1,-28.649998
2113,22847,1007,100.2249985,14.58256466,2.348500013,85.69999695,40.59999847,89.67500115,59.90637111,6528.777222,156.9064026,1.25,550.0,45.09999848,5.515452311061001,210.60174136655004,396.18848,1080.2852,35.6,-30.149998
2114,22848,1007,100.125,14.45013019,2.416999996,86.09999847,42.40000153,92.65000153,60.26186275,6568.003662,156.9064026,1.100000024,400.0,43.699996940000005,5.841888980664,223.93505332740997,396.18848,1080.2852,37.1,-31.649998
2115,22849,1007,100.4000016,15.15399755,2.055749953,71.59999847,37.70000076,77.79999924,55.73854448,4692.482056,184.3650208,0.879999995,480.0,33.89999771,4.2261078692595015,159.93734478103005,396.18848,1080.2852,38.6,-33.149998
2116,22851,1007,99.64999962,15.19568995,2.014750004,72.5,38.0,75.5,64.34388066,6732.265015,156.9064026,0.790000021,450.0,34.5,4.059217578618001,152.113625302,396.18848,1080.2852,40.1,-34.649998
2117,22853,1007,100.0333329,16.03608014,1.637666623,58.5,32.20000076,61.36666743,59.4936765,6057.240722,191.2296753,0.699999988,390.0,26.29999924,2.6819519680882244,100.49814301485219,396.18848,1080.2852,41.6,-36.149998
2118,22854,1007,100.299998,15.83334003,1.718333364,62.0,27.29999924,64.69999822,56.0776914,5253.095378,176.5196838,0.660000026,580.0,34.70000076,2.9526695498355564,111.17616559216661,396.18848,1080.2852,43.0,-37.55
2119,22855,1007,100.5666657,15.89873996,1.694333355,62.70000076,33.59999847,64.00000127,72.89609783,6652.177572,156.9064026,0.75,300.0,29.10000229,2.870765517865556,108.43733687180335,396.18848,1080.2852,44.6,-39.149998
2120,22856,1007,99.89999896,15.81372028,1.735999982,62.70000076,33.09999847,64.76666641,41.3513724,2258.79834,225.5529327,0.730000019,225.0,29.60000229,3.0136959375040004,112.43493172196001,396.18848,1080.2852,46.1,-40.649998
2121,22857,1007,99.83333587,15.79736991,1.729666631,64.80000305,29.39999962,64.69999949,67.99276988,3376.756347,264.779541,0.889999986,320.0,35.40000343,2.99174665439489,111.90943014357,396.18848,1080.2852,47.4,-41.95
2122,22858,1007,99.26666514,15.60771001,1.806666652,67.59999847,36.5,67.10000102,76.05056762,5740.159098,236.340271,0.720000029,420.0,31.099998470000003,3.2640443914488895,121.22733419199999,396.18848,1080.2852,49.0,-43.55
2123,22859,1007,100.1666667,16.32383995,1.467999975,54.70000076,30.5,55.76666769,87.76951853,7675.337891,294.1994934,0.850000024,300.0,24.20000076,2.1550239266,81.8654667747533,396.18848,1080.2852,50.6,-45.149998
2124,22860,1007,100.1666667,16.15053004,1.583666682,60.09999847,34.59999847,59.56666692,84.46794128,5593.059245,343.2327271,0.629999995,300.0,25.5,2.5080001596768895,94.33374575899556,396.18848,1080.2852,52.1,-46.649998
2125,22861,1007,99.79999797,16.48080027,1.515666644,60.79999924,30.89999962,55.73333486,99.5865275,6083.391602,372.6526794,0.370000005,310.0,29.89999962,2.2972453757342226,84.4731566061844,396.18848,1080.2852,53.6,-48.149998
2126,22862,1007,99.96666718,16.27478999,1.504666686,52.70000076,32.09999847,56.96666591,92.78724923,4936.01359,421.6859741,0.769999981,160.0,20.60000229,2.2640218359582227,85.71584440726888,396.18848,1080.2852,55.1,-49.649998
2127,22863,1007,99.66666668,16.57236026,1.452333331,59.5,31.60000038,53.69999949,106.2387034,4556.823161,598.2056274,0.560000002,170.0,27.89999962,2.1092721043335554,77.99029913401,396.18848,1080.2852,56.6,-51.149998
2128,22874,1008,98.07499886,15.38943744,1.863749981,68.19999695,38.0,69.19999981,46.21383762,3488.715759,109.8344803,0.74000001,450.0,30.19999695,3.4735639916775005,128.9714983310875,94.11719,1265.3008,9.6,-2.6800003
2129,22875,1008,99.62499809,15.59789974,1.851999998,81.5,45.0,68.92500115,40.82018089,3368.584106,113.7571335,0.730000019,53.0,36.5,3.4299039925919996,127.64910199194999,94.11719,1265.3008,11.1,-4.1800003
2130,22880,1008,98.29999924,17.80024504,1.054749995,39.59999847,25.0,38.72499943,34.93618966,2878.251648,234.3789368,0.379999995,1230.0,14.599998470000003,1.1124975519525002,40.845192955167505,94.11719,1265.3008,15.6,-8.68
2131,22881,1008,97.25,16.92224994,1.289499998,53.0,29.89999962,46.69999886,69.4433384,3265.614258,187.3070068,0.50999999,288.0,23.10000038,1.662810244842,60.21964843657,94.11719,1265.3008,16.9,-9.98
2132,22882,1008,97.92500115,16.71133503,1.353749991,56.09999847,30.39999962,49.42500019,57.85923481,3996.2099,162.79039,0.479999989,420.0,25.699998850000004,1.8326390381325,66.9090935623875,94.11719,1265.3008,18.5,-11.58
2133,22883,1008,99.55000115,16.43910708,1.496749997,67.69999695,36.0,55.57500077,59.45281506,4199.697693,164.751709,0.560000002,173.0,31.69999695,2.2402605535195,83.1818822357725,94.11719,1265.3008,19.8,-12.879999
2134,22884,1008,99.70000076,15.35510259,1.953749955,82.30000305,42.90000153,73.22500038,46.15254784,3893.23999,128.4671021,0.769999981,242.0,39.40000152,3.8171388866625016,143.06334119729996,94.11719,1265.3008,21.5,-14.58
2135,22885,1008,99.45000076,15.49734751,1.842000038,77.59999847,40.5,68.94999886,50.38166238,4383.572632,133.3704376,0.860000014,375.0,37.09999847,3.392964139992001,127.00590052021994,94.11719,1265.3008,22.9,-15.98
2136,22886,1008,99.44999886,15.16380742,2.065000028,80.5,43.20000076,76.875,40.08468152,4354.152527,140.2350922,0.860000014,330.0,37.29999924,4.264225115640001,158.7468771525,94.11719,1265.3008,24.5,-17.58
2137,22887,1008,99.67500114,14.82781501,2.226749957,83.40000153,46.59999847,83.57499886,61.5980196,4724.353516,147.0997467,0.949999988,475.0,36.800003059999995,4.958415370999502,186.10062511778003,94.11719,1265.3008,26.0,-19.08
2138,22888,1008,99.02499962,14.83026733,2.195500016,81.30000305,45.40000153,81.85000038,52.710742,3731.430298,148.0804138,0.920000017,295.0,35.90000152,4.820220320256,179.70167714389,94.11719,1265.3008,27.5,-20.58
2139,22889,1008,98.60000038,14.66104482,2.268000007,83.09999847,47.29999924,84.44999886,56.81727886,5121.522827,162.79039,0.970000029,365.0,35.799999230000005,5.143824031752,191.53259800562998,94.11719,1265.3008,29.0,-22.08
2140,22890,1008,98.97500038,14.60708993,2.310249985,83.90000153,49.40000153,86.54999924,64.84647178,4361.507385,173.5776978,0.949999988,310.0,34.5,5.3372549931925,199.95213444596,94.11719,1265.3008,30.5,-23.58
2141,22891,1008,99.29999924,14.8523397,2.185000002,75.80000305,45.20000076,81.875,76.24670219,5668.24353,201.0363159,0.959999979,375.0,30.60000229,4.774225008740001,178.89687516375002,94.11719,1265.3008,32.0,-25.08
2142,22892,1008,99.07500076,14.9112001,2.138250053,74.5,47.5,79.85000038,80.72098923,6756.781738,208.8816528,0.959999979,510.0,27.0,4.572113289154504,170.73926754458503,94.11719,1265.3008,33.5,-26.58
2143,22893,1008,99.125,15.14909262,1.994750023,70.19999695,45.0,74.67499924,94.32771493,6898.978272,249.0888977,0.74000001,385.0,25.19999695,3.9790276542585,148.95795645151497,94.11719,1265.3008,35.0,-28.08
2144,22895,1008,95.75,16.48570501,1.397249997,54.79999924,37.40000153,49.89999962,99.59878921,7068.142945,328.5227661,0.560000002,740.0,17.39999771,1.9523075541165003,69.722774319345,94.11719,1265.3008,36.5,-29.58
2145,22899,1008,98.14999962,16.16197479,1.549250007,56.70000076,37.79999924,56.72500038,114.4926357,9196.185913,343.2327271,0.620000005,550.0,18.900001520000004,2.4001755841895,87.88120723579,94.11719,1265.3008,39.7,-32.78
2146,22901,1008,93.5,17.04978005,1.22299999,42.5,26.5,42.05000115,40.45243072,3064.578064,460.9125061,0.449999988,1620.0,16.0,1.4957289755399998,51.427150985949986,94.11719,1265.3008,41.5,-34.58
2147,22909,1009,98.29999924,15.31095758,1.953999996,85.09999847,44.09999847,71.40000153,41.12663841,1564.160645,112.7764664,0.75999999,240.0,41.0,3.818115984368,139.51560270401998,521.853,525.59375,18.6,-5.8500004
2148,22910,1009,98.40000153,15.46056005,1.877000004,83.5,43.09999847,68.75,35.64717293,2218.754547,107.8731537,0.720000029,235.0,40.40000153,3.5231290150160004,129.043750275,521.853,525.59375,20.1,-7.3500004
2149,22911,1009,98.04999924,15.23983497,1.989749998,86.40000153,44.90000153,72.42499924,35.76975441,2348.692596,97.08583069,0.839999974,199.0,41.5,3.959105054541,144.10764209294,521.853,525.59375,21.6,-8.85
2150,22912,1009,97.94999886,15.4948949,1.861749977,88.80000305,46.5,67.72499943,34.32327461,2329.079346,104.93116,0.819999993,227.0,42.30000305,3.4661129768595003,126.0870161311275,521.853,525.59375,23.1,-10.35
2151,22913,1009,97.25,16.00011012,1.615500003,64.80000305,37.5,58.39999962,52.62493324,3407.810791,147.0997467,0.600000024,276.0,27.30000305,2.6098402596929997,94.34519956131,521.853,525.59375,24.6,-11.85
2152,22914,1009,98.25000191,17.21654995,1.212249994,50.79999924,29.79999924,44.25000095,34.24972439,2110.881378,164.751709,0.449999988,445.0,21.0,1.469550047953,53.642063386137494,521.853,525.59375,26.1,-13.35
2153,22915,1009,98.92499924,17.27786269,1.188000024,52.5,29.79999924,44.00000095,57.7979431,3035.158051,158.8677216,0.5,312.0,22.70000076,1.4113440570240003,52.27200218460002,521.853,525.59375,27.6,-14.85
2154,22918,1009,98.27499962,16.00746767,1.686250001,91.30000305,47.59999847,60.77499962,65.45938683,4189.891235,182.4036865,0.699999988,447.0,43.70000458,2.8434390658725004,102.48184317,521.853,525.59375,30.6,-17.85
2155,22919,1009,98.97500038,15.07551768,2.079000056,81.19999695,42.20000076,76.97499848,63.19159985,4535.575562,168.6743774,0.920000017,167.0,38.99999619,4.322241232848003,160.0310261505199,521.853,525.59375,32.2,-19.45
2156,22920,1009,99.00000191,14.98232242,2.157999992,90.80000305,47.90000153,79.52499962,57.55277443,3699.558655,196.1329956,0.949999988,158.0,42.90000152,4.656963965472,171.61494854376002,521.853,525.59375,33.7,-20.95
2157,22921,1009,99.64999962,14.62916229,2.393999994,96.19999695,51.20000076,89.42500115,51.85266208,3643.170349,171.6163635,1.159999967,247.0,44.99999619,5.7312359712720005,214.08345221655,521.853,525.59375,35.2,-22.45
2158,22922,1009,99.69999886,14.6316149,2.369999945,102.0,56.79999924,88.90000153,58.10439968,3949.628113,179.4617004,1.159999967,314.0,45.20000076,5.616899739300003,210.69299873659992,521.853,525.59375,36.7,-23.95
2159,22923,1009,97.875,14.30298004,2.483500004,101.6999969,54.29999924,92.17500114,67.97234154,3410.262451,201.0363159,1.340000033,244.0,47.399997660000004,6.167772269868001,228.91661569989003,521.853,525.59375,38.2,-25.45
2160,22924,1009,99.04999924,14.29807511,2.561749995,104.1999969,55.5,95.625,63.62063886,6173.286011,181.4230194,1.320000052,225.0,48.6999969,6.5625630368825,244.967343271875,521.853,525.59375,39.7,-26.95
2161,22925,1009,98.85000038,14.22204756,2.553000033,108.8000031,59.70000076,96.02499962,62.94643306,5646.178711,192.2103424,1.299999952,190.0,49.100002339999996,6.517809168498001,245.151827198685,521.853,525.59375,41.2,-28.45
2162,22926,1009,99.27499962,14.17790255,2.664250016,106.5,59.70000076,99.82500077,71.09820938,5173.007874,196.1329956,1.299999952,265.0,46.79999924,7.098228147756,265.9587598986725,521.853,525.59375,42.7,-29.95
2163,22927,1009,99.80000115,14.34221983,2.57099998,107.5,60.09999847,96.77500153,71.34337806,5491.723999,200.0556488,1.289999962,265.0,47.40000153,6.610040897159999,248.80852699812993,521.853,525.59375,44.2,-31.45
2164,22928,1009,99.19999885,14.25883502,2.607000053,97.80000305,53.20000076,97.35000039,77.6564064,4545.382202,223.5916138,1.470000029,210.0,44.60000229,6.7964492763420035,253.79145617628004,521.853,525.59375,45.7,-32.95
2165,22929,1009,99.85000038,14.43541509,2.488999963,105.9000015,60.29999924,94.32499886,79.49515533,5771.213379,235.3596039,1.370000005,285.0,45.600002260000004,6.195120815814001,234.774918672515,521.853,525.59375,47.2,-34.45
2166,22930,1009,99.82500076,14.82045746,2.234499991,87.0,52.0,84.02499962,82.13069343,5579.983765,245.1662445,0.959999979,380.0,35.0,4.992990209778999,187.753860894665,521.853,525.59375,48.7,-35.95
2167,22932,1009,96.29999924,17.17976278,1.216499984,47.59999847,29.60000038,43.22500038,76.6757431,5511.337158,402.0726318,0.389999986,1050.0,17.999998090000002,1.4798722110720002,52.58321227066999,521.853,525.59375,50.2,-37.45
2168,22934,1009,99.34999847,16.04425514,1.680750012,68.5,43.5,61.64999962,77.71769905,4408.089051,250.0695648,0.660000026,355.0,25.0,2.8249206028380005,103.618237601115,521.853,525.59375,51.7,-38.95
2169,22935,1009,99.45000076,16.2330974,1.57100001,61.09999847,37.90000153,58.125,82.0694008,6092.381226,254.9728851,0.560000002,510.0,23.199996940000005,2.46804103142,91.31437558124999,521.853,525.59375,53.2,-40.45
2170,22936,1009,98.99999809,16.44891725,1.502750009,59.40000153,36.29999924,54.92500115,102.6020718,7502.087158,271.6441956,0.639999986,375.0,23.10000229,2.2582575895495003,82.53854597248751,521.853,525.59375,54.7,-41.95
2171,22937,1009,99.62499809,16.25516976,1.60224998,76.0,41.5,58.79999924,128.7122726,8485.203491,319.6967773,0.709999979,275.0,34.5,2.5672049984100007,94.21229760629002,521.853,525.59375,56.2,-43.45
2172,22938,1009,98.57500077,16.87810493,1.344500035,57.90000153,34.20000076,48.95000076,139.8673477,6827.879883,449.1445618,0.5,585.0,23.700000769999995,1.8076803441150013,65.81327773507003,521.853,525.59375,57.7,-44.95
2173,22939,1009,98.55000115,17.42991748,1.160250008,47.20000076,28.89999962,42.42499924,113.6345501,4653.255432,490.332489,0.400000006,905.0,18.300001140000003,1.3461800810640001,49.22360570760999,521.853,525.59375,59.2,-46.45
2174,22941,1009,97.72500038,17.42746487,1.165749997,51.40000153,32.0,42.05000019,130.5510254,5403.463867,456.0092163,0.5,405.0,19.400001529999997,1.3589730555055002,49.0197875953425,521.853,525.59375,60.7,-47.95
2175,22943,1009,98.12500191,18.31527013,0.953250006,35.59999847,25.20000076,34.5,124.7283268,5219.589478,446.2025757,0.469999999,425.0,10.399997710000001,0.908685573939,32.887125207,521.853,525.59375,62.2,-49.45
2176,22944,1009,98.30000115,18.01116025,1.0185,37.29999924,26.0,37.0,129.3251915,5761.40686,441.2992554,0.439999998,1160.0,11.299999239999998,1.03734225,37.6845,521.853,525.59375,63.7,-50.95
2177,22958,1010,99.79999924,17.57952025,1.166249991,40.09999847,27.89999962,42.875,30.74384785,2331.530945,107.8731537,0.319999993,119.0,12.199998850000004,1.3601390415074999,50.002968364124996,672.9541,556.34766,10.4,-7.99
2178,22959,1010,99.70000076,17.12090208,1.295749992,49.20000076,29.20000076,47.59999943,24.83534122,1186.604614,139.254425,0.439999998,840.0,20.0,1.678968041768,61.6776988806225,672.9541,556.34766,11.9,-9.49
2179,22961,1010,97.47500038,16.56663749,1.432999999,50.5,30.0,51.625,36.4439621,2444.307434,144.1577606,0.5,930.0,20.5,2.053488997134,73.978624948375,672.9541,556.34766,13.4,-10.99
2180,22962,1010,97.82500077,15.88239017,1.692000002,64.19999695,38.90000153,61.27499962,40.4401722,2991.02826,110.8151398,0.649999976,415.0,25.299995420000002,2.8628640067679996,103.67729947958999,672.9541,556.34766,14.9,-12.49
2181,22963,1010,98.625,15.72788247,1.780750036,65.90000153,36.5,64.97500038,37.24075222,2687.022034,141.2157593,0.479999989,960.0,29.400001529999997,3.171070690714001,115.704234265785,672.9541,556.34766,16.4,-13.99
2182,22964,1010,98.42499924,15.66411771,1.805250019,70.80000305,39.40000153,65.75,34.07810831,3128.321259,103.9504852,0.800000012,270.0,31.400001520000004,3.2589276310995006,118.69518874925001,672.9541,556.34766,17.9,-15.49
2183,22965,1010,97.47500038,15.92162996,1.668499977,64.5,36.79999924,60.22500134,43.46797466,3111.159668,107.8731537,0.610000014,343.0,27.70000076,2.7838921732490003,100.48541335061496,672.9541,556.34766,19.4,-16.99
2184,22966,1010,99.52499962,15.01175263,2.185000062,86.69999695,47.09999847,80.67500114,43.45571709,3096.449646,125.525116,0.949999988,199.0,39.59999848,4.774225270940003,176.27488249275007,672.9541,556.34766,20.9,-18.49
2185,22967,1010,98.5,14.41579535,2.496749938,90.5,49.0,91.82500076,47.64805985,3231.291077,146.1190796,1.149999976,382.0,41.5,6.233760252903003,229.26406495437993,672.9541,556.34766,22.4,-19.99
2186,22968,1010,99.60000038,14.61935242,2.420249998,90.59999847,49.20000076,89.875,43.13700104,2964.059815,119.6411285,1.080000043,110.0,41.39999771,5.857610052819,217.51996857025,672.9541,556.34766,23.9,-21.49
2187,22969,1010,98.89999962,14.16809267,2.721749962,100.3000031,53.0,100.2999993,45.0370388,3893.239929,145.1384125,1.320000052,390.0,47.3000031,7.407922855647002,272.991519283375,672.9541,556.34766,25.4,-22.99
2188,22970,1010,98.875,14.44522497,2.562000036,93.59999847,48.90000153,93.52499962,53.01720143,4219.311096,159.8483887,1.230000019,235.0,44.699996940000005,6.563844184464002,239.61105239334,672.9541,556.34766,26.9,-24.49
2189,22971,1010,99.30000115,14.23431005,2.668500006,99.90000153,57.09999847,99.1250019,53.44624042,3917.756592,196.1329956,1.25999999,125.0,42.800003059999995,7.120892282022,264.5150681649,672.9541,556.34766,28.2,-25.79
2190,22972,1010,99.55000115,14.25638241,2.552000046,93.5,49.59999847,96.95000076,73.0595417,5685.405274,177.500351,1.169999957,220.0,43.90000153,6.512704234784001,247.41640639922,672.9541,556.34766,29.9,-27.49
2191,22973,1010,99.72500038,14.25638241,2.622249961,97.40000153,54.29999924,98.97500038,75.1434536,6911.236451,218.6882935,1.330000043,195.0,43.10000229,6.876194857964502,259.53719088643,672.9541,556.34766,31.4,-28.99
2192,22974,1010,99.52499962,14.13130491,2.715499997,96.40000153,52.40000153,102.0,67.60459328,5979.604614,223.5916138,1.309999943,194.0,44.0,7.3739402337070015,276.98099969400005,672.9541,556.34766,32.8,-30.39
2193,22975,1010,99.20000076,14.28581262,2.614000023,94.30000305,55.90000153,97.09999848,76.18540954,5798.181519,234.3789368,1.320000052,188.0,38.40000152,6.832996120244,253.81939826001997,672.9541,556.34766,34.3,-31.89
2194,22976,1010,99.17499924,14.35203029,2.533500016,89.30000305,54.70000076,94.67499924,75.26603697,6815.621827,225.5529327,1.129999995,175.0,34.60000229,6.418622331072001,239.85911208934002,672.9541,556.34766,35.7,-33.29
2195,22977,1010,99.29999924,14.33486228,2.554750026,74.5,53.5,95.54999734,61.1689787,4187.439453,256.9342041,1.25999999,390.0,21.0,6.526747695347,244.10635818866493,672.9541,556.34766,37.3,-34.89
2196,22979,1010,99.5,15.60035265,1.801500052,66.40000153,46.59999847,67.42500115,88.32113838,6994.59314,231.4369202,0.660000026,450.0,19.800003059999995,3.2454024373560024,121.46614307782505,672.9541,556.34766,38.8,-36.39
2197,22981,1010,97.62499809,16.15707014,1.600499988,53.20000076,37.0,57.5,55.03982258,2978.769806,245.1662445,0.610000014,425.0,16.20000076,2.561600211588,92.02874931,672.9541,556.34766,40.3,-37.89
2198,22982,1010,97.85000038,16.06877982,1.619749993,53.90000153,39.70000076,58.55000019,87.70822144,6945.559753,299.1028137,0.699999988,500.0,14.200000769999995,2.6235900398235006,94.8363623979025,672.9541,556.34766,41.8,-39.39
2199,22983,1010,98.27499962,16.19876255,1.628499985,56.79999924,37.70000076,58.40000057,88.3211422,6482.195313,268.7022095,0.699999988,263.0,19.099998479999996,2.652012201145,95.104400052245,672.9541,556.34766,43.3,-40.89
2200,22984,1010,98.44999886,15.97803776,1.696249992,60.0,40.40000153,61.32500076,97.82132911,7492.280396,294.1994934,0.810000002,297.0,19.599998470000003,2.87726403536,104.02253204855,672.9541,556.34766,44.8,-42.39
2201,22985,1010,97.90000153,16.56418487,1.457249999,54.5,37.0,52.375,112.4087219,8531.785279,309.8901367,0.569999993,435.0,17.5,2.1235775595855,76.323468697625,672.9541,556.34766,46.3,-43.89
2202,22986,1010,99.34999848,17.20183514,1.257750005,46.70000076,33.79999924,46.125,127.4251537,7989.96814,529.559082,0.479999989,625.0,12.900001520000004,1.5819350750774999,58.01371898062499,672.9541,556.34766,47.8,-45.39
2203,22987,1010,96.07500076,17.53537494,1.14199999,47.79999924,33.5,40.27500057,111.0603123,7833.061523,568.7857056,0.360000014,1420.0,14.299999239999998,1.30416397716,45.99405024819,672.9541,556.34766,49.3,-46.89
2204,22988,1010,96.70000076,17.40048757,1.137499988,39.29999924,28.0,40.90000057,129.9381103,6729.813355,509.9457703,0.419999987,930.0,11.299999239999998,1.2939062227000002,46.523750157575,672.9541,556.34766,50.8,-48.39
2205,22989,1010,96.0,17.89098739,1.020999968,35.5,26.39999962,36.22500038,125.0347824,8803.919922,442.2799377,0.319999993,1380.0,9.10000038,1.0424409346560009,36.98572422877998,672.9541,556.34766,52.3,-49.89
2206,22990,1010,96.35000038,16.58871014,1.38349998,46.59999847,33.79999924,49.42749977,114.3087635,3152.83783,460.9125061,0.5,1170.0,12.799999230000005,1.9140721946600006,68.38294494324501,672.9541,556.34766,53.8,-51.39
2207,22991,1010,96.07499886,17.33672222,1.154000014,40.70000076,29.79999924,41.09999943,125.7089882,5177.911072,549.1723633,0.400000006,1800.0,10.900001520000004,1.331716032312,47.42939991761999,672.9541,556.34766,55.3,-52.89
2208,23046,1012,99.54999925,16.44401261,1.574499965,73.59999847,40.20000076,57.85000038,14.30545068,630.0772323,58.83990097,0.479999989,504.0,33.39999771,2.4790501397850013,91.08482357355999,1176.2788,-306.60938,14.7,-10.34
2209,23047,1012,99.19999886,16.03689758,1.690749973,60.59999847,33.29999924,61.69999981,18.76747561,1019.891587,90.22117615,0.579999983,309.0,27.299999230000005,2.858635471199501,104.31927301285751,1176.2788,-306.60938,16.2,-11.84
2210,23048,1012,99.8500023,16.0099197,1.722750008,66.40000153,34.79999924,63.67500019,20.71654797,1223.379563,85.31785583,0.709999979,386.0,31.60000229,2.967867590064,109.6961070867225,1176.2788,-306.60938,17.6,-13.24
2211,23050,1012,98.125,15.69354733,1.809249967,69.40000153,36.09999847,65.42500019,20.96171427,1331.252747,88.25984192,0.860000014,228.0,33.300003059999995,3.273385443089501,118.3701794347325,1176.2788,-306.60938,19.3,-14.939999
2212,23051,1012,99.99999808,15.20550012,2.090999991,82.80000305,39.79999924,77.47500038,20.16492414,1414.609238,70.60787964,0.959999979,217.0,43.00000381,4.372280962362,162.000225097305,1176.2788,-306.60938,20.8,-16.439999
2213,23052,1012,99.82499885,15.24719252,2.109250039,83.0,42.5,77.77499867,20.83912993,1105.699799,81.39519501,0.779999971,343.0,40.5,4.448935727021501,164.04691897792245,1176.2788,-306.60938,22.3,-17.939999
2214,23053,1012,100.6250019,15.3698177,2.072750032,80.90000153,38.79999924,76.70000076,20.55718947,1385.189301,87.27918243,0.720000029,153.0,42.10000229,4.296292695156001,158.97992902969003,1176.2788,-306.60938,23.8,-19.439999
2215,23054,1012,101.1499996,14.27600274,2.807250023,111.0999985,51.20000076,105.1499996,24.0385499,1701.453705,91.20184326,1.210000038,228.0,59.899997739999996,7.8806526916335,295.18233879555,1176.2788,-306.60938,25.3,-20.939999
2216,23055,1012,100.5750008,14.22204785,2.801999986,111.3000031,51.59999847,104.6499996,25.68116427,2606.117218,86.29851532,1.25999999,213.0,59.700004629999995,7.851203921544001,293.2292974141,1176.2788,-306.60938,26.8,-22.439999
2217,23056,1012,100.9500027,14.09206484,2.894999981,116.6999969,54.79999924,109.3749981,30.13093138,2748.313538,95.12450409,1.179999948,299.0,61.899997660000004,8.38102488999,316.640617421375,1176.2788,-306.60938,28.3,-23.939999
2218,23057,1012,100.6749993,13.91057983,3.009750009,121.9000015,61.79999924,114.1749992,31.98193693,3304.840943,109.8344803,1.230000019,572.0,60.100002260000004,9.058595116675498,343.638204869775,1176.2788,-306.60938,29.9,-25.539999
2219,23058,1012,100.4000015,14.03810994,2.852500022,118.5999985,59.59999847,108.1000004,38.45432663,4133.502808,108.8538132,1.179999948,446.0,59.000000029999995,8.13675637551,308.3552535192,1176.2788,-306.60938,31.3,-26.939999
2220,23059,1012,100.5,14.01358467,2.876999974,118.9000015,60.79999924,109.2749996,35.63491344,3420.069122,112.7764664,1.210000038,323.0,58.100002260000004,8.277128850396,314.38417100805,1176.2788,-306.60938,32.8,-28.439999
2221,23060,1012,100.75,14.02830007,2.87349999,115.4000015,58.0,109.5500012,44.16669846,4675.320313,139.254425,1.460000038,520.0,57.4000015,8.25700219253,314.7919273527,1176.2788,-306.60938,34.3,-29.939999
2222,23061,1012,100.4499988,13.99151261,2.879999936,115.3000031,62.20000076,109.5749989,42.65892601,4785.64508,166.7130585,1.299999952,422.0,53.100002339999996,8.294399631360003,315.57598981920006,1176.2788,-306.60938,35.8,-31.439999
2223,23062,1012,100.7000008,14.07980235,2.845749974,115.8000031,56.09999847,108.0,37.37559319,3025.351441,138.2737579,1.299999952,369.0,59.700004629999995,8.098292914521,307.340997192,1176.2788,-306.60938,37.3,-32.94
2224,23063,1012,100.1000004,14.41824737,2.521500051,104.1999969,51.70000076,95.20000076,53.91205787,5462.303955,176.5196838,1.139999986,409.0,52.49999614,6.357962507193002,240.04680677154002,1176.2788,-306.60938,38.8,-34.44
2225,23065,1012,100.6750012,15.84069748,1.819999993,61.5,35.90000153,67.80000114,46.1648035,4211.956116,211.8236389,0.620000005,557.0,25.599998470000003,3.31239997452,123.3960016002,1176.2788,-306.60938,40.3,-35.94
2226,23067,1012,100.1000004,16.73586,1.414000035,53.0,31.0,52.37750054,50.84747887,5403.463989,212.804306,0.589999974,654.0,22.0,1.999396098980001,74.06178759677252,1176.2788,-306.60938,41.8,-37.44
2227,23068,1012,100.5249996,16.43420273,1.542000026,61.0,34.79999924,57.22499943,49.02099038,5849.666626,202.9976501,0.629999995,373.0,26.20000076,2.3777640801840008,88.24095060890998,1176.2788,-306.60938,43.3,-38.94
2228,23069,1012,100.1750012,15.83579254,1.796499998,66.30000305,35.5,66.27499867,48.26097584,6462.582336,200.0556488,0.779999971,355.0,30.80000305,3.227412242814,119.06303497810501,1176.2788,-306.60938,44.8,-40.44
2229,23070,1012,101.1749992,16.31893511,1.630999983,63.40000153,35.29999924,60.54999924,56.73146915,4297.764343,205.9396362,0.810000002,175.0,28.10000229,2.660160944546,98.75704773109001,1176.2788,-306.60938,46.3,-41.94
2230,23071,1012,99.55000115,16.31157755,1.596249968,61.0,33.09999847,58.27500057,43.884758,2262.884521,232.4175873,0.620000005,616.0,27.900001529999997,2.548013960340001,93.02146779506248,1176.2788,-306.60938,47.2,-42.84
2231,23110,1014,99.375,15.27171779,2.048500001,79.19999695,40.70000076,75.12500191,23.92822599,1556.805634,69.62721252,0.790000021,555.0,38.49999619,4.1963522540969995,153.89356648775998,1352.4634,-614.8008,16.3,-12.879999
2232,23112,1014,99.67499924,14.81309991,2.318750084,82.59999847,43.09999847,85.64999962,19.11070871,1179.249664,52.95590973,1.059999943,302.0,39.5,5.376601952050007,198.60094381347497,1352.4634,-614.8008,17.8,-14.379999
2233,23113,1014,99.07499695,14.92591492,2.274999976,82.19999695,39.5,83.22500039,19.12296677,1127.764694,50.9945755,0.769999981,308.0,42.69999695,5.175624890800001,189.33687388985,1352.4634,-614.8008,19.3,-15.879999
2234,23114,1014,98.94999886,14.67821253,2.418249906,78.59999847,46.79999924,88.02499771,16.00935602,740.4020843,47.07191849,0.620000005,287.0,31.799999230000005,5.847932607869008,212.86644243785767,1352.4634,-614.8008,20.8,-17.38
2235,23115,1014,99.94999884,14.61199515,2.497749984,99.30000305,45.09999847,92.125,16.38936353,1071.37648,49.0332489,0.959999979,158.0,54.20000458,6.238754982572,230.105217276,1352.4634,-614.8008,22.3,-18.88
2236,23116,1014,99.54999924,14.30788498,2.705749989,98.59999847,45.79999924,99.49999998,12.94477773,943.8900682,54.91724014,1.100000024,199.0,52.799999230000005,7.3210830029735,269.222123851385,1352.4634,-614.8008,23.8,-20.38
2237,23117,1014,100.2750016,14.0037748,2.96025002,109.1999969,53.90000153,110.5,15.58031535,836.0169221,59.82056427,1.139999986,156.0,55.299995370000005,8.763080180910002,327.10762721000003,1352.4634,-614.8008,25.3,-21.88
2238,23118,1014,100.4250012,13.96698763,3.016000033,108.5,54.5,112.6999988,18.39972687,1108.151413,59.82056427,1.200000048,140.0,54.0,9.096256199056002,339.9032000999,1352.4634,-614.8008,26.8,-23.38
2239,23119,1014,101.0,13.94491498,3.05675,106.3000031,52.0,115.3000012,23.87919235,1686.743774,66.68521881,1.210000038,265.0,54.3000031,9.3437205625,352.4432786681,1352.4634,-614.8008,28.3,-24.88
2240,23120,1014,100.875,13.72173757,3.202250004,116.0,57.90000153,122.0750027,25.00695658,1571.515656,89.24051666,1.409999967,211.0,58.09999847,10.254405088118,390.914677884375,1352.4634,-614.8008,29.8,-26.38
2241,23121,1014,100.5,13.98660737,2.972499967,103.6999969,49.20000076,111.7000008,28.47605848,2233.464539,99.04716492,1.149999976,118.0,54.49999614,8.835756053815002,332.0282486919,1352.4634,-614.8008,31.3,-27.88
2242,23122,1014,100.5000019,13.94246265,2.957750023,107.5999985,57.09999847,112.125,32.2761364,2924.833313,101.989151,1.320000052,164.0,50.500000029999995,8.7482851985565,331.637721328875,1352.4634,-614.8008,32.8,-29.38
2243,23123,1014,100.6000004,13.91058012,3.000250042,107.9000015,49.79999924,113.750002,34.05359268,2843.928467,108.8538132,1.659999967,163.0,58.100002260000004,9.001500314521001,341.27844827800004,1352.4634,-614.8008,34.3,-30.88
2244,23124,1014,100.6499996,14.0184899,2.890500009,104.5999985,51.5,109.8999996,36.87300396,2939.543274,115.7184601,1.190000057,354.0,53.0999985,8.354990302029002,317.6659498329,1352.4634,-614.8008,35.8,-32.379997
2245,23125,1014,100.125,14.06999247,2.801500022,103.0,53.59999847,105.9750023,45.26994801,4819.968323,132.3897705,1.269999981,202.0,49.40000153,7.848402373266,296.88897127490003,1352.4634,-614.8008,37.3,-33.879997
2246,23126,1014,100.5250015,14.6168998,2.466750026,92.09999847,49.0,92.375,45.51511574,4851.840088,172.5970306,1.149999976,176.0,43.09999847,6.084855690771001,227.86603365175,1352.4634,-614.8008,38.8,-35.379997
2247,23129,1014,98.62500191,17.33672251,1.243999988,44.5,29.70000076,44.80000019,42.87957574,3285.227722,169.6550446,0.360000014,1610.0,14.799999239999998,1.547535970144,55.731199698759994,1352.4634,-614.8008,40.3,-36.879997
2248,23130,1014,100.375,16.57644765,1.520749986,53.09999847,31.20000076,55.85000038,39.7414484,3760.850189,165.7323914,0.550000012,582.0,21.89999771,2.312680519919,84.93388729598499,1352.4634,-614.8008,41.8,-38.379997
2249,23131,1014,100.3500023,16.19876255,1.670249969,58.90000153,32.70000076,61.40000057,54.708848,5523.595337,206.9203033,0.600000024,341.0,26.200000769999995,2.7897349589445004,102.55334904864247,1352.4634,-614.8008,43.3,-39.879997
2250,23132,1014,100.0999985,16.39496265,1.593250006,53.09999847,33.0,58.22499943,59.74701499,6011.476196,245.1662445,0.699999988,129.0,20.099998470000003,2.5384455816190004,92.7669806911975,1352.4634,-614.8008,44.8,-41.379997
2251,23134,1014,99.82500077,17.10373494,1.345249981,46.40000153,28.10000038,48.94999981,70.16657924,8571.011841,249.0888977,0.600000024,605.0,18.300001149999996,1.8096975113805005,65.8499863143525,1352.4634,-614.8008,46.3,-42.879997
2252,23174,1016,99.60000038,15.92898751,1.723749995,71.90000153,32.29999924,63.75,9.132442594,458.4608917,27.94895172,0.639999986,96.0,39.60000229,2.9713140452625,109.88906218125,1050.4387,-90.875,14.4,-7.2799997
2253,23176,1016,99.77499772,14.80819526,2.314249993,89.0,39.0,85.77499771,8.396944164,605.5606232,27.94895172,0.560000002,160.0,50.0,5.355753030100499,198.5047878499425,1050.4387,-90.875,17.4,-10.28
2254,23177,1016,100.0000026,15.77121024,1.806666692,63.20000076,29.70000076,66.90000025,10.54214827,523.0213114,42.16859436,0.449999988,900.0,33.5,3.264044535982223,120.86600214646668,1050.4387,-90.875,18.9,-11.78
2255,23189,1017,99.34999848,15.97068021,1.693500042,62.20000076,28.70000076,62.35000229,4.045243144,318.7161332,26.47795486,0.430000007,180.0,33.5,2.8679423922540015,105.58973149681509,1125.9441,-214.15234,13.7,-6.33
2256,23191,1017,99.85000038,15.39924732,2.009000003,82.0,36.0,74.02500153,9.561483503,495.2357941,37.75559998,0.699999988,120.0,46.0,4.036081012054001,148.716228295845,1125.9441,-214.15234,16.7,-9.330001
2257,23192,1017,99.94999885,16.57889998,1.523000002,55.20000076,26.5,56.15000057,13.05510235,1088.538116,39.22660065,0.680000007,120.0,28.70000076,2.3195290060920004,85.51645098041001,1125.9441,-214.15234,18.2,-10.830001
2258,23193,1017,100.0249996,16.03689729,1.691000015,48.59999847,25.70000076,62.59999848,15.13901568,1279.767792,137.2930908,0.439999998,1900.0,22.89999771,2.85948105073,105.85659836867997,1125.9441,-214.15234,19.7,-12.330001
2260,23229,1020,99.72500038,17.33917513,1.224249959,49.59999847,24.70000076,45.25,21.81979561,1534.740661,132.3897705,0.389999986,420.0,24.89999771,1.4987879621115017,55.39731064475,1427.9778,-738.0781,15.8,-9.110001
2261,23230,1020,99.25,16.56663749,1.538750023,97.5,40.5,56.17500115,21.02300596,1546.998993,79.43386078,0.25,390.0,57.0,2.3677516332825004,86.43928431158753,1427.9778,-738.0781,17.3,-10.609999
2262,23231,1020,99.82500076,17.21164531,1.279250026,54.79999924,28.20000076,46.95000077,29.60382414,2105.978088,100.0278244,0.379999995,190.0,26.599998479999996,1.6364806290210006,60.06078970572252,1427.9778,-738.0781,18.8,-12.109999
2263,24199,1047,89.64999962,16.33364992,1.34375,57.90000153,34.09999847,44.94999886,16.18097234,1512.675721,249.0888977,0.216000006,540.0,23.800003059999995,1.8056640625,60.401560968125004,949.92554,494.60938,6.8,-0.25
2264,24200,1047,91.07500077,15.93143983,1.500999987,68.69999695,40.70000076,50.70000077,20.10363174,1953.975006,299.1028137,0.354999989,450.0,27.999996189999997,2.253000960974,76.10070049666999,949.92554,494.60938,8.0,-1.4499998
2265,24201,1047,90.85000038,16.31648249,1.372249991,62.70000076,37.20000076,46.32499981,30.64578104,2637.988739,346.1747437,0.243000001,600.0,25.5,1.8830700377994998,63.5694805723475,949.92554,494.60938,9.9,-3.3499994
2266,24202,1047,90.5,17.16014245,1.11925,37.5,22.60000038,37.75000095,13.36156011,1721.066986,421.6859741,0.319000006,480.0,14.89999962,1.2527205625000002,42.2516885632875,949.92554,494.60938,11.4,-4.8499994
2267,24205,1047,99.05000113,16.42684518,1.51700002,83.69999695,42.59999847,55.5,38.73626661,2919.929993,150.0417328,0.638000011,185.0,41.09999848,2.3012890606800003,84.19350111,949.92554,494.60938,18.4,-11.849999
2268,24206,1047,100.4500008,16.37043738,1.563749999,79.09999847,39.79999924,57.95499897,44.62025643,3052.319794,149.0610809,0.61500001,210.0,39.299999230000005,2.4453140593724996,90.62712958138249,949.92554,494.60938,19.9,-13.349999
2269,24207,1047,99.97499847,15.95841772,1.659500033,90.90000153,42.59999847,62.12499905,49.52358151,5001.391236,171.6163635,0.711000025,170.0,48.300003059999995,2.753940359527001,103.09643797359998,949.92554,494.60938,21.4,-14.849999
2270,24208,1047,99.05000115,15.67392758,1.755250007,85.80000305,44.90000153,65.27499962,53.07849312,4008.468201,202.016983,0.667999983,220.0,40.90000152,3.0809025870734996,114.57394353993,949.92554,494.60938,22.9,-16.349998
2271,24209,1047,100.4000015,16.17668989,1.574249983,90.30000305,41.79999924,59.27499866,56.75598621,6273.804199,210.8429871,0.671000004,140.0,48.50000381,2.4782630089755004,93.31366563283002,949.92554,494.60938,24.4,-17.849998
2272,24210,1047,99.17499924,15.16871236,1.995499998,108.9000015,52.70000076,74.52499962,52.58815956,4719.450134,188.287674,0.816999972,215.0,56.20000074,3.9820202420180006,148.71463659266,949.92554,494.60938,25.9,-19.349998
2273,24211,1047,99.57500077,14.82045775,2.216249943,119.1999969,57.90000153,83.125,56.75598431,6102.187866,194.1716614,0.967000008,115.0,61.299995370000005,4.9117638098475025,184.22577651187498,949.92554,494.60938,27.4,-20.849998
2274,24212,1047,94.97500038,14.71990494,2.075999916,119.0999985,58.79999924,74.52499962,55.53015614,5239.202637,195.1523285,0.98299998,150.0,60.29999926,4.309775651232006,154.71389295102003,949.92554,494.60938,28.9,-22.349998
2275,24213,1047,99.34999848,14.40107995,2.458999992,128.3999939,65.0,92.47500229,60.4334793,5305.397461,203.978302,1.16900003,130.0,63.3999939,6.0466809606559995,227.39602989130998,949.92554,494.60938,30.4,-23.849998
2276,24214,1047,98.27500153,14.49672753,2.307000041,119.5999985,59.59999847,86.5,62.02705861,5155.846069,206.9203033,1.095999956,120.0,60.000000029999995,5.322249189174,199.55550354649998,949.92554,494.60938,31.9,-25.349998
2277,24215,1047,98.77499962,14.41579505,2.454250038,121.3000031,61.0,91.25,60.67864514,5788.375122,216.7269592,1.118999958,160.0,60.3000031,6.023343249023002,223.95031596750002,949.92554,494.60938,33.3,-26.75
2278,24216,1047,99.5,14.39372269,2.471750021,121.1999969,59.79999924,93.22499848,58.83989813,5974.701294,201.0363159,1.208999991,125.0,61.399997660000004,6.109548166313501,230.42889195066496,949.92554,494.60938,34.8,-28.25
2279,24217,1047,99.94999885,14.30543237,2.535249949,121.8000031,58.59999847,96.47500038,52.95590783,4876.356568,188.287674,1.139000058,135.0,63.200004629999995,6.4274923039045015,244.58823979316995,949.92554,494.60938,36.3,-29.75
2280,24218,1047,99.4750004,14.1705447,2.592750013,120.4000015,60.59999847,98.72499846,49.64616395,4577.253784,170.6357117,1.128999949,120.0,59.80000303,6.7223526299115,255.96924104058996,949.92554,494.60938,37.8,-31.25
2281,24219,1047,99.67500114,14.19752259,2.604499996,118.9000015,64.69999695,98.37500192,50.13649559,4650.803711,156.9064026,1.110000014,110.0,54.20000455,6.783420229163999,256.21769210714,949.92554,494.60938,39.3,-32.75
2282,24220,1047,99.8750019,14.17544993,2.639999986,119.0,61.20000076,100.3999996,51.11716366,5104.361206,140.2350922,1.20599997,120.0,57.79999924,6.969599926079999,265.0559975384,949.92554,494.60938,40.8,-34.25
2283,24221,1047,100.375,14.61444777,2.333750009,109.1999969,57.29999924,89.17500115,55.77531912,5920.764893,182.4036865,0.97299999,115.0,51.899997660000004,5.4463891045075,208.11215973638753,949.92554,494.60938,42.3,-35.75
2284,24224,1047,99.45000077,16.55437471,1.458999991,57.40000153,36.20000076,53.67500019,57.61406611,6624.391724,176.5196838,0.628000021,240.0,21.200000769999995,2.128680973738,78.31182479413499,949.92554,494.60938,43.8,-37.25
2285,24225,1047,100.5999985,16.27724212,1.588749975,65.30000305,39.79999924,59.17500019,50.2590809,4172.729431,241.2435913,0.485000014,350.0,25.500003810000003,2.5241264830625005,94.0142800724875,949.92554,494.60938,45.3,-38.75
2286,24226,1047,98.82500078,16.22574013,1.558500022,66.40000153,40.40000153,57.14999962,68.27879716,7852.674683,235.3596039,0.60799998,280.0,26.0,2.4289223185740005,89.06827566507,949.92554,494.60938,46.8,-40.25
2287,24227,1047,100.1000004,16.19140499,1.602750003,65.5,40.29999924,59.52499962,69.01429749,8600.432007,212.804306,0.816999972,160.0,25.20000076,2.5688075721164996,95.40369331952999,949.92554,494.60938,48.3,-41.75
2288,24229,1047,99.77499769,16.08349492,1.667750001,75.80000305,43.70000076,61.32500077,74.53054046,8404.298828,249.0888977,0.837000012,100.0,32.10000229,2.7813900658354997,102.2747700954925,949.92554,494.60938,49.8,-43.25
2289,24230,1047,100.0500011,16.27969532,1.573750019,77.5,41.40000153,58.32499886,77.34995079,9983.169555,277.5281677,0.713999987,125.0,36.09999847,2.4766891223025005,91.78896806409998,949.92554,494.60938,51.3,-44.75
2290,24231,1047,98.0,17.36615243,1.172749996,44.29999924,29.60000038,42.55000019,70.85304451,4900.873047,364.807373,0.409000009,750.0,14.699998859999997,1.3753425531180001,49.9005125526225,949.92554,494.60938,52.8,-46.25
2291,24232,1047,99.07500078,17.00808765,1.30125004,58.59999847,35.79999924,47.65000057,89.48567771,6376.774048,345.1940613,0.444999993,460.0,22.799999230000005,1.6932516666000015,62.004565147712526,949.92554,494.60938,54.3,-47.75
2292,24233,1047,99.99999999,16.93451214,1.32525,54.70000076,36.20000076,49.22500038,103.0924053,9578.644898,347.1553955,0.501999974,240.0,18.5,1.7562875625,65.235431753595,949.92554,494.60938,55.8,-49.25
2293,24234,1047,98.75000191,16.90017758,1.305000007,59.20000076,39.40000153,48.07499981,112.6538849,9424.190674,428.5505981,0.472000003,410.0,19.799999230000005,1.7030250182700002,62.737875088575,949.92554,494.60938,57.3,-50.75
2294,24235,1047,96.92499924,17.27295746,1.176750004,47.20000076,35.09999847,42.30000019,133.2478561,6631.746948,294.1994934,0.272000015,510.0,12.100002289999999,1.3847405719140002,49.7765253927825,949.92554,494.60938,58.6,-52.05
2295,24237,1047,97.37499999,17.2239075,1.171499997,44.29999924,27.29999924,42.65000057,59.69798184,2804.701843,411.8792725,0.213,350.0,17.0,1.372412242971,49.964475539805,949.92554,494.60938,60.0,-53.45
2296,24245,1047,97.97999956,15.65921248,1.679500014,80.45000077,50.40000153,62.42499924,121.2347126,5307.849121,451.1059113,0.614499986,230.0,30.049999240000005,2.8207202970260004,104.84278709752999,949.92554,494.60938,68.1,-61.55
2297,24247,1047,97.09999848,17.91796499,1.035999954,36.70000076,26.10000038,37.04999924,59.33023073,2167.269654,733.5374146,0.112999998,470.0,10.60000038,1.0732959046880022,38.38379750834003,949.92554,494.60938,69.8,-63.250004
2298,24250,1047,95.70000076,17.50594503,1.087000013,38.90000153,28.79999924,38.70000077,79.67902945,4633.641968,693.3301392,0.243000001,530.0,10.100002289999999,1.181569028262,42.06690134009001,949.92554,494.60938,72.7,-66.149994
2299,24251,1047,98.09999847,17.32445974,1.16899997,44.59999847,32.5,42.69999886,127.4864464,5432.884034,678.6201782,0.272000015,540.0,12.099998470000003,1.366560929860001,49.916297386340034,949.92554,494.60938,74.2,-67.649994
2300,24252,1047,96.90000153,14.94553525,1.937999964,82.59999847,55.90000153,72.25,107.1376534,5477.013916,487.3904724,0.781000018,160.0,26.699996940000005,3.7558438604640014,140.020497399,949.92554,494.60938,75.5,-68.95
2301,24267,1048,99.45000076,15.40415254,1.876749993,71.30000305,33.90000153,70.35000038,13.23897719,367.7493592,47.07191849,0.541000009,150.0,37.40000152,3.5221905362255,132.029362720715,1050.5842,309.6953,11.9,-5.6899996
2302,24269,1048,99.15000153,14.01603729,2.763750017,110.4000015,47.09999847,103.7250023,10.6647315,308.9094658,39.22660065,0.874000013,120.0,63.30000303,7.638314156467501,286.66997686995006,1050.5842,309.6953,13.4,-7.1899996
2303,24270,1048,99.47500038,14.11904242,2.74000001,99.69999695,41.29999924,102.3750019,6.496905328,161.8097229,38.24593353,0.791000009,135.0,58.39999771,7.507600054800001,280.50750622975005,1050.5842,309.6953,14.9,-8.69
2304,24271,1048,99.30000115,14.77386012,2.212000072,72.59999847,39.5,83.25,4.535575568,193.6813316,16.6713047,0.899999976,120.0,33.09999847,4.892944318528005,184.149005994,1050.5842,309.6953,16.5,-10.29
2305,24272,1048,99.05000115,14.80574236,2.248249948,78.40000153,37.0,83.125,12.25831199,544.2690811,34.32327271,0.763999999,150.0,41.40000153,5.054627828682004,186.88577692750002,1050.5842,309.6953,18.0,-11.79
2306,24273,1048,99.14999962,14.88667513,2.219250023,83.90000153,38.09999847,81.82500076,13.9744761,821.3069001,45.11058807,0.80400002,130.0,45.800003059999995,4.9250706645855,181.59013481860498,1050.5842,309.6953,19.5,-13.29
2307,24274,1048,98.70000076,14.5359679,2.398750067,92.69999695,43.09999847,88.57500076,17.52938652,931.6317291,42.16859436,0.907000005,155.0,49.59999848,5.754001883932504,212.46928900757504,1050.5842,309.6953,21.0,-14.79
2308,24275,1048,99.42500115,14.77631244,2.275250018,91.40000153,46.59999847,84.67499924,21.20688009,1203.766236,51.97524261,0.996999979,120.0,44.800003059999995,5.176762644409,192.65679354495998,1050.5842,309.6953,22.5,-16.29
2309,24276,1048,99.25,14.96270238,2.172749997,80.69999695,39.29999924,80.34999848,22.92304421,1500.417404,63.74322128,0.783999979,120.0,41.39999771,4.7208425494635,174.58045895637,1050.5842,309.6953,24.0,-17.79
2310,24277,1048,99.27499962,13.98415506,2.854750037,111.0,50.0,106.3249989,29.41994905,2137.84964,72.56920624,1.358999968,100.0,61.0,8.149597773751502,303.53129454379996,1050.5842,309.6953,25.5,-19.29
2311,24278,1048,98.67500115,13.93019987,2.848249972,112.9000015,49.40000153,105.75,33.0974431,2821.863342,77.47253418,1.328999996,100.0,63.499999970000005,8.112527902998002,301.202434539,1050.5842,309.6953,27.0,-20.79
2312,24279,1048,99.15000153,13.8934127,2.90625,116.5,49.09999847,108.5249996,35.67168856,2900.31659,82.37585449,1.225999951,110.0,67.40000153,8.4462890625,315.4007800875,1050.5842,309.6953,28.5,-22.29
2313,24280,1048,99.625,13.81983748,3.023750007,121.9000015,50.20000076,113.1499996,38.12335014,3211.677796,84.33718872,1.40199995,110.0,71.70000074000001,9.143064104832499,342.13731208255,1050.5842,309.6953,30.0,-23.79
2314,24281,1048,99.64999962,14.04056256,2.796750069,115.0,50.29999924,105.1750012,39.71693039,3456.844055,100.0278244,1.228999972,140.0,64.70000076,7.821810948451503,294.14819186317504,1050.5842,309.6953,31.4,-25.189999
2315,24282,1048,99.42500115,13.91058013,2.864250064,118.8000031,49.0,108.0000019,46.70416736,4143.309387,105.9118195,1.299000025,140.0,69.8000031,8.203928429124005,309.3390123540751,1050.5842,309.6953,33.0,-26.79
2316,24283,1048,99.04999924,13.84436246,2.932250083,117.3000031,50.5,109.5249996,52.09782601,5150.942749,111.7958069,1.527999997,110.0,66.8000031,8.598090549253508,321.154689167675,1050.5842,309.6953,34.5,-28.29
2317,24284,1048,99.32499886,13.8222898,2.90474999,120.8000031,49.79999924,110.000002,53.9365759,5420.625488,127.4864426,1.348999977,120.0,71.00000385999999,8.437572504405,319.52250470949997,1050.5842,309.6953,35.8,-29.59
2318,24285,1048,99.50000191,13.81738515,2.979250074,121.3000031,49.59999847,112.2250004,52.22041035,4731.708618,137.2930908,1.481999993,110.0,71.70000463,8.875931003429004,334.34634074635,1050.5842,309.6953,37.5,-31.29
2319,24286,1048,99.17499924,13.9767975,2.845499993,115.5999985,50.0,106.0249996,56.02048589,4873.904907,151.0223999,1.457999945,115.0,65.5999985,8.096870210162999,301.694135619625,1050.5842,309.6953,39.0,-32.79
2320,24287,1048,99.125,14.1558296,2.705250025,109.5,48.09999847,100.5249977,62.27222635,6313.030762,151.0223999,1.271999955,105.0,61.40000153,7.318377697762499,271.9452525410499,1050.5842,309.6953,40.5,-34.29
2321,24289,1048,99.42500115,16.0933048,1.592749983,62.5,32.5,59.30000019,56.02048779,5611.855469,147.0997467,0.763999999,180.0,30.0,2.5368525083465006,94.4500742945225,1050.5842,309.6953,42.0,-35.79
2322,24291,1048,99.14999962,16.15952246,1.553000003,64.0,33.0,57.67500019,54.05915832,4766.031739,161.8097229,0.59799999,155.0,31.0,2.411809009318,89.569275468095,1050.5842,309.6953,43.5,-37.29
2323,24292,1048,99.25,15.74259728,1.733999998,66.30000305,35.09999847,64.57499981,65.214221,5839.859985,165.7323914,0.617999971,170.0,31.200004579999998,3.006755993064,111.97304954139,1050.5842,309.6953,45.0,-38.79
2324,24293,1048,98.90000153,15.32321996,1.924666643,73.69999695,39.5,71.3666687,69.79065578,4697.385335,173.5776978,0.625999987,220.0,34.19999695,3.704341686676889,137.35704666892218,1050.5842,309.6953,46.5,-40.29
2325,24296,1048,99.375,15.83088761,1.70874998,78.30000305,35.70000076,63.44999981,84.21460343,9281.993775,202.9976501,0.796999991,165.0,42.60000229,2.91982649415,108.4201859063375,1050.5842,309.6953,49.5,-43.29
2326,24297,1048,95.89999962,16.89282003,1.26424998,52.5,30.70000076,45.27499962,71.22079279,5141.136109,210.8429871,0.545000017,340.0,21.79999924,1.5983280119300003,57.23891736408501,1050.5842,309.6953,51.0,-44.79
2327,24298,1048,97.54999924,16.95413247,1.265500009,54.59999847,31.89999962,46.00000096,89.97601319,6229.674194,316.7547913,0.458000004,370.0,22.699998850000004,1.601490272779,58.21300162888001,1050.5842,309.6953,52.5,-46.29
2328,24299,1048,97.95000076,16.87319999,1.289500028,55.90000153,32.29999924,47.15000058,92.55025673,5584.887024,401.09198,0.375,460.0,23.60000229,1.6628103222120008,60.79992706811001,1050.5842,309.6953,54.0,-47.79
2329,24300,1048,98.44999886,16.6524749,1.36650002,59.0,33.79999924,50.29999924,101.6214104,6487.098755,391.2853394,0.465000004,380.0,25.20000076,1.8673223046600003,68.73494996745998,1050.5842,309.6953,55.5,-49.29
2330,24301,1048,95.15000153,17.21164472,1.155000001,50.40000153,30.70000076,40.95000076,92.79542351,4182.536011,457.9705505,0.381999999,440.0,19.700000769999995,1.3340250023100002,47.29725091875001,1050.5842,309.6953,56.8,-50.59
2331,24308,1048,97.20000076,15.9559651,1.605499983,67.0,39.09999847,58.35000038,104.4408226,4123.696167,347.1553955,0.700999975,215.0,27.900001529999997,2.5776301954130005,93.68092461814,1050.5842,309.6953,63.3,-57.09
2332,24318,1048,93.14999771,17.32936497,1.134000003,43.29999924,32.20000076,38.89999962,120.6217957,6433.162354,761.9766846,0.375,480.0,11.099998479999996,1.285956006804,44.11259968578,1050.5842,309.6953,72.3,-66.090004
2333,24325,1049,98.57499886,15.28152766,1.901000023,76.69999695,38.0,70.875,16.79388762,796.7902985,71.58854675,0.853999972,190.0,38.69999695,3.6138010874460003,134.733376630125,1151.2471,124.78125,13.6,-6.6600003
2334,24326,1049,99.22500038,15.65675986,1.786750018,75.80000305,37.70000076,66.22499943,19.12296677,1090.989746,94.14383698,0.717999995,140.0,38.10000229,3.192475626823,118.32751892360248,1151.2471,124.78125,15.1,-8.16
2335,24327,1049,99.07500076,14.8400775,2.095499993,82.0,42.79999924,79.52500153,13.23897719,551.6240311,58.83990097,0.708000004,140.0,39.20000076,4.391120220662999,166.64464014943997,1151.2471,124.78125,16.6,-9.66
2336,24328,1049,99.07499886,15.2300248,2.012500018,79.80000305,40.90000153,74.22500039,18.26488519,1034.601578,54.91724014,0.690999985,150.0,38.90000152,4.0501563224499995,149.37781462092502,1151.2471,124.78125,18.1,-11.16
2337,24329,1049,99.70000076,15.67147497,1.939749986,76.40000153,37.90000153,71.77499962,23.41337681,1272.412781,73.54987335,0.713999987,150.0,38.5,3.7626300081870006,139.225554508045,1151.2471,124.78125,19.6,-12.66
2338,24330,1049,99.17499924,14.81555252,2.307499945,91.90000153,43.40000153,84.375,17.7745533,909.5667723,60.80122757,0.874000013,125.0,48.5,5.324555996175003,194.695307859375,1151.2471,124.78125,21.1,-14.16
2339,24331,1049,99.35000229,14.66349743,2.352499962,88.40000153,43.20000076,86.89999962,16.79388762,777.177002,88.25984192,0.833999991,130.0,45.200000769999995,5.5342560712100015,204.43224580385,1151.2471,124.78125,22.6,-15.66
2340,24332,1049,99.52499962,14.69783228,2.326249957,96.19999695,43.79999924,86.77500153,16.18097234,730.5954132,55.89790344,1.065999985,110.0,52.39999771,5.411438862442502,201.86034357783743,1151.2471,124.78125,24.1,-17.16
2341,24333,1049,99.05000115,14.4771072,2.44024998,92.80000305,42.20000076,90.77499962,17.52938652,909.5667878,54.91724014,0.879999995,98.0,50.60000229,5.95481996489,221.513691007205,1151.2471,124.78125,25.6,-18.66
2342,24334,1049,99.14999962,13.81493254,3.047749996,117.0999985,48.40000153,112.5750008,20.71654797,1100.796433,54.91724014,1.17900002,110.0,68.69999697,9.288780038117999,343.1004582379,1151.2471,124.78125,27.1,-20.16
2343,24335,1049,99.50000191,13.88850747,2.978250027,116.5999985,48.0,110.8250027,23.90370894,1100.796432,56.87856674,1.166000009,120.0,68.5999985,8.869973223325502,330.0645672835501,1151.2471,124.78125,28.6,-21.66
2344,24336,1049,99.32499886,13.94246265,2.932500005,119.3000031,53.79999924,108.6749993,30.89094639,2147.656281,78.45320129,1.258999944,110.0,65.50000385999999,8.599556279325,318.689435990625,1151.2471,124.78125,30.1,-23.16
2345,24337,1049,99.32500076,13.78795524,3.100250006,125.0,57.70000076,114.5249977,31.2586956,1559.257263,83.35652924,1.251999974,125.0,67.29999924,9.611550099703,355.056124806575,1151.2471,124.78125,31.6,-24.66
2346,24338,1049,99.375,13.86643482,2.961499989,122.6999969,54.90000153,110.5249996,44.62025547,4153.116211,96.1051712,0.193000004,130.0,67.79999537,8.770482184847,327.319785099625,1151.2471,124.78125,33.2,-26.26
2347,24339,1049,99.52499962,13.89095979,3.017749965,122.3000031,56.0,111.6999989,42.90409374,3648.07367,102.9698181,1.271999955,135.0,66.3000031,9.106814851257502,337.08266777097504,1151.2471,124.78125,34.7,-27.76
2348,24340,1049,99.27499962,13.86888714,3.053000033,121.4000015,56.20000076,112.0749989,43.63959122,3130.77298,107.8731537,1.40199995,125.0,65.20000074000001,9.320809201498001,342.164975340175,1151.2471,124.78125,36.2,-29.26
2349,24341,1049,99.02499962,13.91303245,2.968000055,119.5,49.0,109.1499996,47.80741691,3728.978516,125.525116,1.381999969,120.0,70.5,8.809024326480003,323.95720481604997,1151.2471,124.78125,37.7,-30.76
2350,24342,1049,99.25,13.90076996,2.932249963,118.8000031,49.09999847,109.2749996,54.18173886,6389.032105,131.4091034,1.266000032,115.0,69.70000463,8.5980898455135,320.421613533925,1151.2471,124.78125,39.2,-32.260002
2351,24343,1049,99.17500115,14.13621014,2.775749982,113.1999969,49.09999847,102.3249989,57.73665143,4949.906433,125.525116,1.213000059,120.0,64.09999843,7.704787962572999,284.028613854825,1151.2471,124.78125,40.7,-33.760002
2352,24344,1049,99.77499962,14.42805754,2.570500016,102.9000015,49.09999847,95.27499962,57.73665239,5283.33252,140.2350922,1.136000037,120.0,53.80000303,6.607470332256001,244.90438804761,1151.2471,124.78125,42.2,-35.260002
2353,24346,1049,98.75,17.02525478,1.31675002,50.5,31.0,47.77500058,49.40099812,3616.202087,170.6357117,0.286000013,460.0,19.5,1.7338306151700003,62.907732969215004,1151.2471,124.78125,43.7,-36.760002
2354,24348,1049,99.52499962,16.34346009,1.532250017,57.79999924,33.79999924,56.57499981,46.70417023,2620.827088,137.2930908,0.497999996,195.0,24.0,2.3477901145965,86.6870444206475,1151.2471,124.78125,45.2,-38.260002
2355,24349,1049,99.77500153,16.18159512,1.620499999,65.80000305,36.70000076,59.64999962,77.10478593,8154.229615,207.9009705,0.578000009,270.0,29.10000229,2.626020246759,96.66282432456,1151.2471,124.78125,46.7,-39.760002
2356,24350,1049,99.125,16.10556758,1.608750015,67.5,34.90000153,59.27499962,68.52396774,6330.192505,173.5776978,0.595000029,155.0,32.59999847,2.5880766107625,95.3586565278,1151.2471,124.78125,48.2,-41.260002
2357,24351,1049,99.00000191,16.11292513,1.590000004,71.90000153,35.70000076,58.67500019,80.4145279,6026.18628,243.2049103,0.630999982,240.0,36.200000769999995,2.52810001272,93.2932505368,1151.2471,124.78125,49.7,-42.760002
2358,24353,1049,98.87500191,16.91244007,1.323000014,54.70000076,31.5,48.44999886,76.61445046,5003.84314,235.3596039,0.527999997,270.0,23.20000076,1.7503290370440001,64.09934917007999,1151.2471,124.78125,51.2,-44.260002
2359,24355,1049,96.25000191,17.49613486,1.141000003,41.79999924,32.70000076,40.32499981,66.68521976,4736.611939,334.4067688,0.361999989,440.0,9.099998479999996,1.301881006846,46.010824904185,1151.2471,124.78125,52.7,-45.760002
2360,24356,1049,98.67499924,17.20183514,1.20875001,52.59999847,34.40000153,44.45000077,99.78265763,5207.331055,360.8847046,0.421999991,390.0,18.199996940000005,1.461076586675,53.72893887523751,1151.2471,124.78125,54.2,-47.260002
2361,24357,1049,98.27500153,17.25824264,1.180999994,54.0,35.5,43.32499981,99.53749468,7301.050782,328.5227661,0.435000002,510.0,18.5,1.3947609858280001,51.166824515660004,1151.2471,124.78125,55.7,-48.760002
2362,24359,1049,98.75,17.71685994,1.123000026,44.20000076,26.79999924,40.69999886,72.81437113,4236.472779,379.517334,0.381999999,410.0,17.400001520000004,1.2611290583960004,45.706099777979965,1151.2471,124.78125,56.8,-49.86
2363,24361,1049,95.04999924,17.96456262,1.024250016,39.09999847,28.70000076,35.54999924,82.00810813,5153.394409,522.694397,0.379000008,510.0,10.399997710000001,1.0490880952760004,36.41208729036999,1151.2471,124.78125,58.7,-51.760002
2364,24365,1049,95.20000076,17.72176517,1.07100004,37.09999847,31.20000076,37.45000076,49.27841377,2476.178955,540.3464355,0.225999996,530.0,5.899997710000001,1.1470410856800015,40.10895231196003,1151.2471,124.78125,64.8,-57.860004
2365,24374,1049,97.5,17.24598016,1.227500022,36.79999924,31.10000038,43.94999886,98.55682755,4383.572266,738.4407349,0.349000007,290.0,5.699998859999997,1.5067563040100007,53.94862456754998,1151.2471,124.78125,73.2,-66.259995
2366,24394,1050,95.75000191,14.715,2.214249999,89.19999695,37.29999924,78.52499962,23.04562616,1770.100296,97.08583069,0.617999971,240.0,51.89999771,4.902903058071501,173.87398033006002,1251.9248,-29.320312,21.9,-15.19
2367,24395,1050,95.67499924,14.86705509,2.141000032,86.30000305,40.09999847,75.52499962,24.51662445,1372.930969,92.18251038,0.713999987,140.0,46.20000458,4.583881137024001,161.69902660322,1251.9248,-29.320312,23.4,-16.689999
2368,24396,1050,96.59999848,14.68556979,2.296249986,87.69999695,38.70000076,81.67499924,24.14887476,992.9232941,85.31785583,0.760999978,145.0,48.99999619,5.272763998205,187.54621586140001,1251.9248,-29.320312,24.9,-18.189999
2369,24397,1050,95.67500115,14.78857493,2.17900002,87.90000153,36.70000076,76.92499924,18.26488447,1198.862945,82.37585449,0.763999999,120.0,51.200000769999995,4.748041087160001,167.61957488246,1251.9248,-29.320312,26.4,-19.689999
2370,24398,1050,95.67499924,13.62363737,3.064750016,120.3000031,48.59999847,108.0499992,17.77455282,1831.391846,68.64654541,1.166000009,130.0,71.70000463,9.392692660572001,331.146236777,1251.9248,-29.320312,27.9,-21.189999
2371,24399,1050,96.04999924,13.61137488,3.034000039,124.9000015,50.40000153,108.4499989,20.71654749,2206.496216,73.54987335,1.149000049,110.0,74.49999997,9.205156236652002,329.0373008921499,1251.9248,-29.320312,29.4,-22.689999
2372,24400,1050,97.0,13.54761012,3.156000018,123.1999969,52.09999847,114.1499996,22.92304277,2454.114075,73.54987335,1.182999969,120.0,71.09999843,9.960336113616,360.25740079229996,1251.9248,-29.320312,30.9,-24.189999
2373,24401,1050,95.85000038,13.38574516,3.186999917,130.8000031,53.40000153,114.6250019,25.37470484,2351.144287,79.43386078,1.238999963,120.0,77.40000157,10.156968470958008,365.30987154142485,1251.9248,-29.320312,32.3,-25.59
2374,24402,1050,96.25,13.72664221,2.940500021,128.0,51.59999847,105.2749996,28.92961693,2961.608215,99.04716492,1.18599999,120.0,76.40000153,8.646540373501,309.561138534575,1251.9248,-29.320312,33.8,-27.09
2375,24403,1050,96.625,13.49365523,3.052999973,127.8000031,46.09999847,112.3499985,32.8522768,2687.021973,109.8344803,1.335000038,110.0,81.70000463,9.320808835138001,343.00454238705004,1251.9248,-29.320312,35.3,-28.59
2376,24404,1050,97.0,13.61137488,2.996749997,125.5,42.5,110.125,34.69102383,3390.649231,144.1577606,1.407999992,115.0,83.0,8.980510544519502,330.01709341962504,1251.9248,-29.320312,36.8,-30.09
2377,24405,1050,97.10000038,13.60156472,2.967750013,125.6999969,43.29999924,109.8750019,38.36851788,4584.608765,108.8538132,1.302000046,130.0,82.39999766,8.8075401396615,326.0815383171,1251.9248,-29.320312,38.3,-31.59
2378,24406,1050,97.04999924,13.46667764,3.083500028,122.8000031,44.90000153,114.375,39.22660065,4221.762696,148.0804138,1.60800004,120.0,77.90000157,9.507972422676001,352.6753157025,1251.9248,-29.320312,39.8,-33.09
2379,24407,1050,97.49999809,13.72418989,2.888249994,119.0,43.79999924,107.1000004,41.55567837,4381.12085,148.0804138,1.644000053,120.0,75.20000076,8.341988027841001,309.3315755127,1251.9248,-29.320312,41.3,-34.59
2380,24408,1050,100.0750008,14.56785014,2.416000068,99.19999695,42.70000076,90.92500115,46.58158684,4354.152588,150.0417328,1.266000032,110.0,56.49999619,5.837056328576003,219.67480896130004,1251.9248,-29.320312,42.8,-36.09
2381,24410,1050,99.20000076,16.96639525,1.337499976,51.5,29.20000076,48.77499962,38.36851692,3290.130981,177.500351,0.243000001,520.0,22.29999924,1.7889061858000004,65.23656082115001,1251.9248,-29.320312,44.3,-37.59
2382,24411,1050,96.62500191,16.65492752,1.382499993,53.29999924,27.0,49.25,36.28460407,4069.759582,147.0997467,0.671000004,165.0,26.29999924,1.911306230645,68.08812465525,1251.9248,-29.320312,45.8,-39.09
2383,24413,1050,97.77500153,15.87748465,1.711749971,71.59999847,35.40000153,61.64999867,35.30393982,3515.683899,199.0749817,0.59799999,245.0,36.199996940000005,2.9300879632185004,105.52938343552253,1251.9248,-29.320312,47.3,-40.59
2384,24414,1050,100.2749996,16.13744981,1.657499969,75.59999847,31.39999962,61.25,53.20107556,5839.86023,195.1523285,0.694000006,160.0,44.19999885,2.747306147235001,101.52187310125001,1251.9248,-29.320312,48.8,-42.09
2385,24416,1050,99.22499846,16.20857271,1.606249958,72.69999695,30.10000038,58.70000077,60.43347836,6305.675904,273.6055298,0.708000004,130.0,42.59999657,2.5800389275750018,94.28687377141247,1251.9248,-29.320312,50.3,-43.59
2386,24417,1050,97.17499924,16.68190511,1.385250032,62.59999847,27.5,49.67499924,62.88514233,6335.095825,289.2961731,0.634000003,140.0,35.09999847,1.9189176511560013,68.81229428680997,1251.9248,-29.320312,51.8,-45.09
2387,24418,1050,94.35000039,17.0546847,1.211749971,41.20000076,26.79999924,42.34999943,41.18792867,2231.012818,317.7354431,0.344999999,425.0,14.400001520000004,1.4683379922185007,51.31761058115251,1251.9248,-29.320312,53.3,-46.59
2388,24419,1050,96.70000077,16.79717244,1.315499991,57.5,28.39999962,47.20000077,40.94276238,1372.931015,362.8460388,0.375,215.0,29.10000038,1.7305402263210001,62.091600588134995,1251.9248,-29.320312,54.8,-48.09
2389,24420,1050,95.10000038,16.67454756,1.30674997,61.59999847,28.79999924,46.35000038,53.32365704,1976.039917,378.5366821,0.40200001,480.0,32.799999230000005,1.707595484095001,60.56786160606499,1251.9248,-29.320312,56.3,-49.59
2390,24424,1050,93.04999924,16.98601529,1.181999981,46.90000153,26.5,41.05000115,52.46557617,2044.686401,587.4182739,0.308999985,180.0,20.400001529999997,1.3971239550840002,48.52110057934998,1251.9248,-29.320312,60.1,-53.39
2391,24426,1050,98.59999849,15.6763799,1.67899996,82.69999695,37.29999924,62.90000153,44.12992477,1451.384217,480.5258484,0.77700001,99.0,45.39999771,2.8190408656800017,105.60910005286993,1251.9248,-29.320312,61.6,-54.89
2392,24431,1050,95.55000305,16.63285516,1.317000032,57.0,29.20000076,47.04999924,86.29851915,3839.303345,487.3904724,0.39199999,400.0,27.79999924,1.7344890842880007,61.96485050467997,1251.9248,-29.320312,66.2,-59.489998
2393,24432,1050,95.65000153,15.58808987,1.823000014,102.6999969,53.20000076,63.75000191,105.4214859,4849.388183,495.2358398,0.837000012,120.0,49.49999614,3.3233290510440003,116.21625437443004,1251.9248,-29.320312,67.8,-61.090004
2394,24433,1050,96.20000077,15.6763799,1.657500029,76.30000305,29.5,60.09999847,84.82752228,3290.130982,488.3711548,0.40200001,400.0,46.80000305,2.7473063461350007,99.61574920692496,1251.9248,-29.320312,69.2,-62.489998
2395,24434,1050,94.0,17.43727532,1.074999989,44.20000076,27.10000038,37.75,75.26603697,3363.680786,508.9651184,0.279000014,440.0,17.10000038,1.15562497635,40.58124958475,1251.9248,-29.320312,70.6,-63.89
2396,24438,1050,98.09999847,15.78428969,1.688999951,78.30000305,40.20000076,62.10000229,85.8081856,3932.466553,535.4430542,0.522000015,360.0,38.10000229,2.8527208344780024,104.88690082490989,1251.9248,-29.320312,74.4,-67.69
2397,24439,1050,96.70000077,17.34408006,1.148999989,59.90000153,31.10000038,41.55000115,72.81437685,4202.149414,516.8104248,0.328999996,230.0,28.800001149999996,1.320200974722,47.74095086429999,1251.9248,-29.320312,75.4,-68.69
2398,24533,1053,99.82499888,16.7628373,1.354749978,57.0,39.40000153,50.54999924,42.59763432,6349.805542,135.3317719,0.405000001,285.0,17.599998470000003,1.8353475028910007,68.48261035829002,-233.57324,556.7617,15.8,-9.84
2399,24535,1053,99.09999847,16.26988515,1.50425002,63.20000076,44.79999924,55.89999962,50.13649749,19951.62915,168.6743774,0.620999992,250.0,18.400001520000004,2.2627681226700003,84.087575546385,-233.57324,556.7617,17.3,-11.339999
2400,24536,1053,97.60000039,16.34836473,1.452500016,59.29999924,41.09999847,53.07499886,35.92911339,10664.73169,166.7130585,0.497999996,380.0,18.200000769999995,2.10975629648,77.09143669334998,-233.57324,556.7617,18.8,-12.839999
2401,24537,1053,99.67500116,16.16933234,1.560000002,71.30000305,52.90000153,58.29999924,34.66650772,12035.21094,302.0447998,0.806999981,373.0,18.400001520000004,2.43360000624,90.947998931,-233.57324,556.7617,20.3,-14.339999
2402,24538,1053,99.35000038,15.17116468,2.03400001,83.40000153,57.5,75.64999962,30.82965613,10642.66651,145.1384125,0.748000026,218.0,25.900001529999997,4.137156040680001,153.87209998358003,-233.57324,556.7617,21.8,-15.839999
2403,24539,1053,100.4250012,15.07306478,2.130750001,92.80000305,54.5,80.07499886,53.04171752,24945.66529,191.2296753,0.980000019,177.0,38.30000305,4.5400955667615,170.61980390102,-233.57324,556.7617,23.3,-17.34
2404,24540,1053,100.2749996,15.04363486,2.126999974,91.5,52.5,80.0,51.77910995,10990.80273,207.9009705,0.913999975,187.0,39.0,4.524128889396,170.15999792,-233.57324,556.7617,24.6,-18.64
2405,24542,1053,96.74999809,15.39434238,1.842249989,75.40000153,55.40000153,66.47499847,45.71124649,19100.90161,195.1523285,0.76700002,428.0,20.0,3.3938850219704997,122.46356520013252,-233.57324,556.7617,26.3,-20.34
2406,25382,1146,97.27499771,15.23983497,2.144750029,96.5,50.40000153,76.75,61.16897775,6234.577515,237.3209381,0.936999977,416.0,46.09999847,4.5999526868955005,164.60956472575,345.71973,833.8008,21.0,-8.86
2407,25383,1146,96.48999977,14.7002849,2.277500034,107.9000015,50.59999847,80.89999962,61.1689787,6974.979614,213.7849731,1.116000056,354.0,57.30000303,5.187006404870001,184.24975188515,345.71973,833.8008,22.5,-10.36
2408,25385,1146,97.95999909,14.90138994,2.233500004,114.0999985,51.29999924,80.39999962,78.0854473,7582.991821,210.8429871,1.023000002,187.0,62.79999926,4.988522267868,179.57339947287002,345.71973,833.8008,24.0,-11.86
2409,25387,1146,96.04999924,18.10926015,1.314249993,33.40000153,23.89999962,34.82499981,20.20169866,3125.869568,784.5319824,0.331999987,2150.0,9.500001909999998,1.7272530441005,45.7687557565175,345.71973,833.8008,25.5,-13.36
2410,25389,1146,98.375,16.53475496,1.445250035,63.59999847,37.0,52.62500096,60.06572914,5182.814392,246.1469116,0.578000009,354.0,26.599998470000003,2.088747663667501,76.05628447931504,345.71973,833.8008,28.6,-16.46
2411,25390,1146,98.47500038,15.08777988,2.130500019,98.09999847,44.20000076,77.22500229,49.03324795,4116.341308,175.539032,0.833000004,242.0,53.89999771,4.539030330959,164.52786884612004,345.71973,833.8008,30.1,-17.96
2412,25391,1146,99.29999924,15.06080258,2.145999968,93.40000153,46.40000153,78.89999962,50.32037068,3920.208252,171.6163635,0.833000004,350.0,47.0,4.605315862656001,169.31939665972,345.71973,833.8008,31.6,-19.46
2413,25393,1146,98.47500038,14.95534512,2.205499947,87.90000153,48.59999847,80.02499962,50.01391315,4942.551392,160.8290558,0.980000019,257.0,39.300003059999995,4.864230016217002,176.495132420585,345.71973,833.8008,33.2,-21.060001
2414,25394,1146,97.70000076,14.53841994,2.408749998,100.4000015,49.70000076,87.27500153,45.41704655,3863.820007,165.7323914,1.052000046,264.0,50.70000074,5.802076552864999,210.22365976083748,345.71973,833.8008,34.7,-22.560001
2415,25395,1146,99.57500076,14.47710749,2.518999994,99.40000153,52.70000076,93.44999886,45.90737915,4128.599671,156.9064026,1.116000056,232.0,46.700000769999995,6.345360969772001,235.40054656764,345.71973,833.8008,36.2,-24.060001
2416,25396,1146,99.70000076,14.71009536,2.35074997,94.09999847,49.5,87.52499771,54.9172392,5479.465698,172.5970306,1.065999985,253.0,44.59999847,5.526025421455,205.74938574103254,345.71973,833.8008,37.7,-25.560001
2417,25397,1146,96.89999962,14.36184016,2.455749929,123.9000015,53.20000076,88.79999924,49.95262242,4214.407715,170.6357117,1.187000036,313.0,70.70000074000001,6.030707713783505,218.07059182883006,345.71973,833.8008,39.2,-27.060001
2418,25398,1146,97.34999847,14.49672753,2.429499984,90.90000153,51.5,87.54999924,59.20764638,5163.201172,172.5970306,1.129999995,400.0,39.40000153,5.902470172256001,212.70272175278004,345.71973,833.8008,40.7,-28.560001
2419,25399,1146,98.52499962,14.48446475,2.515999973,101.4000015,50.90000153,91.35000038,56.14307119,4971.971557,196.1329956,1.202000022,340.0,50.499999970000005,6.330255864136001,229.83659848962998,345.71973,833.8008,42.2,-30.060001
2420,25401,1146,98.92500114,14.5187999,2.563000024,95.59999847,52.59999847,91.80000115,58.8399,5386.30249,196.1329956,1.144999981,540.0,43.0,6.568969123024,235.28340515065003,345.71973,833.8008,43.7,-31.560001
2421,25402,1146,97.17499924,14.76895489,2.286750019,76.90000153,50.40000153,81.55000115,63.00772476,5452.497437,209.8623199,1.131999969,590.0,26.5,5.2292256493965,186.48446667921252,345.71973,833.8008,45.2,-33.06
2422,25403,1146,97.67499924,14.8695077,2.216499925,84.80000305,49.0,79.90000153,68.15621376,5469.658814,241.2435913,1.057999969,545.0,35.80000305,4.912871917525005,177.09834739874486,345.71973,833.8008,46.7,-34.56
2423,25405,1146,97.875,16.74812249,1.366250008,51.40000153,28.29999924,49.44999981,62.0270624,4322.280884,225.5529327,0.537999988,630.0,23.10000229,1.86663908436,67.5610626360125,345.71973,833.8008,48.2,-36.06
2424,25407,1146,97.82500076,16.11537745,1.620499998,61.90000153,33.29999924,58.30000019,63.6206398,5533.401978,279.489502,0.569999993,463.0,28.60000229,2.6260202435180005,94.475150191295,345.71973,833.8008,49.7,-37.56
2425,25408,1146,97.92499924,16.22328752,1.589000017,64.30000305,38.20000076,57.09999943,73.61116409,5533.4021,233.3982697,0.656000018,451.0,26.10000229,2.5249210540260005,90.73190006496999,345.71973,833.8008,51.2,-39.06
2426,25409,1146,98.17500115,16.30421971,1.579249978,57.29999924,35.20000076,56.67500115,77.16607475,6244.384277,297.1414795,0.663999975,372.0,22.099998479999996,2.4940304930130006,89.50399431928747,345.71973,833.8008,52.7,-40.56
2427,25410,1146,97.40000153,16.11047222,1.690500021,64.30000305,36.29999924,59.42500019,77.53382303,8284.167603,310.8708191,0.680999994,285.0,28.000003810000003,2.8577903210010005,100.45796406912001,345.71973,833.8008,54.2,-42.06
2428,25411,1146,98.32499886,16.03689788,1.704249978,71.69999695,40.20000076,61.07499886,88.50501443,7440.795532,317.7354431,0.711000025,331.0,31.499996189999997,2.9044679875130006,104.08706546350503,345.71973,833.8008,55.7,-43.56
2429,25412,1146,98.07499886,16.37289,1.54824996,60.70000076,37.5,55.52500057,110.7538548,8053.711182,431.4926147,0.703999996,299.0,23.20000076,2.397077938640001,85.96657991150248,345.71973,833.8008,57.2,-45.06
2430,25413,1146,95.82499886,16.53720758,1.486750007,61.40000153,36.09999847,51.50000095,108.9763928,7531.50708,519.7524414,0.550000012,494.0,25.300003059999995,2.2104255833144997,76.5676267729125,345.71973,833.8008,58.6,-46.46
2431,25414,1146,96.60000229,17.00808736,1.325499982,56.5,37.40000153,46.55000019,126.7509518,8399.395508,676.6588745,0.458999991,750.0,19.099998470000003,1.7569502022820003,61.70202441394499,345.71973,833.8008,61.7,-49.56
2432,25421,1147,98.2499981,15.67147497,1.885499984,78.80000305,41.5,67.20000076,52.40428351,4273.24762,191.2296753,0.926999986,285.0,37.30000305,3.555110189664,126.70560035777997,446.36182,648.8789,23.8,-12.48
2433,25422,1147,97.64999962,16.03199236,1.706250012,76.40000153,42.29999924,60.60000038,63.92710018,6543.487061,274.5861816,0.351999998,1180.0,34.10000229,2.9112891034499997,103.39875137557499,446.36182,648.8789,25.2,-13.880001
2434,25424,1147,99.29999924,18.41091743,0.975500003,41.70000076,26.39999962,35.375,43.93379212,2478.630799,323.6194458,0.308999985,1490.0,15.300001140000003,0.9516002558529999,34.508312606124996,446.36182,648.8789,26.8,-15.48
2435,25425,1147,98.5,18.41091743,2.060250044,99.09999847,47.5,35.375,87.52435111,8188.552612,305.9674683,0.910000026,235.0,51.59999847,4.244630243802002,72.8813453065,446.36182,648.8789,31.9,-20.58
2436,25426,1147,98.85000038,15.31095728,2.05399996,92.0,48.0,74.54999924,68.27879811,5989.411499,245.1662445,0.894999981,332.0,44.0,4.218915835680002,153.12569545696005,446.36182,648.8789,33.3,-21.98
2437,25427,1147,97.77500153,14.80083712,2.343249977,105.0,50.20000076,83.22499847,66.37876035,5013.649536,230.4562531,0.933000028,478.0,54.79999924,5.4908204547105015,195.01697575065256,446.36182,648.8789,34.8,-23.48
2438,25428,1147,97.70000076,14.64878233,2.437250018,112.5,53.09999847,86.44999885,68.27879905,5773.664917,210.8429871,1.016000032,340.0,59.40000153,5.940187650241,210.70026125326245,446.36182,648.8789,36.3,-24.98
2439,25429,1147,98.60000038,14.71009506,2.391750038,104.8000031,49.0,86.625,55.40756989,6273.804321,186.3263397,1.02699995,372.0,55.8000031,5.720468244273002,207.18534704175002,446.36182,648.8789,37.8,-26.48
2440,25430,1147,97.17499924,14.55558765,2.407000005,101.5999985,51.59999847,86.15000153,62.82385062,5540.75708,186.3263397,1.01699996,455.0,50.000000029999995,5.79364902407,207.36305411346,446.36182,648.8789,39.3,-27.98
2441,25431,1147,97.67499924,14.44767758,2.524500012,103.9000015,54.09999847,90.52499962,60.98510265,5131.329468,181.4230194,1.131999969,442.0,49.80000303,6.373100310588,228.53036262698998,446.36182,648.8789,40.8,-29.48
2442,25432,1147,97.57499886,14.55313474,2.422250033,103.5999985,51.70000076,87.125,58.22698306,4716.998535,213.7849731,1.236999989,610.0,51.899997739999996,5.867295222368502,211.038534125125,446.36182,648.8789,42.3,-30.98
2443,25433,1147,97.99999809,14.3397678,2.596250057,101.8000031,53.0,93.75,60.86252118,5293.139405,245.1662445,1.299000025,680.0,48.8000031,6.740514358472504,243.39844284375002,446.36182,648.8789,43.8,-32.48
2444,25434,1147,99.10000038,14.63406781,2.344500005,100.4000015,51.20000076,87.125,61.72060204,5359.334107,247.1275787,1.279000044,490.0,49.20000074,5.496680273445,204.264562935625,446.36182,648.8789,45.3,-33.98
2445,25436,1147,98.97499848,14.97251284,2.185749948,85.80000305,48.40000153,80.20000077,66.68522071,6190.447631,253.992218,1.146999955,600.0,37.40000152,4.777502835182004,175.29714751262748,446.36182,648.8789,46.8,-35.48
2446,25437,1147,98.17499924,16.88301016,1.355749995,55.40000153,31.5,48.875,68.40138244,4508.607178,296.1608276,0.597000003,570.0,23.900001529999997,1.8380580489425002,66.262281005625,446.36182,648.8789,48.3,-36.98
2447,25438,1147,98.77500153,16.37043768,1.544750005,65.30000305,36.90000153,56.10000038,67.42071629,4425.250794,274.5861816,0.672999978,590.0,28.400001520000004,2.3862525779475003,86.660475867505,446.36182,648.8789,49.8,-38.48
2448,25439,1147,99.34999848,16.35081763,1.557999998,60.59999847,37.0,57.20000077,64.172266,4694.933594,279.489502,0.657999992,500.0,23.599998470000003,2.4273639937680005,89.11760108526,446.36182,648.8789,51.3,-39.98
2449,25440,1147,97.72500038,16.11047252,1.61499998,65.19999695,36.20000076,58.10000038,80.29194451,7362.342041,313.8128052,0.675000012,442.0,28.999996189999997,2.6082249354,93.83149945169998,446.36182,648.8789,52.8,-41.48
2450,25441,1147,97.35000038,16.1497123,1.659750015,73.5,37.90000153,58.5,91.44701005,10593.6333,321.6581116,0.666000009,252.0,35.59999847,2.7547701122925,97.0953758775,446.36182,648.8789,54.3,-42.98
2451,25442,1147,98.60000038,16.33855515,1.638750017,45.70000076,31.20000076,57.97500038,104.8085728,7989.967896,406.9759827,0.773999989,283.0,14.5,2.6855016182175,95.0065328583,446.36182,648.8789,55.8,-44.48
2452,25443,1147,94.05000115,17.1822151,1.205500007,47.59999847,28.5,41.52499962,72.87566758,4050.146424,706.0787354,0.372000009,740.0,19.099998470000003,1.4532302668769999,50.058387332585,446.36182,648.8789,57.3,-45.98
2453,25444,1147,97.30000115,16.9590377,1.344749987,57.79999924,34.79999924,47.65000057,122.5831261,8977.987915,686.4654541,0.407999992,940.0,23.0,1.8083525275365,64.07733764705749,446.36182,648.8789,58.8,-47.48
2454,25447,1147,97.0,17.08656752,1.271000028,50.59999847,35.70000076,45.27500058,141.1544647,5709.921753,696.2720947,0.409000009,1160.0,14.899997710000001,1.6154410711760008,57.54452700488001,446.36182,648.8789,62.5,-51.18
2455,25450,1147,96.52499962,17.56480486,1.122249961,39.59999847,31.29999924,39.89999962,44.90219688,2326.627655,715.885437,0.326999992,1570.0,8.299999230000005,1.2594449749645016,44.77777301744502,446.36182,648.8789,66.5,-55.18
2456,25451,1147,97.89999962,15.43358246,1.827749968,88.09999847,51.0,67.29999924,133.6156044,5815.343262,598.2056274,0.56099999,1160.0,37.09999847,3.340669945524001,123.00757145731004,446.36182,648.8789,68.0,-56.68
2457,25452,1147,95.375,15.26190763,2.125,86.0,49.0,72.47500134,87.52434635,7578.088623,431.4926147,0.393000007,1190.0,37.0,4.515625,154.00937784750002,446.36182,648.8789,69.5,-58.18
2458,25456,1148,96.19999886,16.39741497,1.433750004,49.0,35.20000076,51.32499981,27.50765276,1809.326904,235.3596039,0.321999997,892.0,13.799999239999998,2.05563907397,73.5872186828875,547.0217,494.76953,8.6,-2.3600006
2459,25457,1148,96.80000115,16.51022969,1.401249975,46.90000153,32.29999924,50.69999981,33.93100786,2485.985748,441.2992554,0.316000015,1610.0,14.600002289999999,1.9635014924375007,71.04337346626251,547.0217,494.76953,10.1,-3.8600006
2460,25458,1148,97.17500114,17.12825992,1.226499975,52.5,30.10000038,44.57500077,51.97524358,3143.03125,215.7463074,0.568000019,251.0,22.39999962,1.5043021886750008,54.67123733002999,547.0217,494.76953,11.4,-5.16
2461,25459,1148,99.52500153,15.62732966,1.903750032,93.69999695,46.29999924,69.87500191,52.84558297,3675.041992,198.0943298,0.837000012,228.0,47.39999771,3.624264184340001,133.02453712216254,547.0217,494.76953,13.1,-6.8600006
2462,25461,1148,97.72499847,17.74874218,1.055750027,41.40000153,29.79999924,38.5,24.66372442,2812.056763,446.2025757,0.305999994,1310.0,11.600002289999999,1.1146081195105007,40.6463760395,547.0217,494.76953,14.6,-8.360001
2463,25462,1148,98.65000153,15.64449737,1.862499982,93.80000305,43.59999847,67.37500191,63.91483784,6266.449219,206.9203033,0.79400003,228.0,50.20000458,3.4689061829500005,125.48593984462497,547.0217,494.76953,16.0,-9.76
2464,25464,1148,97.875,15.71561998,1.862499982,92.59999847,47.40000153,65.95000076,57.55277444,5523.595459,198.0943298,0.760999978,279.0,45.199996940000005,3.4689061829500005,122.83187522839998,547.0217,494.76953,17.5,-11.26
2465,25465,1148,98.25250054,15.72052521,1.79549998,78.90000153,42.40000153,64.97500229,58.83989905,5106.812744,201.0363159,0.59799999,272.0,36.5,3.2238201781800004,116.66261531219496,547.0217,494.76953,19.0,-12.76
2466,25466,1148,97.125,16.91244036,1.364250034,57.09999847,32.90000153,48.17499924,61.04639339,4047.694824,289.2961731,0.442000002,440.0,24.199996940000005,1.8611781552690008,65.72274435111997,547.0217,494.76953,20.5,-14.26
2467,25468,1148,97.32500076,17.91060773,1.05399999,43.20000076,27.0,37.64999962,60.32315159,3317.099304,372.6526794,0.354999989,315.0,16.20000076,1.1109159789200003,39.68309922298001,547.0217,494.76953,22.0,-15.76
2468,25470,1148,97.72500038,16.8192451,1.425000012,60.0,32.59999847,50.40000058,60.31089688,3520.58728,348.1360474,0.379000008,580.0,27.400001529999997,2.0306250342,71.8200014313,547.0217,494.76953,23.5,-17.26
2469,25471,1148,97.17499924,15.70090517,1.853500009,78.30000305,39.0,65.10000038,47.19450092,3032.706482,246.1469116,0.670000017,399.0,39.30000305,3.435462283363,120.66285129023,547.0217,494.76953,25.0,-18.76
2470,25473,1148,96.52499962,14.7983851,2.217750013,104.5999985,52.0,78.92500115,48.78808308,3687.300293,151.0223999,1.023000002,280.0,52.5999985,4.9184151201615,175.03592232643751,547.0217,494.76953,26.5,-20.26
2471,25474,1148,98.57500076,14.94308263,2.216749907,93.69999695,47.5,80.49999809,42.35246849,3527.9422,153.9644012,1.095999956,340.0,46.19999695,4.913980150184509,178.4483632795077,547.0217,494.76953,28.0,-21.76
2472,25475,1148,98.78499985,14.77631244,2.337500036,106.3000031,49.09999847,84.95000076,43.63959026,2821.863465,152.9837341,1.19599998,398.0,57.200004629999995,5.463906418300001,198.5706298347,547.0217,494.76953,29.5,-23.26
2473,25476,1148,98.64999962,14.78857522,2.333000004,97.09999847,49.5,84.52499962,48.5429163,2976.318054,152.003067,1.055999994,416.0,47.59999847,5.442889018664,197.19682445156002,547.0217,494.76953,31.0,-24.76
2474,25477,1148,96.0,14.3667448,2.439499975,114.5,56.0,86.92500115,54.05915833,4192.342651,159.8483887,1.228999972,344.0,58.5,5.951160128025,212.05353813229996,547.0217,494.76953,32.5,-26.26
2475,25478,1148,95.32500076,14.34712506,2.246500015,110.0,51.09999847,82.14999962,56.69469166,4567.447022,161.8097229,1.175999999,343.0,58.90000153,5.046762317395,184.54997537858,547.0217,494.76953,34.0,-27.76
2476,25479,1148,96.44999886,14.26864519,2.484250009,105.6999969,52.79999924,89.77500153,55.95919419,4415.44397,162.79039,1.296000004,525.0,52.899997660000004,6.171498107216501,223.02354835887752,547.0217,494.76953,35.5,-29.26
2477,25480,1148,99.02499771,14.32750531,2.559000015,111.1999969,56.90000153,95.125,48.54291534,3925.111572,161.8097229,1.213000059,475.0,54.299995370000005,6.548481076770001,243.42487642687502,547.0217,494.76953,37.0,-30.76
2478,25481,1148,98.17499924,14.28826464,2.531000019,100.5999985,52.20000076,93.57500077,54.67207337,4920.48645,189.2683411,1.182999969,620.0,48.399997739999996,6.405961096178,236.83832872679503,547.0217,494.76953,38.5,-32.260002
2479,25482,1148,97.07499886,14.18280777,2.661499977,112.8000031,57.20000076,95.39999962,56.69469451,4481.639038,181.4230194,1.261999965,540.0,55.600002339999996,7.083582127571001,253.90709679443003,547.0217,494.76953,40.0,-33.760002
2480,25483,1148,99.07499886,14.52615745,2.395750046,106.0999985,54.70000076,89.47499847,70.48529434,8203.262451,233.3982697,1.202999949,640.0,51.399997739999996,5.739618282909001,214.35973170035243,547.0217,494.76953,41.5,-35.260002
2481,25485,1148,97.97500038,15.41396213,2.003500015,77.0,42.79999924,71.25,70.48529625,7401.569092,132.3897705,0.930000007,575.0,34.20000076,4.014012310105001,142.74937606875002,547.0217,494.76953,43.0,-36.760002
2482,25486,1148,96.47499847,16.4709899,1.534249962,64.69999695,34.59999847,53.34999943,63.6819315,5459.852295,266.7408752,0.606000006,650.0,30.099998479999996,2.3539229458970015,81.85223459817752,547.0217,494.76953,44.5,-38.260002
2483,25488,1148,95.57499886,16.07123243,1.703750015,66.30000305,38.20000076,58.15000057,71.28208543,7119.627564,277.5281677,0.666000009,780.0,28.10000229,2.9027641136125,99.07306434338751,547.0217,494.76953,46.0,-39.760002
2484,25489,1148,96.40000153,16.13009255,1.675000012,73.59999847,36.79999924,58.02499962,78.69836616,8056.16272,301.0641479,0.660000026,570.0,36.799999230000005,2.8056250402,97.1918750598,547.0217,494.76953,47.5,-41.260002
2485,25490,1148,97.125,16.36062751,1.630499989,65.5,36.09999847,56.52499962,85.74689293,10395.04859,303.0254822,0.702000022,400.0,29.400001529999997,2.658530214129,92.16401125863501,547.0217,494.76953,49.0,-42.760002
2486,25491,1148,97.72499848,16.24045495,1.603249997,70.59999847,36.29999924,57.12499904,114.9216767,12778.0647,397.169342,0.708000004,399.0,34.299999230000005,2.5704105528805,91.585654539505,547.0217,494.76953,50.5,-44.260002
2487,25493,1148,96.375,17.36369981,1.168749988,45.20000076,32.70000076,41.5,89.97601126,6141.414429,637.432251,0.416999996,1010.0,12.5,1.3659765344500003,48.503124502000006,547.0217,494.76953,52.0,-45.760002
2488,25494,1148,96.77499962,17.10618785,1.261000007,54.20000076,33.90000153,44.85000038,83.66298104,4123.696167,549.1723633,0.469999999,760.0,20.299999230000005,1.5901210176540002,56.55585079313,547.0217,494.76953,53.5,-47.260002
2489,25497,1148,95.97500038,17.27541007,1.177749991,44.20000076,30.0,41.80000019,108.1183167,5658.436767,755.1119995,0.395000011,1830.0,14.200000760000002,1.3870950413005,49.2299498475725,547.0217,494.76953,58.1,-51.86
2490,25498,1148,95.39999962,17.04732744,1.239500001,36.90000153,29.10000038,44.07499981,105.421485,6175.737549,745.3053589,0.317999989,1940.0,7.800001149999996,1.5363602524789999,54.63096230857,547.0217,494.76953,59.6,-53.36
2491,25499,1148,97.02500153,17.25824236,1.192750007,48.79999924,33.29999924,42.84999943,61.41414358,2466.372376,676.6588745,0.356000006,1520.0,15.5,1.4226525791984999,51.109337120082486,547.0217,494.76953,61.2,-54.96
2492,25500,1148,99.44999886,17.50104009,1.173999995,47.70000076,32.59999847,43.22499943,35.05877256,1159.636322,470.7192078,0.308999985,2140.0,15.100002289999999,1.37827598826,50.746149114695,547.0217,494.76953,62.5,-56.260002
2493,25501,1148,97.29999924,17.49858748,1.175750017,43.5,30.89999962,41.80000019,47.25579357,1723.518677,416.7826233,0.344000012,1780.0,12.60000038,1.3823881024755,49.1463509339925,547.0217,494.76953,64.1,-57.86
2494,25502,1148,96.02500153,15.1049476,2.059499979,69.09999847,48.79999924,72.375,45.64995503,2652.698883,647.2388916,0.492000014,1330.0,20.299999230000005,4.241540163501,149.056310980125,547.0217,494.76953,65.3,-59.060005
2495,35940,4588,100.5,15.08287524,2.259749949,76.0,36.55000115,82.92499924,44.17895699,5781.02002,138.2737579,0.879999995,380.0,39.44999885,5.106469832005503,187.38976280341507,-1416.7207,1142.8867,6.0,4.71
2496,35945,4588,96.12499809,17.35634255,1.207249999,61.45000077,32.55000019,42.24999905,42.80602455,4133.503052,232.4175873,0.419999987,1150.0,28.900000580000004,1.4574525600855002,51.0063113108625,-1416.7207,1142.8867,11.6,-0.89000034
2497,35946,4588,99.19999886,16.48080036,1.537750006,70.39999962,35.25,55.77499962,49.05776406,5070.037903,201.0363159,0.50999999,720.0,35.14999962,2.364675080953,85.76800600030501,-1416.7207,1142.8867,13.1,-2.3900003
2498,35947,4588,99.84999848,16.74321755,1.458250016,87.40000153,41.25,53.15000057,48.95969867,5097.006165,173.5776978,0.620000005,330.0,46.15000153,2.1264931091640005,77.50598918160252,-1416.7207,1142.8867,14.6,-3.8900003
2499,35948,4588,99.69999887,16.58870985,1.510250002,94.75,49.25,55.07499981,43.61507416,4476.73584,152.9837341,0.649999976,310.0,45.5,2.2808550685410003,83.1770185732025,-1416.7207,1142.8867,16.1,-5.3900003
2500,35949,4588,100.1499996,15.61506746,1.927750022,87.40000153,48.64999962,70.72500038,41.83761978,4795.451843,140.2350922,0.819999993,300.0,38.750001909999995,3.716220147321,136.340121038495,-1416.7207,1142.8867,17.6,-6.8900003
2501,35950,4588,100.2250004,15.16380742,2.153249979,79.0,47.89999962,79.42499924,44.1176672,5146.039551,152.003067,0.970000029,200.0,31.100000379999997,4.6364854720635,171.021877945605,-1416.7207,1142.8867,19.1,-8.39
2502,35951,4588,100.6000004,15.08042262,2.237749994,71.59999848,45.89999962,82.57499886,46.81449414,5450.045594,145.1384125,1.059999943,440.0,25.699998859999994,5.007525035647,184.782203203515,-1416.7207,1142.8867,20.6,-9.89
2503,35952,4588,100.5,14.82536269,2.381500006,64.95000077,40.35000038,88.14999962,55.06433869,7237.307373,154.9450684,1.059999943,360.0,24.600000390000005,5.671542278578,209.92922462393,-1416.7207,1142.8867,22.1,-11.39
2504,35953,4588,100.5,14.62670997,2.482000053,61.95000077,34.75,92.47499848,51.52168559,6082.574585,139.254425,1.080000043,370.0,27.200000770000003,6.160324263092003,229.5229511285349,-1416.7207,1142.8867,23.6,-12.89
2505,35954,4588,100.5250015,14.82536269,2.317750037,63.59999848,35.29999924,86.79999924,55.77532101,7484.925293,150.0417328,0.99000001,250.0,28.29999924,5.371965234013502,201.18070145011,-1416.7207,1142.8867,25.1,-14.39
2506,35955,4588,100.5499992,14.71254767,2.448750019,63.14999962,36.80000115,90.87500191,58.39860058,7406.472412,149.0610809,1.129999995,310.0,26.349998470000003,5.996376655552502,222.53016265373753,-1416.7207,1142.8867,26.6,-15.89
2507,35956,4588,100.4250011,14.7444302,2.434000015,67.55000305,44.84999847,89.97500038,61.56124496,7492.28064,159.8483887,1.100000024,275.0,22.700004579999998,5.92435607302,218.999152274545,-1416.7207,1142.8867,28.1,-17.39
2508,35986,4589,97.625,17.60404494,1.167250007,62.25,28.89999962,41.57499981,76.95768548,7281.437378,296.1608276,0.449999988,840.0,33.35000038,1.3624725788415002,48.5284188192475,-1240.3867,1266.0312,11.0,2.4700003
2509,35988,4589,98.375,17.2778624,1.24274996,73.09999847,32.75,44.92500019,67.21232605,6124.252807,228.4949341,0.5,570.0,40.34999847,1.5444274630800017,55.83054218912249,-1240.3867,1266.0312,12.3,1.1700001
2510,35989,4589,99.90000154,16.68190511,1.47300002,90.60000229,39.34999847,53.80000019,48.39581775,5570.177124,169.6550446,0.529999971,340.0,51.25000382,2.1697290589200002,79.24740135587,-1240.3867,1266.0312,13.8,-0.32999992
2511,35990,4589,100.0749989,16.17668989,1.730500042,92.54999924,48.10000039,62.62500095,43.00215912,4829.774902,114.7378006,0.689999998,560.0,44.44999885000001,2.994630395362002,108.37256677422505,-1240.3867,1266.0312,15.3,-1.8299999
2512,35991,4589,100.375,15.22757248,2.145749986,90.45000077,43.45000077,78.89999962,37.41236782,3711.816956,109.8344803,0.819999993,365.0,47.0,4.604243002419001,169.29967308001503,-1240.3867,1266.0312,16.8,-3.329999
2513,35992,4589,99.92499925,15.31341019,2.052000046,84.20000077,47.5,75.59999848,32.52130175,3765.753418,111.7958069,0.839999974,310.0,36.70000077,4.2107041887840015,155.1312003585599,-1240.3867,1266.0312,18.3,-4.829999
2514,35993,4589,99.65000154,14.96270267,2.233999968,81.89999771,50.5,82.27499962,34.31101704,3478.909058,106.8924866,1.0,370.0,31.399997709999994,4.990755857024001,183.80234651828002,-1240.3867,1266.0312,19.8,-6.329999
2515,35994,4589,100.7250004,14.78366999,2.304749966,76.70000076,50.5,87.32500077,38.77304077,3704.461853,104.93116,0.810000002,440.0,26.200000759999995,5.3118724057770015,201.2622925556075,-1240.3867,1266.0312,21.3,-7.829999
2516,35995,4589,100.7250004,14.75669269,2.295000017,65.14999771,41.85000039,87.39999962,40.08468151,4491.445557,113.7571335,0.959999979,250.0,23.299997319999996,5.2670250780300005,200.5830006137,-1240.3867,1266.0312,22.8,-9.329999
2517,35996,4589,100.9500008,14.54087255,2.402750075,66.75,36.79999924,92.69999886,44.37508965,4743.966797,117.6798019,1.039999962,360.0,29.95000076,5.773207922912507,222.73492921336492,-1240.3867,1266.0312,24.3,-10.829999
2518,35997,4589,100.2499981,14.66595005,2.265249968,68.44999695,35.09999847,87.02499771,47.35385991,5606.951904,129.4477844,1.00999999,420.0,33.34999848,5.131357417524001,197.13337327777757,-1240.3867,1266.0312,25.8,-12.329999
2519,35998,4589,100.2749996,14.85969754,2.212500036,88.19999695,42.0,83.79999924,47.30482769,5224.492798,129.4477844,0.879999995,500.0,46.19999695,4.8951564093,185.40750133529997,-1240.3867,1266.0312,27.3,-13.829999
2520,36028,4590,99.19999949,17.08901984,1.313000043,62.35000038,30.75,47.80000051,54.91723888,3984.768718,209.8623199,0.449999988,790.0,31.600000379999997,1.7239691129180017,62.76140272503002,-1265.585,1235.2305,10.2,3.38
2521,36029,4590,100.0750008,16.8609375,1.423999995,73.34999847,36.59999847,52.0,51.17845345,3782.9151,164.751709,0.529999971,355.0,36.75,2.02777598576,74.04799974,-1265.585,1235.2305,11.9,1.6800003
2522,36030,4590,99.84999845,16.70888241,1.453000009,88.30000305,43.89999962,53.22500038,49.14357472,3856.465027,164.751709,0.569999993,260.0,44.40000343,2.111209026154,77.335926031165,-1265.585,1235.2305,13.2,0.3800001
2523,36032,4590,100.9000015,15.83088731,1.753500015,93.25,46.25,66.22499943,37.60850144,2559.535645,111.7958069,0.620000005,275.0,47.0,3.074762302605,116.12553749387999,-1265.585,1235.2305,14.7,-1.1199999
2524,36033,4590,100.2000008,15.07797,2.072249949,88.94999695,45.54999924,78.44999886,34.97296381,3959.434814,113.7571335,0.939999998,520.0,43.39999771,4.294219851130503,162.56800613668506,-1265.585,1235.2305,16.1,-2.5200005
2525,36034,4590,100.1499996,15.19078473,2.001999974,90.95000077,48.94999886,75.82500076,37.70656967,4256.085876,107.8731537,0.819999993,310.0,42.00000191,4.0080038958960005,151.80164955006995,-1265.585,1235.2305,17.2,-3.6200008
2526,36035,4590,100.6000004,15.09513743,2.077750087,85.0,48.29999924,79.0,41.82536125,4682.675354,118.6604691,0.800000012,440.0,36.70000076,4.317045424028508,164.142256873,-1265.585,1235.2305,19.2,-5.620001
2527,36036,4590,99.77499769,14.67085498,2.471750021,68.75,42.79999924,90.42499924,51.71781827,7369.697266,122.5831223,1.059999943,295.0,25.95000076,6.109548166313501,223.50799377039502,-1265.585,1235.2305,20.7,-7.120001
2528,36037,4590,99.97500039,15.24719281,2.132500053,56.89999962,36.54999924,77.92499733,48.92292595,7006.851196,139.254425,0.899999976,330.0,20.350000380000004,4.547556476045002,166.17506093624982,-1265.585,1235.2305,22.2,-8.620001
2529,36038,4590,100.3999996,14.79593219,2.383749962,64.64999962,36.54999924,88.30000115,54.81917286,7985.064331,136.3124237,1.059999943,245.0,28.100000380000004,5.682263881335001,210.48512438591246,-1265.585,1235.2305,23.7,-10.120001
2530,36039,4590,99.59999846,14.6733076,2.411249995,71.84999847,37.70000076,88.89999962,55.55467129,8860.308106,145.1384125,1.029999971,460.0,34.14999771,5.8141265383875,214.360123639225,-1265.585,1235.2305,25.2,-11.620001
2531,36040,4590,99.72500038,14.57766001,2.491250038,73.0,38.20000076,91.92499924,52.52686691,6313.030762,140.2350922,1.070000052,540.0,34.79999924,6.206326751835001,229.00815784979997,-1265.585,1235.2305,26.7,-13.120001
2532,36065,4591,99.80000114,17.49122963,1.212250024,58.34999847,31.69999886,44.29999924,74.08923911,7502.087036,246.1469116,0.5,720.0,26.649999610000002,1.4695501206880006,53.70267514188998,-1189.9521,1389.25,11.7,-0.13000011
2533,36066,4591,100.0250015,16.77510008,1.470499992,79.35000229,37.20000077,53.47500038,57.63858415,5881.538086,210.8429871,0.519999981,540.0,42.15000152,2.162370226472,78.63498763098998,-1189.9521,1389.25,13.2,-1.6300001
2534,36067,4591,100.0749989,15.82598238,1.844000012,83.10000229,40.79999924,67.29999924,44.48541355,4439.960693,164.751709,0.75,265.0,42.30000305000001,3.400336044256,124.10119940615999,-1189.9521,1389.25,14.7,-3.13
2535,36068,4591,100.1000004,15.74995513,1.875,84.75,46.34999847,68.52499962,42.56085968,5128.877869,131.4091034,0.810000002,460.0,38.40000153,3.515625,128.4843742875,-1189.9521,1389.25,16.2,-4.630001
2536,36069,4591,99.82500078,15.58318493,1.922000021,85.90000153,49.95000076,70.47500038,43.84798241,5025.908081,107.8731537,0.699999988,520.0,35.950000769999995,3.694084080724,135.45295221033498,-1189.9521,1389.25,17.7,-6.130001
2537,36070,4591,101.0,15.01665756,2.190000057,77.79999924,47.85000039,82.79999924,48.53065873,5354.430725,138.2737579,0.910000026,520.0,29.949998850000007,4.796100249660004,181.33200305519998,-1189.9521,1389.25,19.2,-7.630001
2538,36071,4591,100.3750019,15.18588037,2.182250023,37.59999847,25.29999924,80.05000115,44.38734913,6038.444702,127.4864426,0.949999988,350.0,12.299999230000005,4.7622151628835,174.68911685073752,-1189.9521,1389.25,20.7,-9.130001
2539,36085,4592,94.54999924,14.98967998,2.043500006,89.5,39.5,71.09999848,27.45861912,1819.133545,164.751709,0.746999979,140.0,50.0,4.175892274522,145.29284732047998,672.854,309.83984,8.5,-2.44
2540,36087,4592,87.80000305,18.42317962,1.0,44.70000076,26.60000038,27.5,13.48414278,980.664978,311.8514709,0.186000004,330.0,18.10000038,1.0,27.5,672.854,309.83984,12.8,-6.7400002
2541,36089,4592,92.32499886,16.39986729,1.405250013,59.20000076,28.20000076,47.67500115,53.93657398,3417.617493,243.2049103,0.354999989,320.0,31.0,1.9747275990365003,66.99529598581252,672.854,309.83984,17.2,-11.140001
2542,36090,4592,90.17500115,16.11537745,1.534000009,59.90000153,27.79999924,49.72500038,47.80741787,3003.28656,213.7849731,0.591000021,300.0,32.10000229,2.3531560276120005,76.278151030445,672.854,309.83984,18.7,-12.640001
2543,36091,4592,91.375,16.07368505,1.502000004,60.40000153,27.70000076,50.35000038,50.01391125,2981.221588,213.7849731,0.634000003,280.0,32.700000769999995,2.2560040120160005,75.62570077216,672.854,309.83984,20.2,-14.140001
2544,36092,4592,89.19999886,16.15707014,1.468250007,64.0,28.70000076,49.57500077,55.77532006,4300.215881,190.2490082,0.537999988,170.0,35.29999924,2.1557580830555,72.78849522757751,672.854,309.83984,21.7,-15.640001
2545,36093,4592,88.75,16.17178496,1.468999982,58.40000153,25.79999924,47.75,56.02048682,4572.350403,200.0556488,0.535000026,170.0,32.60000229,2.157960947116,70.1447491405,672.854,309.83984,23.2,-17.140001
2546,36095,4592,90.20000076,15.91672531,1.548000008,62.79999924,29.89999962,50.99999904,49.03324795,3383.294067,209.8623199,0.508000016,300.0,32.89999962,2.3963040247680003,78.94799892191999,672.854,309.83984,24.7,-18.640001
2547,36096,4592,92.10000229,15.17116497,1.936749965,82.80000305,35.29999924,64.65000153,45.72350407,3900.595062,180.4423523,0.893999994,150.0,47.50000381,3.7510004269275012,125.21088820047744,672.854,309.83984,26.2,-20.140001
2548,36097,4592,93.30000115,14.27600245,2.416000008,101.3000031,38.79999924,82.95000076,50.7494135,5023.456482,172.5970306,0.967000008,150.0,62.50000386,5.837056038656001,200.40720249976002,672.854,309.83984,27.7,-21.640001
2549,36098,4592,92.05000114,14.06999247,2.457000017,97.5,37.40000153,84.14999771,42.90409279,4118.792908,151.0223999,1.049999952,150.0,60.09999847,6.036849083538,206.75654580401994,672.854,309.83984,29.2,-23.140001
2550,36099,4592,94.17500115,13.84926739,2.680999935,111.5,44.5,94.52500153,51.60749436,4108.986145,165.7323914,1.202999949,150.0,67.0,7.187760651470004,253.42152295780488,672.854,309.83984,30.7,-24.640001
2551,36100,4592,95.09999848,13.89095979,2.689249993,113.3000031,44.79999924,94.22500038,49.03324891,5356.882507,158.8677216,1.136000037,140.0,68.50000385999999,7.232065524850499,253.39458161233998,672.854,309.83984,32.2,-26.140001
2552,36101,4592,94.35000038,13.85662494,2.651499987,110.3000031,42.70000076,94.1249981,52.2204113,4851.839905,184.3650208,1.175999999,140.0,67.60000234,7.030452181060999,249.572431238525,672.854,309.83984,33.7,-27.640001
2553,36102,4592,94.27499962,13.89586473,2.630750001,112.5999985,45.29999924,93.07500076,55.40757085,5815.343323,180.4423523,1.256000042,140.0,67.29999925999999,6.9208455677615,244.857058342445,672.854,309.83984,35.2,-29.140001
2554,36103,4592,93.07499886,13.63835248,2.780249954,112.9000015,46.0,96.95000076,59.33022976,6190.447876,186.3263397,1.18599999,150.0,66.9000015,7.729789806717001,269.5452351532899,672.854,309.83984,36.7,-30.640001
2555,36104,4592,93.625,13.70702276,2.743749976,106.3000031,44.70000076,96.39999962,58.47214986,6987.238037,185.3456726,1.335000038,140.0,61.600002339999996,7.528163930800002,264.49749664377504,672.854,309.83984,38.2,-32.14
2556,36105,4592,93.5,13.8786973,2.555999994,105.5999985,45.40000153,90.47500038,60.18831254,5822.69812,204.9589691,1.281999946,140.0,60.19999697,6.533135969328,231.25410042842998,672.854,309.83984,39.7,-33.64
2557,36106,4592,94.04999924,13.83209997,2.646749974,110.5999985,43.20000076,93.82499886,72.07887458,8911.793213,222.6109467,1.036000013,130.0,67.39999774,7.005285424869001,248.33131329325502,672.854,309.83984,41.2,-35.14
2558,36107,4592,93.30000115,14.22204756,2.337999999,98.09999847,40.5,82.07499886,71.09820938,8892.179688,221.6302795,1.162999988,130.0,57.59999847,5.466243995324,191.891347252605,672.854,309.83984,42.7,-36.64
2559,36109,4592,93.22500229,16.90017758,1.269749999,45.29999924,25.20000076,43.44999981,47.80741787,4435.057251,224.5722809,0.354999989,450.0,20.099998479999996,1.6122650599605002,55.1706372152975,672.854,309.83984,44.2,-38.14
2560,36111,4592,92.02500153,15.69354733,1.611499965,64.19999695,31.79999924,55.02499962,82.98877335,9044.182617,300.0834656,0.694000006,270.0,32.39999771,2.596932137195001,88.67278496175501,672.854,309.83984,45.7,-39.64
2561,36112,4592,91.5,15.6199724,1.62650004,65.5,31.79999924,55.22500039,81.2726097,7597.701904,294.1994934,0.605000019,270.0,33.70000076,2.6455023801200017,89.82346534333502,672.854,309.83984,47.2,-41.14
2562,36113,4592,94.07500076,16.01482493,1.558500022,64.90000153,28.20000076,54.05000019,86.29851724,10716.2168,275.566864,0.601000011,150.0,36.700000769999995,2.4289223185740005,84.23692648521501,672.854,309.83984,48.7,-42.64
2563,36114,4592,91.89999962,15.66411741,1.65625,75.59999847,35.90000153,56.0,98.0664997,10348.46716,305.9674683,0.723999977,140.0,39.699996940000005,2.7431640625,92.75,672.854,309.83984,50.2,-44.14
2564,36116,4592,88.85000038,16.7922675,1.191500038,45.5,27.39999962,39.34999943,69.25946618,5484.369019,810.0292969,0.236000001,300.0,18.10000038,1.4196723405540015,46.88552581614498,672.854,309.83984,51.7,-45.64
2565,36118,4592,92.70000077,16.45627509,1.30399999,56.20000076,33.20000076,43.75,83.96943856,4243.82782,557.9983521,0.261999995,500.0,23.0,1.7004159739200004,57.049999562500005,672.854,309.83984,53.2,-47.14
2566,36119,4592,88.625,16.73340739,1.209500015,42.79999924,26.29999924,39.72500038,74.65312384,4383.572632,477.5838318,0.236000001,560.0,16.5,1.462890286285,48.047388555485,672.854,309.83984,56.2,-50.14
2567,36120,4592,88.125,16.4292975,1.305999994,47.5,27.0,42.45000077,102.356905,4834.678406,534.4624023,0.301999986,540.0,20.5,1.705635984328,55.43970075092,672.854,309.83984,57.7,-51.64
2568,36121,4592,91.125,15.79655246,1.562999994,72.90000153,33.90000153,53.02500057,126.8735275,7416.279053,506.0231018,0.437999994,450.0,39.0,2.442968981244,82.87807557276,672.854,309.83984,59.2,-53.14
2569,36122,4592,89.30000114,16.5004204,1.282249987,48.59999847,28.0,42.52500058,106.1569824,4354.152405,586.4376831,1.35800004,450.0,20.599998470000003,1.6441650291615,54.52768144087999,672.854,309.83984,60.7,-54.64
2570,36124,4592,85.94999885,16.58135259,1.189500034,40.90000153,25.20000076,38.17499924,92.79542543,6940.65625,533.4817505,0.477999985,200.0,15.700000769999995,1.414910330886001,45.40916289392997,672.854,309.83984,62.0,-55.94
2571,36127,4592,93.30000305,15.68618977,1.725000024,40.90000153,27.0,58.5,95.1245041,14631.52148,756.0927124,0.907000005,400.0,13.900001529999997,2.975625082800001,100.91250140400001,672.854,309.83984,63.7,-57.64
2572,36249,4624,99.14999772,17.27050484,1.187749982,47.70000076,24.10000038,44.05000019,50.49198913,5864.866699,205.9396362,0.349999994,2700.0,23.60000038,1.4107500197410001,52.32038693277249,-611.7676,-305.8086,12.9,-10.61
2573,36251,4624,100.5249977,15.86522246,1.698500007,75.0,32.5,64.32500076,69.50463009,11004.5321,166.7130585,0.75,247.0,42.5,2.884902273779,109.25601424113499,-611.7676,-305.8086,17.0,-14.71
2574,36253,4624,99.29999924,15.26926488,1.954249978,90.30000305,36.70000076,73.02499962,82.86619188,15825.48145,210.8429871,0.769999981,392.0,53.60000229,3.8190929765130006,142.709103900835,-611.7676,-305.8086,20.6,-18.310001
2575,36255,4624,98.45000077,14.91610475,2.161499977,97.0,37.5,79.5,83.11135865,10926.81446,215.7463074,1.039999962,214.0,59.5,4.672082150571001,171.8392481715,-611.7676,-305.8086,23.4,-21.11
2576,36257,4624,98.60000038,14.7297151,2.255499959,102.5999985,43.70000076,83.40000153,80.4145279,10755.9331,261.8375549,1.190000057,158.0,58.899997739999996,5.087280065049002,188.10870003151496,-611.7676,-305.8086,26.0,-23.71
2577,36260,4624,96.29999924,17.79043516,1.025999978,33.20000076,20.39999962,36.875,62.19867707,8776.951537,233.3982697,0.319999993,2470.0,12.800001140000003,1.0526759548560005,37.83374918875,-611.7676,-305.8086,29.0,-26.71
2578,36266,4624,48.59999943,16.46608497,2.031000048,39.0,22.29999924,37.10000038,69.87237835,6991.160767,470.7192078,0.349999994,3600.0,16.70000076,4.124961194976002,75.35010255258001,-611.7676,-305.8086,35.2,-32.91
2579,36268,4624,53.52500058,17.0424225,2.221249998,51.09999847,25.29999924,44.52500057,103.7053223,12319.35852,373.6333618,0.449999988,1700.0,25.799999230000005,4.933951553614999,98.9011574270625,-611.7676,-305.8086,38.5,-36.21
2580,36270,4624,98.32499886,16.05161239,1.605000019,66.69999695,28.60000038,58.82499886,116.4539662,15077.72436,343.2327271,0.670000017,404.0,38.09999657,2.57602506099,94.41412428797499,-611.7676,-305.8086,41.5,-39.21
2581,36272,4624,98.02500153,16.29440984,1.484250009,64.5,30.0,54.47499943,132.3897686,19007.49341,387.3626709,0.639999986,402.0,34.5,2.2029980892165,80.85451839425248,-611.7676,-305.8086,44.2,-41.91
2582,36274,4624,98.94999886,16.02218277,1.601000011,74.69999695,31.79999924,59.5,126.138031,20608.67529,389.3240051,0.75999999,214.0,42.89999771,2.5632010352220003,95.2595006545,-611.7676,-305.8086,48.2,-45.91
2583,36276,4624,99.35000038,15.97313253,1.636749953,74.0,32.20000076,61.0,145.9964981,21961.99195,470.7192078,0.74000001,237.0,41.79999924,2.6789504086455023,99.841747133,-611.7676,-305.8086,50.5,-48.21
2584,36277,4624,99.42499924,16.24045524,1.534249991,74.19999695,31.60000038,57.15000057,142.8093395,16904.94861,518.7717896,0.689999998,253.0,42.59999657,2.3539230348835,87.6823878601725,-611.7676,-305.8086,53.4,-51.11
2585,36278,4624,99.37500192,16.2330974,1.513500005,73.09999847,31.0,56.625,126.2606125,13491.98901,539.3657227,0.610000014,768.0,42.09999847,2.290682265135,85.701937783125,-611.7676,-305.8086,56.2,-53.91
2586,36302,4625,97.2499981,15.14909203,1.977499992,39.70000076,22.29999924,71.90000153,80.16936303,14609.45654,156.9064026,0.99000001,208.0,17.400001520000004,3.91050621836,142.182252450375,-485.84863,-305.875,19.6,-16.050001
2587,36304,4625,97.79999924,14.80083742,2.18175,85.40000153,35.0,80.05000114,83.84685708,14746.74976,170.6357117,0.980000019,281.0,50.40000153,4.760033062500001,174.64908998719503,-485.84863,-305.875,22.6,-19.050001
2588,36306,4625,98.79999924,14.72726249,2.273999989,91.40000153,36.0,84.20000076,91.20184135,16867.43726,176.5196838,1.139999986,171.0,55.40000153,5.171075949972,191.47080080203997,-485.84863,-305.875,25.6,-22.050001
2589,36308,4625,99.10000038,14.69783228,2.287750006,97.59999847,38.79999924,85.22499848,91.20184138,16727.69312,205.9396362,1.190000057,145.0,58.799999230000005,5.233800089953,194.97349078397,-485.84863,-305.875,28.6,-25.050001
2590,36310,4625,96.60000038,15.37472263,1.886250019,100.4000015,40.09999847,67.54999924,109.9570637,24636.75635,276.5475159,0.980000019,235.0,60.30000303,3.5579391341775004,127.4161873499,-485.84863,-305.875,31.6,-28.050001
2591,36315,4625,93.40000153,17.02034985,1.171250015,44.90000153,22.89999962,40.92500115,67.2981348,8988.775148,392.2659912,0.400000006,4680.0,22.000001909999998,1.3718265976375004,47.933408210812516,-485.84863,-305.875,35.9,-32.350002
2592,36317,4625,102.4499989,16.71133502,1.385749996,45.59999847,23.29999924,50.80000019,110.2022247,18863.09107,333.4261169,0.49000001,685.0,22.299999230000005,1.9203030514139998,70.3961000600925,-485.84863,-305.875,39.0,-35.45
2593,36322,4626,92.13333384,12.91976992,3.387000004,129.1999969,54.0,117.3000031,24.09166972,2651.718099,176.5196838,0.819999993,2430.0,75.1999969,11.471769027095998,397.2951109689,-233.9331,-151.9414,5.6,-1.0
2594,36329,4626,98.32499886,16.60833018,1.393000007,59.90000153,26.29999924,51.34999943,69.01429558,7562.152832,203.978302,0.50999999,564.0,33.60000229,1.9404490195019999,71.53054956543998,-233.9331,-151.9414,13.4,-8.799999
2595,36337,4626,100.6000004,15.759765,1.754000038,79.90000153,32.5,66.44999981,74.77570534,10642.91162,204.9589691,0.860000014,145.0,47.40000153,3.0765161333040014,116.55330219183999,-233.9331,-151.9414,20.5,-15.9
2596,36338,4626,97.39999771,15.02891976,2.065249979,93.30000305,38.5,74.95000076,78.82094573,9575.212648,207.9009705,1.00999999,222.0,54.80000305,4.265257475759499,154.79048749563995,-233.9331,-151.9414,24.3,-19.699999
2597,36340,4626,98.32500076,14.55803998,2.365750015,107.0,42.70000076,87.14999962,76.73703384,8628.625854,197.1136627,1.120000005,157.0,64.29999924,5.596773133472501,206.17511290826502,-233.9331,-151.9414,27.3,-22.699999
2598,36342,4626,99.29999924,14.62670997,2.377750039,110.1999969,44.40000153,88.37500191,85.19526864,11623.33167,208.8816528,1.120000005,205.0,65.79999537,5.653695247964501,210.13366423812755,-233.9331,-151.9414,30.3,-25.699999
2599,36344,4626,97.92499924,14.87931758,2.142750025,96.69999695,40.09999847,78.59999848,99.90524293,12987.6814,272.6248474,1.139999986,217.0,56.59999848,4.5913776696375,168.42014870801995,-233.9331,-151.9414,33.3,-28.699999
2600,36345,4626,97.09999847,15.0902322,2.024499983,81.80000305,35.40000153,73.27499962,109.8344784,18635.08667,272.6248474,1.220000029,306.0,46.40000152,4.098600181167001,148.34523548501502,-233.9331,-151.9414,34.8,-30.199999
2601,36350,4626,98.30000115,16.23064478,1.50999999,65.30000305,27.20000076,55.64999962,87.52434826,11406.60449,303.0254822,0.519999981,116.0,38.10000229,2.2800999698,84.03149886970002,-233.9331,-151.9414,39.3,-34.7
2602,36352,4626,95.34999847,16.11537745,1.469500006,61.59999847,27.20000076,52.75,71.2085371,10130.26953,313.8128052,0.639999986,621.0,34.39999771,2.1594302676340003,77.51612531650001,-233.9331,-151.9414,42.3,-37.7
2603,36615,4652,99.14999962,14.05772998,2.753000021,95.19999695,48.09999847,103.5749989,12.01314569,2169.721253,43.14925766,0.922999978,500.0,47.09999848,7.579009115626,285.141974146775,44.228516,2251.3477,7.1,-1.7999997
2604,36617,4652,99.14999771,14.78612261,2.234750033,88.69999695,48.59999847,83.22500038,15.20030737,1953.974945,45.11058807,0.82099998,190.0,40.09999848,4.994107709993502,185.98707234563003,44.228516,2251.3477,8.6,-3.3000002
2605,36623,4652,98.94999886,15.17606991,1.950750023,95.0,47.70000076,73.30000115,32.6071105,3182.257813,90.22117615,0.837000012,110.0,47.29999924,3.805425652234501,142.98997892926255,44.228516,2251.3477,15.3,-10.0
2606,36624,4652,99.22500038,15.28398028,1.903750003,96.40000153,49.0,71.75,37.14268589,3947.176575,111.7958069,0.757000029,96.0,47.40000153,3.6242640739225003,136.59406271525,44.228516,2251.3477,16.8,-11.499999
2607,36625,4652,98.92500115,15.76466993,1.737499982,78.19999695,43.0,64.14999962,40.20726395,4263.441101,109.8344803,0.930000007,150.0,35.19999695,3.0189061874500007,111.46062318505003,44.228516,2251.3477,18.3,-12.999999
2608,36626,4652,99.125,16.14235504,1.557249993,88.90000153,45.40000153,57.97499943,45.47833824,4854.291748,133.3704376,0.82099998,140.0,43.5,2.4250275406985002,90.2815674565425,44.228516,2251.3477,19.8,-14.499999
2609,36630,4652,99.22499848,15.43603507,1.908250004,86.69999695,46.90000153,70.625,68.8917141,6629.295166,195.1523285,0.864000022,170.0,39.79999542,3.6414180777660006,134.7701565325,44.228516,2251.3477,24.5,-19.2
2610,36635,4652,57.94999981,16.15706986,1.590249986,61.09999847,42.59999847,57.94999981,57.73664855,6013.927979,338.3294373,0.550999999,1300.0,18.5,2.528895017973,92.1549863865525,44.228516,2251.3477,30.8,-25.5
2611,36641,4652,99.10000038,16.36553244,1.510500014,61.20000076,43.09999847,55.72499943,105.0537338,9850.779664,379.517334,0.485000014,1300.0,18.10000229,2.2816102922940003,84.17261241916499,44.228516,2251.3477,42.2,-36.9
2612,36642,4652,99.52499962,16.34346009,1.520500004,66.5,44.59999847,56.34999943,98.18907928,9586.0,357.9427185,0.550999999,760.0,21.900001529999997,2.311920262164,85.68017435871499,44.228516,2251.3477,43.7,-38.4
2613,36644,4652,99.70000076,15.5660178,1.845499993,80.69999695,49.09999847,68.77499962,98.31166078,10610.79517,312.8321228,0.839999974,300.0,31.599998479999996,3.405870224163,126.924261317285,44.228516,2251.3477,45.2,-39.9
2614,36646,4652,99.17499924,15.36491276,1.926500023,85.09999847,48.09999847,71.62499809,119.8862896,14812.94434,309.8901367,1.019999981,180.0,37.0,3.7114023386190005,137.98556046775997,44.228516,2251.3477,48.2,-42.9
2615,36647,4652,99.25,15.72542986,1.78400001,78.90000153,46.70000076,65.75,107.3828182,11665.01001,312.8321228,0.866999984,230.0,32.200000769999995,3.18265603568,117.2980006575,44.228516,2251.3477,49.7,-44.4
2616,36648,4652,99.52499962,15.74750251,1.78125,81.40000153,40.29999924,65.84999847,107.260231,12295.08716,375.5946655,0.750999987,300.0,41.10000229,3.1728515625,117.29530977468751,44.228516,2251.3477,51.2,-45.9
2617,36649,4652,99.22500229,15.55375502,1.850499988,84.80000305,40.59999847,68.45000076,111.3054752,10002.78296,400.1112976,0.833999991,280.0,44.20000458,3.424350205588,126.66672558497997,44.228516,2251.3477,52.7,-47.4
2618,36650,4652,99.75000191,15.71561998,1.783250004,80.5,46.29999924,66.44999886,113.1442242,10012.58984,312.8321228,0.837000012,230.0,34.20000076,3.1799805767660003,118.49696073289499,44.228516,2251.3477,54.2,-48.9
2619,36652,4652,98.72500038,15.81862483,1.639499992,77.69999695,42.20000076,61.34999943,126.2606163,8257.199036,312.8321228,0.787,210.0,35.49999619,2.687960223768,100.583323574685,44.228516,2251.3477,55.5,-50.2
2620,36659,4653,99.14999962,15.328125,1.95025,89.40000153,42.0,72.57500076,10.78731465,411.8792954,62.76255798,0.620999992,150.0,47.40000153,3.8034750625,141.53939523219,-132.02246,2220.621,15.4,-3.6599998
2621,36660,4653,98.27499962,15.54639747,1.87075001,103.4000015,45.5,65.57499981,24.51662445,2066.751434,71.58854675,0.750999987,120.0,57.9000015,3.4997055999150004,122.67443155030749,-132.02246,2220.621,17.0,-5.26
2622,36661,4653,87.17500115,17.04732744,1.098750025,47.90000153,30.0,35.57500077,44.12992478,2309.465973,150.0417328,0.289000005,900.0,17.900001529999997,1.2072516174375005,39.08803298541252,-132.02246,2220.621,18.5,-6.76
2623,36666,4653,96.82500076,15.23493003,1.890750021,95.90000153,44.5,68.89999962,33.58777571,2667.408692,110.8151398,0.690999985,120.0,51.40000153,3.5749356419115,130.27267572841498,-132.02246,2220.621,23.0,-11.26
2624,36667,4653,98.125,15.47527486,1.855000019,101.0999985,44.5,67.85000038,56.02048589,4810.161743,163.7710419,0.77700001,110.0,56.5999985,3.4410250704900003,125.86175199405,-132.02246,2220.621,24.5,-12.76
2625,36670,4653,96.92500115,15.80391001,1.67475,88.90000153,42.29999924,59.75,71.22079468,3907.94989,202.016983,0.698000014,120.0,46.60000229,2.8047875625,100.0663125,-132.02246,2220.621,26.5,-14.76
2626,36672,4653,95.32500076,15.98539502,1.555750012,88.59999847,39.5,55.32500077,71.46595955,4153.116272,191.2296753,0.508000016,190.0,49.09999847,2.4203580998380003,86.07187061182752,-132.02246,2220.621,27.2,-15.460001
2627,36675,4653,97.89999962,15.87748494,1.651500017,79.59999847,42.79999924,60.44999981,118.6604633,11691.9784,291.2575073,0.727999985,220.0,36.799999230000005,2.7274523061510005,99.833175713865,-132.02246,2220.621,30.6,-18.86
2628,36676,4653,81.63333384,18.55070993,0.76366667,27.29999924,21.79999924,23.0,21.41118495,2128.04301,454.0478821,0.547999978,820.0,5.5,0.5831867828688889,17.56433341,-132.02246,2220.621,31.7,-19.960001
2629,36684,4653,97.22499848,15.84805474,1.656500012,72.09999847,38.09999847,60.09999943,93.40833951,7097.562622,528.5784302,0.595000029,600.0,34.0,2.743992289756,99.55564977699498,-132.02246,2220.621,48.7,-36.96
2630,36685,4653,99.14999961,15.84560271,1.702499986,81.80000305,45.70000076,63.07499886,115.3507137,10024.84766,463.8545227,0.757000029,340.0,36.10000229,2.8985062023300006,107.38518467610002,-132.02246,2220.621,50.2,-38.46
2631,36686,4653,97.60000229,15.48753764,1.818000019,82.19999695,46.79999924,66.375,114.7377987,8914.244995,419.7246399,0.833999991,300.0,35.39999771,3.3051240690840005,120.669751261125,-132.02246,2220.621,51.7,-39.96
2632,36687,4653,99.02499771,15.58809016,1.81099999,83.5,46.79999924,67.07500077,91.20184326,6631.746948,228.4949341,0.651000023,230.0,36.70000076,3.27972096378,121.47282572371999,-132.02246,2220.621,53.1,-41.36
2633,36688,4653,98.47499848,15.4115101,1.854749978,85.40000153,44.40000153,66.22499943,116.2088013,6553.29364,313.8128052,0.97299999,120.0,41.0,3.440097480891001,122.8308162358425,-132.02246,2220.621,54.4,-42.660004
2634,36689,4653,97.0,15.97067991,1.582249999,70.30000305,38.29999924,57.54999924,88.38243103,6587.617066,383.4400024,0.657999992,220.0,32.00000381,2.5035150593355002,91.05848623994,-132.02246,2220.621,56.0,-44.260002
2635,36692,4653,97.0,18.03732011,0.946333329,37.0,24.20000076,34.36666616,63.08944575,3314.647624,458.9512024,0.412,700.0,12.799999239999998,0.8955467695762223,32.52232159382445,-132.02246,2220.621,57.4,-45.660004
2636,36706,4654,99.10000229,15.35264968,1.891749978,87.90000153,46.79999924,70.75,32.11677742,2184.431183,105.9118195,0.634000003,560.0,41.10000229,3.5787179792630006,133.8413109435,94.46582,2004.8164,15.4,-7.5099998
2637,36707,4654,99.5,14.32995763,2.468499959,120.8000031,48.5,95.49999809,26.11020517,1527.385712,54.91724014,0.959999979,110.0,72.3000031,6.093492047583001,235.74174136966508,94.46582,2004.8164,16.9,-9.01
2638,36709,4654,97.67499924,18.02587477,0.997250006,41.79999924,29.0,36.17499924,22.06496191,1267.509476,139.254425,0.252000004,1400.0,12.799999239999998,0.9945075744670001,36.07551820913999,94.46582,2004.8164,18.4,-10.51
2639,36710,4654,97.67499733,15.60525729,1.803750009,67.30000305,35.59999847,65.44999885,24.63920832,875.2434998,64.72389221,0.734000027,130.0,31.700004579999998,3.2535140949675,118.0554360147375,94.46582,2004.8164,19.8,-11.91
2640,36711,4654,98.05000114,15.52677743,1.801750034,78.5,40.90000153,66.20000076,26.60053778,1429.319214,68.64654541,0.708000004,200.0,37.59999847,3.2463031850190007,119.27585362013001,94.46582,2004.8164,21.4,-13.51
2641,36713,4654,99.02499771,14.88422251,2.218250036,100.6999969,48.90000153,81.69999886,25.61987257,1382.737595,65.7045517,0.871999979,140.0,51.799995370000005,4.920633222214002,181.23102541239496,94.46582,2004.8164,22.9,-15.01
2642,36714,4654,99.20000077,17.10128262,1.310750037,54.29999924,32.90000153,47.67500019,30.52319717,2316.820954,120.6217957,0.617999971,160.0,21.39999771,1.7180656594955015,62.49000826301751,94.46582,2004.8164,24.4,-16.51
2643,36715,4654,98.79999924,16.23555001,1.576499999,72.09999847,37.09999847,57.59999943,45.72350693,4496.349029,148.0804138,0.495000005,240.0,35.0,2.485352246847,90.806399043795,94.46582,2004.8164,25.8,-17.91
2644,36717,4654,99.30000115,17.3195548,1.247249991,48.0,30.10000038,45.375,47.80741692,5084.748047,228.4949341,0.495000005,1600.0,17.89999962,1.5556325400495,56.59396834162499,94.46582,2004.8164,27.4,-19.51
2645,36740,4655,93.52499962,16.16197508,1.452000022,79.69999695,39.90000153,50.89999962,35.79427099,2265.336121,287.3348389,0.272000015,1800.0,39.79999542,2.1083040638880006,73.90680056804,44.155273,2097.2812,23.4,-11.11
2646,36747,4655,93.05000115,16.89282003,1.229750007,73.5,36.20000076,42.80000019,37.75560188,2177.076263,159.8483887,0.358999997,700.0,37.29999924,1.5122850797165002,52.6333005332525,44.155273,2097.2812,29.3,-17.009998
2647,36749,4655,98.39999962,16.46608467,1.4375,69.19999695,34.70000076,52.875,56.75598621,5079.844605,198.0943298,0.588,190.0,34.49999619,2.06640625,76.0078125,44.155273,2097.2812,30.9,-18.61
2648,36750,4655,98.47500038,16.49551488,1.439500034,78.0,37.09999847,52.80000019,65.58197214,4591.963806,246.1469116,0.555000007,180.0,40.90000153,2.072160347886001,76.005602068705,44.155273,2097.2812,32.2,-19.91
2649,36751,4655,97.19999886,16.75548004,1.325999975,66.19999695,35.0,48.02499962,69.74979686,5697.663452,272.6248474,0.643999994,280.0,31.19999695,1.7582759337000007,63.681148295495014,44.155273,2097.2812,34.0,-21.71
2650,36765,4655,98.8750019,15.79164753,1.767250002,76.5,40.5,64.57499886,94.14383698,6465.033936,380.4980164,0.711000025,270.0,36.0,3.123172569569,114.12016686448499,44.155273,2097.2812,54.2,-41.91
2651,36766,4655,97.22500038,15.72052521,1.726500005,75.09999847,41.5,62.42499924,111.3054733,7538.861939,405.0146484,0.781000018,240.0,33.59999847,2.9808022672649996,107.77676149998499,44.155273,2097.2812,55.7,-43.41
2652,36767,4655,97.95000077,15.71807259,1.756250024,85.09999847,41.40000153,63.80000019,110.4473934,7205.435913,394.2273254,0.860000014,110.0,43.699996940000005,3.084414146800001,112.0487518648875,44.155273,2097.2812,57.2,-44.91
2653,36768,4655,96.82500077,15.71071534,1.711249978,72.80000305,43.40000153,61.72500038,109.2215614,12743.7417,417.7633057,0.82099998,220.0,29.400001520000004,2.928376487205,105.62690554232498,44.155273,2097.2812,58.7,-46.41
2654,36769,4655,97.79999924,15.92408257,1.670249969,74.40000153,42.5,60.40000153,135.3317642,11081.51441,442.2799377,0.783999979,220.0,31.900001529999997,2.7897349589445004,100.88310068308245,44.155273,2097.2812,60.3,-48.01
2655,36771,4655,97.67499924,16.14480737,1.542499989,67.80000305,43.0,56.25,130.9187717,7239.759155,500.1391296,0.61500001,460.0,24.80000305,2.379306216065,86.76562438124999,44.155273,2097.2812,61.8,-49.51
2656,38634,4799,99.75000191,16.8731997,1.314750016,56.5,30.0,49.17500019,46.56932831,3645.62201,176.5196838,0.492000014,500.0,26.5,1.7285676045720004,64.6528322866025,-712.4507,-213.3125,13.9,-11.657
2657,38635,4799,99.54999924,16.78245734,1.346500009,60.29999924,27.29999924,50.22499943,45.42930603,4153.116211,247.1275787,0.379000008,1500.0,33.0,1.8130622742370004,67.62796218452,-712.4507,-213.3125,16.9,-14.657
2658,38636,4799,99.75000191,15.25455007,2.023999989,89.90000153,39.29999924,75.32500076,52.8823595,5454.948974,181.4230194,0.781000018,500.0,50.60000229,4.096575955472,152.45780070966498,-712.4507,-213.3125,19.9,-17.657
2659,38637,4799,99.82500267,15.0632549,2.110249996,101.6999969,46.20000076,78.92500115,68.57299614,6852.396851,213.7849731,0.959999979,700.0,55.49999614,4.453155045618,166.5514833610875,-712.4507,-213.3125,22.9,-20.657
2660,38638,4799,99.625,14.96025006,2.101250053,102.0,46.5,79.45000076,73.0227642,9350.640381,253.0115509,1.103000045,640.0,55.5,4.415251785232502,166.94431830780002,-712.4507,-213.3125,25.9,-23.657
2661,38642,4799,99.52499962,16.82169742,1.368750006,62.29999924,29.5,50.97500038,76.19766903,8335.652099,287.3348389,0.555000007,650.0,32.79999924,1.8734765789249999,69.77203207597499,-712.4507,-213.3125,28.9,-26.657
2662,38644,4799,97.5,17.12335499,1.240750015,54.40000153,28.10000038,44.79999924,75.25378036,5315.204102,411.8792725,0.375,1000.0,26.300001149999996,1.5394605997225002,55.58559972902998,-712.4507,-213.3125,32.8,-30.557
2663,38646,4799,96.9999981,17.56971038,1.076999992,47.0,26.29999924,39.07500077,64.00064754,4319.829163,421.6859741,0.319000006,1670.0,20.70000076,1.159928982768,42.08377551669,-712.4507,-213.3125,35.8,-33.557
2664,38647,4799,97.07500076,16.55927994,1.418749988,61.70000076,32.90000153,50.89999962,85.79592705,6550.842041,449.1445618,0.451999992,1500.0,28.799999230000005,2.01285152845,72.214373850075,-712.4507,-213.3125,38.8,-36.557
2665,38648,4799,98.95000267,16.08840015,1.612499952,73.59999847,39.0,59.32499981,103.9259739,7845.319824,414.8212891,0.574999988,950.0,34.59999847,2.6001560952000027,95.66155934602502,-712.4507,-213.3125,41.8,-39.557
2666,38649,4799,99.29999924,16.12028239,1.648750007,78.40000153,35.90000153,60.32499981,99.28006936,8080.679199,367.7493591,0.690999985,300.0,42.5,2.7183765855825004,99.4608438590125,-712.4507,-213.3125,44.8,-42.557
2667,38650,4799,99.625,15.85786461,1.702500015,77.40000153,40.09999847,63.47499848,111.7099953,8492.558594,429.5312805,0.671000004,410.0,37.300003059999995,2.8985063010750003,108.06618586432498,-712.4507,-213.3125,47.8,-45.557
2668,38651,4799,98.69999886,16.16933234,1.593250007,76.0,40.0,58.19999981,122.2153683,9041.731201,429.5312805,0.643999994,750.0,36.0,2.5384455848055,92.7271501046825,-712.4507,-213.3125,50.8,-48.557
2669,38709,4803,98.92499924,15.28152766,1.975249976,95.19999695,41.0,72.99999905,58.6437664,7070.594605,146.1190796,0.750999987,290.0,54.19999695,3.9016124676880004,144.19324637151252,-485.89795,-398.3164,8.9,-5.698
2670,38712,4803,98.45000076,17.63102252,1.069499999,45.29999924,26.89999962,39.50000096,45.82157135,4219.311096,230.4562531,0.379000008,700.0,18.39999962,1.143830247861,42.245250987220004,-485.89795,-398.3164,14.9,-11.698
2671,38714,4803,99.80000115,15.65921248,1.811249972,83.19999695,37.09999847,67.47500038,54.72110557,4829.774963,163.7710419,0.77700001,390.0,46.09999848,3.2806264610700007,122.21409254897497,-485.89795,-398.3164,17.9,-14.698
2672,38715,4803,99.80000115,15.40905748,1.887999982,86.09999847,37.59999847,71.04999924,59.14635753,6298.320801,180.4423523,0.744000018,520.0,48.5,3.564543932032,134.14239728622002,-485.89795,-398.3164,20.9,-17.698
2673,38716,4803,99.77499962,14.78612261,2.222499967,100.0,42.79999924,84.04999924,70.09302903,7852.674561,171.6163635,0.963,540.0,57.20000076,4.939506103315002,186.80112053725006,-485.89795,-398.3164,23.9,-20.698
2674,38717,4803,99.75,14.7027378,2.246500015,106.3000031,47.0,85.39999962,60.69090273,6847.493164,220.6496277,1.029999971,340.0,59.3000031,5.046762317395,191.85110042733,-485.89795,-398.3164,26.9,-23.698
2675,38719,4803,99.2499981,15.30114741,2.006250024,84.40000153,37.90000153,74.29999924,77.72995759,8590.625366,231.4369202,1.039999962,760.0,46.5,4.0250391588,149.06437525844999,-485.89795,-398.3164,29.9,-26.698
2676,38724,4803,96.22500038,17.52801768,1.084250003,46.40000153,26.10000038,38.92500019,77.66866494,8649.465332,382.4593506,0.331,2150.0,20.300001149999996,1.1755980690055,42.2044315727825,-485.89795,-398.3164,37.8,-34.598
2677,38725,4803,98.04999924,16.54947035,1.433500022,59.90000153,31.5,52.07499981,78.22029114,10848.60644,364.807373,0.518000007,890.0,28.400001529999997,2.0549223130740004,74.649513373285,-485.89795,-398.3164,40.8,-37.598
2678,38726,4803,98.0,16.39251004,1.490999997,64.19999695,35.20000076,54.10000038,102.2220669,10051.81616,419.7246399,0.550999999,860.0,28.999996189999997,2.223080991054,80.66310040428,-485.89795,-398.3164,43.8,-40.598
2679,38727,4803,99.75,16.191405,1.559000045,74.09999847,34.70000076,58.25,127.7561283,14195.12549,328.5227661,0.661000013,640.0,39.39999771,2.4304811403100017,90.81175262125,-485.89795,-398.3164,46.8,-43.598
2680,38728,4803,99.35000038,15.94370261,1.707499981,77.59999847,38.70000076,62.75,106.9660301,9073.602783,362.8460388,0.727999985,420.0,38.89999771,2.9155561851150003,107.14562380775,-485.89795,-398.3164,49.8,-46.598
2681,38729,4803,98.10000038,16.29440984,1.525750041,69.69999695,36.59999847,55.47499943,124.6792927,7825.706543,394.2273254,0.601000011,580.0,33.09999848,2.3279131876115016,84.64098265479747,-485.89795,-398.3164,52.8,-49.598
2682,38730,4803,98.89999962,16.12518732,1.582500011,76.80000305,36.90000153,58.39999962,130.7961903,14611.9082,460.9125061,0.694000006,1900.0,39.90000152,2.504306284815,92.41800004105,-485.89795,-398.3164,55.8,-52.598
2683,38733,4803,98.07499886,16.55192268,1.430500001,66.5,34.59999847,52.07500077,146.2416668,11297.26038,505.0424805,0.488000005,960.0,31.900001529999997,2.046330252861,74.49328865356,-485.89795,-398.3164,58.8,-55.598
2684,38755,4804,99.82500077,16.82415004,1.32524997,58.59999847,30.10000038,49.64999962,50.63908863,5177.911255,172.5970306,0.522000015,510.0,28.499998090000002,1.7562874829850008,65.79866050690501,-385.24268,-552.4336,15.9,-12.518999
2685,38756,4804,99.20000077,15.76712255,1.732749999,80.90000153,34.5,64.29999924,55.00304699,5896.247925,170.6357117,0.80400002,310.0,46.40000153,3.0024225590344997,111.41582361881001,-385.24268,-552.4336,18.9,-15.518999
2686,38757,4804,99.67500115,15.21531028,2.009500027,88.80000305,38.0,75.20000076,61.08316804,5896.248169,176.5196838,0.930000007,620.0,50.80000305,4.038090358513001,151.11440355762002,-385.24268,-552.4336,21.9,-18.519
2687,38758,4804,99.72500038,14.64142507,2.307500005,104.8000031,47.29999924,87.375,74.78796196,8394.492066,198.0943298,1.065999985,700.0,57.50000386,5.324556273075,201.617812936875,-385.24268,-552.4336,24.9,-21.519
2688,38759,4804,99.85000229,14.61444748,2.31099999,107.0,45.59999847,87.94999886,67.8742733,7261.824219,220.6496277,1.152999997,840.0,61.40000153,5.34072095378,203.25244648596,-385.24268,-552.4336,27.9,-24.519
2689,38761,4804,99.82500267,14.57520711,2.353999973,103.8000031,43.90000153,89.27499962,80.26742934,10110.65576,233.3982697,1.208999991,900.0,59.90000157,5.5413158728840015,210.15334669505503,-385.24268,-552.4336,30.9,-27.519
2690,38766,4804,98.29999924,17.11599743,1.241499961,51.90000153,28.0,45.42500019,68.62203121,6641.553589,294.1994934,0.537999988,1020.0,23.900001529999997,1.5413221531630013,56.395135964309986,-385.24268,-552.4336,38.8,-35.419
2691,38768,4804,97.99999809,16.55192268,1.419499994,59.70000076,31.79999924,51.69999981,69.57818223,8262.102418,451.1058655,0.522000015,1040.0,27.900001520000004,2.014980232966,73.388149420095,-385.24268,-552.4336,41.8,-38.419
2692,38769,4804,96.82500076,16.45382219,1.428499997,61.79999924,32.20000076,51.47500038,89.11792755,8323.393799,519.7524414,0.508000016,1040.0,29.599998479999996,2.040612241429,73.532037888405,-385.24268,-552.4336,44.8,-41.419
2693,38770,4804,99.05000115,16.06877982,1.6065,73.09999847,35.79999924,59.42500019,93.61673164,9093.216064,382.4593506,0.625,1000.0,37.299999230000005,2.5808422500000003,95.466262805235,-385.24268,-552.4336,47.8,-44.419
2694,38771,4804,99.85000038,16.29195752,1.517249972,71.40000153,35.70000076,56.82499981,122.056015,11299.71216,387.3626709,0.60799998,760.0,35.700000769999995,2.3020474775340003,86.21772937062251,-385.24268,-552.4336,50.8,-47.419
2695,38772,4804,99.82500076,16.28705258,1.527999997,72.59999847,36.0,57.07499981,126.9961128,10093.49414,460.9125061,0.708000004,1000.0,36.59999847,2.334783990832,87.210599538455,-385.24268,-552.4336,53.8,-50.419
2696,38773,4804,98.39999962,17.2508848,1.172500014,55.90000153,28.39999962,43.25,129.0800228,9659.549804,529.559082,0.419,1070.0,27.500001909999998,1.37475628283,50.7106256055,-385.24268,-552.4336,56.8,-53.419
2697,38791,4806,99.42500114,17.348985,1.182749987,48.90000153,26.10000038,43.82499981,33.6490674,3819.690064,154.9450684,0.437999994,1020.0,22.800001149999996,1.3988975317485002,51.834017955552504,-309.83252,-829.78906,13.9,-11.455999
2698,38792,4806,99.80000115,16.90998745,1.332500011,59.5,30.79999924,49.47500038,43.34539127,4474.283936,196.1329956,0.414999992,720.0,28.70000076,1.7755562793150002,65.92543855057501,-309.83252,-829.78906,16.9,-14.455999
2699,38793,4806,99.75000191,15.66902264,1.849999964,84.40000153,38.09999847,68.90000153,50.21004677,5977.153076,163.7710419,0.889999986,380.0,46.300003059999995,3.4224998668000013,127.46500035009994,-309.83252,-829.78906,19.9,-17.456
2700,38794,4806,99.89999963,15.04854009,2.108750045,95.30000305,43.90000153,79.125,67.08974266,9196.185669,186.3263397,0.916999996,840.0,51.40000152,4.446826752287501,166.854847310625,-309.83252,-829.78906,22.9,-20.456
2701,38795,4806,99.82500077,14.67085499,2.270999968,106.8000031,45.0,86.39999962,74.83699798,10368.08032,215.7463074,1.029999971,760.0,61.8000031,5.157440854656,196.21439637222002,-309.83252,-829.78906,25.9,-23.456
2702,38796,4806,99.92500115,14.59237512,2.33100003,111.3000031,47.29999924,88.70000077,89.69406893,13263.49365,278.5088501,1.162999988,480.0,64.00000385999999,5.43356113986,206.75970445587,-309.83252,-829.78906,28.9,-26.456
2703,38797,4806,99.80000115,14.60218499,2.346000016,109.0999985,48.5,88.75000191,101.2536564,14881.59082,302.0447998,1.208999991,480.0,60.5999985,5.503716075072001,208.20750590086,-309.83252,-829.78906,31.9,-29.456
2704,38799,4806,99.59999847,15.50470477,1.861750037,81.80000305,39.0,69.99999905,119.8495216,19858.46582,305.9674683,1.059999943,580.0,42.80000305,3.4661132002695014,130.32250082133746,-309.83252,-829.78906,34.8,-32.356
2705,38800,4806,96.0,16.56663749,1.393999994,54.59999847,29.39999962,49.47500038,56.37597656,4452.218994,549.1723633,0.462000012,1100.0,25.199998850000004,1.9432359832720003,68.96815023287,-309.83252,-829.78906,37.8,-35.356
2706,38801,4806,96.22500038,15.88974772,1.653999984,72.40000153,37.0,58.89999962,85.24430466,5874.183349,588.3989868,0.587000012,1030.0,35.40000153,2.735715947072,97.42059842908,-309.83252,-829.78906,40.8,-38.356
2707,40981,6129,103.9000015,13.97597977,3.38499999,116.6999969,45.40000153,129.5333328,35.85000102,5670.0,16.29999924,1.25999999,66.7457962,71.29999537,11.458224932299998,438.4703302326667,4166.9565,-107.53906,1.8,-19.3356
2708,40982,6129,101.4000015,13.35467997,3.895999908,131.3000031,53.40000153,148.0000051,9.133333523,621.6666667,18.89999962,1.389999986,58.48077011,77.90000157,15.178815283136007,576.6080062535996,4166.9565,-107.53906,3.8,-21.3356
2709,40983,6129,102.4000015,13.19772004,4.073999882,133.8000031,55.29999924,156.4666697,12.05000019,1069.666667,28.39999962,1.429999948,57.80588531,78.50000385999999,16.59747503853601,637.445193894733,4166.9565,-107.53906,4.8,-22.335602
2710,40984,6129,102.5,13.37430011,3.875,130.0,53.70000076,146.6333364,12.10000038,1023.0,30.79999924,1.450000048,37.7425499,76.29999924,15.015625,568.2041785499999,4166.9565,-107.53906,5.8,-23.335602
2711,40985,6129,101.1999969,13.28928004,3.806999922,127.4000015,56.0,146.8999939,10.96666686,550.6666667,31.79999924,1.379999995,85.27484894,71.4000015,14.493248406108007,559.2482653191005,4166.9565,-107.53906,6.8,-24.335602
2712,40986,6129,100.5999985,13.10615966,3.937000036,124.0,52.09999847,149.6666667,18.21666654,1306.666667,42.40000153,1.720000029,92.16345215,71.90000153,15.499969283464003,589.2376721859,4166.9565,-107.53906,8.8,-26.335602
2713,40987,6129,100.6999969,13.16829023,3.90199995,116.0,57.09999847,145.800003,21.11666679,2210.0,52.90000153,1.820000052,74.59893799,58.90000153,15.225603609800002,568.9116044159998,4166.9565,-107.53906,9.8,-27.335602
2714,40988,6129,100.3000031,12.98516986,3.911999941,121.9000015,57.09999847,149.9666697,22.70000013,2146.666667,67.5,1.850000024,88.02727509,64.80000303,15.303743538384003,586.6696030183665,4166.9565,-107.53906,10.8,-28.335602
2715,40990,6129,98.90000153,15.25455027,1.998999953,54.20000076,29.70000076,73.73333232,35.33333333,5626.666667,104.0,0.579999983,161.0434418,24.5,3.9960008120940023,147.3929278422134,4166.9565,-107.53906,14.8,-32.3356
2716,40995,6129,100.3000031,17.13152988,1.24000001,33.29999924,19.5,47.33333333,29.10000038,4286.666667,142.0,0.352999985,1965.477173,13.799999239999998,1.5376000248,58.69333380253333,4166.9565,-107.53906,18.8,-36.3356
2717,40996,6129,97.5,17.16095969,1.149999976,33.0,24.70000076,43.90000153,33.21666718,3720.0,200.0,0.317999989,1410.177002,8.299999239999998,1.3224999448000003,50.48500070589996,4166.9565,-107.53906,19.8,-37.3356
2718,40997,6129,101.4000015,17.87709003,1.118000031,30.0,23.29999924,40.79999924,27.18333403,3733.333333,224.0,0.27700001,2490.782715,6.700000760000002,1.249924069316001,45.614400415119974,4166.9565,-107.53906,20.8,-38.3356
2719,40998,6129,98.69999695,18.09290997,1.024999976,28.39999962,21.5,37.19999949,32.39999962,5412.333333,172.0,0.323000014,2183.689941,6.899999619999999,1.0506249508000005,38.129998584450014,4166.9565,-107.53906,21.8,-39.3356
2720,40999,6129,97.5,17.35061998,1.238999963,34.5,21.20000076,44.80000051,27.83333302,4570.0,248.0,0.402999997,1589.96875,13.299999239999998,1.5351209083140012,55.50719897428997,4166.9565,-107.53906,23.8,-41.3356
2721,41000,6129,99.19999695,17.39640017,1.15199995,33.40000153,22.20000076,43.09999974,50.90000026,8446.666667,226.0,0.333000004,1622.343628,11.200000769999995,1.3271038848000025,49.65119754548002,4166.9565,-107.53906,24.8,-42.3356
2722,41014,6129,97.40000153,14.2686449,2.874000072,121.0,55.90000153,99.95000078,45.72500014,14250.0,492.0,1.889999986,23.89895248,65.09999847,8.259876413856004,287.25630943812,4166.9565,-107.53906,37.5,-55.0356
2723,41161,6131,102.0666682,13.5116399,3.38499999,133.3999939,42.20000076,133.699997,18.59999975,1.389999986,45.20000076,1.450000048,139.2175293,91.19999314,11.458224932299998,452.574488508,2451.9397,-2833.625,8.8,-29.3
2724,41162,6131,100.0666682,13.4658601,3.230666717,129.5,43.20000076,125.5999985,18.46666686,1.266666651,48.40000153,1.381999969,139.9633942,86.29999924,10.437207436331558,405.7717348091999,2451.9397,-2833.625,9.8,-30.3
2725,41164,6131,100.9666698,13.71110987,3.046666702,99.59999847,43.29999924,119.1333313,24.58333334,1.586666664,80.0,1.319000006,117.4681931,56.299999230000005,9.282177993075557,362.95955357004436,2451.9397,-2833.625,13.8,-34.3
2726,41165,6131,99.46666717,13.69149012,2.946000019,107.0999985,37.40000153,113.6666692,27.34999975,2.093333324,82.19999695,1.394000053,134.5614929,69.69999697,8.678916111948,334.8620096228667,2451.9397,-2833.625,14.8,-35.3
2727,41166,6131,99.86666617,13.79939971,2.880333344,108.0999985,39.0,111.3666661,26.41666571,2.0,84.09999847,1.315999985,151.871521,69.0999985,8.296320172558222,320.7731217779444,2451.9397,-2833.625,15.8,-36.3
2728,41168,6131,99.50000256,16.85030999,1.304999987,40.79999924,22.39999962,48.96666717,35.40000026,3.756666581,180.1000061,0.375,1099.664551,18.39999962,1.70302496607,63.90150002028333,2451.9397,-2833.625,16.8,-37.3
2729,41171,6131,100.899999,17.87381987,1.047999998,34.09999847,24.0,39.56666565,35.53333346,4.550000032,316.1000061,0.312999994,1045.854248,10.099998470000003,1.0983039958080003,41.46586552206667,2451.9397,-2833.625,19.8,-40.3
2730,41172,6131,100.0000026,16.64757026,1.404999972,46.5,22.20000076,52.4666659,25.29999987,3.110000133,163.3000031,0.617999971,314.3403015,24.29999924,1.9740249213200005,73.71566412043336,2451.9397,-2833.625,21.8,-42.3
2731,41173,6131,99.80000048,16.79144997,1.36500001,50.70000076,22.0,50.86666616,53.45000078,6.379999955,158.8000031,0.586000025,528.2289429,28.70000076,1.8632250273,69.43299981706666,2451.9397,-2833.625,23.8,-44.3
2732,41174,6131,97.13333384,17.27213982,1.175333341,38.59999847,17.5,42.5,39.90000025,5.453333378,187.6000061,0.398999989,1100.548096,21.099998470000003,1.3814084624662222,49.9516669925,2451.9397,-2833.625,24.8,-45.3
2733,41177,6131,96.33333333,16.76855968,1.338999987,52.09999847,25.89999962,47.80000051,75.71666718,8.693333467,240.6999969,0.625999987,565.8366089,26.199998850000004,1.792920965186,64.00420006149,2451.9397,-2833.625,28.8,-49.3
2734,41178,6131,97.10000102,16.58544009,1.379333337,53.79999924,27.89999962,49.89999898,78.43333435,5.076666753,288.6000061,0.579999983,746.7662354,25.89999962,1.9025604545595558,68.82873210938,2451.9397,-2833.625,29.8,-50.3
2735,41180,6131,88.46666718,16.35327015,1.288999994,38.40000153,28.39999962,42.66666667,34.61666743,2.419999917,928.0999756,0.363000005,1299.891479,10.000001909999998,1.6615209845320003,54.99733308163,2451.9397,-2833.625,31.8,-52.3
2736,41183,6131,98.0,17.43564006,1.142999967,41.59999847,25.29999924,39.10000102,79.76666768,6.676666578,694.0999756,0.34799999,1074.499268,16.299999230000005,1.306448924562001,44.69129987555996,2451.9397,-2833.625,35.0,-55.5
2737,41200,6131,98.86666616,18.20735987,1.02366666,39.20000076,25.39999962,33.90000025,134.5,8.133333365,671.5999756,0.386999995,1657.385498,13.800001140000003,1.0478934307955554,34.702300029916664,2451.9397,-2833.625,55.3,-75.8
2738,41202,6131,101.0000026,18.16485022,0.903999984,35.70000076,24.60000038,35.29999923,146.5333303,20.3233331,575.9000244,0.388000011,945.7371826,11.10000038,0.8172159710720003,31.91119873912001,2451.9397,-2833.625,57.3,-77.8
2739,41228,6132,101.2666651,13.57704023,3.264333328,132.1999969,43.09999847,127.3000005,18.46666718,1.226666649,44.29999924,1.268000007,159.0022888,89.09999843,10.655872076291557,415.5496342865667,2034.1492,-3150.0,9.8,-29.05
2740,41229,6132,101.2666651,13.33505983,3.546666622,128.1000061,48.09999847,138.7666626,22.81666692,1.773333351,50.59999847,1.547000051,139.5231171,80.00000763,12.57884412760889,492.1590904897557,2034.1492,-3150.0,11.8,-31.05
2741,41230,6132,99.73333233,13.51491005,3.170333306,119.4000015,45.40000153,121.899999,22.29999987,1.536666711,74.80000305,1.411999941,122.2083817,73.99999997,10.051013271132888,386.4636268310667,2034.1492,-3150.0,13.7,-32.95
2742,41231,6132,99.23333232,13.83537021,2.87500008,106.6999969,41.59999847,109.1999995,28.53333346,2.2566667,75.90000153,1.164000034,139.7980499,65.09999843,8.265625460000006,313.95000729849994,2034.1492,-3150.0,14.8,-34.05
2743,41232,6132,100.2999979,13.86480003,2.915999969,109.8000031,37.59999847,112.0666656,27.29999987,2.863333344,76.69999695,1.585999966,120.613945,72.20000463,8.503055819208,326.7863934155333,2034.1492,-3150.0,15.8,-35.05
2744,41233,6132,100.0333354,13.9040403,2.856333335,108.1999969,38.09999847,109.5033341,23.05000019,1.76000003,76.5,1.039999962,146.9538727,70.09999843,8.158640120632223,312.7780234834722,2034.1492,-3150.0,16.8,-36.05
2745,41235,6132,97.06666565,17.32445993,1.180333336,39.59999847,24.60000038,42.33333206,29.28333283,3.896666726,209.3999939,0.398000002,1285.016357,14.999998090000002,1.3931867840728887,49.96744305437554,2034.1492,-3150.0,18.8,-38.05
2746,41238,6132,97.96666717,17.82804007,1.061000009,37.40000153,21.20000076,38.43333308,23.75,3.24333334,294.6000061,0.340999991,1354.351074,16.200000769999995,1.125721019098,40.77776674377999,2034.1492,-3150.0,21.8,-41.05
2747,41239,6132,98.46666718,16.51023008,1.437333345,44.40000153,24.60000038,52.23333359,28.51666737,3.643333316,161.5,0.654999971,242.4766998,19.800001149999996,2.065927144648889,75.07671208941557,2034.1492,-3150.0,23.8,-43.05
2748,41241,6132,98.96666463,16.39578019,1.514333328,53.79999924,25.0,55.46666717,13.61666679,1.123333355,164.1000061,0.566999972,400.9154968,28.79999924,2.2932054282915555,83.99502268861444,2034.1492,-3150.0,24.8,-44.05
2749,41242,6132,98.10000102,16.43828984,1.458666642,52.90000153,24.39999962,47.26666641,22.54999987,3.653333346,166.6000061,0.643999994,188.3961792,28.500001909999998,2.127708372483556,68.94630957080889,2034.1492,-3150.0,25.8,-45.05
2750,41248,6132,100.2333349,17.48796016,1.156000018,41.5,23.0,39.43333308,34.71666718,2.856666684,339.0,0.379000008,1422.268311,18.5,1.3363360416160004,45.584933750279994,2034.1492,-3150.0,30.0,-49.25
2751,41259,6132,97.83333588,16.69335006,1.233999968,62.79999924,30.10000038,48.9666659,68.61666617,3.886666695,425.0,0.375,1607.14978,32.699998859999994,1.522755921024001,60.4248641536667,2034.1492,-3150.0,39.4,-58.65
2752,41276,6132,99.59999846,18.79923024,0.830999991,37.40000153,22.70000076,31.0,77.00000128,8.309999863,578.4000244,0.307000011,1756.080811,14.700000769999995,0.690560985042,25.760999721,2034.1492,-3150.0,57.3,-76.55
2753,41296,6133,100.7666677,13.25003976,3.742666642,135.6999969,50.40000153,143.3000031,21.76666641,1.369999965,48.70000076,1.707999945,109.11866,85.29999537,14.007553593139557,536.3241414008666,3828.4238,-598.73047,9.9,-29.0
2754,41297,6133,100.0666682,13.17809991,3.794333378,131.6999969,52.0,143.7666677,22.46666654,1.403333346,59.90000153,1.949000001,125.3961639,79.6999969,14.396965783404893,545.4986658979445,3828.4238,-598.73047,10.8,-29.900002
2755,41298,6133,100.0999985,13.30890017,3.60133338,110.4000015,51.59999847,136.600001,25.78333346,2.476666689,72.30000305,1.81400001,112.8508987,58.80000303,12.969602113902223,491.94214330933335,3828.4238,-598.73047,11.9,-31.0
2756,41299,6133,100.3000005,13.26638974,3.656666676,133.5,49.5,139.3666687,27.56666629,3.016666572,78.09999847,1.715000033,116.1044617,84.0,13.371211179368888,509.6174531804222,3828.4238,-598.73047,13.9,-33.0
2757,41300,6133,100.1999995,14.17217958,2.713333368,102.0999985,43.20000076,102.7333323,35.53333283,4.863333384,92.5,1.376999974,69.23583984,58.899997739999996,7.362177965902222,278.7497785354222,3828.4238,-598.73047,14.9,-34.0
2758,41302,6133,98.80000051,16.30748996,1.541000008,46.0,25.0,56.33333333,31.46666654,3.589999914,104.5999985,0.605000019,448.6701965,21.0,2.3746810246559997,86.80966711219666,3828.4238,-598.73047,15.9,-35.0
2759,41303,6133,98.03333537,17.28194989,1.21966668,36.09999847,23.29999924,44.06666692,29.2166659,6.013333321,196.3999939,0.377999991,1242.813232,12.799999230000005,1.4875868103022225,53.74664534098223,3828.4238,-598.73047,16.9,-36.0
2760,41305,6133,98.8666636,17.55335971,1.164333343,34.40000153,21.29999924,42.33333334,30.36666679,4.430000067,148.1999969,0.398999989,490.6726379,13.100002289999999,1.3556721336215556,49.29011152809556,3828.4238,-598.73047,19.9,-39.0
2761,41306,6133,98.76666769,17.64164994,1.13866667,31.20000076,21.79999924,41.36666616,38.9666659,6.883333365,377.1000061,0.323000014,1091.912231,9.400001520000004,1.296561785368889,47.10284400540889,3828.4238,-598.73047,20.8,-39.9
2762,41307,6133,95.86666616,17.89343962,1.048333327,28.0,23.29999924,36.80000051,28.54999987,5.163333416,302.6000061,0.321999997,1220.339355,4.700000760000002,1.0990027644988887,38.57866696824999,3828.4238,-598.73047,21.9,-41.0
2763,41309,6133,96.80000051,17.49123031,1.124333342,32.59999847,22.0,40.30000051,54.40000216,9.663333576,224.1000061,0.43599999,1152.626709,10.599998470000003,1.2641254639328887,45.31063425601,3828.4238,-598.73047,23.9,-43.0
2764,41310,6133,97.46666718,17.45852996,1.137666663,36.59999847,20.79999924,41.16666667,64.43333308,11.49666659,242.3999939,0.400999993,953.9661255,15.799999230000005,1.2942854361015557,46.83394429729222,3828.4238,-598.73047,24.9,-44.0
2765,41316,6133,95.80000051,16.28786982,1.478666663,57.20000076,29.39999962,52.59999975,82.90000153,5.449999968,480.8999939,0.398999989,1269.391235,27.800001140000003,2.1864551002675556,77.77786610413334,3828.4238,-598.73047,31.4,-50.5
