global_id,borehole_id,Sr,gamma_t,e,LL,PL,w,su,E50,Pc,Cc,Cv,PI,e_squared,moisture_void_ratio,x,y,z_depth,elevation
2698,173,98.3000,17.0056,1.3073,53.7000,32.5000,47.3250,50.3204,2834.1218,240.2629,0.5100,1060.0000,21.2000,1.7089,61.8656,-736.7827,1296.5430,18.1000,-11.9100
2699,173,99.8750,15.4753,1.9762,79.7000,42.7000,72.6000,56.6089,3731.4301,194.1717,0.7800,278.0000,37.0000,3.9056,143.4758,-736.7827,1296.5430,19.6000,-13.4100
2700,173,100.2250,15.5439,1.9055,76.8000,42.4000,70.8750,70.8408,6906.3331,213.7850,0.8300,273.0000,34.4000,3.6309,135.0523,-736.7827,1296.5430,21.1000,-14.9100
2702,173,93.3500,17.9597,1.0197,55.5000,23.9000,34.6750,29.3832,1745.5837,148.0804,0.3900,1660.0000,31.6000,1.0399,35.3598,-736.7827,1296.5430,22.6000,-16.4100
2714,174,100.5500,17.0866,1.2235,56.8000,29.4000,46.6000,26.9193,1667.1305,121.6025,0.5200,543.0000,27.4000,1.4970,57.0151,-661.2793,1234.8750,11.6000,-5.4900
2715,174,101.0250,17.2018,1.2195,48.8000,24.6000,46.3250,35.6594,2561.9872,133.3704,0.3900,600.0000,24.2000,1.4872,56.4933,-661.2793,1234.8750,13.1000,-6.9900
2717,174,98.7500,18.2883,0.9365,31.4000,22.6000,34.4500,26.5147,1814.2303,641.3549,0.2100,2710.0000,8.8000,0.8770,32.2624,-661.2793,1234.8750,14.6000,-8.4900
2718,174,97.4750,17.9915,0.9898,34.6000,25.5000,36.0000,27.9490,2635.5373,304.0061,0.2900,3010.0000,9.1000,0.9796,35.6310,-661.2793,1234.8750,16.1000,-9.9900
2719,174,100.2000,16.7825,1.3575,46.7000,25.7000,51.0750,33.8697,1897.5867,141.2158,0.5400,534.0000,21.0000,1.8428,69.3343,-661.2793,1234.8750,17.6000,-11.4900
2720,174,98.5750,15.6641,1.7228,72.8000,34.0000,64.4750,50.5901,4199.6978,145.1384,0.8000,247.0000,38.8000,2.9679,111.0743,-661.2793,1234.8750,19.1000,-12.9900
2721,174,100.8750,15.2570,2.0043,72.0000,32.6000,76.2750,46.2016,3554.9105,132.3898,0.9100,246.0000,39.4000,4.0170,152.8742,-661.2793,1234.8750,20.6000,-14.4900
2722,174,100.6500,15.2300,1.9690,79.0000,38.8000,75.4500,53.0295,4947.4548,148.0804,0.9300,223.0000,40.2000,3.8770,148.5611,-661.2793,1234.8750,22.1000,-15.9900
2723,174,101.0000,16.4685,1.4965,75.7000,32.5000,56.4250,41.6905,3652.9771,143.1771,0.6700,286.0000,43.2000,2.2395,84.4400,-661.2793,1234.8750,23.6000,-17.4900
2740,175,99.6250,14.5409,2.4920,57.4000,34.8000,92.9750,20.9127,1390.0926,52.9559,0.5300,384.0000,22.6000,6.2101,231.6937,-661.2109,1358.1289,8.9000,-4.3800
2741,175,97.0250,15.1491,1.9920,91.1000,46.7000,72.8250,11.7435,536.9141,49.0332,0.7600,204.0000,44.4000,3.9681,145.0674,-661.2109,1358.1289,10.4000,-5.8800
2747,175,100.3250,16.6525,1.4165,52.5000,30.6000,53.2500,26.1838,1988.2982,92.1825,0.6200,621.0000,21.9000,2.0065,75.4286,-661.2109,1358.1289,16.0000,-11.4800
2748,175,100.3750,15.1000,2.0827,82.6000,42.6000,78.8250,46.1648,3721.6235,129.4478,0.9600,267.0000,40.0000,4.3378,164.1728,-661.2109,1358.1289,17.5000,-12.9800
2750,175,101.4750,14.9603,2.1870,86.6000,43.2000,84.0250,30.0942,2642.8921,114.7378,1.0200,240.0000,43.4000,4.7830,183.7627,-661.2109,1358.1289,19.0000,-14.4800
2751,175,101.3750,15.7524,1.7800,76.9000,39.8000,68.2500,42.1563,3032.7065,145.1384,0.8600,291.0000,37.1000,3.1684,121.4850,-661.2109,1358.1289,20.5000,-15.9800
2815,179,100.2500,14.4158,2.8547,61.8000,32.4000,103.3000,3.2607,98.0665,29.4200,0.5100,591.0000,29.4000,8.1496,294.8957,-560.4609,1419.6992,4.4000,1.5200
2816,179,99.6000,13.4667,3.6118,125.4000,48.8000,131.7000,3.8123,188.7780,24.5166,1.2800,172.0000,76.6000,13.0447,475.6675,-560.4609,1419.6992,6.2000,-0.2800
2817,179,95.2250,13.7904,3.0378,91.9000,39.7000,104.0250,2.3781,93.1632,13.7293,0.8000,166.0000,52.2000,9.2279,316.0019,-560.4609,1419.6992,7.7000,-1.7800
2818,179,92.5000,12.9492,3.6120,117.8000,49.0000,121.7250,1.4587,44.1299,9.8067,1.0400,117.0000,68.8000,13.0465,439.6707,-560.4609,1419.6992,9.1000,-3.1800
2819,179,97.0000,13.4372,3.4712,103.9000,45.1000,122.2750,3.8491,247.6179,13.7293,1.1100,120.0000,58.8000,12.0496,424.4471,-560.4609,1419.6992,10.6000,-4.6800
2820,179,97.9250,13.3367,3.6633,110.9000,46.9000,130.9000,3.3220,201.0363,15.6906,1.2500,98.5000,64.0000,13.4194,479.5194,-560.4609,1419.6992,12.1000,-6.1800
2821,179,99.5000,13.7463,3.2485,93.4000,43.7000,119.1250,5.3814,357.9427,20.5940,0.8800,123.0000,49.7000,10.5528,386.9776,-560.4609,1419.6992,13.6000,-7.6800
2822,179,91.8000,13.7242,2.8020,83.8000,41.8000,94.8750,4.5724,152.0031,17.6520,0.7800,332.0000,42.0000,7.8512,265.8397,-560.4609,1419.6992,15.1000,-9.1800
2823,179,94.1750,16.5764,1.4583,89.3000,39.1000,50.3000,6.7788,272.1345,24.5166,0.9100,207.0000,50.2000,2.1265,73.3500,-560.4609,1419.6992,16.6000,-10.6800
2824,179,98.7250,16.3410,1.6070,40.7000,22.9000,57.8750,11.7557,544.2691,56.8786,0.3600,697.0000,17.8000,2.5824,93.0051,-560.4609,1419.6992,18.1000,-12.1800
2825,179,95.7500,15.7132,1.8365,82.8000,38.6000,64.1750,13.3616,725.6921,56.8786,0.5500,190.0000,44.2000,3.3727,117.8574,-560.4609,1419.6992,19.6000,-13.6800
2829,179,96.0000,16.1276,1.6345,74.6000,37.4000,57.5000,23.6340,853.1785,145.1384,0.5800,514.0000,37.2000,2.6716,93.9838,-560.4609,1419.6992,30.4000,-24.4800
2834,180,100.3500,14.5777,2.6488,75.5000,35.1000,96.6750,2.8194,152.0031,10.7873,0.7100,123.0000,40.4000,7.0159,256.0679,-459.7783,1358.0195,4.8000,0.9700
2835,180,99.3250,14.8008,2.3647,65.8000,34.1000,86.0750,3.6775,169.1647,14.7100,0.7000,165.0000,31.7000,5.5920,203.5459,-459.7783,1358.0195,7.3000,-1.5300
2836,180,99.9250,13.7953,3.3033,140.0000,51.4000,120.9250,2.8930,115.2281,11.7680,0.8600,83.6000,88.6000,10.9115,399.4455,-459.7783,1358.0195,8.9000,-3.1300
2837,180,98.4000,13.6334,3.3223,88.4000,41.3000,120.0750,2.5375,90.7115,13.7293,0.8700,87.8000,47.1000,11.0373,398.9192,-459.7783,1358.0195,10.4000,-4.6300
2838,180,96.5250,17.5378,1.1643,40.8000,23.5000,41.0500,11.3880,311.3611,125.5251,0.2600,1630.0000,17.3000,1.3555,47.7925,-459.7783,1358.0195,11.9000,-6.1300
2839,180,98.5250,17.0498,1.4035,43.2000,24.5000,49.6000,9.2183,289.2962,30.4006,0.4500,335.0000,18.7000,1.9698,69.6136,-459.7783,1358.0195,13.4000,-7.6300
2840,180,99.2000,16.7236,1.4698,57.5000,27.4000,52.9750,11.6331,615.3673,40.2073,0.4300,222.0000,30.1000,2.1602,77.8600,-459.7783,1358.0195,14.9000,-9.1300
2841,180,95.7500,17.0792,1.2898,48.2000,26.4000,44.9250,8.3234,350.5877,43.1493,0.3900,422.0000,21.8000,1.6635,57.9420,-459.7783,1358.0195,16.4000,-10.6300
2842,180,93.6750,16.1620,1.4852,55.8000,31.4000,51.5750,8.2253,269.6829,137.2931,0.3800,1650.0000,24.4000,2.2060,76.6018,-459.7783,1358.0195,17.9000,-12.1300
2843,180,97.9000,16.3925,1.5525,59.7000,29.1000,55.3500,6.3621,308.9095,77.4725,0.4900,351.0000,30.6000,2.4103,85.9309,-459.7783,1358.0195,19.4000,-13.6300
2844,180,96.7750,15.7034,1.7630,83.3000,39.5000,62.8750,11.5964,512.3974,58.8399,1.1800,86.3000,43.8000,3.1082,110.8486,-459.7783,1358.0195,20.9000,-15.1300
2846,180,95.8000,14.8916,2.0878,50.4000,28.0000,75.6500,17.4068,806.5970,119.6411,0.4000,1370.0000,22.4000,4.3587,157.9383,-459.7783,1358.0195,22.4000,-16.6300
2847,180,97.2250,16.9468,1.3492,35.0000,27.8000,48.0500,13.4351,551.6241,332.4454,0.3000,1590.0000,7.2000,1.8205,64.8315,-459.7783,1358.0195,23.9000,-18.1300
2848,180,94.4500,16.7138,1.1870,90.8000,46.8000,43.3250,9.9415,544.2691,108.8538,0.7500,213.0000,44.0000,1.4090,51.4268,-459.7783,1358.0195,25.4000,-19.6300
2851,180,97.9750,16.0344,1.4963,96.8000,41.8000,56.5250,43.2105,2199.1411,205.9396,0.8300,72.7000,55.0000,2.2388,84.5755,-459.7783,1358.0195,28.0000,-22.2300
2855,181,97.0500,13.7095,3.1492,84.7000,40.1000,112.7000,1.4465,117.6798,12.7486,0.6800,143.0000,44.6000,9.9178,354.9205,-459.7129,1481.2734,5.4000,1.1700
2856,181,97.4500,12.8364,4.1815,110.2000,50.7000,150.7750,1.1155,29.4200,9.8067,1.3300,75.3000,59.5000,17.4849,630.4657,-459.7129,1481.2734,6.9000,-0.3300
2857,181,98.5000,13.3588,3.4937,106.8000,48.6000,128.6000,1.2994,34.3233,10.7873,1.1400,91.9000,58.2000,12.2063,449.2962,-459.7129,1481.2734,8.4000,-1.8300
2858,181,97.1500,13.1699,3.5438,99.6000,47.1000,129.8250,1.1768,24.5166,11.7680,1.0700,88.9000,52.5000,12.5582,460.0674,-459.7129,1481.2734,9.9000,-3.3300
2859,181,97.2750,13.4152,3.4265,85.7000,41.6000,123.8000,1.1891,24.5166,10.7873,1.0300,90.2000,44.1000,11.7409,424.2007,-459.7129,1481.2734,11.4000,-4.8300
2860,181,95.6750,12.5274,4.3970,125.8000,53.5000,156.6750,2.1452,61.2916,8.8260,1.2600,91.5000,72.3000,19.3336,688.9000,-459.7129,1481.2734,12.9000,-6.3300
2861,181,95.5500,12.9100,3.7842,105.4000,47.0000,134.9750,3.0646,102.9698,13.7293,1.1200,129.0000,58.4000,14.3205,510.7791,-459.7129,1481.2734,14.4000,-7.8300
2862,181,96.0000,15.4875,1.9143,71.0000,32.3000,66.7000,4.9891,144.6481,26.4780,0.5700,132.0000,38.7000,3.6644,127.6805,-459.7129,1481.2734,15.9000,-9.3300
2863,181,97.5750,16.2797,1.5392,46.4000,28.8000,55.4750,11.6086,563.8823,54.9172,0.3900,1980.0000,17.6000,2.3693,85.3899,-459.7129,1481.2734,17.5000,-10.9300
2864,181,97.1000,15.7352,1.7590,62.8000,32.1000,63.1750,5.2466,125.0348,38.2459,0.5300,206.0000,30.7000,3.0941,111.1248,-459.7129,1481.2734,19.0000,-12.4300
2865,181,96.5750,14.5654,2.2892,89.8000,43.4000,82.9500,6.9382,257.4246,25.4973,0.6800,103.0000,46.4000,5.2407,189.8933,-459.7129,1481.2734,20.5000,-13.9300
2866,181,96.8500,14.8033,2.0875,86.3000,40.3000,76.7000,13.6067,701.1754,50.0139,0.6900,95.8000,46.0000,4.3577,160.1113,-459.7129,1481.2734,22.0000,-15.4300
2867,181,96.1000,14.9970,1.9835,96.4000,44.5000,72.4750,12.3932,382.4593,64.7239,0.9400,79.7000,51.9000,3.9343,143.7542,-459.7129,1481.2734,23.5000,-16.9300
2874,181,99.2500,14.8965,2.2750,92.4000,43.6000,83.1500,71.8215,4180.0846,225.5529,1.0600,242.0000,48.8000,5.1756,189.1663,-459.7129,1481.2734,33.0000,-26.4300
2875,181,98.5250,14.6169,2.4390,97.0000,50.4000,88.3500,73.5621,4643.4487,225.5529,1.1100,295.0000,46.6000,5.9487,215.4856,-459.7129,1481.2734,34.5000,-27.9300
2876,181,98.1750,14.3300,2.6392,105.2000,53.6000,95.0750,74.8983,4756.2252,223.5916,0.9700,265.0000,51.6000,6.9656,250.9267,-459.7129,1481.2734,36.0000,-29.4300
2883,182,95.7750,18.3079,0.9663,39.2000,24.1000,33.7250,10.6770,534.4624,670.7748,0.2400,197.0000,15.1000,0.9336,32.5868,-384.2251,1388.7930,12.6000,-7.7700
2884,182,99.1500,15.0829,2.2317,95.8000,46.7000,80.4500,30.2780,1961.3300,149.0611,0.8800,366.0000,49.1000,4.9807,179.5443,-384.2251,1388.7930,14.1000,-9.2700
2885,182,93.2500,15.5121,1.6925,63.0000,31.4000,59.1750,5.5775,250.0696,57.8592,0.8400,849.0000,31.6000,2.8646,100.1537,-384.2251,1388.7930,15.6000,-10.7700
2887,182,96.4500,15.6420,1.6565,58.5000,33.4000,60.7500,19.5888,715.8854,105.9118,0.7400,174.0000,25.1000,2.7440,100.6324,-384.2251,1388.7930,18.6000,-13.7700
2889,182,99.6750,15.0902,2.1537,96.8000,42.0000,79.7250,33.4652,1662.2272,59.8206,0.6900,4880.0000,54.8000,4.6386,171.7077,-384.2251,1388.7930,23.6000,-18.7700
5153,247,97.7667,14.3815,2.3877,84.4000,36.2000,88.6667,3.7919,132.3898,19.6133,0.8700,180.0000,48.2000,5.7010,211.7064,-333.9951,1142.2617,1.9000,-0.1000
5155,247,98.4000,14.2997,2.5597,68.0000,31.2000,94.3333,6.5868,624.0298,18.6326,1.0600,350.0000,36.8000,6.5519,241.4619,-333.9951,1142.2617,4.8000,-3.0000
5156,247,97.4667,14.2278,2.5653,85.4000,34.2000,93.6667,10.4441,568.7857,37.2653,1.5100,90.0000,51.2000,6.5809,240.2862,-333.9951,1142.2617,7.8000,-6.0000
5159,247,97.1667,16.0884,1.5907,45.0000,25.5000,57.1667,7.7473,569.4395,77.4725,0.6700,170.0000,19.5000,2.5302,90.9331,-333.9951,1142.2617,10.9000,-9.1000
5160,247,98.6000,16.5233,1.4353,53.5000,27.8000,52.7000,45.0616,2953.1092,115.7185,0.5100,220.0000,25.7000,2.0602,75.6421,-333.9951,1142.2617,13.9000,-12.1000
5161,247,99.5667,15.1368,2.0630,76.8000,32.1000,76.8667,38.8670,3346.3559,119.6411,0.8100,190.0000,44.7000,4.2560,158.5759,-333.9951,1142.2617,16.9000,-15.1000
5162,247,98.6667,14.5384,2.4027,84.4000,33.6000,88.7333,55.8652,4681.6945,149.0611,1.2000,120.0000,50.8000,5.7728,213.1966,-333.9951,1142.2617,19.9000,-18.1000
5164,247,97.7333,14.7412,2.2447,78.9000,32.8000,81.8333,56.4863,2952.7822,184.3650,1.1100,160.0000,46.1000,5.0385,183.6886,-333.9951,1142.2617,22.9000,-21.1000
5179,248,98.7333,14.9930,2.0413,79.6000,34.6000,76.6333,4.0371,170.3088,15.6906,1.1900,140.0000,45.0000,4.1670,156.4342,-82.4097,710.7500,1.9000,0.0500
5180,248,97.2667,14.3357,2.4750,79.4000,33.9000,90.1000,7.6165,323.6194,27.4586,0.3400,1500.0000,45.5000,6.1256,222.9975,-82.4097,710.7500,4.8000,-2.8500
5183,248,95.7333,14.8752,2.0643,77.0000,34.3000,74.0000,9.3000,336.0412,37.2653,0.6900,170.0000,42.7000,4.2615,152.7607,-82.4097,710.7500,7.8000,-5.8500
5184,248,98.4667,16.4743,1.4853,55.9000,24.0000,54.8000,21.2641,1900.8556,152.0031,0.7300,380.0000,31.9000,2.2062,81.3963,-82.4097,710.7500,10.9000,-8.9500
5191,248,96.0000,15.2513,1.9107,81.6000,31.1000,68.1667,40.9264,2286.5839,107.8732,0.9300,190.0000,50.5000,3.6506,130.2438,-82.4097,710.7500,17.9000,-15.9500
5192,248,99.5000,14.7117,2.3493,95.8000,37.3000,87.0667,41.5475,3899.4509,152.0031,1.2100,400.0000,58.5000,5.5194,204.5486,-82.4097,710.7500,20.9000,-18.9500
5193,248,99.0000,14.6104,2.3933,99.0000,38.1000,88.2667,71.2126,4628.4116,147.0997,1.2900,130.0000,60.9000,5.7280,211.2515,-82.4097,710.7500,23.9000,-21.9500
5194,248,97.8667,14.7183,2.2480,89.8000,35.1000,82.3000,84.3535,8201.3011,156.9064,1.0600,190.0000,54.7000,5.0535,185.0104,-82.4097,710.7500,26.9000,-24.9500
5195,248,97.2000,14.6071,2.3487,89.3000,36.8000,84.4667,82.4412,7800.2091,176.5197,1.0000,250.0000,52.5000,5.5162,198.3840,-82.4097,710.7500,29.9000,-27.9500
5196,248,97.8000,16.7751,1.3327,52.1000,26.5000,48.5333,70.6406,5753.2347,269.6829,0.5700,600.0000,25.6000,1.7760,64.6788,-82.4097,710.7500,32.8000,-30.8500
5197,248,98.2333,16.0328,1.5943,67.9000,27.1000,58.5667,81.1664,4998.4495,254.9729,0.7000,300.0000,40.8000,2.5419,93.3748,-82.4097,710.7500,35.8000,-33.8500
5198,248,98.7667,16.1963,1.5513,67.8000,26.8000,57.1667,78.2571,4850.3691,259.8762,0.6700,300.0000,41.0000,2.4066,88.6846,-82.4097,710.7500,38.8000,-36.8500
5212,249,98.8333,14.4894,2.5013,72.2000,29.6000,92.0667,1.5200,76.8188,13.7293,0.8740,100.0000,42.6000,6.2567,230.2894,-510.3023,1049.9141,1.9000,-0.0500
5214,249,99.2667,15.2709,2.0883,64.4000,33.0000,75.8333,4.1515,295.5071,14.7100,0.5480,190.0000,31.4000,4.3611,158.3653,-510.3023,1049.9141,3.8000,-1.9500
5215,249,100.6000,15.3494,2.0883,64.0000,34.2000,77.0000,5.9167,985.8952,35.3039,0.5480,280.0000,29.8000,4.3611,160.8017,-510.3023,1049.9141,6.8000,-4.9500
5219,249,100.7000,17.5991,1.1770,45.9000,23.2000,43.5667,27.7692,2141.1186,176.5197,0.3190,1700.0000,22.7000,1.3853,51.2780,-510.3023,1049.9141,12.9000,-11.0500
5221,249,99.3667,14.8491,2.2893,89.3000,33.3000,84.1333,38.8180,2918.7860,147.0997,1.0960,110.0000,56.0000,5.2410,192.6092,-510.3023,1049.9141,18.9000,-17.0500
5222,249,99.0333,14.9962,2.1773,77.0000,36.6000,79.8667,51.1580,3798.7693,166.7131,0.9170,220.0000,40.4000,4.7408,173.8964,-510.3023,1049.9141,21.9000,-20.0500
5224,249,96.7000,17.1806,1.3043,51.0000,23.2000,45.9667,42.3157,2663.8129,176.5197,0.4090,1000.0000,27.8000,1.7013,59.9559,-510.3023,1049.9141,24.9000,-23.0500
5238,249,98.5333,14.6234,2.3970,97.3000,48.3000,87.8000,82.3759,5749.6387,353.0394,0.8470,78.0000,49.0000,5.7456,210.4566,-510.3023,1049.9141,32.2000,-30.3500
5254,250,97.3000,14.5057,2.4040,96.8000,33.9000,87.1333,18.9105,979.3574,67.6659,0.8700,150.0000,62.9000,5.7792,209.4685,-258.7231,618.3984,11.9000,-5.9500
5259,250,98.5000,14.3488,2.5453,119.2000,38.9000,93.6333,58.1698,2968.7997,176.5197,0.6900,160.0000,80.3000,6.4787,238.3280,-258.7231,618.3984,15.8000,-9.8500
5265,250,97.3667,15.5488,1.8150,84.0000,31.8000,65.6000,84.5333,4572.1871,225.5529,0.8900,250.0000,52.2000,3.2942,119.0640,-258.7231,618.3984,20.9000,-14.9500
5266,250,96.5333,15.1041,2.0020,85.9000,34.9000,71.8333,56.8622,2795.2221,161.8097,0.8600,320.0000,51.0000,4.0080,143.8103,-258.7231,618.3984,23.9000,-17.9500
5267,250,96.2000,14.8360,2.1373,92.9000,34.3000,76.4333,72.1769,3433.6349,196.1330,0.9100,160.0000,58.6000,4.5682,163.3635,-258.7231,618.3984,26.9000,-20.9500
5268,250,96.5667,14.7804,2.1377,91.4000,37.8000,77.5000,73.6479,4064.2025,225.5529,0.9300,200.0000,53.6000,4.5696,165.6692,-258.7231,618.3984,29.9000,-23.9500
5269,250,96.9000,15.2447,1.9520,78.1000,33.7000,70.2000,84.9910,5344.6243,264.7795,0.8500,165.0000,44.4000,3.8103,137.0304,-258.7231,618.3984,32.8000,-26.8500
5271,250,96.6667,16.5527,1.4377,57.7000,26.9000,51.0333,85.6611,5027.8693,284.3929,0.6900,1100.0000,30.8000,2.0669,73.3689,-258.7231,618.3984,37.2000,-31.2500
5293,251,100.0000,15.3101,2.0713,70.2000,32.5000,77.9000,11.9314,1491.9183,43.1493,1.0470,250.0000,37.7000,4.2904,161.3569,571.8303,-398.8203,10.9000,-9.1500
5306,251,98.7667,15.7418,1.7350,79.5000,30.5000,63.9000,54.5904,4735.6311,193.1910,1.2520,130.0000,49.0000,3.0102,110.8665,571.8303,-398.8203,20.9000,-19.1500
5307,251,98.5000,14.5777,2.3857,107.9000,41.0000,87.6333,60.4743,4400.2435,175.5390,1.3300,210.0000,66.9000,5.6914,209.0639,571.8303,-398.8203,23.9000,-22.1500
5309,251,97.9000,14.1264,2.7387,122.4000,42.5000,99.2333,76.4919,3971.0392,243.2049,1.4800,120.0000,79.9000,7.5003,271.7670,571.8303,-398.8203,29.9000,-28.1500
5310,251,97.7000,14.1035,2.7057,123.4000,43.5000,98.4667,72.7327,4122.7154,259.8762,1.3800,160.0000,79.9000,7.3206,266.4180,571.8303,-398.8203,32.9000,-31.1500
5311,251,98.4000,14.2474,2.6270,117.5000,39.6000,148.7667,77.7994,8247.7191,294.1995,1.3000,200.0000,77.9000,6.9011,390.8100,571.8303,-398.8203,35.9000,-34.1500
5312,251,97.9333,16.2584,1.5470,70.5000,26.3000,56.0333,101.4988,6920.5527,304.0061,0.8300,210.0000,44.2000,2.3932,86.6836,571.8303,-398.8203,38.9000,-37.1500
5313,251,99.3333,16.2421,1.5733,66.6000,26.2000,51.2333,85.3179,5359.3342,299.1028,0.5800,400.0000,40.4000,2.4754,80.6071,571.8303,-398.8203,41.9000,-40.1500
5314,251,97.9667,16.0622,1.6037,78.2000,31.3000,58.3333,101.9892,3585.3112,397.1693,0.7000,120.0000,46.9000,2.5717,93.5472,571.8303,-398.8203,44.9000,-43.1500
5348,252,99.3333,13.9073,3.0293,99.2000,34.3000,116.1667,3.1381,145.1384,16.6713,0.8900,150.0000,64.9000,9.1769,351.9076,773.1687,-737.8438,1.8000,0.4500
5349,252,100.0000,15.2742,2.3313,79.8000,29.5000,95.5000,2.0431,101.6623,15.6906,0.5000,200.0000,50.3000,5.4351,222.6423,773.1687,-737.8438,4.8000,-2.5500
5350,252,100.0000,16.8274,1.3783,62.6000,24.4000,53.3000,17.1616,413.1869,30.4006,0.3900,300.0000,38.2000,1.8998,73.4652,773.1687,-737.8438,7.8000,-5.5500
5351,252,99.2667,15.9870,1.7210,78.5000,31.6000,64.9000,14.7100,973.8003,63.7432,0.5200,190.0000,46.9000,2.9618,111.6929,773.1687,-737.8438,10.9000,-8.6500
5353,252,100.0000,14.3226,2.7405,111.7000,37.6000,104.1500,11.5228,437.8669,23.5360,0.7100,100.0000,74.1000,7.5103,285.4231,773.1687,-737.8438,13.9000,-11.6500
5357,252,97.7000,16.1146,1.5483,67.8000,32.7000,56.6000,39.7169,2482.3899,133.3704,0.7000,200.0000,35.1000,2.3973,87.6357,773.1687,-737.8438,17.8000,-15.5500
5358,252,98.0000,15.2938,1.9470,89.1000,35.6000,71.0333,57.3689,6518.8070,147.0997,0.8400,160.0000,53.5000,3.7908,138.3019,773.1687,-737.8438,20.9000,-18.6500
5359,252,99.0000,14.4599,2.5063,108.5000,38.0000,92.3000,69.9541,4663.7157,152.0031,1.2100,110.0000,70.5000,6.2817,231.3346,773.1687,-737.8438,23.9000,-21.6500
5360,252,98.8000,14.0839,2.7667,123.6000,42.6000,102.3000,75.5112,4452.2191,171.6164,1.3600,150.0000,81.0000,7.6544,283.0300,773.1687,-737.8438,26.9000,-24.6500
5361,252,96.6000,13.9465,2.8140,121.5000,39.2000,100.6000,56.7151,3558.8331,208.8817,1.3300,110.0000,82.3000,7.9186,283.0884,773.1687,-737.8438,29.9000,-27.6500
5362,252,98.7000,14.2049,2.7320,115.9000,37.3000,99.6667,64.3970,3602.6363,233.3983,1.3500,230.0000,78.6000,7.4638,272.2893,773.1687,-737.8438,32.8000,-30.5500
5363,252,98.1667,14.4043,2.5353,107.0000,34.7000,92.0667,87.2792,5727.7373,299.1028,1.2900,150.0000,72.3000,6.4279,233.4197,773.1687,-737.8438,35.8000,-33.5500
5365,252,98.2000,16.2977,1.5427,63.8000,29.0000,55.9667,82.5393,6380.8599,294.1995,0.6000,290.0000,34.8000,2.3798,86.3379,773.1687,-737.8438,41.8000,-39.5500
5367,252,96.4333,16.5102,1.4500,65.5000,27.4000,51.7667,80.5780,4529.3646,292.2382,0.6300,150.0000,38.1000,2.1025,75.0617,773.1687,-737.8438,44.8000,-42.5500
5399,253,99.9333,15.4540,2.1060,92.8000,33.9000,85.3333,0.7028,40.2073,44.1299,0.7400,200.0000,58.9000,4.4352,179.7120,622.0083,-861.0352,4.8000,-2.5000
5401,253,99.8000,17.3245,1.3263,52.3000,26.6000,58.0000,14.3831,851.5441,60.8012,0.4400,400.0000,25.7000,1.7592,76.9273,622.0083,-861.0352,7.8000,-5.5000
5403,253,88.6500,15.9609,1.4815,48.0000,22.2000,48.6500,18.8778,1243.9735,73.5499,0.5300,370.0000,25.8000,2.1948,72.0750,622.0083,-861.0352,10.9000,-8.6000
5404,253,99.8000,16.2503,1.6470,79.3000,31.5000,61.5500,24.6392,2380.5642,69.6272,0.8100,180.0000,47.8000,2.7126,101.3728,622.0083,-861.0352,13.8000,-11.5000
5405,253,99.2333,17.4062,1.1713,55.8000,27.0000,44.1667,13.6476,1393.8518,101.9892,0.4100,400.0000,28.8000,1.3720,51.7339,622.0083,-861.0352,16.8000,-14.5000
5407,253,97.1500,17.4667,1.1330,58.6000,27.9000,40.8500,45.9687,2035.3701,156.9064,0.4500,500.0000,30.7000,1.2837,46.2830,622.0083,-861.0352,19.8000,-17.5000
5409,253,99.0667,15.6371,1.8580,84.6000,36.8000,67.8000,48.3795,7411.2122,142.1964,0.8600,150.0000,47.8000,3.4522,125.9724,622.0083,-861.0352,21.8000,-19.5000
5410,253,99.1000,14.6038,2.4340,110.3000,39.2000,89.4333,66.5218,5457.4006,176.5197,1.2500,140.0000,71.1000,5.9244,217.6807,622.0083,-861.0352,24.8000,-22.5000
5411,253,99.4000,14.4550,2.5300,114.4000,42.5000,93.6500,41.6783,2531.0963,171.6164,1.3600,200.0000,71.9000,6.4009,236.9345,622.0083,-861.0352,27.8000,-25.5000
5412,253,99.0667,14.2736,2.6893,125.8000,44.0000,98.5000,60.4743,4785.6450,225.5529,1.2900,110.0000,81.8000,7.2325,264.8993,622.0083,-861.0352,30.8000,-28.5000
5413,253,98.7000,14.0021,2.8327,119.9000,41.5000,104.5000,54.1000,4261.6431,219.6690,1.2800,140.0000,78.4000,8.0240,296.0137,622.0083,-861.0352,33.8000,-31.5000
5414,253,98.0667,14.3226,2.5300,115.9000,42.1000,92.8667,91.5287,7406.3089,251.0502,1.2700,130.0000,73.8000,6.4009,234.9527,622.0083,-861.0352,36.8000,-34.5000
5415,253,97.6000,15.6600,1.7760,79.8000,33.4000,64.3667,92.1825,6537.1128,294.1995,0.7600,190.0000,46.4000,3.1542,114.3152,622.0083,-861.0352,39.8000,-37.5000
5418,253,98.5333,16.3271,1.4853,68.2000,28.4000,54.7667,89.2405,5117.7635,323.6194,0.6200,340.0000,39.8000,2.2062,81.3468,622.0083,-861.0352,42.8000,-40.5000
5419,253,99.2667,16.1473,1.5800,75.2000,31.0000,58.6000,68.3197,3493.1287,289.2962,0.5700,220.0000,44.2000,2.4964,92.5880,622.0083,-861.0352,45.8000,-43.5000
5421,253,99.0500,16.2110,1.5485,39.8000,26.8000,57.3000,33.3426,2126.5721,568.7857,0.3400,1400.0000,13.0000,2.3979,88.7290,622.0083,-861.0352,48.2000,-45.9000
5461,254,96.2250,17.2165,1.2100,46.4000,24.8000,42.8500,43.7622,5426.5097,164.7517,0.3700,2500.0000,21.6000,1.4641,51.8485,-737.3389,310.5234,13.2000,-7.8000
5463,254,98.5000,16.5298,1.4525,61.6000,29.6000,52.9250,50.2346,5379.4376,128.4671,0.4400,660.0000,32.0000,2.1098,76.8736,-737.3389,310.5234,15.8000,-10.4000
5466,254,98.8250,16.6034,1.4050,60.0000,28.4000,51.7500,46.7900,6475.5759,95.1245,0.7000,320.0000,31.6000,1.9740,72.7088,-737.3389,310.5234,18.8000,-13.4000
5469,254,98.9500,15.0338,2.0800,83.8000,36.5000,77.3250,46.6674,6105.6203,141.2158,0.9800,210.0000,47.3000,4.3264,160.8360,-737.3389,310.5234,21.8000,-16.4000
5472,254,98.9750,14.9357,2.1525,95.0000,36.5000,79.7750,71.4414,10717.9324,154.9451,1.0000,133.0000,58.5000,4.6333,171.7157,-737.3389,310.5234,24.8000,-19.4000
5475,254,98.3000,14.8621,2.2125,90.1000,37.5000,80.8000,71.0737,7021.0710,157.8871,1.0200,178.0000,52.6000,4.8952,178.7700,-737.3389,310.5234,27.8000,-22.4000
5479,254,100.5750,14.9357,2.2425,92.1000,35.3000,84.1000,81.8365,11329.8677,201.0363,1.1500,230.0000,56.8000,5.0288,188.5942,-737.3389,310.5234,30.8000,-25.4000
5482,254,97.1000,16.3091,1.5050,61.0000,28.1000,54.0750,76.6880,9239.0898,215.7463,0.5800,740.0000,32.9000,2.2650,81.3829,-737.3389,310.5234,33.8000,-28.4000
5485,254,97.0000,17.4373,1.1175,46.9000,27.4000,40.4250,83.7120,7188.0291,322.6388,0.3800,3100.0000,19.5000,1.2488,45.1749,-737.3389,310.5234,36.8000,-31.4000
5489,254,97.8000,16.2355,1.5300,66.0000,28.8000,55.6000,90.9076,9444.0489,262.8182,0.6700,250.0000,37.2000,2.3409,85.0680,-737.3389,310.5234,39.7000,-34.3000
5495,254,97.9000,17.2165,1.2425,53.3000,26.7000,44.7750,63.6942,4715.7727,274.5862,0.4200,660.0000,26.6000,1.5438,55.6329,-737.3389,310.5234,45.8000,-40.4000
5498,254,96.1000,15.7941,1.6475,71.0000,28.5000,59.1000,80.8191,3897.1627,327.5421,0.6800,300.0000,42.5000,2.7143,97.3673,-737.3389,310.5234,48.8000,-43.4000
5501,254,97.6000,15.6960,1.7175,76.0000,33.4000,62.7750,96.5219,5736.8900,329.5034,0.7000,240.0000,42.6000,2.9498,107.8161,-737.3389,310.5234,51.5000,-46.1000
5504,254,95.1500,15.4998,1.7350,76.0000,31.3000,61.8250,86.2617,3954.0412,360.8847,0.6400,200.0000,44.7000,3.0102,107.2664,-737.3389,310.5234,54.6000,-49.2000
8677,408,97.5000,17.6482,1.0697,38.4000,21.9000,39.0000,51.3991,4272.5122,159.8484,0.4300,900.0000,16.5000,1.1444,41.7202,344.7246,-1415.5508,12.8000,-12.4500
8681,408,101.6500,16.3655,1.5293,61.3000,28.7000,58.3250,58.7051,5560.6156,138.2738,0.6200,230.0000,32.6000,2.3386,89.1935,344.7246,-1415.5508,15.9000,-15.5500
8683,408,102.6000,16.4906,1.4983,79.5000,35.5000,57.7500,63.0322,6069.8258,142.1964,0.7500,165.0000,44.0000,2.2448,86.5239,344.7246,-1415.5508,18.8000,-18.4500
8685,408,102.0250,15.2742,2.0695,103.1000,41.4000,79.2500,75.2783,6610.9077,145.1384,1.0500,119.0000,61.7000,4.2828,164.0079,344.7246,-1415.5508,21.8000,-21.4500
8687,408,100.9250,14.7248,2.3442,116.8000,40.5000,89.2000,80.3042,6085.7617,171.6164,1.0000,180.0000,76.3000,5.4955,209.1071,344.7246,-1415.5508,24.8000,-24.4500
8689,408,98.9500,14.5433,2.4383,113.0000,40.5000,89.8750,85.8572,6479.7438,210.8430,1.1200,120.0000,72.5000,5.9451,219.1377,344.7246,-1415.5508,27.7000,-27.3500
8691,408,98.5000,14.3520,2.5260,121.7000,43.6000,93.1500,90.7973,9698.7766,253.0116,1.5300,96.5000,78.1000,6.3807,235.2969,344.7246,-1415.5508,30.8000,-30.4500
8693,408,101.8250,14.7665,2.3725,115.2000,43.1000,90.8250,69.0756,5960.2367,226.5336,1.3500,125.0000,72.1000,5.6288,215.4823,344.7246,-1415.5508,33.9000,-33.5500
8695,408,98.9250,14.7395,2.3065,102.9000,42.0000,85.0250,95.2226,8708.5504,227.5143,1.0700,133.0000,60.9000,5.3199,196.1102,344.7246,-1415.5508,36.7000,-36.3500
8697,408,101.0500,16.8928,1.3475,62.6000,30.3000,50.8250,112.2616,13518.9565,273.6055,0.5300,550.0000,32.3000,1.8158,68.4867,344.7246,-1415.5508,39.8000,-39.4500
9185,420,98.7500,16.2797,1.5375,78.8000,35.0000,56.4000,3.8001,308.9095,23.5360,0.8300,41.0000,43.8000,2.3639,86.7150,-383.8696,2066.6836,2.3000,-6.1300
9186,420,102.6500,15.8530,1.6440,87.4000,39.5000,66.4000,6.6685,480.5258,30.4006,0.9400,50.0000,47.9000,2.7027,109.1616,-383.8696,2066.6836,3.8000,-7.6300
9187,420,100.5500,15.8284,1.9455,104.8000,49.8000,72.6000,11.7189,1426.8676,28.4393,1.0700,91.0000,55.0000,3.7850,141.2433,-383.8696,2066.6836,5.3000,-9.1300
9188,420,100.1500,14.4158,2.5495,101.0000,46.3000,95.9500,16.3526,1461.1909,48.0526,1.0800,115.0000,54.7000,6.5000,244.6245,-383.8696,2066.6836,6.8000,-10.6300
9190,420,100.9500,17.5452,1.1910,38.2000,18.4000,44.4000,33.5878,4716.9985,152.0031,0.5100,1300.0000,19.8000,1.4185,52.8804,-383.8696,2066.6836,11.2000,-15.0300
9196,421,100.4500,17.2067,1.3090,45.7000,19.4000,48.1000,11.6209,612.9156,85.3179,0.2700,1550.0000,26.3000,1.7135,62.9629,-283.2564,1881.7500,2.3000,-6.6700
9197,421,100.0000,14.2392,2.8190,73.0000,32.2000,104.1500,12.7977,1711.2604,37.2653,1.0200,105.0000,40.8000,7.9468,293.5989,-283.2564,1881.7500,3.8000,-8.1700
9198,421,100.5500,15.3281,2.0360,79.6000,35.3000,75.9000,14.3177,1730.8737,39.2266,0.7200,135.0000,44.3000,4.1453,154.5324,-283.2564,1881.7500,5.3000,-9.6700
9199,421,99.7000,16.0541,1.6925,63.9000,30.0000,62.5000,14.8816,1294.4778,50.0139,0.8800,120.0000,33.9000,2.8646,105.7812,-283.2564,1881.7500,6.8000,-11.1700
9210,422,98.4500,14.2588,2.7540,70.4000,30.6000,104.7000,3.1381,156.9064,17.6520,0.3800,1300.0000,39.8000,7.5845,288.3438,-182.6387,1696.8203,3.8000,-5.7300
9212,422,100.4000,13.8664,2.9730,94.1000,39.9000,113.4500,7.0118,627.6255,18.6326,0.9300,125.0000,54.2000,8.8387,337.2869,-182.6387,1696.8203,5.3000,-7.2300
9213,422,99.2500,15.6322,1.8080,73.9000,34.5000,67.0000,12.8957,1000.2783,83.3565,0.5000,520.0000,39.4000,3.2689,121.1360,-182.6387,1696.8203,6.8000,-8.7300
9214,422,100.1500,14.9799,2.2280,70.4000,33.8000,82.8000,8.9486,554.0757,52.9559,0.6600,280.0000,36.6000,4.9640,184.4784,-182.6387,1696.8203,8.3000,-10.2300
9216,422,99.3500,17.5059,1.1520,32.8000,22.9000,42.5000,11.7925,411.8793,70.6079,0.2600,3700.0000,9.9000,1.3271,48.9600,-182.6387,1696.8203,9.8000,-11.7300
9217,422,102.5500,18.5998,0.9265,32.7000,22.4000,35.1500,11.9151,666.8522,139.2544,0.1200,3000.0000,10.3000,0.8584,32.5665,-182.6387,1696.8203,11.3000,-13.2300
9218,422,102.2500,17.6776,1.1485,43.9000,23.9000,43.5500,25.9141,2417.3391,88.2598,0.2900,1100.0000,20.0000,1.3191,50.0172,-182.6387,1696.8203,12.8000,-14.7300
9220,422,99.9500,14.6218,2.3690,85.3000,38.5000,89.2500,43.2473,5173.0076,110.8151,1.2200,150.0000,46.8000,5.6122,211.4332,-182.6387,1696.8203,14.3000,-16.2300
9222,422,100.5500,15.2595,2.0150,69.2000,36.1000,76.1000,46.3364,8144.4224,137.2931,1.0100,170.0000,33.1000,4.0602,153.3415,-182.6387,1696.8203,15.8000,-17.7300
9227,423,100.0000,16.3091,1.5895,57.7000,26.3000,59.9000,18.6081,2500.6958,68.6465,0.3400,1300.0000,31.4000,2.5265,95.2110,-82.0015,1542.7031,6.7000,-7.2700
9228,423,99.9000,15.8382,1.7775,63.9000,30.3000,65.6500,22.6534,3054.7714,66.6852,1.0100,210.0000,33.6000,3.1595,116.6929,-82.0015,1542.7031,8.2000,-8.7700
9229,423,98.7000,15.4409,1.8960,69.1000,29.2000,69.6500,19.0494,2049.5899,71.5885,0.9300,140.0000,39.9000,3.5948,132.0564,-82.0015,1542.7031,9.7000,-10.2700
9230,423,98.7500,16.1914,1.5690,63.8000,29.0000,57.7000,24.4921,2633.0856,77.4725,0.5500,440.0000,34.8000,2.4618,90.5313,-82.0015,1542.7031,11.2000,-11.7700
9231,423,97.5500,15.9462,1.6450,64.1000,29.1000,59.6000,32.4845,4290.4092,108.8538,0.8000,250.0000,35.0000,2.7060,98.0420,-82.0015,1542.7031,12.7000,-13.2700
9232,423,98.3000,15.0240,2.1105,67.2000,31.6000,77.2000,33.3181,3819.6899,105.9118,0.9200,190.0000,35.6000,4.4542,162.9306,-82.0015,1542.7031,14.2000,-14.7700
9233,423,99.3500,14.7248,2.3070,82.4000,39.8000,85.6500,34.0536,4378.6691,90.2212,1.0700,100.0000,42.6000,5.3222,197.5946,-82.0015,1542.7031,15.7000,-16.2700
9234,423,99.9500,14.7739,2.2495,78.4000,38.1000,84.9000,42.8796,8654.3682,135.3318,1.1600,160.0000,40.3000,5.0603,190.9826,-82.0015,1542.7031,17.2000,-17.7700
9235,423,100.0000,14.8082,2.2020,69.6000,38.0000,83.8500,48.0036,5619.2104,101.9892,0.9100,120.0000,31.6000,4.8488,184.6377,-82.0015,1542.7031,18.7000,-19.2700
9236,423,99.8500,14.8572,2.1900,65.8000,42.6000,82.6500,51.4359,7070.5945,146.1191,1.0000,205.0000,23.2000,4.7961,181.0035,-82.0015,1542.7031,20.2000,-20.7700
9238,423,97.2500,18.0896,1.0140,42.5000,25.2000,36.1500,13.4841,1358.2210,185.3457,0.3400,1250.0000,17.3000,1.0282,36.6561,-82.0015,1542.7031,21.6000,-22.1700
9247,424,100.8500,15.0142,2.2605,82.3000,35.1000,84.0500,6.7911,372.6527,24.5166,0.7100,275.0000,47.2000,5.1099,189.9950,18.6240,1357.7773,5.4000,-2.2700
9249,424,100.8000,18.7126,0.8900,34.1000,21.7000,33.1500,10.9834,843.3719,146.1191,0.3300,2800.0000,12.4000,0.7921,29.5035,18.6240,1357.7773,6.9000,-3.7700
9250,424,100.5500,18.0357,1.0500,35.1000,20.6000,38.9500,23.2172,1882.8768,216.7270,0.2500,2450.0000,14.5000,1.1025,40.8975,18.6240,1357.7773,8.4000,-5.2700
9251,424,100.0000,17.0645,1.3020,42.2000,24.6000,48.2000,23.3643,2628.1821,102.9698,0.4800,1100.0000,17.6000,1.6952,62.7564,18.6240,1357.7773,9.9000,-6.7700
9252,424,98.9500,16.7457,1.3970,51.1000,25.3000,51.0500,25.3012,3378.3907,82.3759,0.3900,1100.0000,25.8000,1.9516,71.3169,18.6240,1357.7773,11.4000,-8.2700
9254,424,98.2000,15.6371,1.8140,70.5000,32.1000,65.8500,26.4780,2368.3059,97.0858,0.7300,165.0000,38.4000,3.2906,119.4519,18.6240,1357.7773,14.4000,-11.2700
9255,424,99.4500,14.9553,2.1605,86.1000,38.5000,80.4000,26.7722,2069.2031,82.3759,0.8800,145.0000,47.6000,4.6678,173.7042,18.6240,1357.7773,15.9000,-12.7700
9256,424,98.5500,15.0044,2.1450,75.3000,36.7000,78.4500,25.1295,2191.7861,99.0472,0.8200,200.0000,38.6000,4.6010,168.2753,18.6240,1357.7773,17.4000,-14.2700
9257,424,98.9000,14.9161,2.2070,86.1000,35.9000,81.0500,36.4807,3378.3909,176.5197,0.9900,120.0000,50.2000,4.8708,178.8773,18.6240,1357.7773,18.9000,-15.7700
9258,424,99.2333,14.7477,2.2767,89.2000,40.6000,84.8000,27.6711,2219.5717,115.7185,1.0000,200.0000,48.6000,5.1832,193.0613,18.6240,1357.7773,20.4000,-17.2700
9259,424,99.9500,14.5482,2.3990,91.7000,44.0000,90.7500,41.5557,3309.7444,124.5444,1.2200,110.0000,47.7000,5.7552,217.7092,18.6240,1357.7773,21.8000,-18.6700
9260,424,98.4500,14.5629,2.3525,80.5000,38.9000,87.0000,44.8654,4898.4214,132.3898,1.0500,140.0000,41.6000,5.5343,204.6675,18.6240,1357.7773,23.4000,-20.2700
9261,424,98.7000,14.7297,2.2630,74.8000,40.9000,83.7000,45.8461,4991.5846,152.9837,1.1100,145.0000,33.9000,5.1212,189.4131,18.6240,1357.7773,24.8000,-21.6700
9262,424,98.7000,14.5286,2.4080,75.8000,39.5000,89.0000,47.5622,4207.0527,143.1771,1.0100,220.0000,36.3000,5.7985,214.3120,18.6240,1357.7773,26.2000,-23.0700
9263,424,99.1000,14.8720,2.2065,68.0000,41.5000,81.8500,48.2487,5256.3643,146.1191,0.8000,225.0000,26.5000,4.8686,180.6020,18.6240,1357.7773,27.7000,-24.5700
9265,424,96.9000,18.0308,1.0540,28.7000,20.1000,37.1000,26.8702,2593.8588,201.0363,0.3100,2100.0000,8.6000,1.1109,39.1034,18.6240,1357.7773,29.2000,-26.0700
9270,425,100.7000,18.2858,0.9085,26.0000,19.9000,34.2000,11.4002,416.7826,118.6605,0.1200,1800.0000,6.1000,0.8254,31.0707,119.2534,1172.8516,6.3000,-4.4400
9272,425,101.6000,16.9566,1.3565,45.1000,25.2000,51.2000,20.8391,2255.5294,75.5112,0.4300,520.0000,19.9000,1.8401,69.4528,119.2534,1172.8516,7.8000,-5.9400
9274,425,98.8500,17.1086,1.2585,48.8000,23.4000,46.1500,30.0329,4295.3125,96.1052,0.3200,1100.0000,25.4000,1.5838,58.0798,119.2534,1172.8516,9.2000,-7.3400
9275,425,98.4500,16.5936,1.4105,52.8000,25.8000,51.6500,25.4728,2044.6865,95.1245,0.6500,435.0000,27.0000,1.9895,72.8523,119.2534,1172.8516,10.8000,-8.9400
9277,425,98.7500,16.7310,1.3650,59.5000,27.3000,50.2000,33.4162,3623.5571,99.0472,0.4700,285.0000,32.2000,1.8632,68.5230,119.2534,1172.8516,12.3000,-10.4400
9278,425,98.3000,16.2012,1.5485,57.0000,27.5000,56.6500,26.9928,2157.4629,101.9892,0.5200,300.0000,29.5000,2.3979,87.7225,119.2534,1172.8516,13.8000,-11.9400
9279,425,99.5500,15.7303,1.7720,77.7000,33.0000,65.8000,29.1012,2633.0853,104.9312,0.7800,120.0000,44.7000,3.1400,116.5976,119.2534,1172.8516,15.3000,-13.4400
9280,425,99.6500,14.9455,2.1625,84.0000,36.3000,80.9500,35.2794,3677.4937,105.9118,0.9200,160.0000,47.7000,4.6764,175.0544,119.2534,1172.8516,16.8000,-14.9400
9281,425,99.8500,15.2006,2.0195,81.0000,36.3000,75.7000,41.2860,3854.0136,108.8538,0.8500,160.0000,44.7000,4.0784,152.8762,119.2534,1172.8516,18.2000,-16.3400
9282,425,99.8000,14.9946,2.1700,81.5000,36.5000,80.8500,37.4859,4167.8262,115.7185,1.0000,200.0000,45.0000,4.7089,175.4445,119.2534,1172.8516,19.6000,-17.7400
9283,425,100.7000,14.7346,2.3505,94.7000,37.5000,88.7500,44.6203,4148.2128,123.5638,1.0200,180.0000,57.2000,5.5249,208.6069,119.2534,1172.8516,21.1000,-19.2400
9284,425,100.8000,14.5924,2.4265,98.4000,45.2000,92.1000,48.4448,4344.3457,125.5251,1.0300,150.0000,53.2000,5.8879,223.4806,119.2534,1172.8516,22.6000,-20.7400
9285,425,100.6000,14.7346,2.3360,89.0000,40.8000,88.3000,49.6462,4653.2551,135.3318,1.0400,145.0000,48.2000,5.4569,206.2688,119.2534,1172.8516,24.1000,-22.2400
9286,425,100.5500,14.7886,2.2745,91.6000,40.6000,86.3500,48.0036,4819.9685,137.2931,0.9300,150.0000,51.0000,5.1734,196.4031,119.2534,1172.8516,25.6000,-23.7400
9287,425,99.8500,15.1123,2.1010,80.1000,35.9000,78.3000,49.2784,4947.4548,139.2544,0.9000,170.0000,44.2000,4.4142,164.5083,119.2534,1172.8516,27.1000,-25.2400
9288,425,100.2500,14.5679,2.4410,83.4000,41.6000,92.0000,55.9960,5933.0230,154.9451,1.0400,260.0000,41.8000,5.9585,224.5720,119.2534,1172.8516,28.6000,-26.7400
9289,425,100.4000,15.2447,1.9875,76.1000,37.3000,75.3000,54.7456,4976.8748,173.5777,0.7800,340.0000,38.8000,3.9502,149.6587,119.2534,1172.8516,30.1000,-28.2400
9290,425,100.5000,14.9602,2.1315,82.2000,42.7000,81.4000,55.0643,4501.2522,173.5777,0.8900,280.0000,39.5000,4.5433,173.5041,119.2534,1172.8516,31.6000,-29.7400
9292,425,98.5000,15.9265,1.6580,63.6000,31.9000,60.9000,60.1393,6796.0083,205.9396,0.6500,450.0000,31.7000,2.7490,100.9722,119.2534,1172.8516,33.3000,-31.4400
9293,425,99.3500,16.2748,1.5440,62.8000,28.1000,57.1000,61.6348,8727.9180,255.9536,0.6600,385.0000,34.7000,2.3839,88.1624,119.2534,1172.8516,34.7000,-32.8400
9294,425,99.4000,15.9511,1.6605,65.9000,32.9000,61.7000,73.6725,11331.5840,202.0170,0.6800,320.0000,33.0000,2.7573,102.4529,119.2534,1172.8516,36.2000,-34.3400
9295,425,99.7000,15.6666,1.8020,72.7000,35.3000,67.0500,72.2015,8021.8396,251.0502,0.8200,185.0000,37.4000,3.2472,120.8241,119.2534,1172.8516,37.7000,-35.8400
9296,425,97.2500,16.8830,1.3190,49.2000,25.9000,47.4000,31.1361,2539.9222,290.2768,0.4100,1400.0000,23.3000,1.7398,62.5206,119.2534,1172.8516,39.2000,-37.3400
9297,425,97.4000,16.9173,1.2955,45.8000,23.1000,46.8000,23.4379,2343.7893,367.7494,0.4400,2300.0000,22.7000,1.6783,60.6294,119.2534,1172.8516,40.6000,-38.7400
9308,426,97.9500,17.6678,1.0915,35.9000,18.8000,39.6500,18.5591,1873.0701,110.8151,0.3500,2650.0000,17.1000,1.1914,43.2780,219.9014,1018.7383,9.4000,-7.0600
9309,426,99.2667,16.7424,1.3447,57.1000,26.7000,50.0667,22.4736,2177.0763,85.3179,0.4600,320.0000,30.4000,1.8081,67.3230,219.9014,1018.7383,10.9000,-8.5600
9310,426,98.7500,16.8045,1.3400,50.7000,24.7000,49.3500,27.0418,2961.6082,93.1632,0.5400,450.0000,26.0000,1.7956,66.1290,219.9014,1018.7383,12.4000,-10.0600
9312,426,99.0000,16.3238,1.6800,57.7000,28.3000,55.7000,33.0239,2995.9316,107.8732,0.5100,450.0000,29.4000,2.8224,93.5760,219.9014,1018.7383,13.9000,-11.5600
9313,426,98.9500,16.6034,1.4125,58.8000,27.4000,52.2500,26.3554,2971.4149,105.9118,0.4300,700.0000,31.4000,1.9952,73.8031,219.9014,1018.7383,15.4000,-13.0600
9314,426,99.7500,15.6077,1.8210,70.4000,33.5000,68.0000,37.2653,5594.6936,100.0278,0.8100,150.0000,36.9000,3.3160,123.8280,219.9014,1018.7383,16.9000,-14.5600
9315,426,99.8000,14.7935,2.3065,85.9000,35.7000,85.7000,31.3813,2853.7351,110.8151,1.0100,150.0000,50.2000,5.3199,197.6670,219.9014,1018.7383,18.4000,-16.0600
9316,426,99.8500,15.0584,2.1600,83.2000,38.2000,80.0500,32.2148,3579.4272,98.0665,0.9700,120.0000,45.0000,4.6656,172.9080,219.9014,1018.7383,19.9000,-17.5600
9317,426,99.6333,14.8752,2.4037,81.3000,38.3000,83.6333,42.1359,4158.0195,146.1191,1.1100,135.0000,43.0000,5.7776,201.0267,219.9014,1018.7383,21.4000,-19.0600
9318,426,98.2000,14.4599,2.4680,86.1000,44.9000,90.2000,42.6099,3481.3606,135.3318,1.1100,125.0000,41.2000,6.0910,222.6136,219.9014,1018.7383,22.9000,-20.5600
9319,426,98.9000,14.5237,2.4210,87.8000,38.7000,89.6000,48.4449,5099.4580,145.1384,1.0800,130.0000,49.1000,5.8612,216.9216,219.9014,1018.7383,24.4000,-22.0600
9320,426,98.4500,14.2637,2.6045,96.1000,42.7000,95.9000,50.7984,6261.5461,128.4671,1.1900,84.0000,53.4000,6.7834,249.7716,219.9014,1018.7383,25.9000,-23.5600
9321,426,99.6500,14.4943,2.4600,80.6000,42.8000,92.0000,49.9404,4692.4819,156.9064,1.1000,140.0000,37.8000,6.0516,226.3200,219.9014,1018.7383,27.4000,-25.0600
9322,426,99.1000,14.4354,2.4860,96.5000,42.0000,92.4500,51.1662,4888.6147,146.1191,0.9700,145.0000,54.5000,6.1802,229.8307,219.9014,1018.7383,28.9000,-26.5600
9323,426,99.6500,14.7248,2.3200,80.2000,44.2000,86.3500,54.4269,5638.8235,156.9064,1.0300,185.0000,36.0000,5.3824,200.3320,219.9014,1018.7383,30.4000,-28.0600
9324,426,99.8000,14.4943,2.4465,95.3000,42.1000,92.3500,56.5108,7560.9268,166.7131,1.1700,220.0000,53.2000,5.9854,225.9343,219.9014,1018.7383,31.9000,-29.5600
9325,426,99.9000,15.0583,2.1020,68.3000,39.3000,78.9000,52.6127,6031.0896,178.4810,0.8900,200.0000,29.0000,4.4184,165.8478,219.9014,1018.7383,33.4000,-31.0600
9326,426,99.0000,15.1417,2.0315,73.5000,39.8000,75.5500,54.7947,4878.8084,188.2877,0.8700,250.0000,33.7000,4.1270,153.4798,219.9014,1018.7383,34.9000,-32.5600
9328,426,99.0000,16.2748,1.5680,55.9000,32.1000,57.3500,60.3109,9350.6406,196.1330,0.5900,520.0000,23.8000,2.4586,89.9248,219.9014,1018.7383,36.4000,-34.0600
9329,426,99.4500,15.9952,1.6820,64.4000,33.6000,61.9500,57.4915,7119.6274,188.2877,0.6000,320.0000,30.8000,2.8291,104.1999,219.9014,1018.7383,37.8000,-35.4600
9330,426,99.4500,15.8284,1.7420,65.2000,31.5000,64.4500,60.1883,6344.9023,245.1662,0.7700,230.0000,33.7000,3.0346,112.2719,219.9014,1018.7383,39.0000,-36.6600
9333,427,99.3500,14.2196,2.7480,96.4000,42.1000,101.1000,13.0674,1088.5382,36.2846,1.1700,140.0000,54.3000,7.5515,277.8228,320.5391,833.8125,6.6000,-5.1300
9334,427,99.3500,14.3373,2.6760,100.0000,42.6000,97.9500,12.6751,902.2117,35.3039,0.9000,200.0000,57.4000,7.1610,262.1142,320.5391,833.8125,8.1000,-6.6300
9338,427,98.5500,15.6322,1.8665,68.4000,32.1000,67.3500,29.0767,2451.6625,91.2018,0.7400,150.0000,36.3000,3.4838,125.7088,320.5391,833.8125,16.0000,-14.5300
9339,427,99.0000,15.2840,2.0025,86.9000,34.8000,73.6000,32.7052,3442.1340,110.8151,0.9500,140.0000,52.1000,4.0100,147.3840,320.5391,833.8125,17.5000,-16.0300
9340,427,98.8500,14.6610,2.3195,96.3000,42.1000,85.9000,39.9866,4525.7688,93.1632,0.8500,180.0000,54.2000,5.3801,199.2451,320.5391,833.8125,19.0000,-17.5300
9341,427,98.7000,14.7493,2.2860,88.1000,38.0000,84.1500,39.4718,3760.8501,151.0224,1.1400,240.0000,50.1000,5.2258,192.3669,320.5391,833.8125,20.5000,-19.0300
9342,427,98.1500,14.4109,2.4840,93.1000,42.5000,90.9500,47.0719,5006.2947,98.0665,1.0400,150.0000,50.6000,6.1703,225.9198,320.5391,833.8125,22.0000,-20.5300
9343,427,98.9500,14.5286,2.3680,99.8000,43.2000,88.5500,25.9876,3790.2701,136.3124,1.1500,240.0000,56.6000,5.6074,209.6864,320.5391,833.8125,23.5000,-22.0300
9345,427,98.9000,14.2883,2.5270,106.3000,47.3000,94.7500,40.6486,6545.9390,154.9451,1.1200,200.0000,59.0000,6.3857,239.4332,320.5391,833.8125,26.5000,-25.0300
9346,427,99.2000,14.4158,2.4955,96.7000,42.2000,93.0500,54.2063,5447.5940,147.0997,1.0500,165.0000,54.5000,6.2275,232.2063,320.5391,833.8125,28.0000,-26.5300
9347,427,99.5500,14.2834,2.5645,101.5000,49.3000,96.7000,56.2902,7693.3169,148.0804,1.2200,260.0000,52.2000,6.5767,247.9871,320.5391,833.8125,29.5000,-28.0300
9348,427,99.4500,14.7003,2.2790,88.0000,40.9000,85.6500,72.6182,24501.9150,154.9451,0.9500,260.0000,47.1000,5.1938,195.1963,320.5391,833.8125,31.0000,-29.5300
9349,427,99.5000,14.5041,2.3860,93.7000,47.9000,90.0500,63.7432,9120.1841,152.0031,0.9300,250.0000,45.8000,5.6930,214.8593,320.5391,833.8125,32.5000,-31.0300
9350,427,99.1500,14.9750,2.1080,88.5000,40.2000,78.7500,54.5005,6021.2832,148.0804,0.8800,190.0000,48.3000,4.4437,166.0050,320.5391,833.8125,34.0000,-32.5300
9351,427,98.3000,15.2349,1.9545,77.5000,43.7000,72.0500,56.4373,5682.9536,199.0750,0.7600,600.0000,33.8000,3.8201,140.8217,320.5391,833.8125,35.5000,-34.0300
9353,427,98.1000,16.0541,1.6190,59.2000,34.9000,58.8500,53.7159,5123.9744,154.9451,0.7600,420.0000,24.3000,2.6212,95.2782,320.5391,833.8125,37.0000,-35.5300
9354,427,98.7000,16.0148,1.6290,63.2000,31.9000,59.9500,52.9559,5437.7871,202.0170,0.6600,420.0000,31.3000,2.6536,97.6586,320.5391,833.8125,38.5000,-37.0300
9355,427,98.3000,15.9069,1.6705,63.7000,34.7000,61.1000,52.0978,5378.9473,191.2297,0.5900,320.0000,29.0000,2.7906,102.0675,320.5391,833.8125,40.0000,-38.5300
9356,427,98.2500,15.9560,1.6485,66.6000,30.3000,60.2500,52.1469,5359.3340,249.0889,0.7100,280.0000,36.3000,2.7176,99.3221,320.5391,833.8125,41.4000,-39.9300
9357,427,97.1500,15.9069,1.6450,66.7000,29.9000,59.4000,64.7239,5413.2705,228.4949,0.6300,250.0000,36.8000,2.7060,97.7130,320.5391,833.8125,42.8000,-41.3300
9358,427,97.7000,15.6813,1.7575,65.7000,31.9000,63.8000,68.5730,5707.4700,286.3542,0.8600,305.0000,33.8000,3.0888,112.1285,320.5391,833.8125,44.5000,-43.0300
9359,427,98.7000,16.1129,1.5800,60.9000,32.4000,58.2000,78.5267,8291.5222,344.2134,0.8500,220.0000,28.5000,2.4964,91.9560,320.5391,833.8125,45.8000,-44.3300
9360,427,96.8000,16.0835,1.5540,56.1000,31.9000,56.0500,83.3565,7423.6338,327.5421,0.6100,630.0000,24.2000,2.4149,87.1017,320.5391,833.8125,47.5000,-46.0300
9361,427,97.3500,16.2208,1.4830,54.6000,31.6000,54.2000,67.6659,4903.3250,291.2575,0.5200,450.0000,23.0000,2.1993,80.3786,320.5391,833.8125,48.8000,-47.3300
9362,427,97.5500,17.0400,1.2415,46.2000,30.6000,45.1500,78.0119,6565.5518,326.5614,0.4500,1250.0000,15.6000,1.5413,56.0537,320.5391,833.8125,50.5000,-49.0300
9363,427,97.0500,15.2398,1.7080,71.4000,38.2000,65.1000,94.3890,6614.5852,314.7935,0.7100,160.0000,33.2000,2.9173,111.1908,320.5391,833.8125,51.7000,-50.2300
9370,428,99.3000,18.9480,0.8320,35.5000,22.4000,30.4500,14.9797,647.2389,101.0085,0.2300,795.0000,13.1000,0.6922,25.3344,421.1943,679.7031,4.9000,-3.4100
9375,428,100.6000,14.4305,2.4190,97.5000,45.2000,88.7000,16.9410,1971.1367,39.2266,0.8900,83.0000,52.3000,5.8516,214.5653,421.1943,679.7031,8.6000,-7.1100
9376,428,100.0000,14.7690,2.1725,92.5000,43.5000,83.3000,18.1913,2554.6323,47.0719,0.8800,150.0000,49.0000,4.7198,180.9692,421.1943,679.7031,10.1000,-8.6100
9377,428,99.2500,15.9756,1.6780,67.5000,34.0000,61.7500,16.5732,1559.2573,78.4532,0.6500,145.0000,33.5000,2.8157,103.6165,421.1943,679.7031,11.6000,-10.1100
9378,428,100.8000,16.2895,1.5265,64.4000,31.8000,57.9500,25.8160,2216.3030,78.4532,0.5400,200.0000,32.6000,2.3302,88.4607,421.1943,679.7031,13.1000,-11.6100
9380,428,101.1000,18.1240,1.0195,33.1000,16.4000,38.1500,18.3384,1098.3448,125.5251,0.2900,660.0000,16.7000,1.0394,38.8939,421.1943,679.7031,14.6000,-13.1100
9383,428,99.3000,14.8327,2.1455,99.5000,41.7000,81.1500,46.4100,4643.4487,122.5831,0.9300,140.0000,57.8000,4.6032,174.1073,421.1943,679.7031,20.2000,-18.7100
9384,428,100.2500,14.8278,2.2500,92.5000,38.8000,84.9000,51.2397,5702.5667,117.6798,0.9600,120.0000,53.7000,5.0625,191.0250,421.1943,679.7031,21.7000,-20.2100
9385,428,99.2000,14.5286,2.3960,96.4000,44.0000,89.6000,41.7518,3702.0104,125.5251,1.2300,150.0000,52.4000,5.7408,214.6816,421.1943,679.7031,23.2000,-21.7100
9386,428,99.4000,14.4305,2.4545,97.2000,42.1000,92.3500,50.3081,5918.3130,145.1384,1.1800,150.0000,55.1000,6.0246,226.6731,421.1943,679.7031,24.7000,-23.2100
9387,428,99.4500,14.4403,2.4560,98.2000,42.8000,92.3500,53.4462,5648.6304,148.0804,1.2100,160.0000,55.4000,6.0319,226.8116,421.1943,679.7031,26.2000,-24.7100
9388,428,100.0000,14.5433,2.4115,93.6000,42.3000,91.1000,56.0205,6060.5093,150.0417,1.0800,135.0000,51.3000,5.8153,219.6877,421.1943,679.7031,27.7000,-26.2100
9389,428,98.4500,14.1705,2.6425,99.7000,43.6000,97.8500,55.1134,6707.7485,156.9064,1.1300,180.0000,56.1000,6.9828,258.5686,421.1943,679.7031,29.2000,-27.7100
9390,428,98.5000,14.2834,2.6000,98.8000,47.9000,95.0000,47.1536,4684.3096,170.6357,1.0800,235.0000,50.9000,6.7600,247.0000,421.1943,679.7031,30.6000,-29.1100
9391,428,98.9000,14.2196,2.5920,104.5000,49.8000,96.9500,51.1907,5442.6904,168.6744,1.2900,230.0000,54.7000,6.7185,251.2944,421.1943,679.7031,32.2000,-30.7100
9392,428,98.3000,14.4796,2.4700,93.6000,42.5000,91.3500,60.0412,8894.6313,176.5197,1.1600,230.0000,51.1000,6.1009,225.6345,421.1943,679.7031,33.7000,-32.2100
9393,428,98.7000,14.6022,2.3555,93.3000,41.3000,87.1000,56.3882,4903.3250,195.1523,1.1100,280.0000,52.0000,5.5484,205.1640,421.1943,679.7031,35.0000,-33.5100
9395,428,97.9000,15.2987,1.9600,74.5000,40.5000,71.1500,59.6980,6330.1924,188.2877,0.7100,350.0000,34.0000,3.8416,139.4540,421.1943,679.7031,36.6000,-35.1100
9397,428,97.2500,16.4710,1.4615,55.2000,29.4000,52.5000,66.4891,7364.7944,240.2629,0.5800,460.0000,25.8000,2.1360,76.7287,421.1943,679.7031,38.2000,-36.7100
9398,428,98.0000,15.5538,1.8630,71.2000,28.8000,67.4000,57.1237,4525.7689,250.0696,0.5800,350.0000,42.4000,3.4708,125.5662,421.1943,679.7031,39.5000,-38.0100
9399,428,99.2000,16.2846,1.5465,62.9000,30.0000,56.9500,91.2018,13915.6358,289.2962,0.7900,240.0000,32.9000,2.3917,88.0732,421.1943,679.7031,41.8000,-40.3100
9401,429,99.3500,14.3913,2.5820,94.3000,38.2000,95.6000,1.9858,156.9064,10.7873,0.7500,180.0000,56.1000,6.6667,246.8392,521.8272,463.9688,3.7000,-2.5400
9402,429,98.5500,13.8468,2.9645,83.6000,33.7000,109.2000,3.6039,240.2629,12.7486,1.0000,90.0000,49.9000,8.7883,323.7234,521.8272,463.9688,5.2000,-4.0400
9403,429,101.1000,14.8622,2.2670,86.6000,37.4000,86.2500,8.0169,519.7524,28.4393,0.7800,155.0000,49.2000,5.1393,195.5287,521.8272,463.9688,6.5000,-5.3400
9404,429,101.3000,14.9014,2.2070,78.1000,33.9000,84.8000,8.6544,892.4051,22.5553,0.8300,130.0000,44.2000,4.8708,187.1536,521.8272,463.9688,8.2000,-7.0400
9405,429,100.8500,15.2006,2.0960,77.5000,30.8000,78.7500,10.3950,1323.8977,30.4006,0.8300,150.0000,46.7000,4.3932,165.0600,521.8272,463.9688,9.7000,-8.5400
9407,429,100.7500,14.9259,2.2635,83.3000,32.5000,84.9500,12.1112,1470.9974,33.3426,0.7900,150.0000,50.8000,5.1234,192.2843,521.8272,463.9688,11.2000,-10.0400
9408,429,101.4500,16.0492,1.7045,71.0000,28.9000,64.2000,13.2390,1588.6772,46.0913,0.5400,300.0000,42.1000,2.9053,109.4289,521.8272,463.9688,12.7000,-11.5400
9410,429,100.8500,18.2172,0.9900,35.0000,24.4000,37.0000,14.9306,794.3387,118.6605,0.2100,2500.0000,10.6000,0.9801,36.6300,521.8272,463.9688,14.2000,-13.0400
9413,429,99.6500,15.5194,1.8710,73.6000,31.2000,69.6000,29.6651,3329.3578,99.0472,0.8100,170.0000,42.4000,3.5006,130.2216,521.8272,463.9688,17.4000,-16.2400
9414,429,99.9000,15.6813,1.8275,77.7000,32.8000,67.7500,36.5543,4202.1492,115.7185,0.9500,180.0000,44.9000,3.3398,123.8131,521.8272,463.9688,18.9000,-17.7400
9415,429,100.3500,14.6954,2.3320,99.3000,40.3000,88.3000,44.4486,5477.0139,118.6605,1.3200,215.0000,59.0000,5.4382,205.9156,521.8272,463.9688,20.4000,-19.2400
9416,429,100.9000,14.7935,2.3110,101.2000,43.3000,87.5000,42.1931,5070.0381,127.4864,1.0900,170.0000,57.9000,5.3407,202.2125,521.8272,463.9688,21.9000,-20.7400
9417,429,100.4000,14.8033,2.2700,93.6000,39.1000,85.8000,49.5481,6442.9690,142.1964,1.3000,140.0000,54.5000,5.1529,194.7660,521.8272,463.9688,23.4000,-22.2400
9418,429,100.6000,14.7542,2.3385,106.3000,40.0000,88.2500,57.6876,4766.0319,138.2738,1.1300,170.0000,66.3000,5.4686,206.3726,521.8272,463.9688,24.9000,-23.7400
9419,429,100.5500,14.4452,2.4980,106.1000,45.5000,95.2000,54.3779,6359.6125,140.2351,1.2500,150.0000,60.6000,6.2400,237.8096,521.8272,463.9688,26.4000,-25.2400
9420,429,100.0000,14.3815,2.5400,115.6000,42.4000,95.8000,62.8116,7712.9297,150.0417,1.1200,150.0000,73.2000,6.4516,243.3320,521.8272,463.9688,27.9000,-26.7400
9421,429,100.0500,14.3766,2.5660,103.6000,42.2000,96.5000,60.6541,8551.3987,153.9644,1.1900,270.0000,61.4000,6.5844,247.6190,521.8272,463.9688,29.4000,-28.2400
9422,429,101.3000,14.4158,2.5085,112.3000,44.7000,97.1000,66.0723,7624.6702,164.7517,1.2200,190.0000,67.6000,6.2926,243.5753,521.8272,463.9688,30.9000,-29.7400
9423,429,100.6000,14.5188,2.4350,99.8000,40.8000,93.0000,68.0336,6805.8149,166.7131,1.1900,210.0000,59.0000,5.9292,226.4550,521.8272,463.9688,32.4000,-31.2400
9424,429,100.7000,14.4207,2.5165,106.1000,40.7000,96.2500,72.4466,10860.8643,168.6744,1.3500,150.0000,65.4000,6.3328,242.2131,521.8272,463.9688,33.8000,-32.6400
9425,429,100.0000,14.3324,2.5650,103.2000,44.4000,97.1000,62.6400,7575.6370,176.5197,1.1300,200.0000,58.8000,6.5792,249.0615,521.8272,463.9688,35.2000,-34.0400
9426,429,100.0500,14.6905,2.3000,92.4000,39.2000,87.0500,76.7370,12503.4780,196.1330,1.1700,190.0000,53.2000,5.2900,200.2150,521.8272,463.9688,36.8000,-35.6400
9428,429,98.8500,17.2754,1.2420,46.3000,23.6000,45.1500,54.6721,10954.0278,251.0502,0.3600,2500.0000,22.7000,1.5426,56.0763,521.8272,463.9688,38.4000,-37.2400
9430,429,100.6500,15.8873,1.7255,69.9000,32.6000,64.8500,77.4725,11155.0640,250.0696,0.7900,290.0000,37.3000,2.9774,111.8987,521.8272,463.9688,39.8000,-38.6400
9431,429,100.7500,16.2306,1.5640,69.5000,30.4000,59.1500,68.5240,10179.3030,254.9729,0.6100,700.0000,39.1000,2.4461,92.5106,521.8272,463.9688,41.3000,-40.1400
9432,429,100.2500,16.3778,1.5500,66.2000,26.9000,57.4500,80.6597,13484.1436,276.5475,0.7600,240.0000,39.3000,2.4025,89.0475,521.8272,463.9688,42.8000,-41.6400
9433,429,100.9000,16.0737,1.6430,74.8000,28.6000,62.0500,71.9563,11253.1306,279.4895,0.8300,190.0000,46.2000,2.6994,101.9481,521.8272,463.9688,44.2000,-43.0400
9434,429,100.1500,16.4121,1.5145,64.1000,29.4000,56.4500,75.3886,6550.8420,294.1995,0.6800,265.0000,34.7000,2.2937,85.4935,521.8272,463.9688,45.8000,-44.6400
9436,429,98.3500,17.2705,1.1985,48.1000,27.8000,43.8000,57.6141,3662.7837,341.2714,0.4200,1900.0000,20.3000,1.4364,52.4943,521.8272,463.9688,47.2000,-46.0400
9458,430,97.4000,15.6470,1.7495,50.1000,26.1000,63.6000,2.6233,112.7765,31.3813,0.3000,1150.0000,24.0000,3.0608,111.2682,622.4900,309.8633,2.7000,-1.1600
9460,430,99.4000,16.4955,1.8410,93.9000,41.6000,67.9000,6.7666,250.0696,14.7100,0.9800,105.0000,52.3000,3.3893,125.0039,622.4900,309.8633,4.2000,-2.6600
9464,430,98.8000,16.5053,1.4610,47.0000,25.3000,53.7000,16.0584,1721.0670,50.9946,0.6300,450.0000,21.7000,2.1345,78.4557,622.4900,309.8633,9.1000,-7.5600
9465,430,99.0000,17.0449,1.2920,44.6000,23.9000,47.4000,19.3436,2186.8829,60.8012,0.4700,560.0000,20.7000,1.6693,61.2408,622.4900,309.8633,10.6000,-9.0600
9466,430,99.3500,16.3778,1.5010,52.6000,26.1000,55.6000,18.8288,2255.5294,82.3759,0.4400,700.0000,26.5000,2.2530,83.4556,622.4900,309.8633,12.1000,-10.5600
9467,430,98.7500,16.5249,1.4380,55.6000,27.1000,52.8000,25.5954,3667.6870,86.2985,0.5100,550.0000,28.5000,2.0678,75.9264,622.4900,309.8633,13.5000,-11.9600
9468,430,99.0500,16.5936,1.4185,54.7000,27.0000,52.4000,33.3671,5114.1677,105.9118,0.5100,800.0000,27.7000,2.0121,74.3294,622.4900,309.8633,15.0000,-13.4600
9469,430,98.9000,16.6672,1.3805,55.3000,27.6000,50.9500,42.3157,4329.6359,147.0997,0.6400,390.0000,27.7000,1.9058,70.3365,622.4900,309.8633,16.5000,-14.9600
9471,430,99.2500,16.3238,1.5215,61.6000,28.5000,56.2000,36.7504,4084.4696,142.1964,0.5900,450.0000,33.1000,2.3150,85.5083,622.4900,309.8633,18.1000,-16.5600
9472,430,99.5500,15.4213,1.9530,85.6000,34.4000,72.3000,38.3685,4393.3792,130.4285,1.0700,140.0000,51.2000,3.8142,141.2019,622.4900,309.8633,19.5000,-17.9600
9473,430,100.0500,14.6365,2.3675,95.4000,40.6000,89.2000,44.2770,6957.8181,149.0611,1.4100,115.0000,54.8000,5.6051,211.1810,622.4900,309.8633,21.0000,-19.4600
9474,430,100.1500,14.5384,2.4405,92.8000,40.1000,92.1000,41.2615,5084.7480,125.5251,1.2200,150.0000,52.7000,5.9560,224.7700,622.4900,309.8633,22.5000,-20.9600
9475,430,100.5000,14.4943,2.4410,107.2000,42.9000,93.1000,53.4953,7820.8032,152.0031,1.4200,150.0000,64.3000,5.9585,227.2571,622.4900,309.8633,23.9000,-22.3600
9476,430,100.2500,14.4599,2.4670,107.8000,42.6000,93.9500,53.4462,5089.6512,144.1578,1.1400,130.0000,65.2000,6.0861,231.7747,622.4900,309.8633,25.4000,-23.8600
9477,430,100.7500,14.3716,2.5220,101.7000,46.4000,96.9000,54.7701,5212.2343,149.0611,1.0800,130.0000,55.3000,6.3605,244.3818,622.4900,309.8633,26.9000,-25.3600
9478,430,99.8500,14.2883,2.5550,101.9000,42.2000,97.1500,66.1213,8894.6313,154.9451,1.1900,150.0000,59.7000,6.5280,248.2183,622.4900,309.8633,28.4000,-26.8600
9479,430,99.4500,14.3030,2.5625,104.4000,43.8000,96.3000,66.3175,10198.9155,154.9451,1.2200,160.0000,60.6000,6.5664,246.7687,622.4900,309.8633,29.9000,-28.3600
9480,430,100.0500,14.1902,2.7490,109.0000,47.3000,102.9000,59.0851,8781.8550,156.9064,1.2900,220.0000,61.7000,7.5570,282.8721,622.4900,309.8633,31.4000,-29.8600
9481,430,99.9000,14.2735,2.6165,102.2000,44.2000,98.5500,71.4660,13091.8775,177.5004,1.2300,180.0000,58.0000,6.8461,257.8561,622.4900,309.8633,32.9000,-31.3600
9482,430,99.2000,14.2539,2.6080,105.0000,46.6000,97.4500,70.2401,9208.4443,179.4617,1.3400,200.0000,58.4000,6.8017,254.1496,622.4900,309.8633,34.4000,-32.8600
9483,430,98.8500,14.1902,2.6945,110.6000,47.8000,100.2000,76.7370,11120.7407,197.1137,1.4000,160.0000,62.8000,7.2603,269.9889,622.4900,309.8633,35.9000,-34.3600
9484,430,99.1500,14.5875,2.3570,94.8000,39.0000,87.9500,72.4466,7629.5735,201.0363,1.0900,200.0000,55.8000,5.5554,207.2982,622.4900,309.8633,37.5000,-35.9600
9486,430,96.7000,16.9026,1.3390,54.5000,23.6000,47.5000,52.9559,8860.3079,235.3596,0.5400,760.0000,30.9000,1.7929,63.6025,622.4900,309.8633,38.9000,-37.3600
9487,430,99.8000,16.0050,1.6845,65.7000,31.0000,62.4000,69.1369,6693.0386,205.9396,0.6900,330.0000,34.7000,2.8375,105.1128,622.4900,309.8633,40.4000,-38.8600
9488,430,98.2500,16.2012,1.5675,62.2000,30.2000,57.0500,57.8592,7168.6612,275.5669,0.6800,370.0000,32.0000,2.4571,89.4259,622.4900,309.8633,41.7000,-40.1600
9490,431,95.8500,14.9701,2.0300,57.9000,32.3000,73.2000,4.5111,284.3928,13.7293,1.0100,160.0000,25.6000,4.1209,148.5960,723.1440,124.9414,2.3000,-0.6000
9492,431,100.0000,14.2294,2.8495,103.0000,46.1000,108.7000,6.1292,274.5862,29.4200,1.0000,130.0000,56.9000,8.1196,309.7406,723.1440,124.9414,3.8000,-2.1000
9496,431,100.0000,18.5654,0.9390,24.8000,16.9000,35.4500,5.1485,465.8159,217.7076,0.1700,2000.0000,7.9000,0.8817,33.2875,723.1440,124.9414,5.3000,-3.6000
9498,431,100.0000,18.6439,0.9235,24.0000,19.4000,34.7000,7.3795,583.4957,246.1469,0.1800,820.0000,4.6000,0.8529,32.0455,723.1440,124.9414,6.8000,-5.1000
9500,431,97.0000,17.1135,1.2305,40.7000,28.6000,44.4500,21.0107,2064.2998,94.1438,0.3900,1500.0000,12.1000,1.5141,54.6957,723.1440,124.9414,8.3000,-6.6000
9502,431,98.4500,15.8088,1.7090,49.8000,27.6000,62.7500,20.0056,1936.8133,69.6272,0.4700,840.0000,22.2000,2.9207,107.2397,723.1440,124.9414,9.8000,-8.1000
9503,431,98.2500,16.3533,1.4635,54.2000,26.0000,53.8500,23.3398,2471.2758,74.5305,0.6400,380.0000,28.2000,2.1418,78.8095,723.1440,124.9414,11.3000,-9.6000
9504,431,97.7500,16.1178,1.5585,59.9000,29.8000,56.8500,23.4134,2054.4931,62.7626,0.6900,500.0000,30.1000,2.4289,88.6007,723.1440,124.9414,12.8000,-11.1000
9505,431,98.0000,15.9707,1.6355,60.5000,30.4000,59.6000,23.8302,2515.4058,90.2212,0.7200,360.0000,30.1000,2.6749,97.4758,723.1440,124.9414,14.3000,-12.6000
9506,431,98.8500,16.0246,1.6190,62.2000,28.4000,59.8000,31.0626,3128.3212,102.9698,0.5000,540.0000,33.8000,2.6212,96.8162,723.1440,124.9414,15.8000,-14.1000
9507,431,99.1500,15.9903,1.5975,66.6000,35.1000,59.7000,36.0885,3079.2881,114.7378,0.5500,700.0000,31.5000,2.5520,95.3708,723.1440,124.9414,17.3000,-15.6000
9508,431,98.5500,16.4121,1.4595,55.9000,30.9000,53.5000,38.7363,4260.9893,122.5831,0.6900,350.0000,25.0000,2.1301,78.0832,723.1440,124.9414,18.8000,-17.1000
9509,431,98.8000,15.2693,1.9355,77.8000,33.6000,72.0000,37.0937,3898.1432,102.9698,0.8300,210.0000,44.2000,3.7462,139.3560,723.1440,124.9414,20.3000,-18.6000
9510,431,99.8500,14.3962,2.4150,102.8000,47.6000,92.9000,37.8292,4069.7595,111.7958,1.1900,140.0000,55.2000,5.8322,224.3535,723.1440,124.9414,21.8000,-20.1000
9511,431,99.0000,14.5090,2.3620,110.8000,45.8000,88.7500,58.8154,7207.8877,150.0417,1.0100,230.0000,65.0000,5.5790,209.6275,723.1440,124.9414,23.3000,-21.6000
9512,431,99.8000,14.2294,2.5585,110.4000,48.0000,97.8500,58.6928,6320.3855,145.1384,1.2400,170.0000,62.4000,6.5459,250.3492,723.1440,124.9414,24.8000,-23.1000
9513,431,99.5000,14.2785,2.4500,116.0000,51.2000,94.4500,55.8244,6433.1624,155.9257,1.2300,190.0000,64.8000,6.0025,231.4025,723.1440,124.9414,26.3000,-24.6000
9514,431,98.8500,14.1607,2.5845,112.7000,47.8000,97.5000,58.1044,5962.4434,147.0997,1.2100,200.0000,64.9000,6.6796,251.9888,723.1440,124.9414,27.8000,-26.1000
9515,431,98.9000,14.2392,2.5135,109.2000,44.6000,95.1000,59.0851,5849.6665,156.9064,1.1500,200.0000,64.6000,6.3177,239.0338,723.1440,124.9414,29.3000,-27.6000
9516,431,97.8000,14.0136,2.5985,107.7000,49.7000,97.7000,60.8012,6080.1228,150.0417,1.1300,270.0000,58.0000,6.7522,253.8735,723.1440,124.9414,30.8000,-29.1000
9517,431,99.3500,14.1068,2.6415,111.8000,52.0000,100.5000,58.9134,7050.9814,154.9451,1.2400,210.0000,59.8000,6.9775,265.4707,723.1440,124.9414,32.3000,-30.6000
9518,431,99.1000,13.9891,2.5880,114.2000,48.1000,100.6500,61.2916,6702.8450,183.3844,1.1700,230.0000,66.1000,6.6977,260.4822,723.1440,124.9414,33.8000,-32.1000
9519,431,98.3500,14.1902,2.5280,109.5000,50.3000,94.9500,72.1769,7335.3740,186.3263,1.2000,190.0000,59.2000,6.3908,240.0336,723.1440,124.9414,35.3000,-33.6000
9520,431,99.5000,14.5237,2.3810,106.0000,43.0000,90.8000,64.1600,6492.0022,198.0943,1.2000,220.0000,63.0000,5.6692,216.1948,723.1440,124.9414,36.8000,-35.1000
9521,431,99.3500,15.2644,1.9630,85.3000,45.3000,73.4000,68.9162,6354.7092,195.1523,0.8700,340.0000,40.0000,3.8534,144.0842,723.1440,124.9414,38.3000,-36.6000
9524,431,98.2500,16.4416,1.4645,62.6000,32.4000,53.4500,61.5367,7673.7034,231.4369,0.5900,520.0000,30.2000,2.1448,78.2775,723.1440,124.9414,39.8000,-38.1000
9525,431,97.2500,16.1178,1.5475,59.8000,29.8000,56.2000,50.5042,5310.3008,225.5529,0.5700,360.0000,30.0000,2.3948,86.9695,723.1440,124.9414,41.3000,-39.6000
9526,431,98.5500,16.1963,1.5550,66.0000,31.9000,57.0500,59.1341,5830.0532,236.3403,0.4600,430.0000,34.1000,2.4180,88.7127,723.1440,124.9414,42.8000,-41.1000
9527,431,98.0500,16.2110,1.5485,66.2000,31.1000,56.4000,64.0374,6418.4524,274.5862,0.5900,230.0000,35.1000,2.3979,87.3354,723.1440,124.9414,44.2000,-42.5000
9528,431,97.1500,15.9952,1.6200,72.0000,31.1000,58.3500,72.0544,6413.5491,272.6248,0.6600,240.0000,40.9000,2.6244,94.5270,723.1440,124.9414,45.8000,-44.1000
9530,431,96.3000,17.3882,1.1430,40.6000,23.2000,40.9000,47.6603,4172.7294,465.8159,0.3800,3400.0000,17.4000,1.3064,46.7487,723.1440,124.9414,47.3000,-45.6000
9532,431,98.2500,17.0988,1.2360,52.2000,26.9000,45.3500,75.7564,6580.2617,334.4068,0.5000,880.0000,25.3000,1.5277,56.0526,723.1440,124.9414,48.8000,-47.1000
9553,432,99.8500,15.1515,1.9520,75.2000,36.4000,74.9500,21.6972,2113.3330,71.5885,0.4800,280.0000,38.8000,3.8103,146.3024,823.8023,-59.9766,9.0000,-4.1900
9555,432,99.9000,18.5900,0.9115,30.1000,17.1000,33.6000,13.6312,902.2118,137.2931,0.2400,2800.0000,13.0000,0.8308,30.6264,823.8023,-59.9766,10.5000,-5.6900
9557,432,99.2000,16.3042,1.5195,57.5000,28.6000,56.2500,24.8108,1500.4174,134.3511,0.3300,2350.0000,28.9000,2.3089,85.4719,823.8023,-59.9766,13.7000,-8.8900
9558,432,99.0500,17.2116,1.2290,51.1000,27.6000,45.3500,29.7877,2515.4056,120.6218,0.4300,510.0000,23.5000,1.5104,55.7351,823.8023,-59.9766,15.2000,-10.3900
9559,432,98.8000,16.2944,1.5235,61.0000,27.2000,56.0000,32.3865,2211.3996,173.5777,0.4400,1400.0000,33.8000,2.3211,85.3160,823.8023,-59.9766,16.5000,-11.6900
9560,432,98.8000,15.9854,1.6290,62.8000,31.5000,60.1500,31.3813,2206.4962,148.0804,0.5400,470.0000,31.3000,2.6536,97.9843,823.8023,-59.9766,18.2000,-13.3900
9561,432,98.8000,15.7941,1.6925,67.1000,35.2000,62.8000,33.3426,2731.1520,129.4478,0.7600,280.0000,31.9000,2.8646,106.2890,823.8023,-59.9766,19.7000,-14.8900
9562,432,98.9000,15.8922,1.6460,71.5000,35.6000,61.2500,36.4562,2971.4148,142.1964,0.6800,200.0000,35.9000,2.7093,100.8175,823.8023,-59.9766,21.2000,-16.3900
9563,432,98.2500,16.4808,1.4270,66.6000,28.6000,52.8500,35.8923,2554.6322,137.2931,0.5800,280.0000,38.0000,2.0363,75.4169,823.8023,-59.9766,22.7000,-17.8900
9565,432,100.0500,15.1957,1.9870,80.5000,34.6000,75.3000,38.6137,3716.7202,139.2544,0.7300,150.0000,45.9000,3.9482,149.6211,823.8023,-59.9766,24.2000,-19.3900
9566,432,100.3000,14.4796,2.3990,100.2000,44.6000,92.2000,42.4628,5374.0439,145.1384,1.1900,94.0000,55.6000,5.7552,221.1878,823.8023,-59.9766,25.7000,-20.8900
9567,432,100.0500,14.4452,2.4130,101.0000,44.8000,92.5500,44.6938,5148.4912,139.2544,1.1700,125.0000,56.2000,5.8226,223.3231,823.8023,-59.9766,27.2000,-22.3900
9568,432,100.1000,14.3373,2.4865,98.1000,47.6000,95.4000,49.2049,5820.2468,147.0997,1.2200,150.0000,50.5000,6.1827,237.2121,823.8023,-59.9766,28.7000,-23.8900
9569,432,99.8000,14.2441,2.5420,103.9000,49.6000,97.3500,52.9804,6781.2983,154.9451,1.1300,150.0000,54.3000,6.4618,247.4637,823.8023,-59.9766,30.2000,-25.3900
9570,432,100.2000,14.1460,2.6185,104.8000,49.5000,101.0500,54.6721,5467.2070,156.9064,1.2300,180.0000,55.3000,6.8565,264.5994,823.8023,-59.9766,31.7000,-26.8900
9571,432,100.1500,14.1166,2.6620,118.3000,48.5000,102.4000,56.3882,5874.1831,156.9064,1.1600,140.0000,69.8000,7.0862,272.5888,823.8023,-59.9766,33.2000,-28.3900
9572,432,100.2000,13.9842,2.6970,110.2000,49.0000,105.4000,46.8268,5678.0503,145.1384,0.9700,190.0000,61.2000,7.2738,284.2638,823.8023,-59.9766,34.7000,-29.8900
9573,432,99.6000,14.3275,2.4505,105.2000,49.0000,93.9000,57.0012,5678.0503,168.6744,1.1000,160.0000,56.2000,6.0050,230.1019,823.8023,-59.9766,36.2000,-31.3900
9574,432,99.3500,14.0921,2.6370,108.9000,45.9000,100.6500,56.5599,5089.6511,188.2877,1.2400,190.0000,63.0000,6.9538,265.4140,823.8023,-59.9766,37.7000,-32.8900
9575,432,99.4000,14.2932,2.4895,107.5000,43.8000,94.8500,64.1110,7021.5613,205.9396,1.0700,170.0000,63.7000,6.1976,236.1291,823.8023,-59.9766,39.2000,-34.3900
9576,432,98.8000,14.3618,2.3960,97.3000,41.9000,90.9500,72.0298,7487.3770,210.8430,1.2600,230.0000,55.4000,5.7408,217.9162,823.8023,-59.9766,40.7000,-35.8900
9578,432,98.8500,16.5446,1.4360,67.4000,33.9000,52.8500,57.8592,4795.4519,250.0696,0.5100,325.0000,33.5000,2.0621,75.8926,823.8023,-59.9766,42.2000,-37.3900
9579,432,98.9000,16.4808,1.4440,61.2000,29.1000,53.3500,45.8461,3461.7476,245.1662,0.5300,400.0000,32.1000,2.0851,77.0374,823.8023,-59.9766,43.6000,-38.7900
9580,432,99.4500,16.3435,1.5350,63.4000,33.3000,56.6000,56.7070,4638.5455,247.1276,0.5200,390.0000,30.1000,2.3562,86.8810,823.8023,-59.9766,45.0000,-40.1900
9581,432,98.6000,16.0933,1.6245,67.0000,35.9000,59.2500,62.1006,6737.1685,304.0061,0.6700,335.0000,31.1000,2.6390,96.2516,823.8023,-59.9766,45.9000,-41.0900
9586,433,95.0000,14.6905,2.1685,65.0000,33.0000,76.8000,8.0905,362.8461,132.3898,0.6000,600.0000,32.0000,4.7024,166.5408,-560.1763,1943.5234,5.4000,-2.6500
9588,433,97.7333,16.4972,1.4580,47.0000,26.0000,52.6333,17.7827,1418.6953,174.5584,0.3750,1320.0000,21.0000,2.1258,76.7394,-560.1763,1943.5234,8.3000,-5.5500
9590,433,83.5000,18.1142,0.8465,70.0000,31.0000,26.1000,4.3640,652.1422,65.7046,0.6450,165.0000,39.0000,0.7166,22.0936,-560.1763,1943.5234,9.8000,-7.0500
9592,433,98.5000,14.9995,2.1345,78.0000,35.0000,78.1000,36.1375,2294.7560,112.7765,0.7700,100.0000,43.0000,4.5561,166.7045,-560.1763,1943.5234,15.4000,-12.6500
9593,433,98.0333,15.5031,1.8653,69.0000,33.0000,67.7333,31.9370,3373.4876,153.9644,0.6950,200.0000,36.0000,3.4795,126.3452,-560.1763,1943.5234,17.0000,-14.2500
9603,434,100.0000,13.7667,3.2613,96.0000,39.0000,123.6000,2.0757,127.4864,21.5746,1.5650,95.0000,57.0000,10.6363,403.1008,-459.5649,1758.5898,2.3000,-0.3600
9604,434,100.0000,13.5214,3.5240,98.0000,45.0000,134.7667,2.1411,140.5620,11.7680,1.1600,75.0000,53.0000,12.4186,474.9177,-459.5649,1758.5898,3.8000,-1.8600
9605,434,95.7500,13.9694,2.4960,97.0000,41.0000,92.3000,3.6285,137.2931,19.6133,0.7180,170.0000,56.0000,6.2300,230.3808,-459.5649,1758.5898,5.2000,-3.2600
9607,434,97.4000,14.9848,1.9820,78.0000,34.0000,73.6000,8.0169,411.8793,27.4586,1.0000,35.0000,44.0000,3.9283,145.8752,-459.5649,1758.5898,6.7000,-4.7600
9610,434,100.0000,16.2306,1.6715,41.0000,21.0000,62.8000,5.3691,215.7463,38.2459,0.6450,360.0000,20.0000,2.7939,104.9702,-459.5649,1758.5898,10.0000,-8.0600
9611,434,95.0333,15.7614,1.6977,49.0000,22.0000,59.9000,8.5318,307.2750,33.3426,0.3500,800.0000,27.0000,2.8821,101.6902,-459.5649,1758.5898,11.6000,-9.6600
9613,434,97.3667,16.0459,1.6037,65.0000,30.0000,57.9000,15.7724,1565.7951,104.9312,0.5400,360.0000,35.0000,2.5717,92.8523,-459.5649,1758.5898,13.0000,-11.0600
9614,434,95.5667,16.0361,1.5913,64.0000,27.0000,56.0667,17.4722,1454.6531,89.2405,0.4400,540.0000,37.0000,2.5323,89.2208,-459.5649,1758.5898,14.5000,-12.5600
9615,434,96.3667,14.7248,2.2343,82.0000,34.0000,79.8667,37.4941,4540.4790,112.7765,1.1700,210.0000,48.0000,4.9922,178.4488,-459.5649,1758.5898,15.9000,-13.9600
9640,436,98.2500,13.1062,3.7715,111.0000,41.0000,138.8500,1.9368,132.3898,10.7873,1.4100,53.0000,70.0000,14.2242,523.6728,-258.2988,1450.3555,2.2000,-2.1400
9641,436,99.3000,13.8713,3.0380,117.0000,43.0000,113.7000,3.5304,254.9729,15.6906,1.2000,45.0000,74.0000,9.2294,345.4206,-258.2988,1450.3555,3.8000,-3.7400
9642,436,96.6500,12.7187,4.1350,114.0000,41.0000,150.1000,1.7897,112.7765,19.6133,1.3300,56.0000,73.0000,17.0982,620.6635,-258.2988,1450.3555,5.3000,-5.2400
9644,436,96.1667,12.8053,4.0177,104.0000,40.0000,144.7667,3.1708,209.2085,13.7293,1.3900,56.0000,64.0000,16.1416,581.6242,-258.2988,1450.3555,6.8000,-6.7400
9645,436,95.2500,13.8566,2.5945,101.0000,45.0000,98.3000,1.8387,58.8399,10.7873,0.9400,68.0000,56.0000,6.7314,255.0393,-258.2988,1450.3555,8.5000,-8.4400
9646,436,99.8000,14.7052,2.3395,75.0000,34.0000,87.1000,6.8892,294.1995,23.5360,0.6300,165.0000,41.0000,5.4733,203.7705,-258.2988,1450.3555,9.7000,-9.6400
9653,436,97.9500,14.5924,2.2315,98.0000,45.0000,83.3500,22.5553,1667.1305,78.4532,0.7800,70.0000,53.0000,4.9796,185.9955,-258.2988,1450.3555,15.5000,-15.4400
9655,436,98.4500,15.5685,1.8155,76.0000,34.0000,66.6500,19.1720,789.4353,73.5499,0.5400,260.0000,42.0000,3.2960,121.0031,-258.2988,1450.3555,17.0000,-16.9400
9656,436,99.6000,14.3684,2.6257,100.0000,42.0000,97.1000,19.6133,2137.8497,95.1245,0.7370,130.0000,58.0000,6.8941,254.9522,-258.2988,1450.3555,18.5000,-18.4400
9658,436,96.0667,16.2127,1.4650,70.0000,36.0000,52.8667,35.0588,1827.3057,97.0858,0.8680,160.0000,34.0000,2.1462,77.4497,-258.2988,1450.3555,20.0000,-19.9400
9664,437,95.3500,14.6709,2.1690,64.0000,35.0000,77.6000,3.6039,176.5197,40.2073,1.2950,180.0000,29.0000,4.7046,168.3144,-157.6914,1234.6094,4.9000,-1.6200
9665,437,98.4000,14.7215,2.3047,70.0000,32.0000,84.9333,7.1262,836.8341,25.4973,0.6850,190.0000,38.0000,5.3115,195.7430,-157.6914,1234.6094,6.4000,-3.1200
9666,437,100.0000,14.3357,2.7817,99.0000,42.0000,106.0333,10.3460,1199.6801,34.3233,0.9900,95.0000,57.0000,7.7377,294.9494,-157.6914,1234.6094,7.9000,-4.6200
9668,437,100.0000,14.1820,2.9247,98.0000,41.0000,110.7333,12.5689,1843.6501,40.2073,0.9300,80.0000,57.0000,8.5537,323.8581,-157.6914,1234.6094,9.4000,-6.1200
9669,437,100.0000,16.6868,1.5125,98.0000,41.0000,57.4000,12.1848,1318.9944,70.6079,0.6000,230.0000,57.0000,2.2877,86.8175,-157.6914,1234.6094,10.9000,-7.6200
9670,437,99.7667,17.4389,1.1923,55.0000,27.0000,44.2667,28.4883,2968.1460,80.4145,0.4000,230.0000,28.0000,1.4217,52.7806,-157.6914,1234.6094,12.4000,-9.1200
9671,437,100.0000,16.4416,1.5815,57.0000,27.0000,60.3000,27.2135,2897.8650,77.4725,0.6350,135.0000,30.0000,2.5011,95.3645,-157.6914,1234.6094,13.9000,-10.6200
9673,437,99.7000,17.0890,1.2953,59.0000,29.0000,48.7667,28.9296,3023.7170,98.0665,0.4400,240.0000,30.0000,1.6779,63.1691,-157.6914,1234.6094,15.4000,-12.1200
9674,437,100.0000,15.7908,1.7683,69.0000,31.0000,66.9333,43.9665,4497.9832,127.4864,0.7100,330.0000,38.0000,3.1270,118.3604,-157.6914,1234.6094,16.9000,-13.6200
9675,437,100.0000,15.2872,2.0177,76.0000,35.0000,76.0000,44.3914,4847.7539,127.4864,0.8300,220.0000,41.0000,4.0710,153.3427,-157.6914,1234.6094,18.4000,-15.1200
9676,437,100.0000,14.7673,2.3533,92.0000,40.0000,89.0000,44.8164,3991.3066,127.4864,1.0500,160.0000,52.0000,5.5382,209.4467,-157.6914,1234.6094,19.9000,-16.6200
9677,437,100.0000,14.8393,2.2960,86.0000,40.0000,88.2000,45.7153,4301.8503,117.6798,0.9900,130.0000,46.0000,5.2716,202.5072,-157.6914,1234.6094,21.4000,-18.1200
9678,437,100.0000,14.9504,2.1900,80.0000,37.0000,82.9667,55.7671,6596.6064,144.1578,0.9850,240.0000,43.0000,4.7961,181.6970,-157.6914,1234.6094,22.9000,-19.6200
9679,437,99.9333,15.1728,2.0873,79.0000,39.0000,77.9667,59.6735,5795.7300,137.2931,0.9760,230.0000,40.0000,4.3570,162.7424,-157.6914,1234.6094,24.4000,-21.1200
9680,437,100.0000,14.7804,2.3373,83.0000,40.0000,88.6000,58.8562,8067.6040,151.0224,1.0390,240.0000,43.0000,5.4631,207.0877,-157.6914,1234.6094,25.9000,-22.6200
9682,437,99.9667,15.5914,1.9043,65.0000,36.0000,70.9333,64.1028,9048.2689,166.7131,0.7800,290.0000,29.0000,3.6265,135.0807,-157.6914,1234.6094,27.4000,-24.1200
9684,438,96.4000,13.7831,3.1345,92.0000,43.0000,113.1500,4.5356,451.1059,16.6713,1.2700,165.0000,49.0000,9.8251,354.6687,-57.0488,1080.4961,2.3000,-0.4900
9685,438,91.3500,13.6065,2.7850,72.0000,31.0000,94.1000,4.4620,166.7130,21.5746,0.8000,92.0000,41.0000,7.7562,262.0685,-57.0488,1080.4961,3.8000,-1.9900
9686,438,99.0500,14.3766,2.6050,80.0000,34.0000,95.5000,4.5846,230.4563,18.6326,0.8800,92.0000,46.0000,6.7860,248.7775,-57.0488,1080.4961,5.3000,-3.4900
9688,438,99.9000,13.9449,3.0825,90.0000,37.0000,113.9000,11.7925,1470.9975,32.3619,1.4400,75.0000,53.0000,9.5018,351.0967,-57.0488,1080.4961,6.8000,-4.9900
9690,438,99.6500,13.9989,3.0010,98.0000,40.0000,110.4500,9.5860,970.8583,41.1879,1.2700,75.0000,58.0000,9.0060,331.4604,-57.0488,1080.4961,8.3000,-6.4900
9691,438,94.4000,16.9975,1.2343,44.0000,27.0000,43.5000,8.4991,549.1724,59.8206,0.3840,920.0000,17.0000,1.5236,53.6935,-57.0488,1080.4961,9.8000,-7.9900
9692,438,99.5667,16.0361,1.5970,81.0000,37.0000,62.0000,28.0797,1964.5988,77.4725,0.4970,660.0000,44.0000,2.5504,99.0140,-57.0488,1080.4961,11.3000,-9.4900
9693,438,94.8500,18.1877,0.9500,39.0000,22.0000,33.3500,11.4493,1515.1273,93.1632,0.3130,660.0000,17.0000,0.9025,31.6825,-57.0488,1080.4961,12.8000,-10.9900
9695,438,99.3000,15.3232,2.0205,81.0000,35.0000,74.9500,24.2469,1534.7406,73.5499,0.8600,170.0000,46.0000,4.0824,151.4365,-57.0488,1080.4961,14.3000,-12.4900
9696,438,100.0000,15.5488,1.9313,77.0000,33.0000,72.5333,44.0972,4448.9502,122.5831,0.7620,160.0000,44.0000,3.7300,140.0860,-57.0488,1080.4961,15.8000,-13.9900
9697,438,98.8667,15.2186,2.0430,79.0000,35.0000,74.9000,33.7349,4073.0286,97.0858,0.8900,200.0000,44.0000,4.1738,153.0207,-57.0488,1080.4961,17.3000,-15.4900
9698,438,98.9667,14.9962,2.1587,88.0000,39.0000,79.8333,41.1226,4344.3458,145.1384,1.2350,145.0000,49.0000,4.6598,172.3336,-57.0488,1080.4961,18.8000,-16.9900
9699,438,99.2667,14.6660,2.3547,91.0000,39.0000,87.3333,52.8088,4468.5634,156.9064,1.1600,95.0000,52.0000,5.5445,205.6409,-57.0488,1080.4961,20.3000,-18.4900
9700,438,99.9333,14.6038,2.4187,88.0000,42.0000,91.1667,58.6765,6684.8665,152.9837,1.1800,105.0000,46.0000,5.8499,220.5018,-57.0488,1080.4961,21.8000,-19.9900
9701,438,99.6333,14.7444,2.3183,80.0000,38.0000,86.5000,64.4460,8881.5560,152.9837,1.1100,135.0000,42.0000,5.3747,200.5358,-57.0488,1080.4961,23.3000,-21.4900
9702,438,100.0000,15.1793,2.0640,77.0000,39.0000,77.7667,55.3259,4229.9351,172.5970,0.8600,200.0000,38.0000,4.2601,160.5104,-57.0488,1080.4961,24.8000,-22.9900
9703,438,100.0000,14.6496,2.3833,79.0000,39.0000,89.6000,68.3523,7845.3200,177.5004,1.0920,260.0000,40.0000,5.6803,213.5467,-57.0488,1080.4961,26.3000,-24.4900
9704,438,99.5000,14.9243,2.1827,73.0000,38.0000,81.3333,65.6065,7887.8154,196.1330,0.8300,240.0000,35.0000,4.7640,177.5236,-57.0488,1080.4961,27.8000,-25.9900
9706,438,97.4333,16.6966,1.3943,53.0000,25.0000,50.0000,70.0358,8695.2295,210.8430,0.6010,400.0000,28.0000,1.9442,69.7167,-57.0488,1080.4961,29.3000,-27.4900
9709,439,99.6000,17.2035,1.2730,65.0000,32.0000,47.7333,18.8615,885.8674,10.7873,0.9200,140.0000,33.0000,1.6205,60.7645,43.5825,895.5664,2.3000,-0.6800
9712,439,100.0000,15.2938,2.1110,60.0000,27.0000,80.3000,12.1357,514.8491,42.1686,0.8680,120.0000,33.0000,4.4563,169.5133,43.5825,895.5664,6.2000,-4.5800
9713,439,100.0000,14.4142,2.5800,98.0000,44.0000,100.0667,18.6326,1346.7799,63.7432,1.0500,94.0000,54.0000,6.6564,258.1720,43.5825,895.5664,8.2000,-6.5800
9714,439,99.6000,16.3876,1.7740,43.0000,21.0000,66.6000,15.0042,568.7857,88.2598,0.1820,905.0000,22.0000,3.1471,118.1484,43.5825,895.5664,9.2000,-7.5800
9715,439,98.5667,15.4900,1.8940,81.0000,37.0000,69.1333,31.1361,2575.8801,101.0085,0.4560,560.0000,44.0000,3.5872,130.9385,43.5825,895.5664,10.8000,-9.1800
9716,439,98.4000,15.0780,2.0910,73.0000,37.0000,76.4333,42.6099,2451.6624,153.9644,0.6300,620.0000,36.0000,4.3723,159.8221,43.5825,895.5664,12.2000,-10.5800
9717,439,97.4500,16.0933,1.5160,56.0000,29.0000,55.9000,23.8792,1260.1545,107.8732,0.3000,1650.0000,27.0000,2.2983,84.7444,43.5825,895.5664,13.7000,-12.0800
9718,439,100.0000,16.2094,1.5587,61.0000,27.0000,61.4000,29.7468,1464.4598,115.7185,0.4550,470.0000,34.0000,2.4294,95.7021,43.5825,895.5664,15.2000,-13.5800
9720,439,100.0000,18.4477,0.9010,33.0000,18.0000,34.1500,16.7694,1230.7346,259.8762,0.1520,1600.0000,15.0000,0.8118,30.7692,43.5825,895.5664,16.8000,-15.1800
9722,439,100.0000,16.8667,1.3303,55.0000,27.0000,51.6000,35.9904,2497.4268,105.9118,0.5250,350.0000,28.0000,1.7698,68.6452,43.5825,895.5664,18.2000,-16.5800
9723,439,100.0000,15.1891,1.9467,74.0000,33.0000,76.1333,51.8935,6315.4827,142.1964,0.9000,160.0000,41.0000,3.7895,148.2062,43.5825,895.5664,19.8000,-18.1800
9724,439,100.0000,14.8000,2.1950,80.0000,37.0000,86.6000,48.9188,4556.8234,145.1384,1.0700,220.0000,43.0000,4.8180,190.0870,43.5825,895.5664,21.3000,-19.6800
9725,439,99.1667,14.5123,2.4863,82.0000,36.0000,91.6000,61.2262,7681.8758,152.0031,1.1000,200.0000,46.0000,6.1819,227.7481,43.5825,895.5664,22.8000,-21.1800
9726,439,99.9667,14.6005,2.3427,78.0000,37.0000,89.5000,54.7374,8057.7974,165.7324,1.1500,175.0000,41.0000,5.4881,209.6687,43.5825,895.5664,24.3000,-22.6800
9727,439,100.0000,14.7967,2.2403,83.0000,37.0000,86.5333,70.2810,10453.8887,142.1964,1.0600,120.0000,46.0000,5.0191,193.8635,43.5825,895.5664,25.8000,-24.1800
9728,439,99.6000,15.0191,2.1523,75.0000,37.0000,79.9333,70.3627,11460.7048,150.0417,0.9500,140.0000,38.0000,4.6325,172.0432,43.5825,895.5664,27.3000,-25.6800
9729,439,99.8667,14.5907,2.4467,76.0000,39.0000,91.0667,65.8680,7815.8999,156.9064,1.0700,200.0000,37.0000,5.9862,222.8098,43.5825,895.5664,28.8000,-27.1800
9730,439,99.5667,14.8948,2.2220,67.0000,36.0000,83.4000,60.1475,7632.8423,152.9837,0.8750,220.0000,31.0000,4.9373,185.3148,43.5825,895.5664,30.2000,-28.5800
9731,439,100.0000,14.8360,2.2057,67.0000,40.0000,84.2333,67.6659,8276.8122,192.2103,0.9000,250.0000,27.0000,4.8650,185.7907,43.5825,895.5664,31.9000,-30.2800
9734,439,97.0667,16.6280,1.2843,47.0000,25.0000,47.4667,48.8698,7080.4012,227.5143,0.4500,1100.0000,22.0000,1.6495,60.9630,43.5825,895.5664,33.8000,-32.1800
9735,439,100.0000,16.2388,1.5153,55.0000,32.0000,59.3333,65.0508,4851.0228,238.3016,0.6150,480.0000,23.0000,2.2962,89.9098,43.5825,895.5664,35.2000,-33.5800
9736,439,100.0000,16.1505,1.5303,55.0000,29.0000,59.7333,66.7669,5717.2769,255.9536,0.5650,470.0000,26.0000,2.3419,91.4119,43.5825,895.5664,36.3000,-34.6800
9737,439,98.0000,15.5946,1.8397,63.0000,33.0000,66.5000,65.2142,4811.7962,258.8956,0.7750,270.0000,30.0000,3.3844,122.3378,43.5825,895.5664,37.8000,-36.1800
9738,440,100.0000,13.9269,2.9793,90.0000,43.0000,116.2667,3.0401,313.8128,14.7100,0.9850,115.0000,47.0000,8.8764,346.3972,144.2183,710.6406,2.2000,-1.0700
9739,440,99.7500,14.6267,2.4030,65.0000,33.0000,92.4500,5.3201,372.6527,16.6713,0.6500,235.0000,32.0000,5.7744,222.1574,144.2183,710.6406,3.8000,-2.6700
9740,440,98.8000,14.1656,2.5820,98.0000,41.0000,97.4000,6.3498,490.3325,18.6326,0.8150,98.0000,57.0000,6.6667,251.4868,144.2183,710.6406,5.3000,-4.1700
9741,440,95.7500,14.5286,2.1875,82.0000,34.0000,79.8000,4.4620,367.7494,17.6520,0.8000,140.0000,48.0000,4.7852,174.5625,144.2183,710.6406,6.8000,-5.6700
9742,440,97.8000,14.6365,2.2235,86.0000,37.0000,82.6000,7.2079,809.0486,45.1106,0.7500,120.0000,49.0000,4.9440,183.6611,144.2183,710.6406,8.3000,-7.1700
9743,440,99.3000,15.8235,1.6807,55.0000,26.0000,63.3000,11.8007,1117.9580,28.4393,0.6300,215.0000,29.0000,2.8246,106.3862,144.2183,710.6406,9.8000,-8.6700
9744,440,100.0000,15.1041,2.0667,78.0000,34.0000,79.4000,19.1720,2500.6957,61.7819,1.1100,100.0000,44.0000,4.2711,164.0933,144.2183,710.6406,11.2000,-10.0700
9745,440,97.6333,16.6835,1.3327,45.0000,23.0000,49.4333,9.5778,411.8793,48.0526,0.3140,1000.0000,22.0000,1.7760,65.8782,144.2183,710.6406,12.7000,-11.5700
9747,440,95.8333,17.6351,1.0290,42.0000,24.0000,37.0667,13.2553,601.4745,58.8399,0.8700,62.0000,18.0000,1.0588,38.1416,144.2183,710.6406,14.2000,-13.0700
9748,440,99.6667,17.7496,1.0417,41.0000,22.0000,39.4333,26.2655,1104.8826,113.7571,0.3790,470.0000,19.0000,1.0851,41.0764,144.2183,710.6406,15.8000,-14.6700
9749,440,100.0000,15.0682,2.0403,88.0000,37.0000,81.9667,41.0899,3128.3213,103.9505,0.9600,300.0000,51.0000,4.1630,167.2393,144.2183,710.6406,17.2000,-16.0700
9751,440,99.9667,14.9897,2.0523,83.0000,39.0000,79.5333,39.3247,1727.2779,122.5831,0.8970,185.0000,44.0000,4.2121,163.2289,144.2183,710.6406,18.8000,-17.6700
9752,440,100.0000,14.8687,2.1150,87.0000,36.0000,82.4333,52.8088,3621.9228,135.3318,1.1260,170.0000,51.0000,4.4732,174.3465,144.2183,710.6406,20.2000,-19.0700
9753,440,100.0000,14.6790,2.2487,92.0000,38.0000,88.9333,65.9824,5825.1499,144.1578,1.2040,120.0000,54.0000,5.0565,199.9814,144.2183,710.6406,21.8000,-20.6700
9754,440,99.9667,14.9537,2.1040,96.0000,42.0000,83.1333,48.7064,4112.2553,147.0997,0.9970,150.0000,54.0000,4.4268,174.9125,144.2183,710.6406,23.6000,-22.4700
9755,440,99.5333,14.5809,2.2727,91.0000,45.0000,88.9000,54.0510,4638.5452,122.5831,1.1200,180.0000,46.0000,5.1650,202.0401,144.2183,710.6406,24.8000,-23.6700
9756,440,99.2000,14.2899,2.4027,94.0000,47.0000,93.0000,63.0568,6711.0173,151.0224,1.2430,190.0000,47.0000,5.7728,223.4480,144.2183,710.6406,26.3000,-25.1700
9757,440,100.0000,14.5221,2.2917,88.0000,43.0000,90.6333,65.5084,5615.9414,164.7517,1.0500,230.0000,45.0000,5.2517,207.7014,144.2183,710.6406,27.8000,-26.6700
9758,440,100.0000,14.9733,2.1943,86.0000,44.0000,83.3667,68.1562,6410.2801,211.8236,1.0300,320.0000,42.0000,4.8151,182.9343,144.2183,710.6406,29.2000,-28.0700
9759,440,100.0000,14.6414,2.3795,92.0000,46.0000,90.7500,59.7960,4270.7959,204.9590,1.3300,310.0000,46.0000,5.6620,215.9396,144.2183,710.6406,30.7000,-29.5700
9760,440,99.9667,15.1303,2.0973,69.0000,38.0000,78.7000,68.8917,7292.8784,160.8291,0.8800,550.0000,31.0000,4.3988,165.0601,144.2183,710.6406,32.2000,-31.0700
9761,440,99.8333,15.0943,2.1087,75.0000,40.0000,78.8000,57.7775,3922.6599,174.5584,0.7800,430.0000,35.0000,4.4465,166.1629,144.2183,710.6406,33.8000,-32.6700
9763,440,99.2000,16.7718,1.3753,60.0000,30.0000,50.7000,66.4401,7884.5462,219.6690,0.6250,500.0000,30.0000,1.8915,69.7294,144.2183,710.6406,35.2000,-34.0700
9764,440,99.6500,16.6819,1.4100,62.0000,28.0000,52.1500,64.2336,3755.9469,210.8430,0.6500,510.0000,34.0000,1.9881,73.5315,144.2183,710.6406,36.7000,-35.5700
9765,440,99.3667,16.2552,1.5640,60.0000,29.0000,57.7000,70.8530,5818.6120,237.3209,0.6200,430.0000,31.0000,2.4461,90.2428,144.2183,710.6406,39.0000,-37.8700
9766,441,98.7000,13.6424,3.1633,79.0000,40.0000,120.7333,1.8796,150.3686,14.7100,1.3400,125.0000,39.0000,10.0067,381.9198,244.8716,556.5313,2.3000,-1.2500
9768,441,98.3000,13.5018,3.3417,104.0000,46.0000,123.1333,2.2392,268.0484,10.7873,1.1700,105.0000,58.0000,11.1667,411.4706,244.8716,556.5313,3.8000,-2.7500
9769,441,98.3667,14.0545,2.7127,80.0000,37.0000,101.0000,4.7399,493.6013,20.5940,0.9500,72.0000,43.0000,7.3586,273.9793,244.8716,556.5313,5.3000,-4.2500
9770,441,99.8500,14.2834,2.5960,80.0000,34.0000,99.0000,5.7369,490.3325,15.6906,0.8350,115.0000,46.0000,6.7392,257.0040,244.8716,556.5313,6.8000,-5.7500
9771,441,97.6000,17.9180,0.9660,79.0000,34.0000,36.2000,5.8840,259.8762,25.4973,0.7500,120.0000,45.0000,0.9332,34.9692,244.8716,556.5313,8.4000,-7.3500
9772,441,100.0000,14.1166,2.7655,88.0000,38.0000,106.0000,10.6402,975.7617,28.4393,1.3200,100.0000,50.0000,7.6480,293.1430,244.8716,556.5313,9.9000,-8.8500
9773,441,100.0000,14.8327,2.3170,80.0000,34.0000,89.4667,13.1082,1810.9613,35.3039,1.0700,120.0000,46.0000,5.3685,207.2943,244.8716,556.5313,11.4000,-10.3500
9775,441,98.5000,17.4029,1.1247,42.0000,20.0000,41.9000,13.7130,993.7405,37.2653,0.6900,155.0000,22.0000,1.2649,47.1235,244.8716,556.5313,12.9000,-11.8500
9776,441,99.6000,15.6469,1.7977,56.0000,29.0000,68.7000,12.6506,761.6498,43.1493,0.9000,125.0000,27.0000,3.2316,123.4997,244.8716,556.5313,14.4000,-13.3500
9777,441,100.0000,16.5429,1.3977,45.0000,24.0000,54.1333,11.1305,591.6679,68.6465,0.6100,600.0000,21.0000,1.9535,75.6604,244.8716,556.5313,15.9000,-14.8500
9778,441,99.8000,15.7712,1.6523,56.0000,30.0000,63.2667,17.1780,1023.1604,66.6852,0.5850,250.0000,26.0000,2.7302,104.5376,244.8716,556.5313,17.3000,-16.2500
9779,441,100.0000,17.3931,1.1510,41.0000,22.0000,45.1000,21.1824,1441.5775,110.8151,0.3450,1100.0000,19.0000,1.3248,51.9101,244.8716,556.5313,18.9000,-17.8500
9781,441,100.0000,14.9504,2.2040,78.0000,35.0000,83.6333,48.8208,3164.2790,121.6025,0.8850,220.0000,43.0000,4.8576,184.3279,244.8716,556.5313,20.4000,-19.3500
9782,441,100.0000,14.7215,2.3003,87.0000,40.0000,89.3333,52.8415,5478.6483,133.3704,1.0180,210.0000,47.0000,5.2915,205.4964,244.8716,556.5313,21.9000,-20.8500
9783,441,100.0000,14.8164,2.2330,94.0000,40.0000,86.2000,47.8074,3556.5449,104.9312,1.0000,170.0000,54.0000,4.9863,192.4846,244.8716,556.5313,23.4000,-22.3500
9784,441,99.8333,14.4959,2.3810,86.0000,39.0000,91.6333,48.6246,5200.7935,136.3124,1.2300,130.0000,47.0000,5.6692,218.1790,244.8716,556.5313,24.9000,-23.8500
9785,441,99.6000,14.6856,2.3417,90.0000,41.0000,87.4667,63.3836,8097.0238,137.2931,1.1000,150.0000,49.0000,5.4834,204.8178,244.8716,556.5313,26.4000,-25.3500
9786,441,99.2500,14.3962,2.5245,89.0000,41.0000,93.9500,67.2981,9610.5166,152.0031,1.1400,150.0000,48.0000,6.3731,237.1768,244.8716,556.5313,27.9000,-26.8500
9787,441,99.5667,14.4796,2.5007,87.0000,39.0000,93.0000,45.8297,5570.1773,152.0031,1.1000,180.0000,48.0000,6.2533,232.5620,244.8716,556.5313,29.4000,-28.3500
9788,441,99.8333,14.3815,2.4970,83.0000,40.0000,94.6333,52.6454,5338.0863,171.6164,1.0000,145.0000,43.0000,6.2350,236.2994,244.8716,556.5313,30.9000,-29.8500
9789,441,100.0000,14.8294,2.2350,84.0000,45.0000,85.4000,74.4161,7913.9665,240.2629,1.1400,280.0000,39.0000,4.9952,190.8690,244.8716,556.5313,32.5000,-31.4500
9790,441,99.8667,14.6463,2.3563,86.0000,47.0000,89.2333,72.2423,8914.2446,198.0943,1.1250,240.0000,39.0000,5.5523,210.2635,244.8716,556.5313,33.8000,-32.7500
9792,441,100.0000,16.5920,1.3900,46.0000,29.0000,53.3333,61.5367,6907.1504,246.1469,0.5600,570.0000,17.0000,1.9321,74.1333,244.8716,556.5313,35.3000,-34.2500
9794,441,100.0000,16.2715,1.4877,51.0000,29.0000,57.7000,77.6360,9496.1060,235.3596,0.6650,290.0000,22.0000,2.2132,85.8384,244.8716,556.5313,36.8000,-35.7500
9795,441,100.0000,16.1309,1.5487,51.0000,31.0000,60.0667,53.3645,4936.0138,225.5529,0.6100,350.0000,20.0000,2.3984,93.0232,244.8716,556.5313,38.3000,-37.2500
9796,441,100.0000,16.0622,1.5993,52.0000,31.0000,63.3000,71.4251,7672.0693,227.5143,0.5900,480.0000,21.0000,2.5579,101.2378,244.8716,556.5313,40.3000,-39.2500
9797,442,93.9000,14.5826,2.1060,55.0000,32.0000,75.0500,1.1768,63.7432,10.7873,0.7400,225.0000,23.0000,4.4352,158.0553,345.5151,371.6055,2.3000,-0.8700
9798,442,96.4333,13.2958,3.2550,90.0000,43.0000,119.5333,2.8930,202.6708,10.7873,1.4300,60.0000,47.0000,10.5950,389.0810,345.5151,371.6055,3.9000,-2.4700
9799,442,99.4333,13.7307,3.0503,78.0000,40.0000,115.2000,3.5958,189.5952,11.7680,1.0500,80.0000,38.0000,9.3045,351.3984,345.5151,371.6055,5.4000,-3.9700
9800,442,97.2667,13.7732,2.8677,84.0000,41.0000,105.6000,5.3937,258.2418,20.5940,1.0950,80.0000,43.0000,8.2235,302.8256,345.5151,371.6055,6.8000,-5.3700
9802,442,100.0000,15.7549,1.8150,52.0000,28.0000,70.1667,6.7829,330.1572,35.3039,0.4050,350.0000,24.0000,3.2942,127.3525,345.5151,371.6055,8.4000,-6.9700
9803,442,99.2667,16.8895,1.2977,45.0000,29.0000,48.5000,9.6269,349.7705,33.3426,0.3150,450.0000,16.0000,1.6839,62.9368,345.5151,371.6055,9.8000,-8.3700
9806,442,100.0000,16.1800,1.6067,70.0000,34.0000,62.2667,11.8987,594.9368,79.4339,0.4220,950.0000,36.0000,2.5814,100.0418,345.5151,371.6055,13.8000,-12.3700
9812,442,100.0000,16.2127,1.5643,66.0000,34.0000,60.9000,36.7259,2549.7290,125.5251,0.5930,220.0000,32.0000,2.4471,95.2679,345.5151,371.6055,19.7000,-18.2700
9813,442,100.0000,16.1996,1.5773,52.0000,30.0000,60.4000,21.1497,1104.8825,128.4671,0.5620,240.0000,22.0000,2.4880,95.2709,345.5151,371.6055,21.6000,-20.1700
9815,442,100.0000,14.9635,2.1643,88.0000,44.0000,84.5667,54.6394,3540.2006,174.5584,1.0050,300.0000,44.0000,4.6843,183.0305,345.5151,371.6055,22.7000,-21.2700
9816,442,100.0000,14.7690,2.2825,99.0000,49.0000,91.3000,62.5909,4942.5515,196.1330,1.1500,245.0000,50.0000,5.2098,208.3923,345.5151,371.6055,24.3000,-22.8700
9817,442,100.0000,14.6529,2.3370,103.0000,45.0000,91.7333,56.4209,5135.4155,158.8677,1.0900,165.0000,58.0000,5.4616,214.3808,345.5151,371.6055,25.9000,-24.4700
9818,442,100.0000,14.7183,2.2970,94.0000,44.0000,91.7333,60.7685,4282.2370,172.5970,1.1600,140.0000,50.0000,5.2762,210.7115,345.5151,371.6055,27.8000,-26.3700
9819,442,100.0000,14.4207,2.4490,104.0000,49.0000,93.0000,59.1668,6083.3916,188.2877,1.3300,235.0000,55.0000,5.9976,227.7570,345.5151,371.6055,28.8000,-27.3700
9820,442,100.0000,14.6823,2.3633,97.0000,44.0000,90.2667,83.0296,9862.2207,223.5916,1.3200,185.0000,53.0000,5.5853,213.3302,345.5151,371.6055,30.3000,-28.8700
9821,442,99.9000,14.5384,2.4510,97.0000,44.0000,92.7000,71.7520,8969.8158,227.5143,1.2200,200.0000,53.0000,6.0074,227.2077,345.5151,371.6055,31.7000,-30.2700
9822,442,100.0000,14.5809,2.4390,101.0000,44.0000,93.1667,74.8574,9090.7643,237.3209,1.3100,280.0000,57.0000,5.9487,227.2335,345.5151,371.6055,33.6000,-32.1700
9823,442,99.9000,14.9472,2.2003,80.0000,38.0000,82.4667,70.7713,7632.8424,222.6109,0.9500,280.0000,42.0000,4.8415,181.4541,345.5151,371.6055,34.8000,-33.3700
9825,442,99.9667,15.8497,1.8000,66.0000,31.0000,67.5667,68.3197,9022.1178,308.9095,0.6700,370.0000,35.0000,3.2400,121.6200,345.5151,371.6055,36.7000,-35.2700
9828,442,100.0000,16.0246,1.6125,59.0000,28.0000,62.0500,74.0402,8664.1748,274.5862,0.7200,320.0000,31.0000,2.6002,100.0556,345.5151,371.6055,39.8000,-38.3700
9829,442,99.4000,16.1734,1.6120,61.0000,30.0000,59.2667,71.0982,11140.3538,207.9010,0.5750,520.0000,31.0000,2.5985,95.5379,345.5151,371.6055,41.4000,-39.9700
9832,443,99.4667,14.5319,2.6620,79.0000,36.0000,99.8667,4.4293,346.5016,17.6520,0.5200,440.0000,43.0000,7.0862,265.8451,446.1626,186.6836,5.3000,-3.7500
9834,443,91.1333,16.0590,1.5190,58.0000,31.0000,52.1333,12.8140,483.7947,32.3619,0.3900,600.0000,27.0000,2.3074,79.1905,446.1626,186.6836,6.8000,-5.2500
9836,443,98.4333,14.7575,2.2990,84.0000,35.0000,83.7667,13.0592,990.4716,33.3426,0.8000,150.0000,49.0000,5.2854,192.5796,446.1626,186.6836,10.6000,-9.0500
9837,443,97.9000,14.3030,2.6317,75.0000,32.0000,94.8000,12.0622,849.9097,35.3039,0.9600,110.0000,43.0000,6.9257,249.4820,446.1626,186.6836,12.1000,-10.5500
9838,443,96.3500,15.0289,2.0835,65.0000,31.0000,73.9000,11.2286,622.7223,17.6520,0.9700,110.0000,34.0000,4.3410,153.9706,446.1626,186.6836,13.6000,-12.0500
9839,443,98.3500,14.1215,2.8140,104.0000,43.0000,102.3500,19.9810,2760.5718,51.9752,1.0700,115.0000,61.0000,7.9186,288.0129,446.1626,186.6836,15.1000,-13.5500
9840,443,98.8000,15.1172,2.0000,64.0000,31.0000,73.0500,15.4455,1686.7439,45.1106,0.7700,135.0000,33.0000,4.0000,146.1000,446.1626,186.6836,16.5000,-14.9500
9842,443,97.7667,16.0721,1.6380,63.0000,30.0000,58.8667,20.0873,1781.5414,56.8786,0.5450,150.0000,33.0000,2.6830,96.4236,446.1626,186.6836,18.0000,-16.4500
9845,443,99.0000,14.7052,2.3310,92.6000,42.0000,85.9667,61.6184,4883.7116,172.5970,1.1000,120.0000,50.6000,5.4336,200.3883,446.1626,186.6836,22.6000,-21.0500
9846,443,97.6667,14.3389,2.5050,93.0000,44.0000,91.3333,59.3302,6171.6515,149.0611,1.0100,180.0000,49.0000,6.2750,228.7900,446.1626,186.6836,24.4000,-22.8500
9847,443,99.2500,14.2785,2.4725,99.0000,45.0000,92.1500,38.7363,2333.9827,170.6357,1.0850,130.0000,54.0000,6.1133,227.8409,446.1626,186.6836,25.7000,-24.1500
9848,443,99.0500,14.3766,2.5085,100.0000,46.0000,93.5000,65.3368,4172.7296,166.7131,1.2800,90.0000,54.0000,6.2926,234.5447,446.1626,186.6836,27.2000,-25.6500
9849,443,96.4333,14.6202,2.3810,96.0000,42.0000,89.6333,69.2186,7544.5825,193.1910,1.2950,130.0000,54.0000,5.6692,213.4170,446.1626,186.6836,28.7000,-27.1500
9850,443,99.0667,14.4665,2.4717,101.0000,47.0000,92.2333,61.6184,5138.6846,191.2297,1.1100,180.0000,54.0000,6.1091,227.9701,446.1626,186.6836,30.2000,-28.6500
9851,443,98.2333,14.3030,2.5640,95.0000,44.0000,94.0667,71.5885,8231.0477,211.8236,1.3500,140.0000,51.0000,6.5741,241.1869,446.1626,186.6836,31.7000,-30.1500
9852,443,98.9333,14.3291,2.5343,99.0000,43.0000,94.5000,69.2186,6949.6460,238.3016,1.4300,155.0000,56.0000,6.4228,239.4945,446.1626,186.6836,33.3000,-31.7500
9853,443,99.7500,14.4207,2.5290,93.0000,42.0000,95.1500,79.3113,7899.2563,225.5529,1.4400,160.0000,51.0000,6.3958,240.6343,446.1626,186.6836,34.6000,-33.0500
9854,443,99.3000,14.3749,2.5420,100.0000,47.0000,94.7333,77.9629,7727.6403,239.2823,1.4900,140.0000,53.0000,6.4618,240.8121,446.1626,186.6836,36.4000,-34.8500
9855,443,99.0333,14.7935,2.2497,78.0000,38.0000,83.4000,62.5174,4674.5032,247.1276,0.8800,190.0000,40.0000,5.0610,187.6222,446.1626,186.6836,37.6000,-36.0500
9857,443,96.3667,16.9484,1.2943,46.0000,24.0000,46.0000,62.1088,7779.9421,299.1028,0.4400,1250.0000,22.0000,1.6753,59.5393,446.1626,186.6836,39.4000,-37.8500
9859,443,97.2667,16.0459,1.6077,60.0000,32.0000,57.9000,72.3240,6083.3918,276.5475,0.6300,340.0000,28.0000,2.5846,93.0839,446.1626,186.6836,40.7000,-39.1500
9860,443,98.9667,16.2388,1.5717,60.0000,30.0000,57.7000,85.2361,7528.2381,277.5282,0.8300,220.0000,30.0000,2.4701,90.6852,446.1626,186.6836,42.2000,-40.6500
9861,443,98.4333,16.4383,1.4933,64.0000,31.0000,54.2667,93.8170,10538.8792,279.4895,0.8400,150.0000,33.0000,2.2300,81.0382,446.1626,186.6836,43.8000,-42.2500
9862,444,95.8000,12.9149,3.8250,113.0000,43.0000,136.7500,1.7162,117.6798,8.8260,1.3600,120.0000,70.0000,14.6306,523.0688,546.8276,32.5742,2.2000,-1.4100
9863,444,94.7000,13.3171,3.2265,92.0000,40.0000,114.4000,1.9613,147.0997,32.3619,1.7900,120.0000,52.0000,10.4103,369.1116,546.8276,32.5742,3.8000,-3.0100
9864,444,97.5000,13.3612,3.4040,100.0000,39.0000,123.7500,2.7213,259.8762,15.6906,1.3700,80.0000,61.0000,11.5872,421.2450,546.8276,32.5742,5.2000,-4.4100
9865,444,98.7500,13.8468,3.0080,89.0000,34.0000,110.6500,4.3885,357.9427,14.7100,1.5500,85.0000,55.0000,9.0481,332.8352,546.8276,32.5742,6.8000,-6.0100
9867,444,99.0333,13.9923,2.9357,91.0000,36.0000,107.4333,5.6879,601.4745,40.2073,0.5900,230.0000,55.0000,8.6181,315.3885,546.8276,32.5742,8.2000,-7.4100
9868,444,99.3333,15.0682,2.2423,53.0000,26.0000,82.4000,5.4427,372.6527,18.6326,0.5200,250.0000,27.0000,5.0281,184.7683,546.8276,32.5742,9.8000,-9.0100
9869,444,96.1667,14.4272,2.4357,77.0000,32.0000,86.5333,8.5481,915.2873,26.4780,1.9600,150.0000,45.0000,5.9325,210.7664,546.8276,32.5742,11.3000,-10.5100
9870,444,100.0000,14.3864,2.7900,96.0000,41.0000,106.6000,9.8067,608.0123,28.4393,1.1400,100.0000,55.0000,7.7841,297.4140,546.8276,32.5742,12.8000,-12.0100
9871,444,99.9333,15.2905,2.1203,86.0000,36.0000,79.7333,9.8557,885.8674,37.2653,1.0000,100.0000,50.0000,4.4958,169.0612,546.8276,32.5742,14.2000,-13.4100
9872,444,100.0000,15.7450,1.8470,96.0000,42.0000,69.7000,16.8347,1873.0701,47.0719,1.0600,200.0000,54.0000,3.4114,128.7359,546.8276,32.5742,15.8000,-15.0100
9873,444,98.1000,17.7218,1.0910,34.0000,23.0000,39.5500,28.7335,1299.3811,125.5251,0.3500,850.0000,11.0000,1.1903,43.1490,546.8276,32.5742,17.3000,-16.5100
9878,444,98.3500,14.8425,2.2065,93.0000,38.0000,80.9000,69.6272,6418.4524,205.9396,1.1700,90.0000,55.0000,4.8686,178.5059,546.8276,32.5742,24.5000,-23.7100
9881,444,99.0333,14.4730,2.4117,97.0000,41.0000,90.3667,79.7608,8825.9849,257.9149,1.2500,70.0000,56.0000,5.8161,217.9343,546.8276,32.5742,29.1000,-28.3100
9883,444,99.5333,14.1624,2.6037,103.0000,47.0000,98.1333,86.9523,5903.6032,248.1082,1.3900,120.0000,56.0000,6.7791,255.5065,546.8276,32.5742,32.1000,-31.3100
9885,444,99.2500,14.5237,2.4085,94.0000,42.0000,90.0000,89.6083,9335.9307,264.7795,1.2050,150.0000,52.0000,5.8009,216.7650,546.8276,32.5742,35.1000,-34.3100
9886,444,98.7667,14.5809,2.3673,88.0000,40.0000,87.7333,89.8126,10548.6864,284.3929,1.1900,200.0000,48.0000,5.6043,207.6940,546.8276,32.5742,36.6000,-35.8100
9888,444,97.7333,16.0557,1.6670,48.0000,26.0000,59.6667,110.0796,17364.3079,274.5862,0.6750,480.0000,22.0000,2.7789,99.4643,546.8276,32.5742,38.1000,-37.3100
9890,444,99.2333,16.2094,1.6497,61.0000,31.0000,60.1667,73.7950,4900.0559,282.4315,0.7750,260.0000,30.0000,2.7214,99.2549,546.8276,32.5742,39.6000,-38.8100
9891,444,98.7000,16.2061,1.5707,64.0000,31.0000,57.9667,100.1096,11434.5534,284.3929,0.7200,260.0000,33.0000,2.4670,91.0463,546.8276,32.5742,41.1000,-40.3100
9893,445,93.1000,12.8707,3.5710,88.0000,42.0000,124.4500,0.8581,63.7432,6.8647,0.9400,80.0000,46.0000,12.7520,444.4110,647.4832,-152.3438,2.3000,-1.7500
9894,445,96.7500,12.4146,4.7420,109.0000,45.0000,171.5000,0.8090,73.5499,8.8260,1.4000,53.0000,64.0000,22.4866,813.2530,647.4832,-152.3438,3.8000,-3.2500
9895,445,98.4333,13.2762,3.7047,86.0000,41.0000,134.9667,1.5200,163.4442,7.8453,1.5300,80.0000,45.0000,13.7246,500.0065,647.4832,-152.3438,5.3000,-4.7500
9897,445,98.6000,13.3808,3.5313,100.0000,41.0000,129.0000,1.9450,199.4019,10.7873,1.0350,130.0000,59.0000,12.4703,455.5420,647.4832,-152.3438,6.8000,-6.2500
9898,445,98.2333,13.6032,3.2527,94.0000,40.0000,118.3667,3.2199,310.5439,12.7486,1.2900,100.0000,54.0000,10.5798,385.0073,647.4832,-152.3438,8.4000,-7.8500
9899,445,98.7667,13.8746,3.0153,95.0000,42.0000,110.3333,3.7102,490.3325,9.8067,1.1300,100.0000,53.0000,9.0922,332.6918,647.4832,-152.3438,9.9000,-9.3500
9900,445,98.6000,13.9645,2.9290,85.0000,38.0000,106.7500,3.9717,343.2327,19.6133,1.0800,140.0000,47.0000,8.5790,312.6708,647.4832,-152.3438,11.4000,-10.8500
9901,445,99.0333,14.0610,2.8943,91.0000,40.0000,106.9667,6.2436,630.8945,18.6326,0.9450,140.0000,51.0000,8.3772,309.5972,647.4832,-152.3438,12.9000,-12.3500
9902,445,100.0000,14.2735,2.7855,83.0000,41.0000,103.6500,8.1886,657.0455,26.4780,1.2000,150.0000,42.0000,7.7590,288.7171,647.4832,-152.3438,14.2000,-13.6500
9903,445,99.4333,14.8327,2.3243,72.0000,36.0000,85.8667,12.5035,1121.2269,35.3039,0.7700,280.0000,36.0000,5.4025,199.5827,647.4832,-152.3438,15.8000,-15.2500
9904,445,99.3333,15.6077,1.8873,92.0000,40.0000,70.1000,14.6446,1131.0336,48.0526,1.1000,48.0000,52.0000,3.5620,132.3021,647.4832,-152.3438,17.2000,-16.6500
9906,445,97.2500,15.3281,1.9450,59.0000,30.0000,69.8000,12.5770,1117.9581,38.2459,0.5800,280.0000,29.0000,3.7830,135.7610,647.4832,-152.3438,18.8000,-18.2500
9909,445,100.0000,14.8098,2.3337,92.0000,42.0000,87.8333,76.3284,8525.2472,162.7904,1.1500,94.0000,50.0000,5.4460,204.9737,647.4832,-152.3438,22.5000,-21.9500
9910,445,97.0500,14.4207,2.4300,94.0000,42.0000,87.8500,57.9818,6648.9084,152.9837,1.2000,140.0000,52.0000,5.9049,213.4755,647.4832,-152.3438,24.0000,-23.4500
9911,445,98.6500,14.2245,2.5790,103.0000,47.0000,96.2500,59.3302,2863.5417,182.4037,1.1200,350.0000,56.0000,6.6512,248.2287,647.4832,-152.3438,25.4000,-24.8500
9912,445,98.5000,14.5433,2.3790,91.0000,41.0000,87.9500,51.8527,2937.0916,201.0363,1.0500,280.0000,50.0000,5.6596,209.2330,647.4832,-152.3438,26.8000,-26.2500
9913,445,97.8667,14.1558,2.6317,98.0000,45.0000,96.6667,65.1325,4246.2793,224.5723,1.0600,200.0000,53.0000,6.9257,254.3945,647.4832,-152.3438,28.5000,-27.9500
9914,445,99.5667,14.3717,2.5503,96.0000,44.0000,96.1333,78.9435,8025.1084,251.0502,1.4200,180.0000,52.0000,6.5042,245.1720,647.4832,-152.3438,30.0000,-29.4500
9915,445,100.0000,14.5940,2.4653,96.0000,44.0000,94.5333,90.8750,7194.8120,289.2962,1.3300,190.0000,52.0000,6.0779,233.0562,647.4832,-152.3438,31.5000,-30.9500
9916,445,99.7000,14.2605,2.6497,103.0000,49.0000,100.7000,75.6746,6449.5067,223.5916,1.4200,230.0000,54.0000,7.0207,266.8214,647.4832,-152.3438,33.0000,-32.4500
9917,445,99.3333,14.3651,2.5380,103.0000,44.0000,95.2667,60.0657,5933.0233,227.5143,1.2900,210.0000,59.0000,6.4414,241.7868,647.4832,-152.3438,34.5000,-33.9500
9918,445,99.2667,14.4861,2.4683,96.0000,42.0000,93.2667,90.3029,8384.6854,294.1995,1.4850,160.0000,54.0000,6.0927,230.2132,647.4832,-152.3438,36.0000,-35.4500
9919,445,98.4000,15.3527,1.8907,87.0000,41.0000,70.0000,99.6192,9930.8675,294.1995,1.0000,270.0000,46.0000,3.5746,132.3467,647.4832,-152.3438,37.5000,-36.9500
9921,445,98.0667,16.7653,1.3833,57.0000,29.0000,50.4000,72.5692,7482.4738,289.2962,0.5200,600.0000,28.0000,1.9136,69.7200,647.4832,-152.3438,39.0000,-38.4500
9923,445,97.8333,16.3140,1.5187,60.0000,29.0000,55.0000,72.8144,5746.6969,279.4895,0.5450,540.0000,31.0000,2.3063,83.5267,647.4832,-152.3438,40.5000,-39.9500
9924,445,99.7000,16.5299,1.4897,62.0000,30.0000,55.2667,99.1289,11503.2005,279.4895,0.6600,330.0000,32.0000,2.2191,82.3289,647.4832,-152.3438,42.0000,-41.4500
9925,445,97.6000,15.9412,1.6800,71.0000,31.0000,61.0667,102.8881,11663.3757,318.7161,0.7200,210.0000,40.0000,2.8224,102.5920,647.4832,-152.3438,43.4000,-42.8500
9926,446,96.2000,12.3639,4.5527,125.0000,50.0000,169.9333,1.4873,104.6043,8.8260,1.5300,80.0000,75.0000,20.7268,773.6498,748.1550,-306.4531,2.3000,-0.7900
9934,446,100.0000,15.5063,1.9270,86.0000,37.0000,73.0333,60.3926,5207.3311,161.8097,0.8050,115.0000,49.0000,3.7133,140.7352,748.1550,-306.4531,21.5000,-19.9900
9935,446,98.5667,14.5352,2.3547,94.0000,42.0000,87.6333,68.0255,8803.1024,152.9837,1.2800,110.0000,52.0000,5.5445,206.3473,748.1550,-306.4531,23.0000,-21.4900
9936,446,98.8333,14.4828,2.4090,93.0000,38.0000,89.8333,52.7598,6465.8509,151.0224,1.2000,145.0000,55.0000,5.8033,216.4085,748.1550,-306.4531,24.5000,-22.9900
9937,446,99.6333,14.4501,2.4677,95.0000,39.0000,92.8000,70.5752,9313.0483,156.9064,1.1850,115.0000,56.0000,6.0894,228.9995,748.1550,-306.4531,26.0000,-24.4900
9938,446,99.8000,14.3880,2.5097,96.0000,42.0000,95.0333,68.8100,8381.4163,172.5970,1.2950,150.0000,54.0000,6.2984,238.5020,748.1550,-306.4531,27.5000,-25.9900
9939,446,99.4000,14.3030,2.5310,100.0000,43.0000,95.5333,75.7564,8489.2897,174.5584,1.2400,110.0000,57.0000,6.4060,241.7949,748.1550,-306.4531,29.0000,-27.4900
9940,446,96.4000,13.9138,2.6937,95.0000,48.0000,98.2667,74.2854,7701.4889,190.2490,1.3050,75.0000,47.0000,7.2558,264.6977,748.1550,-306.4531,30.5000,-28.9900
9941,446,96.9000,13.9694,2.6270,99.0000,43.0000,97.2000,78.2571,8757.3379,170.6357,1.1600,130.0000,56.0000,6.9011,255.3444,748.1550,-306.4531,32.0000,-30.4900
9942,446,98.4000,14.1493,2.5610,99.0000,44.0000,96.3000,81.6730,8221.2414,212.8043,1.3000,90.0000,55.0000,6.5587,246.6243,748.1550,-306.4531,33.5000,-31.9900
9943,446,97.6667,14.2114,2.5213,93.0000,41.0000,93.3333,86.1351,9718.3903,247.1276,1.3100,110.0000,52.0000,6.3571,235.3244,748.1550,-306.4531,35.0000,-33.4900
9944,446,97.0333,14.2997,2.4483,87.0000,39.0000,89.6000,93.2449,10329.6712,299.1028,1.6000,90.0000,48.0000,5.9943,219.3707,748.1550,-306.4531,36.5000,-34.9900
9945,446,97.0667,14.9406,2.1447,62.0000,28.0000,77.0333,87.1157,9688.9701,275.5669,1.1650,165.0000,34.0000,4.5996,165.2108,748.1550,-306.4531,38.0000,-36.4900
9948,446,98.0333,16.4743,1.4660,53.0000,26.0000,53.1333,73.9585,6037.6276,220.6496,0.4800,540.0000,27.0000,2.1492,77.8935,748.1550,-306.4531,39.5000,-37.9900
9949,446,98.1333,16.1701,1.5750,55.0000,28.0000,57.2667,88.6685,9894.9095,281.4508,0.8150,230.0000,27.0000,2.4806,90.1950,748.1550,-306.4531,41.0000,-39.4900
9950,446,98.5667,16.1407,1.5843,57.0000,27.0000,58.0000,87.9330,8270.2744,277.5282,0.6350,250.0000,30.0000,2.5101,91.8913,748.1550,-306.4531,43.0000,-41.4900
9953,447,100.0000,14.8965,2.4160,49.0000,28.0000,94.2500,5.1485,348.1361,21.5746,0.3950,350.0000,21.0000,5.8371,227.7080,848.8186,-491.3711,3.5000,-0.8200
9955,447,99.2000,13.9989,2.7965,96.0000,40.0000,104.9000,6.6195,284.3928,12.7486,0.9900,75.0000,56.0000,7.8204,293.3529,848.8186,-491.3711,5.1000,-2.4200
9960,447,100.0000,16.1669,1.5220,58.0000,30.0000,58.5667,45.3558,5321.7418,126.5058,0.6600,400.0000,28.0000,2.3165,89.1385,848.8186,-491.3711,18.7000,-16.0200
9961,447,100.0000,16.3386,1.4835,58.0000,27.0000,57.7500,50.8965,6031.0896,142.1964,0.6400,310.0000,31.0000,2.2008,85.6721,848.8186,-491.3711,20.4000,-17.7200
9962,447,100.0000,16.2699,1.5390,56.0000,29.0000,58.9500,49.0087,5629.0171,161.8097,0.6000,320.0000,27.0000,2.3685,90.7241,848.8186,-491.3711,21.8000,-19.1200
9963,447,100.0000,15.3919,1.9480,84.0000,37.0000,76.9667,54.7211,6106.2739,141.2158,0.9700,130.0000,47.0000,3.7947,149.9311,848.8186,-491.3711,23.4000,-20.7200
9964,447,100.0000,14.6006,2.4523,97.0000,44.0000,93.3667,58.9870,5413.2708,176.5197,1.1800,220.0000,53.0000,6.0139,228.9662,848.8186,-491.3711,25.2000,-22.5200
9965,447,100.0000,14.5531,2.4610,102.0000,46.0000,94.2500,63.3510,5692.7603,178.4810,1.1400,240.0000,56.0000,6.0565,231.9492,848.8186,-491.3711,26.4000,-23.7200
9966,447,99.5000,14.1264,2.7360,102.0000,51.0000,102.5000,63.4981,6374.3225,119.6411,0.9600,230.0000,51.0000,7.4857,280.4400,848.8186,-491.3711,27.8000,-25.1200
9967,447,99.5667,14.3161,2.5617,95.0000,46.0000,96.8000,55.3585,5625.7480,157.8871,1.0600,150.0000,49.0000,6.5621,247.9693,848.8186,-491.3711,30.0000,-27.3200
9968,447,99.9333,14.1624,2.6567,102.0000,46.0000,102.1000,63.2039,5962.4432,171.6164,1.2900,280.0000,56.0000,7.0579,271.2457,848.8186,-491.3711,30.9000,-28.2200
9969,447,100.0000,14.4730,2.5177,97.0000,43.0000,96.8000,77.2437,9012.3112,210.8430,1.2400,220.0000,54.0000,6.3386,243.7101,848.8186,-491.3711,32.4000,-29.7200
9970,447,100.0000,14.3945,2.5253,98.0000,46.0000,97.3000,79.7771,8561.2054,182.4037,1.2700,190.0000,52.0000,6.3773,245.7149,848.8186,-491.3711,33.8000,-31.1200
9971,447,99.6333,14.2964,2.5470,97.0000,47.0000,96.4667,88.2598,10996.5228,228.4949,1.2100,220.0000,50.0000,6.4872,245.7006,848.8186,-491.3711,35.5000,-32.8200
9972,447,99.8333,14.6267,2.3487,90.0000,45.0000,89.2667,81.7221,8701.7674,235.3596,1.1900,150.0000,45.0000,5.5162,209.6576,848.8186,-491.3711,36.9000,-34.2200
9973,447,99.7000,14.6954,2.3293,86.0000,41.0000,87.8667,84.0103,10607.5267,242.2243,1.1000,200.0000,45.0000,5.4258,204.6708,848.8186,-491.3711,38.4000,-35.7200
9975,447,99.3667,17.0171,1.2923,49.0000,27.0000,47.7333,73.3864,7871.4705,260.8569,0.4100,950.0000,22.0000,1.6701,61.6874,848.8186,-491.3711,39.5000,-36.8200
9977,447,100.0000,16.4612,1.4360,57.0000,31.0000,56.0667,86.1351,10617.3324,274.5862,0.5430,470.0000,26.0000,2.0621,80.5117,848.8186,-491.3711,42.9000,-40.2200
9978,447,100.0000,16.6623,1.3950,57.0000,27.0000,53.6000,70.7059,6560.6489,196.1330,0.4950,300.0000,30.0000,1.9460,74.7720,848.8186,-491.3711,44.1000,-41.4200
9980,448,93.4333,12.5503,3.9703,111.0000,46.0000,140.3333,1.7979,91.5287,16.6713,1.6500,100.0000,65.0000,15.7635,557.1701,949.4866,-676.2852,2.2000,-0.0400
9981,448,99.0333,14.4828,2.3393,85.0000,37.0000,89.6667,4.8379,317.0817,15.6906,0.5260,310.0000,48.0000,5.4725,209.7602,949.4866,-676.2852,3.8000,-1.6400
9983,448,97.5000,14.9406,1.9795,83.0000,35.0000,74.0000,6.4479,382.4593,21.5746,0.5500,280.0000,48.0000,3.9184,146.4830,949.4866,-676.2852,5.3000,-3.1400
9985,448,97.2333,15.2545,1.9850,80.0000,37.0000,74.0333,6.2109,353.0394,23.5360,0.8900,160.0000,43.0000,3.9402,146.9562,949.4866,-676.2852,6.8000,-4.6400
9986,448,99.0333,14.1362,2.5780,86.0000,40.0000,98.1333,5.8023,473.9881,32.3619,0.9600,130.0000,46.0000,6.6461,252.9877,949.4866,-676.2852,8.3000,-6.1400
9987,448,99.8667,14.6136,2.2613,79.0000,34.0000,88.1000,7.9761,853.1785,30.4006,0.4800,330.0000,45.0000,5.1136,199.2235,949.4866,-676.2852,9.8000,-7.6400
9988,448,99.5000,15.6666,1.7477,89.0000,40.0000,67.6000,15.4291,732.2299,46.0913,0.9300,150.0000,49.0000,3.0543,118.1423,949.4866,-676.2852,11.3000,-9.1400
9992,448,100.0000,15.3396,1.9520,74.0000,36.0000,76.4667,33.0648,3648.0739,73.5499,0.5700,400.0000,38.0000,3.8103,149.2629,949.4866,-676.2852,14.3000,-12.1400
9994,448,100.0000,17.0449,1.2550,44.0000,23.0000,47.9000,29.3464,2162.3662,89.2405,0.3700,1000.0000,21.0000,1.5750,60.1145,949.4866,-676.2852,15.8000,-13.6400
9997,448,99.9000,15.4802,1.8457,78.0000,38.0000,71.0667,48.0362,4978.5091,118.6605,0.8900,150.0000,40.0000,3.4065,131.1654,949.4866,-676.2852,20.0000,-17.8400
9998,448,99.5000,16.1734,1.5507,62.0000,31.0000,59.1667,46.9902,5704.2013,131.4091,0.6100,220.0000,31.0000,2.4046,91.7478,949.4866,-676.2852,21.5000,-19.3400
9999,448,100.0000,15.4900,1.8813,79.0000,36.0000,72.0667,47.5296,4491.4456,125.5251,0.7700,120.0000,43.0000,3.5394,135.5814,949.4866,-676.2852,23.0000,-20.8400
10000,448,100.0000,14.5482,2.3783,99.0000,44.0000,93.6667,68.8427,9626.8610,134.3511,1.1500,100.0000,55.0000,5.6565,222.7706,949.4866,-676.2852,24.6000,-22.4400
10001,448,100.0000,14.6594,2.3423,96.0000,44.0000,92.1000,69.1859,9309.7796,139.2544,1.1600,95.0000,52.0000,5.4865,215.7289,949.4866,-676.2852,26.1000,-23.9400
10002,448,100.0000,14.4698,2.4440,100.0000,46.0000,96.1333,67.6659,8603.7010,137.2931,1.2200,130.0000,54.0000,5.9731,234.9499,949.4866,-676.2852,27.6000,-25.4400
10003,448,100.0000,14.1117,2.7855,107.0000,48.0000,106.5000,60.8012,5751.5999,147.0997,1.3600,130.0000,59.0000,7.7590,296.6557,949.4866,-676.2852,29.1000,-26.9400
10004,448,100.0000,14.2539,2.6103,104.0000,48.0000,99.2333,62.0271,5275.9774,174.5584,1.2800,140.0000,56.0000,6.8138,259.0321,949.4866,-676.2852,30.6000,-28.4400
10005,448,100.0000,14.3128,2.5907,101.0000,46.0000,100.1000,76.2467,8214.7038,208.8817,1.3500,100.0000,55.0000,6.7116,259.3257,949.4866,-676.2852,32.2000,-30.0400
10006,448,99.5667,14.2768,2.5367,97.0000,46.0000,98.2667,74.8574,8338.9212,232.4176,1.4400,140.0000,51.0000,6.4347,249.2698,949.4866,-676.2852,33.6000,-31.4400
10007,448,99.6667,14.2801,2.5847,96.0000,49.0000,99.4667,74.4488,7037.9056,233.3983,1.4700,110.0000,47.0000,6.6805,257.0882,949.4866,-676.2852,35.2000,-33.0400
10008,448,100.0000,14.4567,2.4900,100.0000,50.0000,95.4000,81.2318,9953.7493,235.3596,1.2700,130.0000,50.0000,6.2001,237.5460,949.4866,-676.2852,36.6000,-34.4400
10009,448,100.0000,14.5646,2.4007,98.0000,49.0000,91.5333,80.4962,7969.5373,235.3596,1.1900,140.0000,49.0000,5.7632,219.7410,949.4866,-676.2852,38.0000,-35.8400
10011,448,100.0000,16.6705,1.3577,54.0000,29.0000,52.9333,75.7564,8374.8789,259.8762,0.4900,320.0000,25.0000,1.8433,71.8658,949.4866,-676.2852,39.6000,-37.4400
10013,448,100.0000,17.0956,1.2600,47.0000,24.0000,48.9000,59.4120,6671.7907,284.3929,0.5250,510.0000,23.0000,1.5876,61.6140,949.4866,-676.2852,41.1000,-38.9400
10014,448,100.0000,16.3173,1.5020,59.0000,33.0000,58.6667,68.0745,4233.2038,264.7795,0.5550,300.0000,26.0000,2.2560,88.1173,949.4866,-676.2852,42.5000,-40.3400
10015,448,100.0000,16.4350,1.4910,57.0000,27.0000,58.2000,87.5244,9675.8947,271.6442,0.7300,160.0000,30.0000,2.2231,86.7762,949.4866,-676.2852,44.1000,-41.9400
10016,449,97.1000,14.9701,2.1290,128.6000,49.0000,78.8000,2.7704,186.3263,12.7486,1.3000,95.0000,79.6000,4.5326,167.7652,1050.1697,-830.3867,2.3000,-0.5500
10018,449,96.8333,15.3200,1.9983,50.0000,27.0000,71.9000,2.0757,91.5287,46.0913,0.3530,360.0000,23.0000,3.9933,143.6802,1050.1697,-830.3867,6.0000,-4.2500
10019,449,99.6000,14.8474,2.3860,85.0000,34.0000,89.0500,6.6930,269.6829,26.4780,0.7600,90.0000,51.0000,5.6930,212.4733,1050.1697,-830.3867,7.6000,-5.8500
10021,449,100.0000,14.5842,2.6380,96.0000,39.0000,98.8000,12.9121,902.2118,35.3039,1.0800,100.0000,57.0000,6.9590,260.6344,1050.1697,-830.3867,8.9000,-7.1500
10022,449,97.9000,16.0557,1.6647,48.0000,24.0000,59.8333,14.1706,1408.8887,37.2653,0.3100,350.0000,24.0000,2.7711,99.6026,1050.1697,-830.3867,10.5000,-8.7500
10024,449,99.2000,15.0028,2.2097,83.0000,36.0000,80.9667,31.8553,4236.4727,63.7432,0.8550,250.0000,47.0000,4.8826,178.9093,1050.1697,-830.3867,13.4000,-11.6500
10029,449,98.0667,15.8824,1.6940,68.0000,30.0000,61.6667,31.8553,1435.0398,127.4864,0.7200,120.0000,38.0000,2.8696,104.4633,1050.1697,-830.3867,18.0000,-16.2500
10031,449,98.4000,15.7385,1.8120,65.0000,32.0000,65.6333,37.9027,2510.5023,118.6605,0.5400,480.0000,33.0000,3.2833,118.9276,1050.1697,-830.3867,19.5000,-17.7500
10032,449,98.5333,15.3298,1.9880,57.0000,28.0000,72.3667,44.6856,3465.0162,134.3511,0.9700,120.0000,29.0000,3.9521,143.8649,1050.1697,-830.3867,21.0000,-19.2500
10033,449,98.4667,15.3461,1.9823,59.0000,29.0000,72.2333,46.5816,6086.6608,120.6218,0.6900,210.0000,30.0000,3.9296,143.1906,1050.1697,-830.3867,22.5000,-20.7500
10034,449,98.3333,14.2866,2.6230,91.0000,41.0000,95.6667,47.6767,4445.6811,121.6025,1.3900,90.0000,50.0000,6.8801,250.9337,1050.1697,-830.3867,24.0000,-22.2500
10035,449,98.7333,14.3684,2.5643,98.0000,41.0000,94.2000,59.0851,7149.0477,142.1964,1.3200,70.0000,57.0000,6.5758,241.5602,1050.1697,-830.3867,25.5000,-23.7500
10036,449,98.9333,14.3324,2.5907,92.0000,43.0000,95.6333,50.5696,5066.7690,142.1964,1.3900,135.0000,49.0000,6.7116,247.7541,1050.1697,-830.3867,26.9000,-25.1500
10037,449,99.1000,14.0414,2.8030,100.0000,47.0000,104.2333,63.2692,6635.8330,151.0224,1.3000,105.0000,53.0000,7.8568,292.1660,1050.1697,-830.3867,28.4000,-26.6500
10038,449,98.9667,14.1231,2.7370,89.0000,43.0000,101.4667,54.8355,6220.6849,139.2544,1.3500,140.0000,46.0000,7.4912,277.7143,1050.1697,-830.3867,30.0000,-28.2500
10039,449,98.9000,14.0643,2.7037,99.0000,42.0000,101.5000,62.6318,7466.1292,149.0611,1.1600,110.0000,57.0000,7.3098,274.4222,1050.1697,-830.3867,31.5000,-29.7500
10040,449,98.8333,14.2114,2.5890,93.0000,42.0000,96.9333,75.5112,9907.9850,154.9451,1.2500,120.0000,51.0000,6.7029,250.9604,1050.1697,-830.3867,33.0000,-31.2500
10041,449,97.8750,14.3618,2.4340,91.0000,42.0000,90.0500,85.8082,12329.4104,168.6744,1.2400,115.0000,49.0000,5.9244,219.1817,1050.1697,-830.3867,34.5000,-32.7500
10042,449,95.8000,14.0675,2.5403,92.0000,45.0000,92.0667,58.5620,8848.8670,224.5723,1.1800,88.0000,47.0000,6.4533,233.8800,1050.1697,-830.3867,36.0000,-34.2500
10044,449,97.9667,14.5319,2.3413,77.0000,40.0000,86.3333,84.3862,10764.4329,230.4563,1.1500,100.0000,37.0000,5.4818,202.1351,1050.1697,-830.3867,37.5000,-35.7500
10045,449,95.8000,17.0465,1.2150,39.0000,23.0000,44.1333,65.6228,7658.9935,333.4261,0.3700,1050.0000,16.0000,1.4762,53.6220,1050.1697,-830.3867,39.0000,-37.2500
10047,449,97.8333,16.7162,1.3903,49.0000,27.0000,50.1667,55.6037,4569.8988,242.2243,0.5500,360.0000,22.0000,1.9330,69.7484,1050.1697,-830.3867,40.5000,-38.7500
10048,449,98.1333,16.4252,1.4890,47.0000,26.0000,54.0000,82.7518,11467.2422,242.2243,0.6300,240.0000,21.0000,2.2171,80.4060,1050.1697,-830.3867,42.0000,-40.2500
10049,449,98.4333,16.1571,1.6033,49.0000,28.0000,58.2667,76.5082,9571.2904,251.0502,0.6900,220.0000,21.0000,2.5707,93.4209,1050.1697,-830.3867,43.4000,-41.6500
10050,450,92.9500,12.0222,4.5940,127.0000,51.0000,165.1000,1.3239,44.1299,14.7100,1.6300,52.0000,76.0000,21.1048,758.4694,1125.6599,-1015.2930,2.2000,0.4300
10054,450,99.4000,17.2558,1.1630,40.0000,26.0000,42.8500,26.1592,1426.8676,102.9698,0.2940,1100.0000,14.0000,1.3526,49.8345,1125.6599,-1015.2930,13.0000,-10.3700
10055,450,99.8000,14.3569,2.6050,104.0000,44.0000,97.1500,28.1941,3358.7776,88.2598,1.1100,170.0000,60.0000,6.7860,253.0757,1125.6599,-1015.2930,14.2000,-11.5700
10056,450,100.0000,14.7444,2.4240,97.0000,42.6000,91.9000,31.5774,3661.1493,115.7185,1.0600,300.0000,54.4000,5.8758,222.7656,1125.6599,-1015.2930,15.7000,-13.0700
10057,450,100.0000,14.6234,2.5237,102.0000,42.0000,94.7667,31.6918,4383.5724,87.2792,1.1900,130.0000,60.0000,6.3689,239.1595,1125.6599,-1015.2930,17.2000,-14.5700
10058,450,100.0000,14.5875,2.4995,99.0000,42.0000,93.4500,33.2936,3819.6902,93.1632,1.0300,180.0000,57.0000,6.2475,233.5783,1125.6599,-1015.2930,19.1000,-16.4700
10059,450,99.4333,15.7451,1.7853,68.0000,33.0000,66.1000,35.2059,2497.4268,132.3898,0.7850,300.0000,35.0000,3.1874,118.0105,1125.6599,-1015.2930,20.2000,-17.5700
10060,450,98.4333,15.3526,1.9353,75.0000,34.0000,70.8333,38.4748,2991.0282,146.1191,0.8100,240.0000,41.0000,3.7455,137.0861,1125.6599,-1015.2930,21.8000,-19.1700
10061,450,100.0000,15.4835,1.9793,83.0000,39.0000,74.7000,34.2742,2840.6596,140.2351,0.8300,260.0000,44.0000,3.9178,147.8562,1125.6599,-1015.2930,23.2000,-20.5700
10062,450,98.0333,15.2480,1.9847,83.0000,35.0000,72.3000,37.6412,2693.5599,181.4230,0.7000,220.0000,48.0000,3.9389,143.4914,1125.6599,-1015.2930,24.8000,-22.1700
10063,450,100.0000,14.3880,2.6063,104.0000,46.0000,98.3333,41.1879,3393.1007,164.7517,1.0500,135.0000,58.0000,6.7930,256.2894,1125.6599,-1015.2930,26.2000,-23.5700
10064,450,99.1667,14.2114,2.6647,112.0000,47.0000,99.1667,48.3958,3903.0466,174.5584,1.2400,160.0000,65.0000,7.1004,264.2461,1125.6599,-1015.2930,28.2000,-25.5700
10065,450,99.8333,14.2605,2.6813,111.0000,46.0000,100.4333,53.5280,4985.0472,152.0031,1.1600,110.0000,65.0000,7.1895,269.2952,1125.6599,-1015.2930,29.2000,-26.5700
10066,450,98.9000,13.9204,2.8640,116.0000,48.0000,106.9000,50.3735,3043.3304,143.1771,1.1400,150.0000,68.0000,8.2025,306.1616,1125.6599,-1015.2930,30.8000,-28.1700
10067,450,100.0000,14.1804,2.7390,112.0000,48.0000,104.8000,56.6824,4638.5454,147.0997,1.1500,99.0000,64.0000,7.5021,287.0472,1125.6599,-1015.2930,32.2000,-29.5700
10068,450,99.8333,14.0937,2.7773,111.0000,49.0000,104.5333,51.7628,4174.3639,149.0611,1.2700,110.0000,62.0000,7.7136,290.3239,1125.6599,-1015.2930,33.8000,-31.1700
10069,450,99.5000,14.2588,2.5855,103.0000,49.0000,97.4000,49.5236,1088.5381,190.2490,1.0200,160.0000,54.0000,6.6848,251.8277,1125.6599,-1015.2930,35.6000,-32.9700
10070,450,100.0000,14.3226,2.6227,97.0000,45.0000,99.8000,54.0183,2961.6082,182.4037,1.0400,130.0000,52.0000,6.8784,261.7421,1125.6599,-1015.2930,36.7000,-34.0700
10071,450,99.0000,14.5548,2.3677,97.0000,42.0000,88.4000,59.4120,3870.3577,219.6690,1.0500,130.0000,55.0000,5.6058,209.3017,1125.6599,-1015.2930,38.2000,-35.5700
10072,450,99.2000,15.1107,2.0513,91.0000,41.0000,76.5333,78.5349,8783.4893,231.4369,0.9300,140.0000,50.0000,4.2080,156.9954,1125.6599,-1015.2930,39.8000,-37.1700
10074,450,99.1333,17.2427,1.2447,43.0000,25.0000,45.5000,54.0183,5181.1799,290.2768,0.4200,1900.0000,18.0000,1.5492,56.6323,1125.6599,-1015.2930,41.3000,-38.6700
10076,450,99.0667,16.8111,1.3867,52.0000,26.0000,50.5667,67.2573,5406.7329,264.7795,0.5150,280.0000,26.0000,1.9228,70.1191,1125.6599,-1015.2930,42.8000,-40.1700
10077,450,98.1667,16.6607,1.4143,54.0000,28.0000,51.2000,75.7564,7341.9119,298.1222,0.4950,400.0000,26.0000,2.0003,72.4139,1125.6599,-1015.2930,44.3000,-41.6700
10078,450,98.8000,16.5004,1.4927,59.0000,29.0000,54.0667,81.7384,9561.4840,279.4895,0.6100,160.0000,30.0000,2.2281,80.7035,1125.6599,-1015.2930,45.5000,-42.8700
10082,451,99.7500,16.6132,1.3990,64.0000,30.0000,52.5000,10.1254,348.1361,29.4200,0.3580,400.0000,34.0000,1.9572,73.4475,1251.5254,-1200.2148,5.8000,-1.5000
10084,451,98.0667,13.7667,2.7930,121.0000,50.0000,106.4667,6.9464,339.9638,19.6133,0.7500,130.0000,71.0000,7.8008,297.3614,1251.5254,-1200.2148,7.2000,-2.9000
10085,451,99.3500,13.9008,2.9305,99.0000,40.0000,109.6000,8.0660,809.0486,26.4780,0.7500,110.0000,59.0000,8.5878,321.1828,1251.5254,-1200.2148,8.9000,-4.6000
10087,451,100.0000,15.6306,1.9110,66.0000,28.0000,72.6000,10.2479,728.9609,43.1493,0.6190,160.0000,38.0000,3.6519,138.7386,1251.5254,-1200.2148,10.4000,-6.1000
10088,451,100.0000,14.3766,2.6375,95.0000,38.0000,101.3000,17.9707,1564.1607,60.8012,1.0350,130.0000,57.0000,6.9564,267.1788,1251.5254,-1200.2148,11.9000,-7.6000
10094,451,97.7500,16.2355,1.5130,49.0000,23.0000,55.3500,25.5218,1461.1907,87.2792,0.4850,500.0000,26.0000,2.2892,83.7445,1251.5254,-1200.2148,18.5000,-14.2000
10096,451,98.1500,15.1123,1.9470,68.0000,33.0000,72.7500,39.1285,1927.0067,141.2158,1.2250,270.0000,35.0000,3.7908,141.6443,1251.5254,-1200.2148,20.1000,-15.8000
10097,451,100.0000,15.6568,1.7763,68.0000,30.0000,67.6000,31.7082,1595.2150,104.9312,0.6110,300.0000,38.0000,3.1554,120.0801,1251.5254,-1200.2148,21.2000,-16.9000
10098,451,99.7333,15.5488,1.8247,68.0000,30.0000,68.6333,32.9994,2222.8407,101.9892,1.0700,120.0000,38.0000,3.3294,125.2330,1251.5254,-1200.2148,23.1000,-18.8000
10099,451,99.5333,15.4998,1.9040,64.0000,28.0000,70.6333,32.5744,922.8058,97.0858,0.8000,220.0000,36.0000,3.6252,134.4859,1251.5254,-1200.2148,24.6000,-20.3000
10102,451,100.0000,14.3749,2.5577,97.0000,40.0000,99.9667,33.7022,1575.6017,86.2985,1.0600,130.0000,57.0000,6.5417,255.6814,1251.5254,-1200.2148,27.6000,-23.3000
10104,451,100.0000,14.3030,2.5757,97.0000,40.0000,101.3333,39.0305,2608.5689,110.8151,1.0650,170.0000,57.0000,6.6341,261.0009,1251.5254,-1200.2148,30.6000,-26.3000
10105,451,99.7000,14.1166,2.8180,109.0000,48.0000,105.5500,45.1351,5344.6243,130.4285,1.3800,130.0000,61.0000,7.9411,297.4399,1251.5254,-1200.2148,32.2000,-27.9000
10106,451,100.0000,14.4043,2.6157,100.0000,44.0000,100.3333,45.4538,4311.6570,132.3898,1.2000,180.0000,56.0000,6.8417,262.4385,1251.5254,-1200.2148,33.7000,-29.4000
10107,451,100.0000,14.0185,2.7355,103.0000,46.0000,108.6000,50.3817,4913.1316,142.1964,1.2000,120.0000,57.0000,7.4830,297.0753,1251.5254,-1200.2148,35.2000,-30.9000
10108,451,100.0000,14.1100,2.8207,96.0000,41.0000,106.7333,54.1654,5256.3643,141.2158,1.3200,100.0000,55.0000,7.9562,301.0592,1251.5254,-1200.2148,36.6000,-32.3000
10109,451,100.0000,14.1951,2.7170,95.0000,47.0000,103.6500,60.7277,7688.4133,161.8097,1.1500,140.0000,48.0000,7.3821,281.6170,1251.5254,-1200.2148,38.2000,-33.9000
10110,451,100.0000,14.2932,2.6397,89.0000,46.0000,101.4000,64.7075,7322.2983,176.5197,1.1600,110.0000,43.0000,6.9678,267.6622,1251.5254,-1200.2148,39.5000,-35.2000
10112,451,100.0000,14.6660,2.3665,78.0000,39.0000,90.0500,73.7705,9463.4170,215.7463,1.1150,130.0000,39.0000,5.6003,213.1033,1251.5254,-1200.2148,41.2000,-36.9000
10113,451,100.0000,17.3964,1.1700,39.0000,24.0000,44.8333,57.3526,5449.2282,304.0061,0.3420,1400.0000,15.0000,1.3689,52.4550,1251.5254,-1200.2148,42.7000,-38.4000
10114,451,100.0000,17.3441,1.1707,47.0000,24.0000,45.6000,63.1875,6122.6185,205.9396,0.5140,550.0000,23.0000,1.3705,53.3824,1251.5254,-1200.2148,44.0000,-39.7000
10115,451,99.8333,16.6737,1.3787,48.0000,25.0000,52.2000,69.7089,7802.8242,240.2629,0.5300,400.0000,23.0000,1.9007,71.9664,1251.5254,-1200.2148,45.7000,-41.4000
10116,451,100.0000,16.6705,1.5180,52.0000,25.0000,54.4667,70.4608,7047.7124,235.3596,0.3900,680.0000,27.0000,2.3043,82.6804,1251.5254,-1200.2148,48.0000,-43.7000
10329,464,101.0000,15.4409,1.9265,75.9000,38.0000,73.1500,39.6434,3133.2246,124.5444,0.7400,290.0000,37.9000,3.7114,140.9235,-1265.9307,680.5977,12.9000,-12.1200
10330,464,100.5500,15.7058,1.8020,80.0000,43.4000,67.7500,42.1686,3618.6537,135.3318,0.8200,230.0000,36.6000,3.2472,122.0855,-1265.9307,680.5977,14.5000,-13.7200
10331,464,99.5000,15.2006,2.0000,81.5000,37.5000,74.8500,52.7598,7031.3682,136.3124,0.8800,221.0000,44.0000,4.0000,149.7000,-1265.9307,680.5977,16.0000,-15.2200
10332,464,100.6500,15.3674,1.9600,78.2000,41.1000,73.9500,54.9663,5016.1013,150.0417,0.9000,336.0000,37.1000,3.8416,144.9420,-1265.9307,680.5977,17.5000,-16.7200
10333,464,100.7500,14.9112,2.2365,86.6000,42.4000,84.4500,52.2449,4913.1316,153.9644,0.9100,272.0000,44.2000,5.0019,188.8724,-1265.9307,680.5977,19.0000,-18.2200
10335,464,99.9500,15.8432,1.7375,69.0000,35.1000,64.7500,56.8295,6168.3828,177.5004,0.6400,848.0000,33.9000,3.0189,112.5031,-1265.9307,680.5977,20.5000,-19.7200
10336,464,99.6000,15.6862,1.7895,71.7000,39.1000,66.5500,67.6169,7134.3376,219.6690,0.6200,643.0000,32.6000,3.2023,119.0912,-1265.9307,680.5977,22.0000,-21.2200
10337,464,99.1000,16.2257,1.5640,59.9000,32.2000,57.6000,71.0492,10301.8857,236.3403,0.6100,698.0000,27.7000,2.4461,90.0864,-1265.9307,680.5977,23.5000,-22.7200
10362,466,100.0000,17.5730,1.1200,44.0000,23.0000,42.8667,42.8551,3733.0645,161.8097,0.3800,537.0000,21.0000,1.2544,48.0107,-83.2715,-1045.5977,13.0000,-12.5600
10363,466,100.0000,16.8568,1.3143,54.0000,27.0000,49.8333,46.9902,4373.7657,171.6164,0.5200,378.0000,27.0000,1.7275,65.4976,-83.2715,-1045.5977,14.5000,-14.0600
10364,466,100.0000,16.1407,1.5510,64.0000,29.0000,60.1333,44.2116,3281.9588,127.4864,0.6500,181.0000,35.0000,2.4056,93.2668,-83.2715,-1045.5977,16.0000,-15.5600
10365,466,99.9000,15.5456,1.8110,73.0000,34.0000,69.5000,44.5058,4030.5333,171.6164,0.6400,258.0000,39.0000,3.2797,125.8645,-83.2715,-1045.5977,17.5000,-17.0600
10366,466,99.1667,14.9831,2.0523,86.0000,37.0000,78.7000,50.5042,3595.7716,176.5197,0.9600,271.0000,49.0000,4.2121,161.5186,-83.2715,-1045.5977,19.0000,-18.5600
10367,466,100.0000,15.0780,2.0363,86.0000,40.0000,78.7333,48.9842,3870.3578,161.8097,0.9100,170.0000,46.0000,4.1467,160.3273,-83.2715,-1045.5977,20.4000,-19.9600
10368,466,100.0000,14.8850,2.1597,94.0000,41.0000,84.3000,58.4476,5615.9414,191.2297,1.0200,237.0000,53.0000,4.6642,182.0599,-83.2715,-1045.5977,22.0000,-21.5600
10369,466,100.0000,14.7313,2.2207,97.0000,41.0000,86.4333,71.0492,7554.3895,199.0750,1.1000,263.0000,56.0000,4.9314,191.9396,-83.2715,-1045.5977,23.5000,-23.0600
10370,466,100.0000,14.5253,2.3473,106.0000,47.0000,93.0000,65.0181,4063.2219,215.7463,1.1600,265.0000,59.0000,5.5100,218.3020,-83.2715,-1045.5977,25.0000,-24.5600
10371,466,100.0000,14.6692,2.2783,99.0000,42.0000,89.6333,64.6585,7956.4619,210.8430,1.2600,220.0000,57.0000,5.1908,204.2146,-83.2715,-1045.5977,26.4000,-25.9600
10372,466,100.0000,14.5384,2.3477,104.0000,46.0000,91.7000,66.8977,6080.1227,215.7463,1.3600,289.0000,58.0000,5.5115,215.2810,-83.2715,-1045.5977,27.9000,-27.4600
10373,466,100.0000,14.6333,2.2530,104.0000,44.0000,88.6667,82.0490,9293.4352,225.5529,1.2600,328.0000,60.0000,5.0760,199.7660,-83.2715,-1045.5977,29.4000,-28.9600
10374,466,100.0000,14.6823,2.2660,96.0000,43.0000,88.9333,77.1947,6894.0747,232.4176,1.2600,260.0000,53.0000,5.1348,201.5229,-83.2715,-1045.5977,30.9000,-30.4600
10375,466,100.0000,14.5515,2.3027,97.0000,42.0000,89.8667,76.9005,5798.9989,250.0696,1.1200,336.0000,55.0000,5.3023,206.9330,-83.2715,-1045.5977,32.5000,-32.0600
10376,466,100.0000,15.0910,2.0117,84.0000,40.0000,78.7333,74.4978,5236.7511,294.1995,0.9000,299.0000,44.0000,4.0468,158.3852,-83.2715,-1045.5977,34.0000,-33.5600
10378,466,98.8333,17.3899,1.1443,51.0000,24.0000,42.4333,64.1845,8097.0236,254.9729,0.3800,944.0000,27.0000,1.3095,48.5579,-83.2715,-1045.5977,35.5000,-35.0600
10379,466,98.8333,16.5037,1.4227,50.0000,32.0000,52.7333,53.0867,4870.6361,313.8128,0.4300,977.0000,18.0000,2.0240,75.0220,-83.2715,-1045.5977,36.9000,-36.4600
10572,474,97.8000,17.0105,1.3230,47.7000,26.7000,47.4500,25.1050,2132.9463,117.6798,0.4450,823.0000,21.0000,1.7503,62.7763,-1165.3765,403.2148,10.0000,-7.8500
10574,474,98.2500,18.4968,0.9240,35.1000,26.0000,33.3500,29.1012,3152.8379,284.3929,0.2760,3460.0000,9.1000,0.8538,30.8154,-1165.3765,403.2148,12.8000,-10.6500
10576,474,97.9000,17.1675,1.2450,49.0000,27.9000,44.9500,27.9490,2843.9283,176.5197,0.3720,1950.0000,21.1000,1.5500,55.9628,-1165.3765,403.2148,15.9000,-13.7500
10581,475,99.5000,15.9511,1.7220,55.8000,25.8000,63.4000,5.3201,250.0696,17.6520,0.7310,173.0000,30.0000,2.9653,109.1748,-1039.4492,433.9531,4.6000,-1.7300
10585,475,99.1500,16.7849,1.4225,54.4000,27.4000,51.6000,28.5864,2309.4661,87.2792,0.6410,193.0000,27.0000,2.0235,73.4010,-1039.4492,433.9531,11.1000,-8.2300
10587,475,97.7000,17.9180,1.0575,40.5000,25.6000,37.9500,35.5491,3187.1611,132.3898,0.3820,981.0000,14.9000,1.1183,40.1321,-1039.4492,433.9531,14.1000,-11.2300
10590,475,97.0000,15.9609,1.6730,67.8000,32.1000,59.6000,38.2459,3275.4210,147.0997,0.6580,473.0000,35.7000,2.7989,99.7108,-1039.4492,433.9531,17.0000,-14.1300
10600,476,98.3000,16.5102,1.4745,58.3000,26.5000,53.3500,37.5840,2780.1852,132.3898,0.4980,387.0000,31.8000,2.1742,78.6646,-963.8862,464.7227,12.9000,-8.8600
10602,476,96.3000,17.5452,1.1265,42.2000,26.5000,39.9000,43.5170,4339.4425,176.5197,0.2860,3250.0000,15.7000,1.2690,44.9473,-963.8862,464.7227,15.9000,-11.8600
10604,476,96.5000,15.3527,1.8965,76.5000,34.5000,67.6500,56.2657,4412.9924,171.6164,0.6250,316.0000,42.0000,3.5967,128.2982,-963.8862,464.7227,18.9000,-14.8600
10618,478,97.4500,14.5580,2.4205,99.4000,48.9000,86.8000,10.2725,769.8220,30.4006,1.0030,105.0000,50.5000,5.8588,210.0994,-712.0186,557.0156,8.6000,-2.8100
10620,478,97.1000,14.1117,2.7460,114.8000,58.1000,97.8500,11.5473,892.4052,32.3619,1.2360,69.5000,56.7000,7.5405,268.6961,-712.0186,557.0156,11.6000,-5.8100
10624,478,99.8667,15.9413,1.7367,66.0000,35.1000,65.1000,35.2549,3455.2096,156.9064,0.7510,255.0000,30.9000,3.0160,113.0570,-712.0186,557.0156,19.5000,-13.7100
10631,479,95.6667,15.7352,1.7207,72.1000,35.7000,60.6667,11.3430,1265.0578,43.1493,0.8840,130.0000,36.4000,2.9607,104.3871,-661.6558,556.9883,9.1000,-3.2100
10635,479,100.0000,15.6862,2.0315,64.7000,32.1000,75.1000,30.8909,2373.2092,102.9698,0.7810,148.0000,32.6000,4.1270,152.5657,-661.6558,556.9883,14.3000,-8.4100
10637,479,99.8500,15.7500,1.8075,73.9000,32.7000,66.9500,51.6565,4511.0588,142.1964,0.6610,275.0000,41.2000,3.2671,121.0121,-661.6558,556.9883,20.5000,-14.6100
10644,480,100.0000,16.9223,1.3655,52.1000,28.8000,50.4000,16.8429,1495.5142,64.7239,0.3690,561.0000,23.3000,1.8646,68.8212,-535.7158,618.5430,9.3000,-3.4000
10646,480,99.5500,15.7598,1.8335,77.3000,37.7000,67.1500,24.7618,1868.1668,84.3372,0.5680,303.0000,39.6000,3.3617,123.1195,-535.7158,618.5430,12.4000,-6.5000
10650,480,98.9500,16.5985,1.4460,58.2000,30.2000,52.8500,31.3813,2799.7986,142.1964,0.5420,275.0000,28.0000,2.0909,76.4211,-535.7158,618.5430,18.0000,-12.1000
10652,480,99.4667,15.2742,2.0477,79.6000,35.1000,75.7000,42.4301,3804.9801,161.8097,0.7480,242.0000,44.5000,4.1929,155.0084,-535.7158,618.5430,21.0000,-15.1000
10666,482,98.5500,15.0436,2.1965,87.8000,42.9000,79.4500,11.0080,1078.7315,38.2459,0.8010,177.0000,44.9000,4.8246,174.5119,-988.7393,1019.3711,8.0000,-2.0700
10669,482,100.0000,16.2012,1.7440,60.1000,31.8000,64.9500,11.0325,505.0425,196.1330,0.3890,2900.0000,28.3000,3.0415,113.2728,-988.7393,1019.3711,11.1000,-5.1700
10670,482,99.9500,16.9026,1.3845,49.3000,29.8000,50.9500,36.7749,3824.5934,304.0061,0.4250,2150.0000,19.5000,1.9168,70.5403,-988.7393,1019.3711,16.7000,-10.7700
10673,482,99.2000,15.2349,2.0680,86.7000,43.4000,75.6000,41.1879,3922.6599,147.0997,0.8570,211.0000,43.3000,4.2766,156.3408,-988.7393,1019.3711,19.7000,-13.7700
10678,483,97.9500,13.5574,3.1275,106.9000,52.8000,115.9500,11.6454,804.1453,42.1686,1.2430,78.2000,54.1000,9.7813,362.6336,-888.1084,865.2461,9.0000,-3.0600
10681,483,100.0000,16.9860,1.3920,49.4000,30.7000,52.1000,14.2932,833.5652,107.8732,0.3720,1960.0000,18.7000,1.9377,72.5232,-888.1084,865.2461,11.9000,-5.9600
10686,483,99.3333,16.6705,1.4977,51.9000,29.6000,54.4000,40.6976,2517.0402,225.5529,0.4920,1110.0000,22.3000,2.2430,81.4731,-888.1084,865.2461,17.6000,-11.6600
10688,483,99.8333,15.0420,2.2370,84.4000,42.7000,82.8333,43.4598,3504.2429,147.0997,0.9470,178.0000,41.7000,5.0042,185.2982,-888.1084,865.2461,20.5000,-14.5600
10694,484,100.0000,15.2480,2.2083,88.0000,43.6000,81.3667,83.8142,1095.0759,71.5885,0.6450,243.0000,44.4000,4.8767,179.6847,-787.4746,711.1250,10.2000,-4.5500
10696,484,100.0000,15.7303,1.9380,86.5000,43.6000,72.9000,9.0466,259.8762,44.1299,0.5220,214.0000,42.9000,3.7558,141.2802,-787.4746,711.1250,13.1000,-7.4500
10699,484,99.6000,15.4704,1.9247,72.7000,43.1000,71.2333,39.3410,2369.9404,137.2931,0.7080,323.0000,29.6000,3.7043,137.1004,-787.4746,711.1250,19.2000,-13.5500
10728,487,93.7000,15.5488,1.7050,63.1000,39.7000,59.5000,12.2583,1005.1816,82.3759,0.9100,181.0000,23.4000,2.9070,101.4475,-762.6084,156.4727,6.9000,-2.9500
10731,487,100.0000,14.5777,2.4730,99.2000,55.9000,92.4000,24.7618,2608.5688,59.8206,0.9070,77.8000,43.3000,6.1157,228.5052,-762.6084,156.4727,9.9000,-5.9500
10741,488,97.7000,15.8579,1.6710,61.3000,33.2000,60.8500,9.4634,1147.3780,54.9172,0.4800,456.0000,28.1000,2.7922,101.6804,-712.2949,64.0039,6.9000,-3.1000
10744,488,94.4500,14.4747,2.3940,94.1000,47.4000,82.6000,21.2314,2235.9161,102.9698,0.8870,132.0000,46.7000,5.7312,197.7444,-712.2949,64.0039,9.9000,-6.1000
10756,489,98.0500,16.4906,1.4880,56.7000,33.9000,53.6000,14.4648,1485.7075,49.0332,0.6400,101.0000,22.8000,2.2141,79.7568,-611.6655,-120.9297,6.9000,-3.0700
10760,489,98.6000,14.7886,2.2890,89.8000,52.2000,83.5000,26.4780,2029.9764,66.6852,0.8210,73.7000,37.6000,5.2395,191.1315,-611.6655,-120.9297,9.9000,-6.0700
10772,490,98.9500,14.9652,2.1720,69.0000,38.2000,79.8500,13.4841,1490.6107,49.0332,0.7180,160.0000,30.8000,4.7176,173.4342,-561.3496,-213.3945,6.7000,-3.0700
10774,490,99.0500,14.2294,2.6360,103.9000,54.5000,98.0500,25.7425,2716.4420,67.6659,0.8540,127.0000,49.4000,6.9485,258.4598,-561.3496,-213.3945,9.6000,-5.9700
10785,491,98.0000,14.9161,2.1555,93.5000,51.4000,78.7000,32.4110,3098.9014,78.4532,0.7640,135.0000,42.1000,4.6462,169.6378,-511.0322,-305.8633,9.1000,-4.5700
10787,491,99.8000,14.5041,2.4380,108.4000,55.9000,91.8000,40.4524,5457.4006,100.0278,0.9270,90.8000,52.5000,5.9438,223.8084,-511.0322,-305.8633,12.1000,-7.5700
10987,510,102.5000,14.2270,2.9955,101.6000,42.3000,112.5500,7.3305,566.3340,38.2459,0.9700,73.4000,59.3000,8.9730,337.1435,-560.9976,433.6797,6.8000,-1.3900
10988,510,101.3500,15.1589,2.2837,83.4000,37.2000,83.8500,9.4757,786.9836,35.3039,0.8520,139.0000,46.2000,5.2155,191.4924,-560.9976,433.6797,9.6000,-4.1900
10991,510,100.3000,14.0185,3.0170,118.8000,51.3000,111.4500,14.9306,1421.9643,47.0719,1.2750,83.3000,67.5000,9.1023,336.2447,-560.9976,433.6797,12.4000,-6.9900
10996,510,96.9750,16.3729,1.5300,57.1000,28.7000,54.2750,36.3827,4979.3264,97.0858,0.5640,365.0000,28.4000,2.3409,83.0408,-560.9976,433.6797,18.5000,-13.0900
10997,510,100.1250,16.5372,1.5445,54.4000,27.9000,56.4000,16.6345,1505.3207,68.6465,0.4710,42.6000,26.5000,2.3855,87.1098,-560.9976,433.6797,20.2000,-14.7900
11458,545,100.5000,15.6077,1.8445,85.2000,39.6000,69.7500,34.9362,3162.6445,90.2212,0.6410,214.0000,45.6000,3.4022,128.6539,-32.5562,-336.9219,10.3000,-5.3200
11460,545,99.9000,17.1920,1.2145,54.9000,31.0000,45.5500,41.1879,3785.3668,137.2931,0.4320,411.0000,23.9000,1.4750,55.3205,-32.5562,-336.9219,13.4000,-8.4200
11464,545,99.6000,16.3435,1.4785,72.1000,37.2000,55.4500,38.0008,1323.8977,137.2931,0.5250,257.0000,34.9000,2.1860,81.9828,-32.5562,-336.9219,17.6000,-12.6200
11511,548,99.6000,14.7199,2.4095,110.9000,35.7000,88.3500,22.1875,2000.5565,84.3372,1.0340,126.0000,75.2000,5.8057,212.8793,-384.7744,341.1445,10.0000,-4.4500
11516,548,99.9000,15.7892,1.7880,92.9000,33.5000,66.1500,32.2884,3005.7383,108.8538,0.8890,121.0000,59.4000,3.1969,118.2762,-384.7744,341.1445,13.0000,-7.4500
11530,549,99.6500,14.8818,2.2985,93.3000,36.4000,84.4000,29.3464,2662.5054,91.2018,0.9730,151.0000,56.9000,5.2831,193.9934,-309.2925,217.8555,11.5000,-4.8600
11532,549,99.6000,14.6267,2.4140,75.1000,30.9000,89.5000,35.0588,4197.2461,105.9118,0.6480,289.0000,44.2000,5.8274,216.0530,-309.2925,217.8555,14.5000,-7.8600
11547,550,100.1500,15.8628,1.7715,87.1000,35.9000,65.5500,31.3322,3706.9137,96.1052,0.9240,84.0000,51.2000,3.1382,116.1218,-258.9907,94.5742,9.6000,-3.9100
11549,550,99.9000,17.4667,1.1850,73.2000,29.0000,43.7500,40.2808,2564.4390,106.8925,0.6630,111.0000,44.2000,1.4042,51.8438,-258.9907,94.5742,12.7000,-7.0100
11566,551,100.0500,14.9014,2.3050,57.2000,27.4000,85.1000,21.1824,1799.5203,74.5305,1.0790,105.0000,29.8000,5.3130,196.1555,-208.6719,2.1094,7.6000,-1.9100
11570,551,99.9500,17.5207,1.2505,78.5000,30.4000,45.1500,31.9697,3025.3516,114.7378,0.5590,724.0000,48.1000,1.5638,56.4601,-208.6719,2.1094,10.6000,-4.9100
11573,551,100.8000,16.9958,1.3890,33.2000,20.8000,51.3500,33.4897,1907.3933,776.6866,0.3370,1430.0000,12.4000,1.9293,71.3252,-208.6719,2.1094,13.5000,-7.8100
11623,554,99.4500,14.6660,2.3790,99.7000,39.1000,88.1000,21.4030,2324.1760,92.1825,1.0550,73.7000,60.6000,5.6596,209.5899,-32.5112,-244.4805,8.5000,-2.7700
11626,554,100.4500,15.1025,2.1525,83.5000,34.0000,80.3500,32.9013,2941.9949,118.6605,0.8000,144.0000,49.5000,4.6333,172.9534,-32.5112,-244.4805,11.5000,-5.7700
11630,554,100.3000,17.4618,1.2330,41.7000,24.2000,45.1500,37.5104,2829.2184,163.7710,0.2870,1900.0000,17.5000,1.5203,55.6700,-32.5112,-244.4805,14.5000,-8.7700
11633,554,100.0500,17.0449,1.3525,63.1000,30.1000,49.5000,44.9390,2716.4420,164.7517,0.5800,524.0000,33.0000,1.8293,66.9488,-32.5112,-244.4805,17.4000,-11.6700
11644,555,100.3500,15.7303,1.8110,104.2000,38.9000,67.5500,13.0183,843.3719,54.9172,0.7170,168.0000,65.3000,3.2797,122.3330,42.9810,-367.7695,6.3000,-1.4800
11648,555,99.5500,15.6666,1.7965,82.4000,32.7000,66.8500,24.5166,1985.8466,77.4725,0.6290,211.0000,49.7000,3.2274,120.0960,42.9810,-367.7695,9.3000,-4.4800
11651,555,100.9000,16.2699,1.5900,62.0000,28.5000,59.6000,19.3191,1784.8102,67.6659,0.5030,551.0000,33.5000,2.5281,94.7640,42.9810,-367.7695,12.3000,-7.4800
11653,555,98.8500,16.6279,1.4345,54.6000,24.0000,52.3500,30.4006,3398.0040,99.0472,0.4710,627.0000,30.6000,2.0578,75.0961,42.9810,-367.7695,15.3000,-10.4800
11656,555,101.0500,17.7561,1.1220,58.7000,27.4000,41.8500,40.3298,3064.5780,169.6550,0.3640,993.0000,31.3000,1.2589,46.9557,42.9810,-367.7695,18.3000,-13.4800
11689,557,98.5500,14.4599,2.4540,109.3000,43.3000,90.5000,23.6095,2500.6957,66.6852,0.5580,288.0000,66.0000,6.0221,222.0870,143.6304,-552.6953,10.0000,-5.3600
11691,557,97.5500,14.4796,2.4800,110.4000,43.0000,89.0500,26.2818,2755.6686,116.6991,1.1920,144.0000,67.4000,6.1504,220.8440,143.6304,-552.6953,13.0000,-8.3600
11693,557,99.1500,15.6519,1.8395,79.7000,34.8000,67.4000,26.2328,1608.2906,43.1493,0.4380,395.0000,44.9000,3.3838,123.9823,143.6304,-552.6953,16.0000,-11.3600
11709,558,101.8000,15.7892,1.7655,116.1000,40.3000,67.7500,36.3336,4040.3398,99.0472,1.2070,94.6000,75.8000,3.1170,119.6126,193.9570,-645.1563,10.6000,-5.0600
11712,558,98.5500,15.7303,1.7645,80.5000,33.2000,64.5000,56.5108,5746.6965,165.7324,0.9090,132.0000,47.3000,3.1135,113.8103,193.9570,-645.1563,13.6000,-8.0600
11716,558,96.2500,16.9173,1.3455,71.0000,31.2000,47.1500,58.3986,7389.3103,160.8291,0.7210,179.0000,39.8000,1.8104,63.4403,193.9570,-645.1563,16.6000,-11.0600
11726,559,99.7500,14.5090,2.4995,116.8000,47.2000,92.8500,21.1088,2490.8890,72.5692,0.8240,111.0000,69.6000,6.2475,232.0786,244.2842,-737.6211,8.7000,-3.6200
11729,559,100.3500,15.7009,1.8480,66.1000,26.9000,68.7000,28.4883,2172.1729,93.1632,0.5430,399.0000,39.2000,3.4151,126.9576,244.2842,-737.6211,11.7000,-6.6200
11736,559,99.0000,15.3772,2.0285,101.0000,36.1000,73.3000,42.2176,4986.6814,124.5444,1.0700,241.0000,64.9000,4.1148,148.6890,244.2842,-737.6211,16.2000,-11.1200
11745,560,100.7000,15.4802,1.9570,101.6000,41.4000,73.1000,19.6868,2069.2031,75.5112,0.9040,180.0000,60.2000,3.8298,143.0567,-485.5186,310.3867,8.3000,-3.1600
11750,560,101.1000,16.6034,1.5250,59.7000,26.1000,56.4000,23.2663,1691.6471,88.2598,0.5710,484.0000,33.6000,2.3256,86.0100,-485.5186,310.3867,11.3000,-6.1600
11754,560,100.1500,15.3477,1.9855,86.2000,36.8000,74.1000,30.0819,2020.1699,99.0472,0.8550,169.0000,49.4000,3.9422,147.1256,-485.5186,310.3867,14.3000,-9.1600
11804,563,99.5000,15.6519,1.7495,106.5000,41.5000,65.7500,35.8188,5079.8447,119.6411,0.7840,119.0000,65.0000,3.0608,115.0296,42.8779,-583.4609,8.8000,-3.4200
11807,563,102.1500,14.8523,2.3785,95.4000,39.5000,90.7000,33.4407,2986.1249,111.7958,0.9960,94.5000,55.9000,5.6573,215.7300,42.8779,-583.4609,11.8000,-6.4200
11810,563,100.4000,17.3980,1.2215,45.0000,21.8000,45.2000,37.2653,3550.0073,134.3511,0.3980,546.0000,23.2000,1.4921,55.2118,42.8779,-583.4609,14.8000,-9.4200
11813,563,101.3000,15.6420,1.9070,62.3000,26.3000,71.5000,57.3444,6418.4521,209.8623,0.9420,137.0000,36.0000,3.6366,136.3505,42.8779,-583.4609,17.6000,-12.2200
11860,566,97.5000,14.7297,2.1865,96.0000,38.4000,80.4000,13.4596,563.8824,63.7432,0.7310,94.8000,57.6000,4.7808,175.7946,42.8047,-737.5273,5.3000,-0.4000
11864,566,96.9000,15.3428,1.8600,93.6000,30.7000,67.5500,18.2894,1564.1606,65.7046,0.8970,42.8000,62.9000,3.4596,125.6430,42.8047,-737.5273,8.3000,-3.4000
11867,566,99.4500,14.8621,2.2985,104.2000,41.8000,84.3500,21.1824,2103.5264,68.6465,0.9040,95.8000,62.4000,5.2831,193.8785,42.8047,-737.5273,11.2000,-6.3000
11869,566,100.2000,15.5636,1.8830,95.7000,38.6000,70.2000,28.2432,2074.1065,151.0224,0.8590,135.0000,57.1000,3.5457,132.1866,42.8047,-737.5273,14.2000,-9.3000
11886,567,100.0000,15.2300,1.9595,77.0000,34.0000,74.9000,29.3464,3177.3545,117.6798,1.2700,65.5000,43.0000,3.8396,146.7666,294.6128,-830.0820,9.6000,-3.9000
11888,567,99.7000,14.8867,2.1260,82.0000,34.0000,81.7500,22.1385,3540.2006,157.8871,0.8800,114.0000,48.0000,4.5199,173.8005,294.6128,-830.0820,12.6000,-6.9000
11890,567,100.0000,15.0436,2.0685,89.0000,32.0000,80.5500,35.1323,3442.1340,133.3704,0.3960,563.0000,57.0000,4.2787,166.6177,294.6128,-830.0820,15.6000,-9.9000
11907,568,100.0000,14.6807,2.3210,87.0000,41.0000,92.5500,31.4303,2628.1820,131.4091,0.9100,299.0000,46.0000,5.3870,214.8085,344.9424,-922.5430,10.1000,-4.1600
11909,568,98.8500,14.8818,1.9265,92.0000,38.0000,76.4000,20.7411,2785.0886,93.1632,0.8150,156.0000,54.0000,3.7114,147.1846,344.9424,-922.5430,13.1000,-7.1600
11911,568,100.0000,17.2901,1.2120,56.0000,28.0000,47.6500,46.1403,3559.8138,193.1910,0.4100,766.0000,28.0000,1.4689,57.7518,344.9424,-922.5430,15.9000,-9.9600
11925,569,99.7000,15.5881,1.8370,74.0000,34.0000,69.6500,19.1720,1054.2149,85.3179,0.5950,286.0000,40.0000,3.3746,127.9471,395.2866,-984.1914,7.6000,-1.7600
11927,569,100.0000,15.0878,2.1197,99.0000,42.0000,81.3333,25.5790,3265.6144,101.9892,0.9000,137.0000,57.0000,4.4930,172.3996,395.2866,-984.1914,10.6000,-4.7600
11929,569,98.7000,16.5936,1.4035,54.0000,26.0000,51.7000,30.2045,2991.0282,166.7131,0.5250,565.0000,28.0000,1.9698,72.5610,395.2866,-984.1914,13.6000,-7.7600
11931,569,100.0000,17.6531,1.1475,43.0000,24.0000,43.9000,48.9842,3353.8743,226.5336,0.4050,551.0000,19.0000,1.3168,50.3753,395.2866,-984.1914,16.5000,-10.6600
11941,570,99.2000,14.9406,2.0645,84.0000,38.0000,78.2500,17.5049,1122.8614,98.0665,0.7000,189.0000,46.0000,4.2622,161.5471,445.6182,-1076.6523,7.5000,-2.2800
11944,570,100.0000,15.0927,2.0805,88.0000,39.0000,79.1000,24.3450,2951.8016,98.0665,0.8100,169.0000,49.0000,4.3285,164.5675,445.6182,-1076.6523,10.5000,-5.2800
11946,570,99.8500,15.1565,2.0255,82.0000,37.0000,76.4000,25.6199,3966.7897,88.2598,0.7300,222.0000,45.0000,4.1027,154.7482,445.6182,-1076.6523,13.5000,-8.2800
11948,570,100.0000,16.5838,1.4140,57.0000,28.0000,53.7500,27.3851,2883.1552,115.7185,0.3900,641.0000,29.0000,1.9994,76.0025,445.6182,-1076.6523,16.5000,-11.2800
11961,571,100.0000,15.6960,1.7975,77.0000,37.0000,70.2500,29.5670,3044.9647,82.3759,0.5700,318.0000,40.0000,3.2310,126.2744,495.9507,-1169.1133,5.9000,-0.4700
11963,571,99.5500,14.3373,2.5100,91.0000,41.0000,95.4000,22.1385,3692.2036,74.5305,1.0100,167.0000,50.0000,6.3001,239.4540,495.9507,-1169.1133,8.9000,-3.4700
11965,571,99.3000,14.8572,2.1165,96.0000,42.0000,80.3500,24.1489,2294.7560,95.1245,0.8040,204.0000,54.0000,4.4796,170.0608,495.9507,-1169.1133,11.9000,-6.4700
11967,571,99.8500,15.0633,2.0485,94.0000,40.0000,77.9500,31.7490,3084.1913,93.1632,0.8200,149.0000,54.0000,4.1964,159.6806,495.9507,-1169.1133,14.9000,-9.4700
11981,572,100.0000,14.7739,2.3745,95.0000,42.0000,95.4500,15.2984,1137.5714,52.9559,1.2800,72.2000,53.0000,5.6383,226.6460,546.2839,-1261.5742,5.2000,-0.5500
11983,572,100.0000,14.7788,2.2645,88.0000,39.0000,88.2000,18.7307,2240.8195,59.8206,0.8400,142.0000,49.0000,5.1280,199.7289,546.2839,-1261.5742,8.2000,-3.5500
11985,572,98.9000,16.3287,1.4145,69.0000,33.0000,53.8500,25.6934,1902.4901,139.2544,0.4670,379.0000,36.0000,2.0008,76.1708,546.2839,-1261.5742,11.2000,-6.5500
11987,572,100.0000,15.0387,2.0500,92.0000,40.0000,80.8000,18.9759,1907.3934,109.8345,0.8200,187.0000,52.0000,4.2025,165.6400,546.2839,-1261.5742,14.1000,-9.4500
11989,572,100.0000,14.6758,2.2490,102.0000,45.0000,87.0000,39.1040,3741.2371,147.0997,0.9400,86.1000,57.0000,5.0580,195.6630,546.2839,-1261.5742,17.2000,-12.5500
12025,574,100.0000,15.3723,1.8935,76.0000,39.0000,74.5000,11.7680,2010.3632,68.6465,0.4900,280.0000,37.0000,3.5853,141.0658,571.3936,-1446.4609,9.5000,-4.3300
12028,574,100.0000,15.0976,2.0420,92.0000,41.0000,80.9500,26.8947,1985.8466,109.8345,0.7850,150.0000,51.0000,4.1698,165.2999,571.3936,-1446.4609,12.5000,-7.3300
12030,574,100.0000,15.1663,1.9400,87.0000,39.0000,76.8500,25.8896,2422.2424,111.7958,0.6900,178.0000,48.0000,3.7636,149.0890,571.3936,-1446.4609,15.5000,-10.3300
12033,574,100.0000,15.5292,1.8050,84.0000,38.0000,70.8000,35.5246,2353.5959,160.8291,0.7370,189.0000,46.0000,3.2580,127.7940,571.3936,-1446.4609,18.5000,-13.3300
12067,576,99.4333,17.0498,1.2450,47.0000,25.0000,46.6000,17.5376,1271.5956,111.7958,0.3920,678.0000,22.0000,1.5500,58.0170,219.0435,-860.8594,9.6000,-3.8200
12069,576,93.4500,14.5139,2.0535,61.0000,30.0000,73.9000,21.3540,1206.2180,98.0665,0.7190,293.0000,31.0000,4.2169,151.7537,219.0435,-860.8594,12.6000,-6.8200
12072,576,100.0000,16.1031,1.6520,70.0000,31.0000,63.3500,21.6972,2412.4359,91.2018,0.5800,225.0000,39.0000,2.7291,104.6542,219.0435,-860.8594,15.6000,-9.8200
12088,577,99.0000,16.6378,1.3445,83.0000,35.0000,50.3500,28.7580,1721.0670,97.0858,0.4120,378.0000,48.0000,1.8077,67.6956,269.3584,-984.1367,8.2000,-2.6300
12095,577,98.8500,15.7794,1.6805,81.0000,34.0000,62.6500,26.6741,1157.1846,101.0085,0.5700,318.0000,47.0000,2.8241,105.2833,269.3584,-984.1367,14.4000,-8.8300
12097,577,99.8333,15.2022,2.0413,95.0000,40.0000,76.3000,39.5862,3196.9679,188.2877,0.7000,180.0000,55.0000,4.1670,155.7537,269.3584,-984.1367,17.5000,-11.9300
12109,578,99.7500,14.5433,2.4435,85.0000,36.0000,92.3500,20.6430,1799.5203,98.0665,0.9650,58.5000,49.0000,5.9707,225.6572,319.7022,-1045.7852,7.4000,-1.7900
12113,578,100.0000,15.6535,1.8420,91.0000,38.0000,70.3667,31.6264,1565.7950,116.6991,0.5880,127.0000,53.0000,3.3930,129.6154,319.7022,-1045.7852,12.2000,-6.5900
12117,578,99.8333,15.5292,1.8810,87.0000,38.0000,71.6667,30.7275,1435.0397,137.2931,0.6230,140.0000,49.0000,3.5382,134.8050,319.7022,-1045.7852,16.7000,-11.0900
12138,579,100.0000,15.5979,1.9280,83.0000,37.0000,74.5000,42.2912,2363.4026,174.5584,0.9600,140.0000,46.0000,3.7172,143.6360,370.0332,-1138.2461,15.6000,-9.4600
12140,579,100.0000,16.5200,1.5180,72.0000,33.0000,58.6000,18.6326,907.1151,125.5251,0.4550,191.0000,39.0000,2.3043,88.9548,370.0332,-1138.2461,18.6000,-12.4600
12159,580,99.6000,15.4311,1.9155,82.0000,36.0000,72.9000,19.4417,382.4594,101.9892,0.6520,156.0000,46.0000,3.6691,139.6399,395.1924,-1199.8828,15.2000,-8.3400
12161,580,100.0000,16.0639,1.6825,77.0000,35.0000,65.9000,54.0346,3044.9647,230.4563,0.7200,192.0000,42.0000,2.8308,110.8767,395.1924,-1199.8828,18.2000,-11.3400
12408,596,100.3500,15.3183,1.9690,70.5000,38.7000,74.2000,25.2521,4241.3760,102.9698,0.6300,271.0000,31.8000,3.8770,146.0998,-661.5190,803.4922,8.9000,-3.0500
12411,596,100.1500,16.1178,1.6330,58.6000,35.3000,60.7500,27.0664,2471.2756,103.9505,0.5900,390.0000,23.3000,2.6667,99.2047,-661.5190,803.4922,11.9000,-6.0500
12414,596,100.1000,17.1724,1.2730,48.3000,24.4000,47.1000,31.1361,3025.3514,101.0085,0.7800,136.0000,23.9000,1.6205,59.9583,-661.5190,803.4922,14.9000,-9.0500
12446,598,100.5000,15.9020,1.7500,70.0000,31.4000,65.1500,25.5463,2598.7622,79.4339,0.6900,305.0000,38.6000,3.0625,114.0125,-560.8970,618.5586,12.1000,-6.4300
12450,598,99.5500,17.6188,1.1225,46.4000,23.8000,41.4500,38.5647,3422.5206,122.5831,0.3700,490.0000,22.6000,1.2600,46.5276,-560.8970,618.5586,15.1000,-9.4300
12526,604,100.7000,14.8867,2.1675,94.0000,45.7000,83.3000,29.9348,2991.0282,102.9698,0.8100,253.0000,48.3000,4.6981,180.5527,-510.4517,772.5977,9.6000,-3.8300
12530,604,100.2500,16.6181,1.4675,58.3000,30.4000,54.3000,38.5401,4403.1858,118.6605,0.5700,402.0000,27.9000,2.1536,79.6853,-510.4517,772.5977,12.6000,-6.8300
12539,605,100.3500,15.4655,1.8475,65.4000,40.0000,70.3500,34.8136,3358.7776,100.0278,0.5600,492.0000,25.4000,3.4133,129.9716,-686.7856,649.4414,12.0000,-5.9500
12542,605,99.9000,16.0344,1.6425,66.4000,36.6000,61.3000,40.4769,4192.3428,152.0031,0.4700,988.0000,29.8000,2.6978,100.6852,-686.7856,649.4414,15.1000,-9.0500
12567,607,99.8000,14.8720,2.2410,73.4000,35.7000,83.5500,11.9151,1701.4537,38.2459,1.1200,99.2000,37.7000,5.0221,187.2356,-586.1626,464.5078,5.5000,-3.0100
12569,607,99.0500,14.7739,2.1725,100.1000,44.6000,81.9500,16.5242,2069.2031,45.1106,0.8600,128.0000,55.5000,4.7198,178.0364,-586.1626,464.5078,8.5000,-6.0100
12573,607,99.7000,14.2981,2.4910,110.0000,50.5000,95.4500,18.5346,2167.2697,66.6852,1.0300,84.6000,59.5000,6.2051,237.7659,-586.1626,464.5078,11.5000,-9.0100
12584,608,99.7000,15.8382,1.7540,59.7000,33.2000,65.0000,48.7881,5555.4670,164.7517,0.5800,299.0000,26.5000,3.0765,114.0100,-837.8189,741.9648,12.5000,-8.1300
12799,626,100.0500,14.2196,2.7275,115.2000,39.0000,102.3500,7.3795,475.6225,19.6133,0.9000,154.0000,76.2000,7.4393,279.1596,-32.0928,618.2852,6.1000,-2.5900
12801,626,99.9000,14.5139,2.4745,85.2000,36.1000,92.5500,12.0622,1304.2844,31.3813,0.7400,276.0000,49.1000,6.1232,229.0150,-32.0928,618.2852,7.5000,-3.9900
12802,626,100.0500,14.3128,2.6285,123.5000,44.3000,99.3000,14.6119,1637.7105,63.7432,0.8220,228.0000,79.2000,6.9090,261.0100,-32.0928,618.2852,9.0000,-5.4900
12803,626,99.9333,14.7444,2.3063,86.3000,36.6000,86.6000,14.5956,1791.3481,50.0139,0.7150,302.0000,49.7000,5.3192,199.7285,-32.0928,618.2852,10.5000,-6.9900
12804,626,100.7667,15.8366,1.7587,80.8000,40.6000,66.3000,18.3057,1846.9190,55.8979,0.6950,408.0000,40.2000,3.0929,116.5996,-32.0928,618.2852,12.0000,-8.4900
12805,626,101.4000,16.2748,1.5763,62.7000,32.7000,59.8333,21.0843,1775.0036,127.4864,0.5390,934.0000,30.0000,2.4848,94.3173,-32.0928,618.2852,13.5000,-9.9900
12807,626,99.8500,15.0976,2.1060,70.7000,30.2000,78.5500,25.9141,3280.3245,96.1052,0.3700,1240.0000,40.5000,4.4352,165.4263,-32.0928,618.2852,15.0000,-11.4900
12813,626,99.5000,14.8622,2.1995,89.6000,41.8000,82.4000,53.2501,5246.5576,133.3704,1.0550,438.0000,47.8000,4.8378,181.2388,-32.0928,618.2852,21.4000,-17.8900
12814,626,100.0000,14.8572,2.2200,108.6000,43.9000,83.5500,58.3496,5413.2708,102.9698,1.0250,363.0000,64.7000,4.9284,185.4810,-32.0928,618.2852,22.9000,-19.3900
12815,626,99.7667,14.5875,2.3840,107.6000,38.5000,89.6333,59.6571,5377.3128,156.9064,1.1870,824.0000,69.1000,5.6835,213.6859,-32.0928,618.2852,24.4000,-20.8900
12816,626,99.3500,14.6022,2.3705,109.7000,39.2000,88.5000,62.0271,4466.9290,152.0031,1.1420,401.0000,70.5000,5.6193,209.7892,-32.0928,618.2852,25.9000,-22.3900
12817,626,99.4000,14.5580,2.3815,105.2000,44.3000,89.3500,63.7432,7340.2773,147.0997,1.0860,307.0000,60.9000,5.6715,212.7870,-32.0928,618.2852,27.4000,-23.8900
12818,626,97.8333,14.3913,2.4660,100.0000,41.3000,90.3667,65.8680,7328.8361,269.6829,1.2120,455.0000,58.7000,6.0812,222.8442,-32.0928,618.2852,29.0000,-25.4900
12819,626,99.0000,14.8180,2.2185,105.0000,41.6000,82.4000,62.0271,5325.0107,152.9837,1.0490,428.0000,63.4000,4.9217,182.8044,-32.0928,618.2852,30.4000,-26.8900
12820,626,98.1500,14.4648,2.3920,95.2000,39.9000,88.5000,60.0657,4486.5422,171.6164,1.0700,521.0000,55.3000,5.7217,211.6920,-32.0928,618.2852,31.9000,-28.3900
12821,626,98.8000,15.0829,2.0205,89.3000,37.3000,75.3500,74.0402,7227.5010,192.2103,1.0480,307.0000,52.0000,4.0824,152.2447,-32.0928,618.2852,33.4000,-29.8900
12823,626,95.3500,16.3386,1.4030,54.6000,26.6000,50.2000,52.7107,4790.5483,279.4895,0.5400,893.0000,28.0000,1.9684,70.4306,-32.0928,618.2852,34.9000,-31.3900
12824,626,97.8000,16.1718,1.5415,68.4000,31.2000,56.2500,78.4532,8051.2593,230.4563,0.6850,504.0000,37.2000,2.3762,86.7094,-32.0928,618.2852,36.4000,-32.8900
12826,626,97.9000,16.0393,1.6405,61.0000,29.4000,59.3000,76.7370,5516.2405,245.1662,0.6860,784.0000,31.6000,2.6912,97.2816,-32.0928,618.2852,38.8000,-35.2900
12827,626,97.3500,15.9462,1.6400,70.4000,30.6000,59.3000,76.4919,4618.9321,254.9729,0.6930,552.0000,39.8000,2.6896,97.2520,-32.0928,618.2852,40.3000,-36.7900
12828,626,96.8667,16.0230,1.6053,70.4000,30.4000,57.5333,70.6079,6704.4795,227.5143,0.7080,684.0000,40.0000,2.5771,92.3602,-32.0928,618.2852,41.8000,-38.2900
12829,626,98.3000,16.2454,1.7470,87.4000,32.1000,63.6500,86.7888,5673.1470,269.6829,0.8800,703.0000,55.3000,3.0520,111.1966,-32.0928,618.2852,43.3000,-39.7900
12830,626,96.0500,15.6470,1.7395,71.2000,33.1000,61.9500,95.6148,8340.5554,287.3348,0.7210,265.0000,38.1000,3.0259,107.7620,-32.0928,618.2852,44.5000,-40.9900
12832,626,92.8667,14.9374,2.0980,125.2000,54.6000,70.3333,74.2037,8871.7493,519.7524,0.9530,582.0000,70.6000,4.4016,147.5593,-32.0928,618.2852,46.1000,-42.5900
12985,630,100.0000,14.3864,2.5120,98.5000,44.4000,96.5000,3.0646,73.5499,19.6133,0.7000,109.0000,54.1000,6.3101,242.4080,496.3440,-244.7227,9.6000,-6.6500
12986,630,99.2000,14.1754,2.5500,91.2000,39.0000,97.3000,4.2904,210.8430,21.5746,0.8100,99.4000,52.2000,6.5025,248.1150,496.3440,-244.7227,11.1000,-8.1500
12987,630,100.0000,15.0044,2.0605,83.4000,36.4000,79.8000,4.9033,382.4594,18.6326,0.7100,144.0000,47.0000,4.2457,164.4279,496.3440,-244.7227,12.6000,-9.6500
12988,630,99.8500,15.3674,1.8630,73.6000,34.3000,71.7500,6.7421,627.6256,22.5553,0.6100,123.0000,39.3000,3.4708,133.6702,496.3440,-244.7227,14.1000,-11.1500
12989,630,100.0000,14.7608,2.2147,82.4000,36.3000,85.5000,8.5808,761.6498,30.4006,0.7100,145.0000,46.1000,4.9047,189.3540,496.3440,-244.7227,15.6000,-12.6500
12990,630,100.0000,14.8621,2.1475,88.1000,37.6000,83.1000,11.0325,1211.1213,35.3039,0.8300,169.0000,50.5000,4.6118,178.4573,496.3440,-244.7227,17.1000,-14.1500
12992,630,99.6000,14.9308,2.0815,79.6000,36.1000,79.2500,13.3616,956.1483,58.8399,0.8000,133.0000,43.5000,4.3326,164.9589,496.3440,-244.7227,18.3000,-15.3500
12996,630,99.6000,15.6044,1.7577,72.5000,33.1000,66.5333,35.9577,2758.9374,142.1964,0.9200,172.0000,39.4000,3.0894,116.9434,496.3440,-244.7227,22.3000,-19.3500
12997,630,99.4667,14.8262,2.1740,94.5000,40.3000,82.2000,35.1405,2275.1427,177.5004,1.1200,119.0000,54.2000,4.7263,178.7028,496.3440,-244.7227,23.8000,-20.8500
12998,630,100.0000,14.8850,2.1600,93.0000,39.8000,82.8667,47.8891,3988.0376,161.8097,1.1000,183.0000,53.2000,4.6656,178.9920,496.3440,-244.7227,25.3000,-22.3500
12999,630,100.0000,14.8425,2.2695,101.0000,44.0000,87.6000,57.8592,3991.3065,178.4810,1.2200,189.0000,57.0000,5.1506,198.8082,496.3440,-244.7227,26.8000,-23.8500
13000,630,99.0333,14.2964,2.5237,107.8000,49.1000,94.8667,64.0701,4586.2432,187.3070,1.2400,196.0000,58.7000,6.3689,239.4118,496.3440,-244.7227,28.3000,-25.3500
13001,630,100.0000,14.6316,2.3645,102.6000,46.0000,91.0000,62.5174,3677.4937,201.0363,1.3300,188.0000,56.6000,5.5909,215.1695,496.3440,-244.7227,29.8000,-26.8500
13002,630,99.2000,14.3717,2.5065,103.8000,48.0000,94.8000,73.5499,5658.4370,181.4230,1.1600,181.0000,55.8000,6.2825,237.6162,496.3440,-244.7227,31.3000,-28.3500
13003,630,99.8667,14.5155,2.4687,103.0000,47.9000,92.9333,73.8768,4945.8205,225.5529,1.3700,262.0000,55.1000,6.0943,229.4214,496.3440,-244.7227,32.8000,-29.8500
13004,630,99.9000,14.3128,2.6070,107.6000,48.7000,98.2667,64.3970,5073.3067,206.9203,1.3900,164.0000,58.9000,6.7964,256.1812,496.3440,-244.7227,34.3000,-31.3500
13005,630,99.9333,14.4567,2.4767,104.3000,47.7000,93.6333,66.3583,5122.3402,251.0502,1.5000,177.0000,56.6000,6.1339,231.8986,496.3440,-244.7227,35.8000,-32.8500
13006,630,100.0000,14.5237,2.4205,106.0000,48.1000,92.1000,73.5499,5089.6511,250.0696,1.4800,146.0000,57.9000,5.8588,222.9281,496.3440,-244.7227,37.3000,-34.3500
13007,630,99.9667,14.5679,2.4140,103.0000,47.1000,91.1333,77.1456,5818.6121,259.8762,1.4800,917.0000,55.9000,5.8274,219.9959,496.3440,-244.7227,38.6000,-35.6500
13008,630,99.9333,14.8294,2.2167,102.8000,47.3000,84.2667,82.0490,7475.9360,264.7795,1.2100,91.7000,55.5000,4.9136,186.7911,496.3440,-244.7227,40.3000,-37.3500
13010,630,99.5667,17.1446,1.1990,45.5000,33.5000,45.2333,48.8698,4527.4032,323.6194,0.3900,2530.0000,12.0000,1.4376,54.2348,496.3440,-244.7227,41.8000,-38.8500
13013,630,99.7333,16.2159,1.4990,63.6000,31.1000,56.8333,38.4094,2503.9646,264.7795,0.6000,409.0000,32.5000,2.2470,85.1932,496.3440,-244.7227,43.7000,-40.7500
13015,630,99.9000,16.3009,1.4740,75.3000,36.1000,56.1333,67.8293,4478.3700,357.9427,0.9100,112.0000,39.2000,2.1727,82.7405,496.3440,-244.7227,46.8000,-43.8500
13018,631,97.8000,13.3122,3.4620,117.8000,45.9000,126.9500,7.6002,661.9489,17.6520,1.3300,120.0000,71.9000,11.9854,439.5009,697.6758,-583.7500,5.5000,-2.6300
13019,631,101.5000,15.0289,2.2650,89.3000,37.8000,85.0500,5.4182,338.3294,22.5553,0.5100,716.0000,51.5000,5.1302,192.6383,697.6758,-583.7500,7.0000,-4.1300
13020,631,92.8000,14.6807,2.1645,89.6000,39.1000,74.7000,7.4531,657.0455,22.5553,0.8510,264.0000,50.5000,4.6851,161.6881,697.6758,-583.7500,8.5000,-5.6300
13021,631,101.2500,14.7248,2.4370,90.6000,39.1000,91.7000,10.4196,1348.4144,32.3619,0.7900,248.0000,51.5000,5.9390,223.4729,697.6758,-583.7500,10.0000,-7.1300
13022,631,99.9667,14.8327,2.3407,93.7000,39.2000,86.3333,11.5718,1363.1243,37.2653,0.7400,364.0000,54.5000,5.4787,202.0776,697.6758,-583.7500,11.5000,-8.6300
13023,631,99.6000,14.9259,2.2715,77.6000,36.1000,83.3500,17.2107,1833.8435,44.1299,0.6740,461.0000,41.5000,5.1597,189.3295,697.6758,-583.7500,13.0000,-10.1300
13024,631,99.5000,15.1025,2.1685,79.5000,35.8000,79.3000,19.5152,2789.9918,63.7432,0.8590,465.0000,43.7000,4.7024,171.9621,697.6758,-583.7500,14.5000,-11.6300
13025,631,99.5000,15.3428,2.0275,74.6000,31.1000,74.5000,26.2328,3285.2277,70.6079,0.8360,436.0000,43.5000,4.1108,151.0488,697.6758,-583.7500,16.0000,-13.1300
13031,631,93.8667,17.3735,1.1347,42.7000,26.3000,39.4000,44.3914,3327.7232,313.8128,0.8120,658.0000,16.4000,1.2875,44.7059,697.6758,-583.7500,21.2000,-18.3300
13033,631,98.7667,15.7712,1.7673,86.2000,38.8000,64.7000,65.0508,6554.1110,154.9451,0.8700,210.0000,47.4000,3.1235,114.3465,697.6758,-583.7500,22.7000,-19.8300
13034,631,99.1500,14.7052,2.3695,111.2000,44.2000,86.9500,66.6852,6354.7095,156.9064,1.2650,267.0000,67.0000,5.6145,206.0280,697.6758,-583.7500,24.2000,-21.3300
13035,631,98.2000,14.5580,2.4125,115.4000,45.2000,87.8500,66.1949,10184.2061,250.0696,1.2640,383.0000,70.2000,5.8202,211.9381,697.6758,-583.7500,25.7000,-22.8300
13036,631,99.3000,14.5973,2.4245,108.0000,43.4000,89.5000,77.2274,7266.7275,272.6248,1.4600,334.0000,64.6000,5.8782,216.9927,697.6758,-583.7500,27.2000,-24.3300
13037,631,99.9000,14.3766,2.5790,123.0000,47.8000,96.6000,78.4532,6766.5884,193.1910,1.3230,228.0000,75.2000,6.6512,249.1314,697.6758,-583.7500,30.2000,-27.3300
13038,631,98.9000,14.1853,2.6830,123.5000,49.3000,99.4000,89.4857,8414.1055,208.8817,1.4160,219.0000,74.2000,7.1985,266.6902,697.6758,-583.7500,31.7000,-28.8300
13039,631,99.7500,14.3226,2.5160,121.0000,46.4000,95.5500,91.4470,8173.8428,223.5916,1.4400,341.0000,74.6000,6.3303,240.4038,697.6758,-583.7500,33.2000,-30.3300
13040,631,99.7000,14.2294,2.5940,118.4000,46.5000,98.3500,86.0533,6192.8992,235.3596,1.4600,221.0000,71.9000,6.7288,255.1199,697.6758,-583.7500,34.4000,-31.5300
13041,631,99.1500,14.3275,2.5420,120.7000,49.2000,95.0000,91.4470,7090.2078,274.5862,1.3910,221.0000,71.5000,6.4618,241.4900,697.6758,-583.7500,36.2000,-33.3300
13042,631,98.4500,14.2441,2.5610,110.1000,45.4000,95.1000,91.6922,7992.4197,279.4895,1.1700,280.0000,64.7000,6.5587,243.5511,697.6758,-583.7500,37.7000,-34.8300
13043,631,98.1000,14.4060,2.4130,105.9000,46.1000,89.5000,92.4277,6192.8992,353.0394,1.1950,275.0000,59.8000,5.8226,215.9635,697.6758,-583.7500,39.1000,-36.2300
13045,631,97.9000,16.7947,1.3703,49.4000,29.1000,49.5667,54.1000,4828.1406,274.5862,0.5250,967.0000,20.3000,1.8778,67.9229,697.6758,-583.7500,40.7000,-37.8300
13047,631,96.8000,16.3238,1.4955,64.6000,31.1000,53.5000,82.6210,5526.0471,313.8128,0.7170,390.0000,33.5000,2.2365,80.0093,697.6758,-583.7500,42.8000,-39.9300
13048,631,96.8500,16.3582,1.5005,63.3000,30.3000,53.5500,92.9180,8688.6919,558.9790,0.5560,1320.0000,33.0000,2.2515,80.3518,697.6758,-583.7500,44.3000,-41.4300
13050,632,98.3500,13.3514,3.4905,73.3000,33.4000,128.3000,3.0646,227.5143,10.7873,0.5760,441.0000,39.9000,12.1836,447.8312,873.8259,-953.5742,4.1000,-0.8600
13051,632,98.7000,15.7451,1.7420,85.9000,37.2000,64.0500,3.3343,111.7958,14.7100,0.8350,256.0000,48.7000,3.0346,111.5751,873.8259,-953.5742,5.6000,-2.3600
13052,632,102.0000,15.0191,2.2655,79.1000,33.6000,85.9500,5.1975,463.8545,21.5746,0.7220,218.0000,45.5000,5.1325,194.7197,873.8259,-953.5742,7.1000,-3.8600
13053,632,99.0000,15.9560,1.6645,75.6000,33.3000,61.3500,6.8892,525.6364,26.4780,0.5980,366.0000,42.3000,2.7706,102.1171,873.8259,-953.5742,8.6000,-5.3600
13054,632,100.9500,14.6218,2.5480,93.2000,39.8000,94.7500,12.0377,1338.6077,52.9559,1.0300,180.0000,53.4000,6.4923,241.4230,873.8259,-953.5742,10.1000,-6.8600
13056,632,102.3500,14.0970,3.0270,98.4000,40.9000,115.1500,13.3370,1220.9279,36.2846,1.0840,276.0000,57.5000,9.1627,348.5590,873.8259,-953.5742,11.6000,-8.3600
13058,632,96.5500,14.7101,2.2610,113.7000,48.7000,80.8500,16.9165,844.8429,53.9366,1.0300,167.0000,65.0000,5.1121,182.8019,873.8259,-953.5742,13.1000,-9.8600
13059,632,98.0000,16.5593,1.4355,112.2000,48.5000,52.0000,24.7618,1323.8978,64.7239,1.3550,148.0000,63.7000,2.0607,74.6460,873.8259,-953.5742,14.6000,-11.3600
13061,632,101.7500,17.5010,1.2360,35.1000,30.0000,46.0500,21.8198,1809.3268,70.6079,0.4120,126.0000,5.1000,1.5277,56.9178,873.8259,-953.5742,16.1000,-12.8600
13065,632,99.8500,15.5636,1.9075,66.2000,35.1000,70.3000,46.7042,4584.6089,110.8151,0.7260,209.0000,31.1000,3.6386,134.0973,873.8259,-953.5742,20.7000,-17.4600
13066,632,99.6500,15.9363,1.7450,64.1000,34.2000,63.8500,41.6783,4991.5847,235.3596,0.5360,578.0000,29.9000,3.0450,111.4183,873.8259,-953.5742,22.2000,-18.9600
13067,632,98.7500,16.4759,1.4915,61.5000,29.4000,54.4000,51.9752,4589.5120,156.9064,0.5550,442.0000,32.1000,2.2246,81.1376,873.8259,-953.5742,23.6000,-20.3600
13068,632,99.5000,14.4845,2.4890,110.6000,45.6000,92.5000,72.8144,7624.6702,162.7904,1.1270,257.0000,65.0000,6.1951,230.2325,873.8259,-953.5742,25.1000,-21.8600
13069,632,99.6000,14.4747,2.4430,108.4000,43.9000,91.9500,70.3627,6830.3318,156.9064,1.1810,492.0000,64.5000,5.9682,224.6338,873.8259,-953.5742,26.6000,-23.3600
13070,632,98.8000,14.2343,2.5965,107.9000,43.1000,96.6500,67.6659,6310.5791,343.2327,1.7150,191.0000,64.8000,6.7418,250.9517,873.8259,-953.5742,28.2000,-24.9600
13071,632,99.1500,14.2245,2.5885,106.6000,43.5000,97.3500,69.8724,6276.2561,176.5197,1.2040,138.0000,63.1000,6.7003,251.9905,873.8259,-953.5742,29.7000,-26.4600
13072,632,99.3000,14.2588,2.6285,106.6000,47.8000,97.9500,70.8530,6075.2195,201.0363,1.0650,181.0000,58.8000,6.9090,257.4616,873.8259,-953.5742,31.2000,-27.9600
13073,632,98.8500,14.1902,2.5950,116.6000,45.5000,97.4500,80.4145,7766.8665,304.0061,1.3580,181.0000,71.1000,6.7340,252.8828,873.8259,-953.5742,32.7000,-29.4600
13074,632,98.9500,14.2932,2.5330,104.0000,44.0000,94.9500,82.3759,8041.4529,180.4424,1.2760,132.0000,60.0000,6.4161,240.5084,873.8259,-953.5742,34.2000,-30.9600
13075,632,99.0000,14.3455,2.4877,99.8000,46.1000,93.3667,83.3565,8332.3831,176.5197,1.2550,144.0000,53.7000,6.1885,232.2651,873.8259,-953.5742,35.7000,-32.4600
13076,632,98.7500,14.3128,2.4990,102.5000,43.5000,93.6000,85.5630,8762.2415,313.8128,1.2750,295.0000,59.0000,6.2450,233.9064,873.8259,-953.5742,37.2000,-33.9600
13077,632,98.5500,14.3471,2.4680,93.0000,42.1000,92.1500,88.0147,8610.2385,328.5228,1.0950,174.0000,50.9000,6.0910,227.4262,873.8259,-953.5742,38.7000,-35.4600
13079,632,97.6667,15.9968,1.6037,65.4000,28.0000,58.4667,97.0858,9067.8825,253.0116,0.8000,201.0000,37.4000,2.5717,93.7610,873.8259,-953.5742,40.2000,-36.9600
13081,632,98.8000,16.4955,1.4625,53.8000,27.3000,53.6000,78.9435,7305.9541,245.1662,0.6260,458.0000,26.5000,2.1389,78.3900,873.8259,-953.5742,43.1000,-39.8600
13082,632,97.5000,16.1080,1.5713,56.7000,28.8000,56.8667,67.0121,7341.9115,431.4926,0.6520,405.0000,27.9000,2.4691,89.3565,873.8259,-953.5742,44.6000,-41.3600
13084,633,100.1667,13.3416,3.5480,143.7000,49.6000,135.0667,1.8796,174.2315,9.8067,1.3300,75.4000,94.1000,12.5883,479.2165,1100.3748,-1292.6016,5.5000,-1.1300
13085,633,96.6500,13.4593,3.2880,74.3000,33.8000,117.3500,1.7652,160.3387,9.8067,1.0080,193.0000,40.5000,10.8109,385.8468,1100.3748,-1292.6016,7.0000,-2.6300
13086,633,99.8000,15.2251,2.0775,62.0000,32.6000,76.7500,4.2169,324.6001,20.5940,0.5770,602.0000,29.4000,4.3160,159.4481,1100.3748,-1292.6016,8.5000,-4.1300
13087,633,101.1000,14.5924,2.5395,94.0000,37.4000,95.1000,7.6492,664.8909,28.4393,1.2340,283.0000,56.6000,6.4491,241.5064,1100.3748,-1292.6016,10.0000,-5.6300
13089,633,99.5500,14.7346,2.3690,62.8000,28.7000,87.3500,7.8208,580.5537,20.5940,0.8210,337.0000,34.1000,5.6122,206.9322,1100.3748,-1292.6016,11.5000,-7.1300
13091,633,99.5667,16.6541,1.4630,59.2000,26.9000,53.4667,12.6342,738.1138,71.5885,0.3360,693.0000,32.3000,2.1404,78.2217,1100.3748,-1292.6016,13.0000,-8.6300
13094,633,99.5000,14.2539,2.7725,58.9000,31.1000,101.4500,23.3643,1377.8343,61.7819,0.5650,421.0000,27.8000,7.6868,281.2701,1100.3748,-1292.6016,16.0000,-11.6300
13098,633,100.4000,15.7843,1.7650,74.4000,32.3000,66.2500,36.6524,3854.0136,112.7765,0.3900,1360.0000,42.1000,3.1152,116.9312,1100.3748,-1292.6016,19.2000,-14.8300
13099,633,97.6000,15.9216,1.6610,65.6000,32.0000,60.1500,42.1686,3059.6747,111.7958,0.4970,1480.0000,33.6000,2.7589,99.9092,1100.3748,-1292.6016,20.7000,-16.3300
13100,633,98.6667,15.2545,1.9373,80.0000,34.2000,71.9333,38.6219,3631.7293,156.9064,0.8900,319.0000,45.8000,3.7533,139.3588,1100.3748,-1292.6016,22.2000,-17.8300
13101,633,97.6000,15.5587,1.7775,75.2000,35.2000,65.0000,48.2242,3456.8440,120.6218,0.6760,376.0000,40.0000,3.1595,115.5375,1100.3748,-1292.6016,23.7000,-19.3300
13102,633,97.2500,15.7549,1.6930,71.0000,34.9000,61.5500,51.9262,5982.0564,121.6025,0.7880,213.0000,36.1000,2.8662,104.2041,1100.3748,-1292.6016,25.2000,-20.8300
13103,633,98.2667,14.8229,2.2190,101.7000,40.6000,81.3667,54.2635,4390.1103,110.8151,1.3050,563.0000,61.1000,4.9240,180.5526,1100.3748,-1292.6016,26.7000,-22.3300
13104,633,98.3000,14.1264,2.6165,108.5000,45.3000,97.6000,62.2722,5148.4912,140.2351,1.1900,165.0000,63.2000,6.8461,255.3704,1100.3748,-1292.6016,28.2000,-23.8300
13105,633,98.1333,14.2343,2.6223,115.8000,44.1000,95.8333,64.1191,4396.6479,149.0611,1.2920,145.0000,71.7000,6.8766,251.3069,1100.3748,-1292.6016,29.7000,-25.3300
13106,633,98.5500,14.1804,2.6840,108.3000,41.3000,98.6000,76.9822,7173.5645,225.5529,1.2710,188.0000,67.0000,7.2039,264.6424,1100.3748,-1292.6016,31.2000,-26.8300
13107,633,98.0667,13.9531,2.8033,122.2000,49.0000,103.2667,76.4919,6531.2288,163.7710,1.2230,229.0000,73.2000,7.8587,289.4909,1100.3748,-1292.6016,32.7000,-28.3300
13108,633,98.1000,14.0479,2.7350,117.2000,45.1000,100.7000,82.5393,6982.3348,176.5197,1.3300,174.0000,72.1000,7.4802,275.4145,1100.3748,-1292.6016,34.2000,-29.8300
13109,633,97.7667,13.9858,2.7490,121.1000,47.7000,101.1667,87.4426,7024.8301,196.1330,1.4710,202.0000,73.4000,7.5570,278.1072,1100.3748,-1292.6016,35.7000,-31.3300
13110,633,97.4667,13.9040,2.7280,108.9000,44.0000,101.2667,70.7713,5923.2165,196.1330,1.3400,249.0000,64.9000,7.4420,276.2555,1100.3748,-1292.6016,37.2000,-32.8300
13111,633,97.3667,14.1722,2.6063,105.8000,45.0000,94.9000,85.1544,7760.3288,207.9010,1.2570,215.0000,60.8000,6.7930,247.3410,1100.3748,-1292.6016,38.7000,-34.3300
13112,633,97.7000,14.5057,2.3887,97.8000,39.7000,87.1667,86.4620,8767.1450,220.6496,1.1420,423.0000,58.1000,5.7057,208.2121,1100.3748,-1292.6016,40.2000,-35.8300
13114,633,99.0000,16.6116,1.4587,55.3000,28.1000,53.1333,84.0103,9568.0212,245.1662,0.4560,660.0000,27.2000,2.1277,77.5038,1100.3748,-1292.6016,41.7000,-37.3300
13116,633,96.1667,16.6312,1.4030,47.1000,28.2000,49.6000,49.1967,4347.6147,215.7463,0.4310,669.0000,18.9000,1.9684,69.5888,1100.3748,-1292.6016,43.2000,-38.8300
13117,633,98.1000,16.5626,1.4590,50.9000,27.3000,52.6667,43.3127,1497.1485,221.6303,0.4690,774.0000,23.6000,2.1287,76.8407,1100.3748,-1292.6016,44.6000,-40.2300
13118,633,95.5333,16.5822,1.4013,54.9000,26.2000,49.2333,80.7414,7312.4919,372.6527,0.5680,344.0000,28.7000,1.9637,68.9923,1100.3748,-1292.6016,46.1000,-41.7300
13122,634,99.5500,14.7444,2.3810,86.2000,38.4000,87.3500,7.8453,926.7285,34.3233,0.6340,398.0000,47.8000,5.6692,207.9804,-208.4077,525.9336,5.9000,1.1300
13123,634,100.2500,14.2588,2.7930,96.1000,42.2000,103.0500,8.4582,1054.2149,26.4780,0.8530,226.0000,53.9000,7.8008,287.8187,-208.4077,525.9336,7.4000,-0.3700
13124,634,101.3000,14.9652,2.3160,82.3000,38.9000,86.5000,10.2234,1147.3780,31.3813,0.9330,318.0000,43.4000,5.3639,200.3340,-208.4077,525.9336,8.9000,-1.8700
13125,634,101.1500,14.6758,2.4745,101.2000,41.5000,93.0000,11.5473,1725.9704,74.5305,1.1430,161.0000,59.7000,6.1231,230.1285,-208.4077,525.9336,10.4000,-3.3700
13126,634,101.0500,14.3864,2.6865,100.2000,41.2000,101.0000,13.9254,1706.3570,39.2266,1.1660,214.0000,59.0000,7.2173,271.3365,-208.4077,525.9336,11.8000,-4.7700
13127,634,99.8500,14.2196,2.7905,106.2000,44.5000,102.9500,16.3281,1632.8071,38.2459,1.1620,139.0000,61.7000,7.7869,287.2820,-208.4077,525.9336,13.4000,-6.3700
13128,634,99.9000,14.9455,2.2460,94.0000,40.5000,83.0500,21.9914,1804.4236,78.4532,0.8550,212.0000,53.5000,5.0445,186.5303,-208.4077,525.9336,14.9000,-7.8700
13130,634,101.3000,17.0596,1.3555,45.5000,28.4000,50.4000,32.9749,1995.6532,115.7185,0.3800,655.0000,17.1000,1.8374,68.3172,-208.4077,525.9336,16.5000,-9.4700
13133,634,100.7667,15.7876,1.7837,77.5000,32.6000,67.0333,33.3426,2386.2848,112.7765,0.7300,445.0000,44.9000,3.1815,119.5651,-208.4077,525.9336,19.6000,-12.5700
13134,634,101.0500,15.1123,2.0770,86.6000,36.4000,79.5500,40.6976,3824.5935,105.9118,0.9100,90.1000,50.2000,4.3139,165.2254,-208.4077,525.9336,21.1000,-14.0700
13135,634,100.7333,15.4965,1.9133,81.2000,34.4000,72.0667,40.8774,3425.7896,129.4478,0.9100,87.8000,46.8000,3.6608,137.8876,-208.4077,525.9336,22.6000,-15.5700
13136,634,100.0333,15.1761,2.0710,81.4000,37.5000,77.4333,36.7749,2556.2668,110.8151,0.9900,195.0000,43.9000,4.2890,160.3644,-208.4077,525.9336,24.1000,-17.0700
13137,634,97.8000,14.6316,2.2935,105.1000,42.3000,84.0000,49.6462,3064.5780,130.4285,0.9500,84.8000,62.8000,5.2601,192.6540,-208.4077,525.9336,25.6000,-18.5700
13138,634,100.2000,14.7150,2.3480,111.9000,46.6000,88.1000,54.9172,6016.3799,147.0997,1.2100,133.0000,65.3000,5.5131,206.8588,-208.4077,525.9336,27.1000,-20.0700
13139,634,98.8667,14.5253,2.4427,110.0000,44.8000,90.1667,57.6958,3893.2400,168.6744,1.0800,104.0000,65.2000,5.9666,220.2471,-208.4077,525.9336,28.6000,-21.5700
13140,634,98.6500,14.6463,2.3290,107.4000,44.3000,85.9000,64.7239,4432.6057,154.9451,1.1200,132.0000,63.1000,5.4242,200.0611,-208.4077,525.9336,30.1000,-23.0700
13141,634,92.4000,14.5482,2.3605,97.2000,41.7000,85.6500,61.5367,4104.0830,156.9064,1.0300,115.0000,55.5000,5.5720,202.1768,-208.4077,525.9336,31.6000,-24.5700
13142,634,99.1000,14.5123,2.3993,105.5000,43.2000,89.6333,62.4357,4213.5905,185.3457,1.1300,192.0000,62.3000,5.7568,215.0602,-208.4077,525.9336,33.1000,-26.0700
13143,634,97.8000,15.0224,2.5347,89.8000,38.5000,75.9667,81.3952,7531.5068,362.8460,1.1000,333.0000,51.3000,6.4245,192.5502,-208.4077,525.9336,34.6000,-27.5700
13145,634,96.5333,16.5724,1.4203,57.4000,30.5000,50.4333,56.3882,4909.8626,185.3457,0.5100,677.0000,26.9000,2.0173,71.6321,-208.4077,525.9336,36.1000,-29.0700
13147,634,98.0667,16.4775,1.4693,61.5000,31.3000,53.2333,59.1668,4873.9050,213.7850,0.5300,660.0000,30.2000,2.1589,78.2175,-208.4077,525.9336,37.6000,-30.5700
13148,634,99.3000,16.4219,1.5085,70.8000,32.3000,55.5000,75.0209,5364.2373,222.6109,0.5900,367.0000,38.5000,2.2756,83.7217,-208.4077,525.9336,39.0000,-31.9700
13149,634,98.8000,16.3533,1.5250,72.9000,33.9000,55.7500,82.1307,7649.1868,235.3596,0.6500,422.0000,39.0000,2.3256,85.0188,-208.4077,525.9336,40.5000,-33.4700
13155,635,100.0667,15.9707,1.7750,112.7000,40.6000,66.2667,24.8599,2304.5627,60.8012,0.9210,120.0000,72.1000,3.1506,117.6233,-82.5913,340.9922,7.4000,-1.3600
13157,635,102.2667,16.8961,1.3877,64.7000,29.5000,52.7667,16.3444,1105.2094,65.7046,0.6180,2980.0000,35.2000,1.9256,73.2225,-82.5913,340.9922,10.4000,-4.3600
13158,635,102.3000,16.5544,1.4990,67.4000,30.9000,57.2000,16.5978,1353.3177,90.2212,0.4230,403.0000,36.5000,2.2470,85.7428,-82.5913,340.9922,11.9000,-5.8600
13159,635,101.7000,16.9222,1.3820,65.0000,30.8000,52.0000,25.9059,1824.0368,77.4725,0.5800,227.0000,34.2000,1.9099,71.8640,-82.5913,340.9922,13.4000,-7.3600
13167,635,99.1500,15.5538,1.8735,87.0000,36.3000,68.8500,41.1879,2995.9315,122.5831,0.5200,175.0000,50.7000,3.5100,128.9905,-82.5913,340.9922,20.3000,-14.2600
13168,635,98.5500,14.9701,2.0745,96.9000,41.6000,77.2500,50.2591,4589.5122,124.5444,1.0500,107.0000,55.3000,4.3036,160.2551,-82.5913,340.9922,21.8000,-15.7600
13169,635,98.9500,15.4262,1.9500,87.7000,38.0000,71.1500,53.4462,5727.0835,135.3318,0.8500,237.0000,49.7000,3.8025,138.7425,-82.5913,340.9922,23.3000,-17.2600
13170,635,99.1500,15.1663,2.0545,87.4000,40.7000,75.9000,53.4462,3844.2065,137.2931,1.0800,145.0000,46.7000,4.2210,155.9366,-82.5913,340.9922,24.8000,-18.7600
13171,635,97.7500,14.3520,2.5165,102.7000,46.0000,91.7000,52.9559,2932.1882,132.3898,1.1400,142.0000,56.7000,6.3328,230.7631,-82.5913,340.9922,26.3000,-20.2600
13172,635,100.6333,14.6987,2.4157,107.2000,44.8000,90.4667,58.1861,5102.7266,146.1191,1.1400,103.0000,62.4000,5.8354,218.5373,-82.5913,340.9922,27.8000,-21.7600
13173,635,99.9333,14.4828,2.5113,100.2000,43.4000,93.8667,53.2828,4723.5365,118.6605,1.1100,95.3000,56.8000,6.3068,235.7305,-82.5913,340.9922,29.3000,-23.2600
13174,635,99.5500,14.6807,2.3710,105.6000,42.6000,87.9500,70.3627,6261.5457,158.8677,1.0700,183.0000,63.0000,5.6216,208.5294,-82.5913,340.9922,30.8000,-24.7600
13175,635,100.1500,14.5728,2.4115,106.5000,43.7000,91.0000,71.5885,7649.1870,155.9257,1.0800,223.0000,62.8000,5.8153,219.4465,-82.5913,340.9922,32.3000,-26.2600
13176,635,99.9000,14.8671,2.2290,96.6000,40.1000,83.5000,70.3627,6197.8027,186.3263,1.0300,246.0000,56.5000,4.9684,186.1215,-82.5913,340.9922,33.8000,-27.7600
13177,635,99.7333,14.8033,2.2947,97.8000,41.4000,85.2667,69.6272,4589.5120,184.3650,1.0900,235.0000,56.4000,5.2655,195.6586,-82.5913,340.9922,35.3000,-29.2600
13179,635,97.4500,17.0400,1.2745,53.5000,30.0000,45.8000,65.9497,5035.7146,196.1330,0.5300,609.0000,23.5000,1.6244,58.3721,-82.5913,340.9922,36.8000,-30.7600
13181,635,97.0667,16.8307,1.3240,59.1000,31.5000,47.6000,65.3777,4252.8171,225.5529,0.5600,813.0000,27.6000,1.7530,63.0224,-82.5913,340.9922,38.3000,-32.2600
13182,635,98.9333,16.4350,1.4920,70.8000,33.9000,54.6667,72.7327,4569.8988,220.6496,0.5900,339.0000,36.9000,2.2261,81.5627,-82.5913,340.9922,39.7000,-33.6600
13183,635,100.4000,16.3974,1.5435,70.1000,33.5000,57.3500,55.4076,6065.4128,235.3596,0.6000,246.0000,36.6000,2.3824,88.5197,-82.5913,340.9922,41.2000,-35.1600
13191,636,101.0000,16.3238,1.5745,120.5000,45.2000,59.0000,22.1140,1412.1576,60.8012,0.9700,120.0000,75.3000,2.4791,92.8955,18.0479,156.0664,8.6000,-2.8800
13192,636,105.7500,16.9566,1.3880,72.8000,31.2000,55.1500,20.3488,1039.5049,56.8786,0.4800,747.0000,41.6000,1.9265,76.5482,18.0479,156.0664,10.1000,-4.3800
13193,636,102.8000,15.1614,2.1355,98.6000,37.0000,82.8000,27.4096,3398.0043,67.6659,0.9000,95.7000,61.6000,4.5604,176.8194,18.0479,156.0664,11.6000,-5.8800
13194,636,100.4000,15.2251,1.9980,42.6000,31.4000,75.8500,29.1012,1794.6169,245.1662,0.3400,1410.0000,11.2000,3.9920,151.5483,18.0479,156.0664,13.1000,-7.3800
13195,636,101.8000,17.5108,1.1640,44.0000,26.4000,44.2500,42.8796,3898.1433,132.3898,0.3700,1490.0000,17.6000,1.3549,51.5070,18.0479,156.0664,14.6000,-8.8800
13201,636,98.4667,17.4487,1.1137,59.1000,32.2000,41.3333,38.7690,2994.2971,137.2931,0.4600,413.0000,26.9000,1.2403,46.0316,18.0479,156.0664,20.2000,-14.4800
13202,636,100.6000,15.1712,2.0560,92.2000,38.2000,77.8000,44.1299,4614.0286,105.9118,0.9100,134.0000,54.0000,4.2271,159.9568,18.0479,156.0664,21.7000,-15.9800
13203,636,100.6000,15.3036,1.9360,94.8000,40.4000,73.9500,58.1044,7261.8240,134.3511,1.0500,118.0000,54.4000,3.7481,143.1672,18.0479,156.0664,23.2000,-17.4800
13204,636,100.7667,15.1139,2.0640,97.8000,39.8000,78.7667,55.0807,5942.8296,145.1384,1.1500,166.0000,58.0000,4.2601,162.5744,18.0479,156.0664,24.7000,-18.9800
13214,636,91.5000,17.3539,1.1165,51.7000,27.6000,37.6500,61.7819,5785.9233,215.7463,0.4000,1230.0000,24.1000,1.2466,42.0362,18.0479,156.0664,38.2000,-32.4800
13217,636,98.4000,16.1211,1.6167,66.4000,29.4000,58.7000,52.4656,5122.3402,194.1717,0.6900,354.0000,37.0000,2.6136,94.8983,18.0479,156.0664,40.9000,-35.1800
13218,636,98.3000,16.4808,1.4790,73.0000,30.8000,53.6500,84.3372,7497.1838,264.7795,0.6260,487.0000,42.2000,2.1874,79.3483,18.0479,156.0664,42.5000,-36.7800
13228,637,101.2000,14.7542,2.4165,90.4000,43.9000,90.7500,21.4520,2535.0189,59.8206,0.9000,173.0000,46.5000,5.8395,219.2974,345.3516,1.8477,10.7000,-4.9200
13229,637,101.1333,15.2971,2.0817,86.1000,39.9000,77.9333,23.6994,2209.7651,66.6852,0.7300,79.4000,46.2000,4.3333,162.2312,345.3516,1.8477,12.2000,-6.4200
13230,637,98.0667,15.2088,2.0077,92.4000,39.6000,73.1667,33.1138,4020.7263,89.2405,0.8200,136.0000,52.8000,4.0307,146.8943,345.3516,1.8477,13.7000,-7.9200
13234,637,103.1500,18.1436,1.0445,39.2000,28.2000,39.8500,28.6354,755.1120,147.0997,0.3700,601.0000,11.0000,1.0910,41.6233,345.3516,1.8477,16.7000,-10.9200
13236,637,102.0000,17.4814,1.1720,54.2000,30.5000,44.6500,47.0474,3035.1582,205.9396,0.4000,220.0000,23.7000,1.3736,52.3298,345.3516,1.8477,18.2000,-12.4200
13241,637,96.3000,14.8523,2.2457,103.6000,44.6000,82.1667,48.3304,3484.6296,156.9064,0.9100,371.0000,59.0000,5.0430,184.5189,345.3516,1.8477,22.9000,-17.1200
13242,637,100.7000,15.1123,2.0285,100.5000,41.9000,77.9000,51.7301,4687.5786,147.0997,0.8020,377.0000,58.6000,4.1148,158.0201,345.3516,1.8477,24.4000,-18.6200
13243,637,99.1500,14.7591,2.2195,104.0000,43.5000,83.3500,58.3496,4947.4548,170.6357,1.0830,504.0000,60.5000,4.9262,184.9953,345.3516,1.8477,25.9000,-20.1200
13244,637,98.4000,14.5433,2.2985,113.5000,45.0000,86.0000,61.7819,4275.6992,149.0611,1.1000,398.0000,68.5000,5.2831,197.6710,345.3516,1.8477,27.4000,-21.6200
13245,637,99.0000,14.4011,2.3955,120.5000,47.0000,90.7000,68.1562,6085.0264,181.4230,1.0950,367.0000,73.5000,5.7384,217.2718,345.3516,1.8477,28.9000,-23.1200
13246,637,99.2000,14.5090,2.3835,114.0000,44.6000,89.6000,70.1175,4937.6482,142.1964,1.1000,141.0000,69.4000,5.6811,213.5616,345.3516,1.8477,30.4000,-24.6200
13247,637,98.8000,14.3618,2.4743,120.2000,46.1000,92.5667,65.7046,3912.8533,169.6550,1.1300,197.0000,74.1000,6.1223,229.0408,345.3516,1.8477,31.9000,-26.1200
13248,637,97.6667,14.1885,2.5723,118.5000,46.8000,94.6333,69.4638,4086.1041,166.7131,1.2300,158.0000,71.7000,6.6169,243.4285,345.3516,1.8477,33.4000,-27.6200
13249,637,98.0000,14.5237,2.3630,110.0000,43.1000,86.8500,79.4339,5913.4097,203.9783,1.2300,137.0000,66.9000,5.5838,205.2265,345.3516,1.8477,34.9000,-29.1200
13250,637,98.6000,14.5973,2.3335,105.5000,44.4000,86.5000,66.4401,3741.2369,225.5529,1.3300,131.0000,61.1000,5.4452,201.8478,345.3516,1.8477,36.4000,-30.6200
13251,637,98.2500,14.5188,2.3915,108.0000,41.7000,88.0500,83.1114,5393.6572,254.9729,1.3100,170.0000,66.3000,5.7193,210.5716,345.3516,1.8477,37.8000,-32.0200
13253,637,96.9667,16.8667,1.2817,54.2000,28.4000,46.3667,69.6272,4730.0741,205.9396,0.5200,679.0000,25.8000,1.6427,59.4266,345.3516,1.8477,39.4000,-33.6200
13255,637,98.3500,16.1375,1.5705,67.4000,29.0000,57.5500,81.6404,5374.0442,232.4176,0.6000,604.0000,38.4000,2.4665,90.3823,345.3516,1.8477,40.9000,-35.1200
13256,637,97.0333,15.9609,1.6233,71.4000,36.3000,58.5333,80.4145,5929.7539,186.3263,0.6900,388.0000,35.1000,2.6352,95.0191,345.3516,1.8477,42.3000,-36.5200
13257,637,97.8000,15.9543,1.6247,71.7000,32.9000,59.3000,56.3882,3226.3879,250.0696,0.6400,508.0000,38.8000,2.6395,96.3427,345.3516,1.8477,43.6000,-37.8200
13263,638,99.7000,16.7555,1.3885,45.4000,32.8000,51.4000,10.6892,570.7470,144.1578,0.3300,1170.0000,12.6000,1.9279,71.3689,194.1694,-182.9609,8.4000,-3.5900
13264,638,99.4000,14.9177,2.2417,86.8000,34.8000,82.7333,10.0518,1588.6772,30.4006,0.8900,133.0000,52.0000,5.0251,185.4606,194.1694,-182.9609,9.9000,-5.0900
13265,638,98.3500,14.7101,2.3085,103.5000,40.5000,84.3500,11.6209,1421.9642,32.3619,0.7100,115.0000,63.0000,5.3292,194.7220,194.1694,-182.9609,11.4000,-6.5900
13266,638,99.2667,15.7908,1.7677,71.2000,31.0000,64.9667,15.2167,1758.6592,56.8786,0.6800,266.0000,40.2000,3.1246,114.8394,194.1694,-182.9609,12.9000,-8.0900
13267,638,99.6000,16.7604,1.3975,57.3000,30.8000,51.5000,21.3785,7286.3411,78.4532,0.4600,416.0000,26.5000,1.9530,71.9712,194.1694,-182.9609,14.4000,-9.5900
13269,638,103.1000,17.1675,1.3350,51.7000,27.0000,50.7500,16.4997,677.1492,308.9095,0.3000,2040.0000,24.7000,1.7822,67.7512,194.1694,-182.9609,15.9000,-11.0900
13275,638,98.1000,15.4900,1.8740,82.6000,36.1000,68.1000,46.3364,1922.1034,153.9644,0.7760,295.0000,46.5000,3.5119,127.6194,194.1694,-182.9609,22.2000,-17.3900
13276,638,98.2500,14.8572,2.2130,97.3000,42.2000,80.6500,52.9069,2196.6896,182.4037,0.9160,529.0000,55.1000,4.8974,178.4785,194.1694,-182.9609,23.7000,-18.8900
13277,638,99.1000,14.8327,2.2195,99.3000,41.7000,82.5500,49.0332,1691.6471,135.3318,1.1290,374.0000,57.6000,4.9262,183.2197,194.1694,-182.9609,25.2000,-20.3900
13278,638,99.0000,14.9210,2.1985,100.1000,40.3000,81.0000,56.3882,2338.8859,152.0031,1.1080,287.0000,59.8000,4.8334,178.0785,194.1694,-182.9609,26.7000,-21.8900
13279,638,100.2000,14.6071,2.4325,108.0000,43.6000,91.1500,64.2336,4721.9019,171.6164,1.1200,222.0000,64.4000,5.9171,221.7224,194.1694,-182.9609,28.2000,-23.3900
13280,638,99.3500,14.4403,2.4805,109.6000,44.3000,92.7000,64.9691,2432.0492,196.1330,1.2030,211.0000,65.3000,6.1529,229.9424,194.1694,-182.9609,29.7000,-24.8900
13281,638,99.8000,14.6512,2.3575,108.8000,43.5000,88.4000,74.7757,4677.7722,199.0750,1.2050,239.0000,65.3000,5.5578,208.4030,194.1694,-182.9609,31.2000,-26.3900
13282,638,99.9000,14.4452,2.5295,111.5000,46.2000,94.6000,67.1756,5393.6572,173.5777,1.2870,276.0000,65.3000,6.3984,239.2907,194.1694,-182.9609,32.7000,-27.8900
13283,638,99.0500,14.5629,2.4040,108.0000,45.9000,89.1500,77.4725,3873.6267,235.3596,1.3260,246.0000,62.1000,5.7792,214.3166,194.1694,-182.9609,34.2000,-29.3900
13284,638,99.9333,14.5940,2.4110,107.8000,49.1000,90.3667,82.8662,4958.8960,228.4949,1.1700,338.0000,58.7000,5.8129,217.8740,194.1694,-182.9609,35.7000,-30.8900
13285,638,100.0500,14.5139,2.4170,107.3000,49.0000,91.7000,83.8469,4344.3459,236.3403,1.2020,258.0000,58.3000,5.8419,221.6389,194.1694,-182.9609,37.2000,-32.3900
13286,638,98.7500,14.7739,2.2330,96.9000,43.2000,82.8500,84.5824,9399.6738,357.9427,0.9900,470.0000,53.7000,4.9863,185.0040,194.1694,-182.9609,38.7000,-33.8900
13287,638,100.0500,14.8523,2.2030,95.7000,42.8000,83.4000,82.6210,5496.6270,333.4261,1.0300,366.0000,52.9000,4.8532,183.7302,194.1694,-182.9609,40.2000,-35.3900
13291,638,98.0000,16.1276,1.5855,67.4000,35.4000,57.6000,76.7370,3491.1674,328.5228,0.5440,604.0000,32.0000,2.5138,91.3248,194.1694,-182.9609,43.6000,-38.7900
13292,638,98.7667,16.4252,1.5113,67.8000,30.9000,55.0333,88.5867,5586.5216,233.3983,0.6580,456.0000,36.9000,2.2841,83.1737,194.1694,-182.9609,45.1000,-40.2900
13305,639,100.4500,16.1718,1.6080,91.1000,34.4000,60.1000,20.5940,1946.6199,55.8979,0.9100,115.0000,56.7000,2.5857,96.6408,320.0176,-337.0820,14.1000,-8.3200
13306,639,99.5000,16.6868,1.4080,56.4000,29.3000,52.0000,20.5449,1976.0399,69.6272,0.5700,98.9000,27.1000,1.9825,73.2160,320.0176,-337.0820,15.6000,-9.8200
13307,639,95.8000,14.8082,2.1260,88.0000,40.7000,75.9000,22.8985,2956.7050,70.6079,0.8200,54.9000,47.3000,4.5199,161.3634,320.0176,-337.0820,17.1000,-11.3200
13309,639,100.4500,16.9419,1.3670,53.2000,29.9000,50.6000,28.8806,1421.9642,115.7185,0.4100,301.0000,23.3000,1.8687,69.1702,320.0176,-337.0820,18.6000,-12.8200
13312,639,98.7000,15.9674,1.6607,70.8000,30.5000,60.9333,42.8387,3161.0101,135.3318,0.7400,114.0000,40.3000,2.7578,101.1900,320.0176,-337.0820,23.0000,-17.2200
13313,639,98.5500,15.7058,1.7595,80.5000,37.5000,64.5500,55.6527,7001.9482,152.9837,0.9900,148.0000,43.0000,3.0958,113.5757,320.0176,-337.0820,24.4000,-18.6200
13314,639,98.1000,14.9455,2.1180,97.0000,42.1000,77.7500,58.3496,6898.9783,137.2931,1.0600,137.0000,54.9000,4.4859,164.6745,320.0176,-337.0820,25.9000,-20.1200
13315,639,97.3500,14.9112,2.1065,98.2000,39.4000,76.8000,60.5561,5530.9502,217.7076,1.0600,130.0000,58.8000,4.4373,161.7792,320.0176,-337.0820,27.4000,-21.6200
13316,639,99.8500,14.8621,2.2085,102.0000,40.1000,83.0500,70.6079,7448.1506,191.2297,1.1600,66.0000,61.9000,4.8775,183.4159,320.0176,-337.0820,29.1000,-23.3200
13318,639,99.3000,14.7640,2.2430,112.0000,47.2000,83.9000,88.0147,9674.2598,237.3209,1.1200,161.0000,64.8000,5.0310,188.1877,320.0176,-337.0820,30.3000,-24.5200
13319,639,100.8000,14.6316,2.3690,115.0000,43.2000,90.5000,81.1500,9571.2905,190.2490,1.2300,127.0000,71.8000,5.6122,214.3945,320.0176,-337.0820,31.7000,-25.9200
13320,639,100.6000,14.7052,2.3310,106.0000,42.4000,88.5000,81.8855,6227.2227,225.5529,1.2900,82.9000,63.6000,5.4336,206.2935,320.0176,-337.0820,33.3000,-27.5200
13321,639,99.4500,14.5924,2.3435,106.0000,43.2000,88.1500,89.9760,9232.9609,234.3789,1.2800,137.0000,62.8000,5.4920,206.5795,320.0176,-337.0820,34.8000,-29.0200
13322,639,99.0500,14.3716,2.4820,114.4000,48.2000,93.0500,87.2792,8600.4316,333.4261,1.2890,190.0000,66.2000,6.1603,230.9501,320.0176,-337.0820,36.3000,-30.5200
13323,639,100.6500,14.7591,2.2830,109.2000,46.4000,87.0000,95.3697,10037.1055,313.8128,1.6950,209.0000,62.8000,5.2121,198.6210,320.0176,-337.0820,37.8000,-32.0200
13324,639,99.7667,14.7052,2.2883,113.9000,45.0000,86.2333,82.8662,9378.4259,264.7795,1.3700,142.0000,68.9000,5.2365,197.3306,320.0176,-337.0820,39.3000,-33.5200
13325,639,98.3500,14.5629,2.3875,115.8000,44.5000,87.5000,98.8020,11802.3032,240.2629,1.4500,183.0000,71.3000,5.7002,208.9062,320.0176,-337.0820,40.8000,-35.0200
13326,639,97.9500,15.2006,1.9855,91.0000,36.9000,72.5500,97.0858,8276.8127,210.8430,1.1100,268.0000,54.1000,3.9422,144.0480,320.0176,-337.0820,42.3000,-36.5200
13328,639,94.7667,17.0465,1.2347,51.7000,28.6000,43.1667,66.5218,6390.6667,274.5862,0.3900,1770.0000,23.1000,1.5244,53.2964,320.0176,-337.0820,43.8000,-38.0200
13330,639,97.5000,16.2355,1.5380,69.1000,31.6000,55.5000,86.2985,5163.2009,254.9729,0.7400,359.0000,37.5000,2.3654,85.3590,320.0176,-337.0820,45.8000,-40.0200
13331,639,96.7667,16.5070,1.4417,68.4000,28.7000,51.4333,113.5937,12101.4059,269.6829,0.8000,82.5000,39.7000,2.0784,74.1497,320.0176,-337.0820,47.3000,-41.5200
13377,641,101.0500,15.0387,2.2405,89.5000,37.4000,83.6500,8.9241,676.6588,41.1879,0.6800,86.1000,52.1000,5.0198,187.4178,722.6755,-1045.9531,11.3000,-3.3100
13378,641,98.5500,14.5679,2.4470,105.5000,42.1000,89.0000,17.8481,1402.3509,57.8592,0.8800,66.7000,63.4000,5.9878,217.7830,722.6755,-1045.9531,12.2000,-4.2100
13379,641,100.5500,14.6316,2.4590,104.5000,42.7000,92.1000,16.6713,2314.3693,50.9946,1.0900,148.0000,61.8000,6.0467,226.4739,722.6755,-1045.9531,14.3000,-6.3100
13380,641,100.1000,14.3766,2.6370,91.6000,35.9000,98.2000,13.1164,936.5351,45.1106,1.0800,127.0000,55.7000,6.9538,258.9534,722.6755,-1045.9531,15.8000,-7.8100
13381,641,94.2000,16.6378,1.3405,59.7000,26.1000,46.6500,14.4648,872.7918,53.9366,0.8800,141.0000,33.6000,1.7969,62.5343,722.6755,-1045.9531,17.3000,-9.3100
13382,641,99.2500,14.7297,2.3920,94.6000,37.3000,87.3500,18.3630,2181.9796,56.8786,1.1200,43.9000,57.3000,5.7217,208.9412,722.6755,-1045.9531,18.8000,-10.8100
13383,641,99.8000,14.3422,2.6610,114.0000,45.2000,98.4500,23.8547,1730.8737,82.3759,1.2100,107.0000,68.8000,7.0809,261.9754,722.6755,-1045.9531,20.3000,-12.3100
13387,641,91.1000,16.4808,1.3420,52.1000,29.9000,45.3000,38.0008,3494.4363,105.9118,0.6700,292.0000,22.2000,1.8010,60.7926,722.6755,-1045.9531,24.3000,-16.3100
13388,641,97.1500,16.2601,1.5355,58.6000,27.2000,55.0500,44.6203,2466.3726,135.3318,0.6800,274.0000,31.4000,2.3578,84.5293,722.6755,-1045.9531,25.9000,-17.9100
13389,641,99.5500,16.8143,1.3680,53.6000,28.0000,50.5000,49.5236,4883.7117,103.9505,0.6900,199.0000,25.6000,1.8714,69.0840,722.6755,-1045.9531,27.4000,-19.4100
13390,641,99.5000,15.4213,1.9105,83.4000,35.8000,71.1500,68.1562,3290.1312,159.8484,0.7220,373.0000,47.6000,3.6500,135.9321,722.6755,-1045.9531,28.9000,-20.9100
13391,641,100.3000,14.6267,2.3905,106.9000,43.5000,90.1500,56.1431,5447.5940,152.0031,1.1520,250.0000,63.4000,5.7145,215.5036,722.6755,-1045.9531,30.4000,-22.4100
13392,641,99.4667,14.5580,2.4120,106.8000,44.6000,90.0000,49.8505,6053.9717,186.3263,1.2900,184.0000,62.2000,5.8177,217.0800,722.6755,-1045.9531,31.9000,-23.9100
13393,641,100.2500,14.5924,2.3970,108.5000,42.4000,90.7500,64.4787,7163.7578,175.5390,1.2270,295.0000,66.1000,5.7456,217.5277,722.6755,-1045.9531,33.3000,-25.3100
13394,641,98.8000,14.3667,2.5420,122.0000,45.3000,93.8500,76.7370,8575.9150,171.6164,1.2100,169.0000,76.7000,6.4618,238.5667,722.6755,-1045.9531,34.9000,-26.9100
13395,641,100.1000,14.5679,2.3945,119.5000,43.3000,90.6500,78.6984,8384.6858,186.3263,1.2100,221.0000,76.2000,5.7336,217.0614,722.6755,-1045.9531,36.4000,-28.4100
13396,641,98.9000,14.3030,2.5505,120.4000,47.0000,95.1000,78.2080,8320.9424,174.5584,1.3400,10.5000,73.4000,6.5051,242.5526,722.6755,-1045.9531,37.9000,-29.9100
13397,641,99.7000,14.5629,2.3755,118.5000,46.0000,89.6500,89.2405,9012.3115,225.5529,1.2800,149.0000,72.5000,5.6430,212.9636,722.6755,-1045.9531,39.4000,-31.4100
13398,641,99.7000,14.4550,2.4370,116.5000,42.0000,92.1000,86.7889,11571.8467,227.5143,1.2800,154.0000,74.5000,5.9390,224.4477,722.6755,-1045.9531,40.9000,-32.9100
13399,641,99.6500,14.5679,2.3675,110.8000,41.5000,89.4000,98.5568,11390.4238,225.5529,1.1200,124.0000,69.3000,5.6051,211.6545,722.6755,-1045.9531,42.4000,-34.4100
13400,641,99.3500,14.7886,2.2195,104.2000,40.9000,83.2500,93.4083,11341.3906,232.4176,1.2400,151.0000,63.3000,4.9262,184.7734,722.6755,-1045.9531,43.9000,-35.9100
13402,641,96.2000,17.0302,1.2695,46.4000,27.7000,44.9000,80.9049,8698.4980,210.8430,0.4000,1000.0000,18.7000,1.6116,57.0006,722.6755,-1045.9531,45.4000,-37.4100
13404,641,99.3000,16.7784,1.3827,63.5000,30.2000,50.8333,57.3689,4331.2702,205.9396,0.5700,310.0000,33.3000,1.9118,70.2856,722.6755,-1045.9531,48.9000,-40.9100
13405,641,98.8333,16.6280,1.4567,70.2000,31.8000,52.8667,98.0665,12804.2155,279.4895,0.6700,217.0000,38.4000,2.1219,77.0091,722.6755,-1045.9531,50.3000,-42.3100
13410,642,92.8000,16.9549,1.2323,42.7000,26.4000,42.2000,14.9388,1582.1395,68.6465,0.3960,842.0000,16.3000,1.5186,52.0045,924.0225,-1415.7891,6.6000,-0.8300
13411,642,94.8500,17.0792,1.2115,65.8000,31.5000,42.5000,24.2224,1990.7498,119.6411,0.4440,1040.0000,34.3000,1.4677,51.4887,924.0225,-1415.7891,8.1000,-2.3300
13412,642,99.7500,15.0534,2.1055,54.8000,35.5000,78.8000,18.0197,1951.5234,112.7765,0.3380,1520.0000,19.3000,4.4331,165.9134,924.0225,-1415.7891,9.6000,-3.8300
13415,642,101.0500,15.1859,2.0605,90.0000,39.1000,78.4500,18.6326,2250.6261,48.0526,0.7980,206.0000,50.9000,4.2457,161.6462,924.0225,-1415.7891,11.1000,-5.3300
13416,642,98.6500,15.9511,1.6645,82.6000,36.7000,61.3500,12.3809,554.0757,86.2985,0.5250,691.0000,45.9000,2.7706,102.1171,924.0225,-1415.7891,12.6000,-6.8300
13417,642,99.3000,16.0786,1.5880,98.6000,36.1000,59.2000,24.6882,3309.7444,72.5692,0.7770,658.0000,62.5000,2.5217,94.0096,924.0225,-1415.7891,14.1000,-8.3300
13418,642,98.0000,14.1509,2.6315,124.6000,47.1000,97.0000,17.5294,3216.5812,63.7432,1.2000,182.0000,77.5000,6.9248,255.2555,924.0225,-1415.7891,15.6000,-9.8300
13419,642,100.1000,15.4507,1.8795,94.0000,38.5000,70.9500,23.0456,3157.7412,41.1879,0.5510,276.0000,55.5000,3.5325,133.3505,924.0225,-1415.7891,17.1000,-11.3300
13420,642,99.3500,14.5384,2.3920,126.7000,48.1000,89.7000,35.5981,5202.4277,217.7076,1.4220,179.0000,78.6000,5.7217,214.5624,924.0225,-1415.7891,18.6000,-12.8300
13425,642,93.7500,16.3140,1.4115,44.2000,26.8000,49.2500,48.2978,5045.5212,166.7131,0.3640,1160.0000,17.4000,1.9923,69.5164,924.0225,-1415.7891,23.0000,-17.2300
13426,642,98.4500,15.9413,1.6485,65.1000,32.6000,60.5500,57.8592,6928.3984,117.6798,0.5710,837.0000,32.5000,2.7176,99.8167,924.0225,-1415.7891,24.5000,-18.7300
13427,642,100.1500,15.6028,1.8290,64.2000,34.9000,68.7000,57.1237,7369.6975,225.5529,0.6880,546.0000,29.3000,3.3452,125.6523,924.0225,-1415.7891,26.0000,-20.2300
13428,642,100.1000,16.4612,1.4675,82.6000,35.6000,54.9500,59.0851,7482.4739,163.7710,0.7690,243.0000,47.0000,2.1536,80.6391,924.0225,-1415.7891,27.5000,-21.7300
13429,642,99.9000,14.9406,2.1755,102.0000,41.2000,81.5500,68.8917,7570.7334,146.1191,1.3400,119.0000,60.8000,4.7328,177.4120,924.0225,-1415.7891,29.0000,-23.2300
13430,642,99.5500,14.5237,2.4465,109.6000,43.7000,91.4000,76.9822,8816.1782,161.8097,1.3100,150.0000,65.9000,5.9854,223.6101,924.0225,-1415.7891,30.5000,-24.7300
13431,642,99.2500,14.4207,2.5055,107.7000,41.5000,93.3000,76.2467,8247.3923,198.0943,1.3100,172.0000,66.2000,6.2775,233.7631,924.0225,-1415.7891,32.0000,-26.2300
13432,642,99.2000,14.4142,2.4953,115.4000,43.9000,93.0000,73.3864,8306.2324,171.6164,1.3300,118.0000,71.5000,6.2267,232.0660,924.0225,-1415.7891,33.5000,-27.7300
13433,642,99.2500,14.5924,2.3790,100.6000,42.8000,88.5500,78.9435,9870.3931,183.3844,1.1300,166.0000,57.8000,5.6596,210.6604,924.0225,-1415.7891,35.0000,-29.2300
13434,642,98.5000,14.2343,2.5960,117.7000,44.3000,96.1500,87.7695,10973.6416,201.0363,1.2200,174.0000,73.4000,6.7392,249.6054,924.0225,-1415.7891,36.5000,-30.7300
13435,642,99.9000,14.5139,2.4435,111.6000,43.1000,92.0000,92.1825,9237.8638,210.8430,1.3400,77.4000,68.5000,5.9707,224.8020,924.0225,-1415.7891,38.0000,-32.2300
13436,642,98.7000,14.4632,2.4253,105.2000,43.2000,90.1333,94.4707,11944.4994,205.9396,1.1100,140.0000,62.0000,5.8822,218.6034,924.0225,-1415.7891,39.5000,-33.7300
13437,642,98.7500,14.1460,2.6525,100.1000,44.6000,98.8500,86.7888,10419.5654,215.7463,1.1900,97.1000,55.5000,7.0358,262.1996,924.0225,-1415.7891,41.0000,-35.2300
13438,642,99.4000,14.6071,2.3630,94.2000,39.4000,88.2667,81.5586,4909.8628,205.9396,1.0300,95.5000,54.8000,5.5838,208.5741,924.0225,-1415.7891,42.5000,-36.7300
13440,642,99.0500,17.3539,1.1560,41.1000,32.4000,42.8500,68.6465,5781.0200,259.8762,0.2600,1250.0000,8.7000,1.3363,49.5346,924.0225,-1415.7891,44.0000,-38.2300
13442,642,99.3500,16.6623,1.3880,58.8000,31.0000,51.4500,83.6017,10674.5381,269.6829,0.7100,284.0000,27.8000,1.9265,71.4126,924.0225,-1415.7891,47.2000,-41.4300
13443,642,99.7500,16.3140,1.5245,62.3000,32.5000,56.8500,102.4795,13435.1099,274.5862,0.7600,123.0000,29.8000,2.3241,86.6678,924.0225,-1415.7891,48.7000,-42.9300
14572,671,100.0000,14.9333,2.3335,86.9000,43.2000,87.3750,7.9311,865.4368,21.5746,1.1000,140.0000,43.7000,5.4452,203.8896,-57.2139,741.5508,5.6000,-2.5800
14574,671,100.0000,16.7236,1.4758,54.4000,32.2000,55.7000,11.0447,1174.3463,88.2598,0.4020,778.0000,22.2000,2.1778,82.1993,-57.2139,741.5508,8.6000,-5.5800
14576,671,99.7500,16.0565,1.6762,69.1000,36.9000,62.4000,19.0249,2118.2364,68.6465,0.4140,486.0000,32.2000,2.8098,104.5980,-57.2139,741.5508,11.6000,-8.5800
14584,671,99.7000,15.2178,2.0438,86.7000,38.4000,75.9500,50.9088,5540.7571,118.6605,1.0200,469.0000,48.3000,4.1769,155.2228,-57.2139,741.5508,19.5000,-16.4800
14586,671,99.8500,14.8425,2.2753,100.7000,48.6000,84.9000,59.8206,5785.9233,154.9451,0.9580,231.0000,52.1000,5.1768,193.1687,-57.2139,741.5508,22.5000,-19.4800
14588,671,99.7750,14.6537,2.4330,95.0000,45.9000,90.1250,55.0398,7227.5010,171.6164,1.0800,294.0000,49.1000,5.9195,219.2741,-57.2139,741.5508,25.5000,-22.4800
14590,671,99.6500,14.9995,2.2050,89.4000,45.5000,81.3250,67.5433,7739.8983,163.7710,0.9460,469.0000,43.9000,4.8620,179.3216,-57.2139,741.5508,28.5000,-25.4800
14592,671,100.0000,15.2840,1.9998,80.5000,37.3000,75.2500,74.2854,9801.7466,201.0363,0.9860,354.0000,43.2000,3.9990,150.4812,-57.2139,741.5508,31.5000,-28.4800
14595,671,99.2000,16.8609,1.3242,58.6000,30.2000,49.1000,71.4660,8453.3323,363.8267,0.4830,1150.0000,28.4000,1.7536,65.0207,-57.2139,741.5508,34.5000,-31.4800
14597,671,100.0000,16.1840,1.6043,69.3000,32.2000,59.8000,84.7049,10988.3508,202.0170,0.7310,385.0000,37.1000,2.5736,95.9342,-57.2139,741.5508,37.5000,-34.4800
14599,671,99.9750,16.3655,1.5520,68.7000,32.4000,57.5750,88.8728,12324.5071,283.4122,0.7450,268.0000,36.3000,2.4087,89.3564,-57.2139,741.5508,40.5000,-37.4800
14602,671,96.2000,14.9087,2.1915,98.7000,54.9000,76.9750,59.2077,10679.4415,537.4044,0.7810,894.0000,43.8000,4.8027,168.6907,-57.2139,741.5508,43.5000,-40.4800
14869,677,99.7250,14.6561,2.5760,103.3000,50.2000,96.3500,14.3055,1110.6031,70.6079,1.0600,95.2000,53.1000,6.6358,248.1976,-82.3193,895.6289,6.8000,-3.0800
14871,677,99.7500,14.6341,2.5310,99.1000,46.3000,93.4000,11.5718,1140.0230,38.2459,0.8540,127.0000,52.8000,6.4060,236.3954,-82.3193,895.6289,9.8000,-6.0800
14873,677,99.8000,14.4428,2.6955,108.6000,50.6000,99.4750,18.4733,1784.8103,58.8399,1.1590,127.0000,58.0000,7.2657,268.1349,-82.3193,895.6289,12.8000,-9.0800
14879,677,99.9250,15.8137,1.8212,72.9000,33.5000,67.4250,28.1941,4577.2538,137.2931,0.7440,197.0000,39.4000,3.3170,122.7978,-82.3193,895.6289,18.3000,-14.5800
14881,677,99.6500,14.8572,2.3020,95.5000,45.4000,84.8500,41.2860,3500.9739,147.0997,1.1360,174.0000,50.1000,5.2992,195.3247,-82.3193,895.6289,21.2000,-17.4800
14884,677,99.6000,14.7027,2.3890,100.1000,40.7000,88.4000,58.3863,6156.1243,156.9064,1.1630,130.0000,59.4000,5.7073,211.1876,-82.3193,895.6289,24.3000,-20.5800
14887,677,99.3500,14.8180,2.3025,86.8000,43.0000,84.7250,61.2058,5680.5018,176.5197,1.0100,234.0000,43.8000,5.3015,195.0793,-82.3193,895.6289,27.3000,-23.5800
14889,677,99.9500,15.0584,2.2040,85.4000,48.5000,82.1250,66.3910,7207.8876,196.1330,1.1260,361.0000,36.9000,4.8576,181.0035,-82.3193,895.6289,30.3000,-26.5800
14891,677,99.9000,16.9296,1.4063,52.9000,33.7000,52.1250,60.0657,5408.3673,245.1662,0.4650,915.0000,19.2000,1.9775,73.3008,-82.3193,895.6289,33.3000,-29.5800
14893,677,99.7250,16.0859,1.7078,71.3000,38.8000,62.4250,81.2236,9193.7343,294.1995,0.8600,224.0000,32.5000,2.9164,106.6063,-82.3193,895.6289,36.3000,-32.5800
14900,677,93.6500,16.3974,1.3635,55.4000,39.9000,47.9500,47.8932,4155.5678,411.8793,0.4680,1570.0000,15.5000,1.8591,65.3798,-82.3193,895.6289,43.2000,-39.4800
15080,681,98.2750,13.3735,3.4145,121.1000,55.7000,126.6000,4.3885,473.1709,15.6906,1.1400,58.8000,65.4000,11.6588,432.2757,219.4937,125.1563,7.8000,-2.3300
15082,681,98.2250,14.1632,2.6497,86.4000,41.6000,97.9750,3.3220,321.1678,16.6713,0.7800,110.0000,44.8000,7.0212,259.6093,219.4937,125.1563,10.8000,-5.3300
15084,681,99.8750,14.2466,2.6502,103.4000,46.6000,99.6500,6.2885,728.1437,18.6326,0.9800,65.7000,56.8000,7.0238,264.0974,219.4937,125.1563,13.8000,-8.3300
15086,681,100.5250,15.3379,1.9895,71.6000,35.7000,74.7750,12.9203,1571.5156,33.3426,0.8700,95.7000,35.9000,3.9581,148.7649,219.4937,125.1563,16.8000,-11.3300
15090,681,99.4000,15.1515,2.1070,82.7000,40.6000,78.6750,33.5510,2971.4149,103.9505,0.5000,334.0000,42.1000,4.4394,165.7682,219.4937,125.1563,19.8000,-14.3300
15092,681,99.5000,15.3404,1.9518,87.1000,39.6000,72.7250,46.8145,7661.4452,139.2544,1.1300,137.0000,47.5000,3.8093,141.9410,219.4937,125.1563,22.8000,-17.3300
15105,681,98.7750,16.7506,1.3717,52.9000,27.7000,50.3000,65.6555,15403.7954,233.3983,0.4200,1460.0000,25.2000,1.8817,68.9990,219.4937,125.1563,40.8000,-35.3300
15108,681,99.2750,16.2993,1.5685,65.0000,33.8000,57.4500,80.6842,18926.8340,250.0696,0.7100,291.0000,31.2000,2.4602,90.1103,219.4937,125.1563,43.8000,-38.3300
18009,850,99.4000,15.6200,1.8530,79.3000,34.0000,68.2750,35.3897,2569.3422,161.8097,0.8730,116.0000,45.3000,3.4336,126.5136,345.2559,-213.8438,26.2000,-18.9100
18012,850,99.2500,14.8916,2.2293,93.0000,36.0000,82.3250,44.1667,4069.7595,186.3263,1.1780,149.0000,57.0000,4.9696,183.5230,345.2559,-213.8438,29.2000,-21.9100
18014,850,99.4750,14.5286,2.4767,109.6000,45.7000,91.7500,59.1954,4922.9383,222.6109,1.3560,193.0000,63.9000,6.1343,227.2418,345.2559,-213.8438,32.1000,-24.8100
18017,850,99.5750,14.5041,2.4735,102.7000,42.5000,92.1250,57.1728,5234.2994,231.4369,1.5340,101.0000,60.2000,6.1182,227.8712,345.2559,-213.8438,35.3000,-28.0100
18019,850,99.2750,14.4060,2.5167,95.3000,43.5000,93.7250,63.7065,5521.1440,304.9868,1.4980,128.0000,51.8000,6.3340,235.8824,345.2559,-213.8438,38.3000,-31.0100
18022,850,100.0250,14.3275,2.6097,101.0000,44.4000,98.1000,64.9323,4746.4186,305.9675,1.7080,178.0000,56.6000,6.8108,256.0165,345.2559,-213.8438,41.3000,-34.0100
18024,850,99.0250,15.5660,1.8540,92.6000,37.9000,68.2250,80.2061,8262.1025,311.8515,0.9980,303.0000,54.7000,3.4373,126.4891,345.2559,-213.8438,44.3000,-37.0100
18028,850,99.1250,16.5299,1.4595,66.4000,29.5000,53.6500,74.1260,7357.4390,322.6388,0.5970,375.0000,36.9000,2.1301,78.3022,345.2559,-213.8438,47.3000,-40.0100
18031,850,100.6000,15.9977,1.7000,70.0000,31.1000,63.5000,87.3405,8982.8912,357.9427,0.8670,143.0000,38.9000,2.8900,107.9500,345.2559,-213.8438,50.0000,-42.7100
18035,850,98.9500,17.6188,1.1260,47.2000,27.0000,41.2000,60.3109,4211.9559,394.2273,0.4100,1330.0000,20.2000,1.2679,46.3912,345.2559,-213.8438,53.0000,-45.7100
18228,861,96.1500,15.3011,1.9680,82.0000,46.6000,69.1500,17.4068,983.1167,89.2405,0.6000,126.0000,35.4000,3.8730,136.0872,647.1052,-1076.7383,12.8000,-7.3500
18230,861,96.6250,15.8064,1.7582,68.0000,37.6000,61.8750,27.5812,2588.9556,100.0278,0.6300,150.0000,30.4000,3.0914,108.7917,647.1052,-1076.7383,15.8000,-10.3500
18234,862,96.5500,14.8057,2.2360,77.0000,52.4000,79.2250,10.9099,1059.1182,49.0332,0.7100,89.7000,24.6000,4.9997,177.1471,647.1052,-1076.7383,12.8000,-7.4800
18236,862,99.7000,15.4728,1.9373,74.7000,43.5000,71.5000,11.5841,593.3023,39.2266,0.6200,111.0000,31.2000,3.7529,138.5134,647.1052,-1076.7383,15.8000,-10.4800
18245,864,97.6500,16.5912,1.4515,58.7000,36.6000,51.9500,20.2262,1488.1591,83.3565,0.4800,215.0000,22.1000,2.1069,75.4054,823.4548,-953.5547,9.8000,-3.7400
18247,864,98.6500,14.9235,2.2340,97.5000,57.1000,81.1250,19.9810,1431.7708,56.8786,0.9500,134.0000,40.4000,4.9908,181.2333,823.4548,-953.5547,12.8000,-6.7400
18268,866,100.9250,15.1736,2.0080,80.7000,50.1000,77.1750,9.0466,220.6496,32.3619,0.8200,291.0000,30.6000,4.0321,154.9674,949.4636,-737.9102,3.6000,3.1000
18270,866,100.3000,12.9737,4.2138,146.4000,66.1000,158.4000,0.7968,12.2583,12.7486,1.6500,63.3000,80.3000,17.7557,667.4580,949.4636,-737.9102,6.6000,0.1000
18273,866,99.0500,14.0626,2.8238,94.0000,46.7000,104.2250,1.1645,63.7432,8.8260,0.9100,173.0000,47.3000,7.9736,294.3053,949.4636,-737.9102,9.6000,-2.9000
18276,866,96.1000,15.9903,1.6150,58.9000,34.0000,57.2500,4.7807,411.8793,20.5940,0.4600,329.0000,24.9000,2.6082,92.4588,949.4636,-737.9102,12.6000,-5.9000
18278,866,95.4250,17.8542,1.0808,31.4000,18.8000,37.5500,5.7001,335.8778,30.4006,0.2400,552.0000,12.6000,1.1680,40.5822,949.4636,-737.9102,15.6000,-8.9000
18281,866,98.4000,14.2220,2.6660,96.7000,52.2000,97.4250,17.0391,1760.2937,110.8151,0.8400,142.0000,44.5000,7.1076,259.7350,949.4636,-737.9102,18.6000,-11.9000
18302,869,98.4000,14.9038,2.1080,94.3000,51.1000,78.3750,13.3616,696.2721,80.4145,0.6100,210.0000,43.2000,4.4437,165.2145,1050.1472,-892.0156,18.3000,-6.4900
18306,869,96.9500,15.1908,1.8532,63.1000,43.9000,68.5250,16.8552,1115.5064,76.4919,0.7800,177.0000,19.2000,3.4345,126.9940,1050.1472,-892.0156,21.3000,-9.4900
18309,869,99.8000,14.3030,2.7045,106.9000,61.4000,99.9000,26.4780,2628.1821,77.4725,1.0700,173.0000,45.5000,7.3143,270.1795,1050.1472,-892.0156,24.3000,-12.4900
18311,870,98.5000,13.9081,2.6885,111.4000,63.0000,102.5750,3.9717,120.1315,20.5940,1.0300,54.5000,48.4000,7.2280,275.7729,1050.1362,-922.8281,14.3000,-2.4100
18316,870,96.9000,13.9596,2.7595,100.5000,56.0000,99.9000,3.8859,112.7765,24.5166,0.7600,128.0000,44.5000,7.6148,275.6741,1050.1362,-922.8281,20.3000,-8.4100
18318,870,97.4500,15.6445,1.7713,65.0000,48.5000,64.1000,2.6968,73.5499,10.7873,0.5000,276.0000,16.5000,3.1373,113.5371,1050.1362,-922.8281,23.3000,-11.4100
18322,871,98.1500,13.8885,2.3755,121.8000,53.5000,95.2500,27.8877,2054.4932,95.1245,0.8700,129.0000,68.3000,5.6430,226.2664,1100.4851,-984.4727,21.9000,-9.9900
18324,871,100.0000,14.5924,2.5015,110.8000,59.6000,92.4250,20.8391,916.9218,86.2985,1.0100,129.0000,51.2000,6.2575,231.2011,1100.4851,-984.4727,24.6000,-12.6900
18329,872,98.3000,13.7242,3.0418,129.1000,60.0000,112.2250,4.2046,308.9095,25.4973,1.2300,80.9000,69.1000,9.2522,341.3604,1100.4739,-1015.2852,14.2000,-2.4000
18332,872,99.3500,16.8413,1.3955,49.1000,31.3000,50.8500,12.1357,902.2118,46.0913,0.2800,665.0000,17.8000,1.9474,70.9612,1100.4739,-1015.2852,17.2000,-5.4000
18335,872,92.3500,14.8965,1.9722,68.5000,30.4000,67.6500,11.9764,639.8839,60.8012,0.7500,119.0000,38.1000,3.8898,133.4227,1100.4739,-1015.2852,20.2000,-8.4000
18337,872,98.0750,15.1197,2.0833,77.0000,41.8000,75.4250,17.2720,924.2768,72.5692,0.7800,141.0000,35.2000,4.3399,157.1291,1100.4739,-1015.2852,23.2000,-11.4000
18367,875,98.1750,16.2846,1.5572,56.3000,33.1000,56.3000,4.5111,154.4547,46.0913,0.3600,506.0000,23.2000,2.4250,87.6732,1150.7910,-1169.3672,18.8000,-7.0100
18369,875,98.6250,17.9082,1.0920,41.3000,28.0000,39.2750,15.2003,495.2358,80.4145,0.2900,795.0000,13.3000,1.1925,42.8883,1150.7910,-1169.3672,21.8000,-10.0100
18371,875,99.9750,14.3496,2.6680,94.6000,54.1000,98.8500,19.4294,458.4609,40.2073,0.8300,100.0000,40.5000,7.1182,263.7318,1150.7910,-1169.3672,24.8000,-13.0100
18380,876,98.5250,13.9474,2.8823,108.7000,47.1000,106.0000,1.7775,36.7749,22.5553,0.9000,114.0000,61.6000,8.3074,305.5185,1175.9560,-1231.0039,10.1000,1.4000
18382,876,100.3750,13.6040,3.4777,133.4000,59.6000,128.3750,1.8878,78.4532,9.8067,0.9900,117.0000,73.8000,12.0947,446.4561,1175.9560,-1231.0039,13.1000,-1.6000
18384,876,100.3500,14.2539,2.8368,110.5000,57.1000,104.3500,3.4323,100.5182,18.6326,0.8100,119.0000,53.4000,8.0472,296.0149,1175.9560,-1231.0039,16.1000,-4.6000
18386,876,98.5750,16.5249,1.4975,55.7000,32.4000,54.0500,6.8034,634.9806,24.5166,0.4300,312.0000,23.3000,2.2425,80.9399,1175.9560,-1231.0039,19.1000,-7.6000
18388,876,99.9750,14.7493,2.4405,106.5000,46.8000,89.3250,9.3408,723.2404,32.3619,0.9100,110.0000,59.7000,5.9560,217.9977,1175.9560,-1231.0039,22.1000,-10.6000
18390,876,99.5000,13.9204,3.0065,109.4000,58.7000,111.0750,17.1862,1559.2573,62.7626,1.2600,102.0000,50.7000,9.0390,333.9470,1175.9560,-1231.0039,25.1000,-13.6000
18393,876,94.8250,15.6126,1.7743,70.5000,32.4000,61.6250,24.5166,1904.9417,106.8925,0.7000,347.0000,38.1000,3.1480,109.3382,1175.9560,-1231.0039,28.1000,-16.6000
18405,877,98.0750,17.6335,1.0975,45.9000,24.0000,40.0000,50.9333,5351.9790,208.8817,0.3800,500.0000,21.9000,1.2045,43.9000,-309.9912,-1137.9219,13.8000,-10.8700
18406,877,97.8500,17.0204,1.2825,53.5000,28.7000,46.4250,56.8786,6256.6425,207.9010,0.4200,540.0000,24.8000,1.6448,59.5401,-309.9912,-1137.9219,14.9000,-11.9700
18407,877,99.9250,17.0694,1.2800,56.6000,31.8000,47.4500,59.0851,4869.0016,235.3596,0.5100,490.0000,24.8000,1.6384,60.7360,-309.9912,-1137.9219,16.3000,-13.3700
18408,877,100.2250,17.1430,1.2625,60.7000,34.0000,47.2500,51.4849,4283.0543,191.2297,0.4900,405.0000,26.7000,1.5939,59.6531,-309.9912,-1137.9219,17.8000,-14.8700
18409,877,99.8000,15.5979,1.8750,73.7000,34.4000,69.5750,72.8144,7874.7399,205.9396,0.7800,165.0000,39.3000,3.5156,130.4531,-309.9912,-1137.9219,19.6000,-16.6700
18410,877,99.6000,15.5734,1.8500,85.0000,43.1000,68.7250,69.8724,7519.2489,191.2297,0.8900,162.0000,41.9000,3.4225,127.1412,-309.9912,-1137.9219,20.7000,-17.7700
18411,877,100.1000,15.3281,1.9775,92.2000,45.4000,74.0750,70.9756,7899.2565,204.9590,0.9900,115.0000,46.8000,3.9105,146.4833,-309.9912,-1137.9219,22.2000,-19.2700
18412,877,99.3250,14.8867,2.1850,103.8000,48.4000,81.6000,74.0402,8823.5331,238.3016,1.0900,150.0000,55.4000,4.7742,178.2960,-309.9912,-1137.9219,24.1000,-21.1700
18413,877,100.5500,14.8621,2.2350,106.1000,49.6000,84.7250,73.1821,5996.7664,237.3209,1.0900,160.0000,56.5000,4.9952,189.3604,-309.9912,-1137.9219,25.2000,-22.2700
18414,877,99.4000,14.7640,2.2775,107.1000,50.8000,85.1250,84.7049,8289.0708,301.0641,1.1000,125.0000,56.3000,5.1870,193.8722,-309.9912,-1137.9219,26.7000,-23.7700
18415,877,100.3000,14.8376,2.2500,105.8000,48.8000,85.1250,93.2858,8781.8547,261.8376,1.1800,115.0000,57.0000,5.0625,191.5312,-309.9912,-1137.9219,28.2000,-25.2700
18416,877,101.6500,14.7640,2.2975,105.9000,50.1000,88.7500,96.1052,11147.7087,282.4315,1.1000,141.0000,55.8000,5.2785,203.9031,-309.9912,-1137.9219,30.0000,-27.0700
18417,877,100.0250,14.7150,2.2825,108.0000,53.9000,86.4250,93.4083,11535.0717,269.6829,1.0500,167.0000,54.1000,5.2098,197.2651,-309.9912,-1137.9219,31.7000,-28.7700
18418,877,99.7750,14.5924,2.3575,104.5000,47.5000,89.0000,88.2598,9615.4200,284.3929,1.3100,155.0000,57.0000,5.5578,209.8175,-309.9912,-1137.9219,32.7000,-29.7700
18419,877,100.2500,14.8131,2.2400,103.4000,52.1000,84.6500,106.2796,13263.4939,286.3542,1.1900,170.0000,51.3000,5.0176,189.6160,-309.9912,-1137.9219,34.7000,-31.7700
18437,878,97.9500,18.0749,0.9982,50.2000,25.4000,36.1250,26.6005,3780.4634,304.0061,0.3800,780.0000,24.8000,0.9965,36.0618,-360.3799,-1168.7070,16.1000,-13.1400
18438,878,99.6750,16.9958,1.3300,60.0000,31.1000,49.1000,69.1369,6268.9011,196.1330,0.4600,400.0000,28.9000,1.7689,65.3030,-360.3799,-1168.7070,17.8000,-14.8400
18439,878,99.3500,15.6224,1.8275,75.6000,39.4000,67.7250,65.8271,6357.1608,183.3844,0.8400,165.0000,36.2000,3.3398,123.7674,-360.3799,-1168.7070,19.2000,-16.2400
18440,878,100.0250,15.6715,1.8000,75.8000,39.4000,67.0750,75.6338,7320.6641,230.4563,0.8900,215.0000,36.4000,3.2400,120.7350,-360.3799,-1168.7070,20.6000,-17.6400
18441,878,100.3750,15.4262,1.9575,90.5000,40.5000,73.2500,86.1759,8835.7914,231.4369,1.0100,188.0000,50.0000,3.8318,143.3869,-360.3799,-1168.7070,22.3000,-19.3400
18442,878,100.0500,14.7150,2.3050,104.6000,49.1000,87.0750,86.5437,9056.4412,245.1662,1.1700,170.0000,55.5000,5.3130,200.7079,-360.3799,-1168.7070,23.8000,-20.8400
18443,878,100.3000,14.8867,2.2250,99.8000,50.1000,83.8000,55.8979,4562.5438,205.9396,0.9200,180.0000,49.7000,4.9506,186.4550,-360.3799,-1168.7070,25.3000,-22.3400
18444,878,100.5500,14.7886,2.2625,109.9000,51.7000,86.1000,74.1628,6891.6232,213.7850,1.0700,151.0000,58.2000,5.1189,194.8012,-360.3799,-1168.7070,27.0000,-24.0400
18445,878,101.2500,14.9112,2.2150,110.8000,54.9000,85.0000,88.2598,9367.8021,268.7022,1.2100,167.0000,55.9000,4.9062,188.2750,-360.3799,-1168.7070,28.1000,-25.1400
18446,878,100.8500,14.6660,2.3425,105.0000,48.2000,89.8000,52.5882,4631.1904,209.8623,1.0400,168.0000,56.8000,5.4873,210.3565,-360.3799,-1168.7070,29.9000,-26.9400
18447,878,101.0250,14.8867,2.2025,106.5000,50.4000,84.6000,81.5178,8519.5270,225.5529,1.0800,161.0000,56.1000,4.8510,186.3315,-360.3799,-1168.7070,31.1000,-28.1400
18448,878,101.1500,14.8131,2.2550,106.4000,50.3000,86.6750,96.7181,11645.3967,294.1995,1.2300,166.0000,56.1000,5.0850,195.4521,-360.3799,-1168.7070,33.1000,-30.1400
18450,878,100.2000,15.5489,1.8550,99.8000,49.7000,69.7750,103.2150,11736.1082,304.0061,1.0100,195.0000,50.1000,3.4410,129.4326,-360.3799,-1168.7070,34.2000,-31.2400
18460,879,100.3250,17.6580,1.1225,52.0000,28.1000,41.7750,53.3849,5410.8191,202.9977,0.3600,630.0000,23.9000,1.2600,46.8924,-410.7520,-1168.6797,13.2000,-10.1200
18464,879,100.7500,17.0694,1.3150,62.1000,32.5000,49.0500,61.4141,6590.0686,202.0170,0.6200,257.0000,29.6000,1.7292,64.5008,-410.7520,-1168.6797,17.0000,-13.9200
18465,879,99.2000,15.8922,1.6975,65.8000,37.7000,62.9000,62.0271,6009.0247,215.7463,0.8300,119.0000,28.1000,2.8815,106.7728,-410.7520,-1168.6797,18.5000,-15.4200
18466,879,99.8250,15.7451,1.7950,77.1000,38.0000,66.5250,72.5692,7266.7275,215.7463,0.9700,150.0000,39.1000,3.2220,119.4124,-410.7520,-1168.6797,20.0000,-16.9200
18467,879,102.4750,15.4998,1.9700,81.8000,42.2000,75.7250,68.2788,6769.0398,205.9396,0.8400,210.0000,39.6000,3.8809,149.1783,-410.7520,-1168.6797,21.5000,-18.4200
18468,879,99.7500,15.1564,2.0775,92.8000,48.0000,77.3250,67.0530,5925.6681,225.5529,1.0700,141.0000,44.8000,4.3160,160.6427,-410.7520,-1168.6797,23.0000,-19.9200
18469,879,100.6750,14.8867,2.2200,104.1000,53.9000,84.3250,77.7177,7752.1564,250.0696,1.1300,169.0000,50.2000,4.9284,187.2015,-410.7520,-1168.6797,24.5000,-21.4200
18470,879,100.1750,14.8376,2.2675,103.2000,54.7000,85.0500,79.6790,7703.1234,227.5143,1.2100,172.0000,48.5000,5.1416,192.8509,-410.7520,-1168.6797,26.0000,-22.9200
18471,879,101.3750,14.9848,2.1825,103.3000,51.9000,83.5250,80.5371,6896.5264,264.7795,1.3200,120.0000,51.4000,4.7633,182.2933,-410.7520,-1168.6797,27.5000,-24.4200
18472,879,101.1250,14.7886,2.2950,107.7000,57.0000,87.4500,76.2467,8941.2129,264.7795,1.2000,154.0000,50.7000,5.2670,200.6977,-410.7520,-1168.6797,28.9000,-25.8200
18473,879,100.7000,14.8131,2.2375,104.6000,54.0000,85.7250,90.4663,10309.2405,291.2575,1.2000,128.0000,50.6000,5.0064,191.8097,-410.7520,-1168.6797,30.4000,-27.3200
18474,879,100.2250,14.6169,2.3275,107.8000,57.2000,88.7250,95.0019,11049.6428,279.4895,1.2500,170.0000,50.6000,5.4173,206.5074,-410.7520,-1168.6797,32.0000,-28.9200
18475,879,100.4000,14.8867,2.2000,108.1000,56.7000,83.5750,92.9180,9527.1603,296.1608,1.3200,130.0000,51.4000,4.8400,183.8650,-410.7520,-1168.6797,33.5000,-30.4200
18502,880,100.5250,17.8297,1.0270,35.1000,19.4000,38.9250,54.4269,5258.8160,240.2629,0.3700,2000.0000,15.7000,1.0547,39.9760,-461.1079,-1137.8398,15.4000,-12.1500
18503,880,101.9500,17.0694,1.2550,61.8000,31.2000,48.5500,58.7173,6219.8677,215.7463,0.4800,470.0000,30.6000,1.5750,60.9303,-461.1079,-1137.8398,16.9000,-13.6500
18504,880,101.3250,15.8677,1.6625,65.9000,26.0000,64.1750,68.7691,6938.2047,230.4563,0.7800,162.0000,39.9000,2.7639,106.6909,-461.1079,-1137.8398,18.4000,-15.1500
18505,880,102.1750,15.9903,1.6300,76.4000,36.5000,63.5250,60.1883,6401.2907,196.1330,0.7100,247.0000,39.9000,2.6569,103.5458,-461.1079,-1137.8398,19.9000,-16.6500
18506,880,100.7500,15.5979,1.8000,87.7000,44.3000,68.6500,65.3368,6997.0447,196.1330,0.8500,303.0000,43.4000,3.2400,123.5700,-461.1079,-1137.8398,21.4000,-18.1500
18507,880,101.6250,15.3526,1.9200,91.1000,44.0000,74.5000,66.3175,4231.5695,230.4563,0.9400,212.0000,47.1000,3.6864,143.0400,-461.1079,-1137.8398,22.9000,-19.6500
18508,880,102.0750,15.0338,2.0975,99.7000,48.8000,82.2750,79.5564,6430.7107,230.4563,1.0300,210.0000,50.9000,4.3995,172.5718,-461.1079,-1137.8398,24.4000,-21.1500
18509,880,101.1250,14.8621,2.1975,105.3000,48.7000,84.7500,84.9501,9056.4412,264.7795,1.0900,170.0000,56.6000,4.8290,186.2381,-461.1079,-1137.8398,25.9000,-22.6500
18510,880,99.8250,14.8376,2.2000,107.4000,49.7000,83.1750,83.1114,7266.7275,245.1662,1.0800,150.0000,57.7000,4.8400,182.9850,-461.1079,-1137.8398,27.4000,-24.1500
18511,880,99.7250,14.5679,2.3400,111.3000,47.1000,89.0000,84.9501,10473.5020,269.6829,1.1000,160.0000,64.2000,5.4756,208.2600,-461.1079,-1137.8398,28.9000,-25.6500
18512,880,100.8000,14.8376,2.2100,110.8000,51.1000,84.7750,96.8407,8198.3591,284.3929,1.2300,183.0000,59.7000,4.8841,187.3528,-461.1079,-1137.8398,30.4000,-27.1500
18513,880,100.4500,14.7640,2.2575,111.1000,51.6000,86.2000,100.8859,9100.5712,294.1995,1.2000,220.0000,59.5000,5.0963,194.5965,-461.1079,-1137.8398,31.9000,-28.6500
18514,880,99.7250,15.0583,2.1050,106.5000,51.2000,78.5500,109.3441,9755.1646,294.1995,1.1900,220.0000,55.3000,4.4310,165.3477,-461.1079,-1137.8398,33.4000,-30.1500
18534,881,99.3500,17.9523,1.0400,34.3000,23.2000,38.2750,53.8140,3547.5557,308.9095,0.3700,3750.0000,11.1000,1.0816,39.8060,-511.4639,-1107.0000,14.4000,-11.1900
18537,881,99.8000,16.7751,1.3775,55.4000,31.8000,51.3250,52.9559,6396.3873,186.3263,0.4300,860.0000,23.6000,1.8975,70.7002,-511.4639,-1107.0000,15.9000,-12.6900
18538,881,100.6750,16.2846,1.5725,65.7000,31.2000,59.0250,64.7239,7499.6355,147.0997,0.7300,202.0000,34.5000,2.4728,92.8168,-511.4639,-1107.0000,17.4000,-14.1900
18539,881,99.5500,15.8432,1.6900,65.6000,31.1000,63.3000,59.6980,5700.1152,196.1330,0.8100,220.0000,34.5000,2.8561,106.9770,-511.4639,-1107.0000,18.9000,-15.6900
18540,881,102.4500,15.9167,1.7625,91.1000,43.8000,67.6000,75.3886,7578.0885,215.7463,0.8500,185.0000,47.3000,3.1064,119.1450,-511.4639,-1107.0000,20.4000,-17.1900
18541,881,100.8250,15.3526,1.9950,91.2000,41.4000,75.3750,78.8209,8612.6902,205.9396,0.9500,220.0000,49.8000,3.9800,150.3731,-511.4639,-1107.0000,21.9000,-18.6900
18542,881,98.9500,14.8131,2.1500,91.0000,45.7000,80.9750,80.5371,10010.1375,225.5529,1.1500,190.0000,45.3000,4.6225,174.0962,-511.4639,-1107.0000,23.4000,-20.1900
18543,881,99.9750,15.0829,2.0875,101.1000,48.1000,78.5500,79.6790,9622.7749,264.7795,1.0500,193.0000,53.0000,4.3577,163.9731,-511.4639,-1107.0000,24.9000,-21.6900
18544,881,100.9500,14.8376,2.2425,111.2000,50.3000,85.7750,78.5758,8164.0360,220.6496,0.9600,175.0000,60.9000,5.0288,192.3504,-511.4639,-1107.0000,26.2000,-22.9900
18545,881,100.6500,14.8621,2.1825,105.0000,53.7000,83.7000,84.7049,10794.6699,274.5862,1.1000,160.0000,51.3000,4.7633,182.6753,-511.4639,-1107.0000,27.9000,-24.6900
18546,881,100.5000,14.8131,2.2375,91.5000,34.2000,85.1000,89.1179,9740.4548,294.1995,1.1900,154.0000,57.3000,5.0064,190.4112,-511.4639,-1107.0000,29.4000,-26.1900
18547,881,100.9750,14.7395,2.3150,105.1000,54.4000,88.5250,95.7374,11351.1973,284.3929,1.3900,215.0000,50.7000,5.3592,204.9354,-511.4639,-1107.0000,30.9000,-27.6900
18548,881,99.9500,14.8376,2.2075,105.4000,54.2000,83.5250,92.5503,10485.7600,304.0061,1.2400,210.0000,51.2000,4.8731,184.3814,-511.4639,-1107.0000,32.4000,-29.1900
18594,883,99.4250,14.4992,2.5383,120.3000,48.0000,93.5500,2.0471,49.0332,13.7293,1.1100,150.0000,72.3000,6.4427,237.4533,371.2119,1542.4922,1.8000,-6.5700
18596,883,100.7250,15.6175,1.9028,74.7000,33.3000,71.1250,10.8609,463.3642,48.0526,0.6600,236.0000,41.4000,3.6205,135.3331,371.2119,1542.4922,4.8000,-9.5700
18598,883,99.3500,15.3159,1.9995,75.4000,32.7000,73.7000,13.8642,779.6286,46.0913,0.6700,140.0000,42.7000,3.9980,147.3631,371.2119,1542.4922,7.8000,-12.5700
18600,883,100.3000,14.5114,2.5510,98.6000,41.2000,95.0500,17.7623,921.8251,52.9559,0.9800,133.0000,57.4000,6.5076,242.4726,371.2119,1542.4922,10.8000,-15.5700
18602,883,100.4500,14.6365,2.4248,102.2000,42.7000,91.1000,22.0650,1527.3857,88.2598,0.8900,147.0000,59.5000,5.8794,220.8947,371.2119,1542.4922,13.8000,-18.5700
18604,883,101.4750,14.6782,2.4500,104.7000,44.4000,92.9000,24.1857,1652.4205,73.5499,0.8500,162.0000,60.3000,6.0025,227.6050,371.2119,1542.4922,16.8000,-21.5700
18606,883,99.4750,14.5090,2.4787,100.2000,42.4000,92.0250,39.6311,3209.2261,126.5058,1.1300,170.0000,57.8000,6.1442,228.1070,371.2119,1542.4922,19.8000,-24.5700
18608,883,100.5250,14.5703,2.4685,98.5000,45.6000,92.9500,46.7042,3216.5811,138.2738,1.0800,250.0000,52.9000,6.0935,229.4471,371.2119,1542.4922,22.8000,-27.5700
18610,883,98.8000,14.8744,2.2082,88.2000,43.2000,81.4000,51.0191,5011.1979,147.0997,1.0700,240.0000,45.0000,4.8764,179.7516,371.2119,1542.4922,25.8000,-30.5700
18612,883,98.9000,14.7420,2.2788,88.3000,45.2000,84.3500,57.0624,3731.4303,150.0417,0.9100,330.0000,43.1000,5.1927,192.2126,371.2119,1542.4922,28.8000,-33.5700
18614,883,98.3250,15.6886,1.7687,72.7000,34.3000,64.7000,47.3048,3312.1960,164.7517,0.6300,370.0000,38.4000,3.1285,114.4381,371.2119,1542.4922,31.8000,-36.5700
18616,883,100.4500,16.0418,1.6638,80.8000,37.9000,62.2775,69.7866,6371.8707,244.1856,0.7200,250.0000,42.9000,2.7681,103.6142,371.2119,1542.4922,34.8000,-39.5700
18618,883,95.6500,17.5844,1.0983,42.0000,21.0000,38.7750,31.7981,2983.6732,263.7989,0.3200,1700.0000,21.0000,1.2062,42.5846,371.2119,1542.4922,37.8000,-42.5700
18639,884,100.6500,15.0927,2.2017,72.0000,32.7000,81.9750,10.4686,831.1136,30.4006,0.9000,180.0000,39.3000,4.8477,180.4885,648.1379,1449.9375,8.5000,-15.2000
18641,884,98.8250,14.6046,2.4240,83.6000,37.5000,88.6500,12.9080,1370.4793,31.3813,1.1200,100.0000,46.1000,5.8758,214.8876,648.1379,1449.9375,11.5000,-18.2000
18643,884,99.8750,14.7199,2.3753,91.4000,39.6000,88.1750,16.7326,1468.5458,45.1106,1.0500,106.0000,51.8000,5.6418,209.4377,648.1379,1449.9375,14.5000,-21.2000
18645,884,101.6500,14.5262,2.5552,99.3000,41.7000,97.4000,22.8372,1760.2937,72.5692,1.0500,155.0000,57.6000,6.5293,248.8814,648.1379,1449.9375,17.5000,-24.2000
18647,884,99.5500,14.0185,2.8422,111.8000,44.1000,106.3500,29.3832,3201.8711,73.5499,1.0300,163.0000,67.7000,8.0784,302.2733,648.1379,1449.9375,20.5000,-27.2000
18649,884,99.4750,14.0504,2.7692,109.1000,44.6000,104.1000,33.9678,4086.9212,76.4919,1.2100,175.0000,64.5000,7.6687,288.2789,648.1379,1449.9375,23.5000,-30.2000
18651,884,99.4750,14.1705,2.6920,103.8000,44.0000,100.9500,38.3808,2998.3832,91.2018,1.1000,170.0000,59.8000,7.2469,271.7574,648.1379,1449.9375,26.5000,-33.2000
18653,884,98.7500,14.2245,2.6292,100.6000,43.2000,97.3750,40.7466,3437.2307,116.6991,0.9300,235.0000,57.4000,6.9130,256.0232,648.1379,1449.9375,29.5000,-36.2000
18655,884,101.2000,14.6807,2.4190,97.1000,42.6000,91.7750,45.1964,3042.5132,126.5058,0.8200,255.0000,54.5000,5.8516,222.0037,648.1379,1449.9375,32.0000,-38.7000
18657,884,97.2000,14.9186,2.1217,65.0000,34.2000,76.8750,54.5985,4126.1479,148.0804,0.7000,525.0000,30.8000,4.5018,163.1095,648.1379,1449.9375,35.5000,-42.2000
18659,884,99.5750,15.3870,1.9877,74.6000,35.3000,73.1250,49.1803,4817.5168,156.9064,0.8100,300.0000,39.3000,3.9512,145.3542,648.1379,1449.9375,38.5000,-45.2000
18662,884,100.3750,15.9928,1.7035,68.7000,32.0000,63.3750,55.3463,3731.4302,177.5004,0.7500,192.0000,36.7000,2.9019,107.9593,648.1379,1449.9375,41.5000,-48.2000
18671,885,100.2250,15.1099,2.1652,61.3000,28.4000,80.2500,3.9594,215.7463,20.5940,0.6800,320.0000,32.9000,4.6883,173.7613,673.1419,1018.5430,1.8000,-7.9000
18673,885,99.5750,15.7058,1.8158,75.8000,32.4000,67.0500,11.0080,943.8900,42.1686,0.8100,190.0000,43.4000,3.2969,121.7460,673.1419,1018.5430,4.8000,-10.9000
18675,885,100.1500,15.1270,2.1365,77.0000,34.0000,79.3250,19.9443,2027.5248,66.6852,0.7900,145.0000,43.0000,4.5646,169.4779,673.1419,1018.5430,7.8000,-13.9000
18677,885,99.6750,14.6929,2.4382,91.8000,40.1000,89.4500,18.1668,1569.0640,63.7432,1.0600,140.0000,51.7000,5.9451,218.1015,673.1419,1018.5430,10.8000,-16.9000
18679,885,100.8750,14.4796,2.5655,100.3000,40.0000,96.8750,28.5006,1990.7499,72.5692,1.0500,190.0000,60.3000,6.5818,248.5328,673.1419,1018.5430,13.8000,-19.9000
18681,885,100.9250,14.3471,2.6352,102.6000,41.2000,100.0750,37.0569,3429.8758,90.2212,1.0700,150.0000,61.4000,6.9445,263.7226,673.1419,1018.5430,16.8000,-22.9000
18683,885,98.8500,13.9989,2.7537,110.7000,48.4000,103.3500,34.7891,3898.1434,91.2018,1.0300,160.0000,62.3000,7.5831,284.6001,673.1419,1018.5430,19.8000,-25.9000
18685,885,101.2250,14.3226,2.6458,107.7000,45.1000,101.3250,48.2610,4332.0875,136.3124,1.4500,140.0000,62.6000,7.0000,268.0806,673.1419,1018.5430,22.8000,-28.9000
18687,885,99.3500,13.9106,2.8873,113.4000,45.5000,108.5250,50.8230,4741.5151,147.0997,1.3200,190.0000,67.9000,8.3362,313.3388,673.1419,1018.5430,25.8000,-31.9000
18689,885,98.7500,14.4894,2.4070,99.7000,41.7000,89.5250,52.9314,5268.6227,143.1771,1.0300,255.0000,58.0000,5.7936,215.4867,673.1419,1018.5430,28.8000,-34.9000
18692,885,98.1500,17.0081,1.3047,48.7000,25.4000,47.2000,52.7475,3380.8425,205.9396,0.4500,650.0000,23.3000,1.7024,61.5842,673.1419,1018.5430,31.8000,-37.9000
18695,885,100.8000,15.8848,1.7460,71.4000,33.5000,65.5250,58.7786,4775.8385,182.4037,0.8000,315.0000,37.9000,3.0485,114.4067,673.1419,1018.5430,34.8000,-40.9000
18697,885,100.2500,15.8873,1.7060,78.9000,29.4000,64.0000,75.2783,5989.4113,252.0309,0.8700,150.0000,49.5000,2.9104,109.1840,673.1419,1018.5430,37.8000,-43.9000
18699,885,99.5250,16.5274,1.4852,53.3000,28.5000,55.1500,76.0628,5959.9916,282.4315,0.4300,1300.0000,24.8000,2.2060,81.9115,673.1419,1018.5430,40.8000,-46.9000
18850,890,86.1250,16.3091,1.2610,51.4000,27.5000,40.6250,86.1759,7634.4767,441.2993,0.4980,590.0000,23.9000,1.5901,51.2281,-107.4995,895.6406,41.8000,-38.0200
18856,890,97.0500,17.9940,1.0107,41.7000,32.5000,36.2000,99.2923,8796.5648,647.2389,0.3420,1200.0000,9.2000,1.0216,36.5892,-107.4995,895.6406,58.7000,-54.9200
18858,890,92.5250,17.6261,1.0355,43.8000,27.4000,35.5000,109.2216,12618.7067,666.8522,0.4090,760.0000,16.4000,1.0723,36.7602,-107.4995,895.6406,61.7000,-57.9200
18866,891,99.4250,15.2864,2.1210,94.1000,44.8000,76.7250,40.6976,2444.3075,105.9118,0.8970,170.0000,49.3000,4.4986,162.7337,-157.9375,741.6016,12.2000,-2.9000
18869,891,97.9750,15.2349,2.1147,76.4000,32.1000,75.4500,67.9111,5045.5212,181.4230,0.8310,390.0000,44.3000,4.4722,159.5579,-157.9375,741.6016,18.3000,-9.0000
18871,891,95.4000,16.3655,1.4970,62.9000,26.5000,52.1000,48.7881,3221.4844,122.5831,0.5980,320.0000,36.4000,2.2410,77.9937,-157.9375,741.6016,21.2000,-11.9000
18873,891,98.9250,15.0510,2.1780,79.8000,36.1000,79.3750,49.5236,3508.3290,129.4478,0.9970,280.0000,43.7000,4.7437,172.8787,-157.9375,741.6016,27.2000,-17.9000
18875,891,96.1250,14.3005,2.3645,92.1000,42.1000,86.4750,49.1558,5062.6829,171.6164,0.9970,215.0000,50.0000,5.5909,204.4701,-157.9375,741.6016,33.1000,-23.8000
18916,893,91.5000,17.1577,1.3253,101.8000,43.4000,45.7000,20.7574,1421.9642,90.2212,0.5650,122.0000,58.4000,1.7565,60.5677,119.1094,864.7188,12.1000,-2.4000
18918,893,98.0250,15.2913,1.9575,91.4000,40.5000,71.7750,37.6943,2885.6067,142.1964,0.7640,200.0000,50.9000,3.8318,140.4996,119.1094,864.7188,18.5000,-8.8000
18922,893,100.2000,15.0118,2.1508,88.2000,40.2000,80.8000,48.1139,2819.4118,181.4230,0.6640,195.0000,48.0000,4.6257,173.7806,119.1094,864.7188,28.9000,-19.2000
18924,893,97.3750,14.3986,2.4228,89.0000,38.5000,88.4500,60.0657,6369.4188,147.0997,1.0630,330.0000,50.5000,5.8697,214.2922,119.1094,864.7188,34.9000,-25.2000
18926,893,96.9000,14.6561,2.2292,72.1000,40.6000,81.0250,68.1562,6739.6200,205.9396,0.9300,285.0000,31.5000,4.9696,180.6250,119.1094,864.7188,40.9000,-31.2000
19014,896,96.2000,14.4550,2.3970,91.0000,42.3000,85.8000,27.3360,2395.2742,76.4919,0.8870,134.0000,48.7000,5.7456,205.6626,345.3921,94.2891,10.5000,-5.2700
19016,896,98.8750,14.7469,2.3625,100.1000,39.7000,86.1000,32.2394,2667.4087,93.1632,0.9530,114.0000,60.4000,5.5814,203.4113,345.3921,94.2891,13.1000,-7.8700
19018,896,99.1000,15.5464,1.8740,85.1000,36.2000,68.8750,44.6203,4606.6737,119.6411,0.7570,210.0000,48.9000,3.5119,129.0717,345.3921,94.2891,16.2000,-10.9700
19020,896,98.9000,16.4636,1.5078,64.7000,33.3000,54.9000,49.2784,4628.7386,151.0224,0.5320,310.0000,31.4000,2.2733,82.7755,345.3921,94.2891,19.1000,-13.8700
19028,896,98.8250,14.8057,2.3095,102.6000,45.7000,84.2000,65.5820,7212.7907,178.4810,1.1060,220.0000,56.9000,5.3338,194.4599,345.3921,94.2891,27.0000,-21.7700
19029,896,99.2750,14.4501,2.5395,111.0000,41.5000,93.6500,80.5371,9257.4774,181.4230,1.1630,197.0000,69.5000,6.4491,237.8242,345.3921,94.2891,30.0000,-24.7700
19030,896,99.4000,14.4771,2.4930,109.6000,39.7000,92.6250,84.0920,8056.1626,199.0750,1.3360,260.0000,69.9000,6.2150,230.9141,345.3921,94.2891,33.0000,-27.7700
19031,896,99.0000,14.4796,2.5070,107.2000,43.0000,92.1250,86.2985,11522.8134,222.6109,1.3850,177.0000,64.2000,6.2850,230.9574,345.3921,94.2891,36.0000,-30.7700
19032,896,98.6750,14.5016,2.4488,94.6000,43.6000,90.1500,89.2405,10860.8648,240.2629,1.2190,350.0000,51.0000,5.9964,220.7548,345.3921,94.2891,39.0000,-33.7700
19034,896,97.8250,16.9590,1.3225,52.7000,29.0000,47.6000,74.1628,8414.1056,235.3596,0.6050,890.0000,23.7000,1.7490,62.9510,345.3921,94.2891,42.0000,-36.7700
19065,897,97.7500,17.3882,1.1725,44.5000,28.4000,42.4000,43.4680,1711.2604,227.5143,0.3290,860.0000,16.1000,1.3748,49.7140,647.2564,-706.9805,22.9000,-17.4200
19068,897,98.6500,14.9529,2.0987,95.8000,45.0000,78.3500,50.7984,4606.6736,140.2351,0.9470,140.0000,50.8000,4.4048,164.4371,647.2564,-706.9805,26.5000,-21.0200
19070,897,96.9250,14.2956,2.4875,101.7000,49.5000,90.3000,50.0384,3344.0677,169.6550,1.1630,138.0000,52.2000,6.1877,224.6212,647.2564,-706.9805,29.5000,-24.0200
19072,897,98.0750,14.5090,2.3257,97.4000,45.2000,86.4500,28.4515,1618.0973,205.9396,1.1930,148.0000,52.2000,5.4091,201.0611,647.2564,-706.9805,32.5000,-27.0200
19074,897,98.1750,14.2932,2.4308,104.0000,50.6000,91.3750,68.0459,7722.7366,238.3016,1.4880,124.0000,53.4000,5.9085,222.1098,647.2564,-706.9805,35.5000,-30.0200
19076,897,97.4000,14.0945,2.5468,106.5000,46.2000,94.8750,80.2919,8835.7917,253.0116,1.4720,125.0000,60.3000,6.4859,241.6229,647.2564,-706.9805,38.5000,-33.0200
19078,897,97.9750,14.3128,2.4485,103.0000,47.4000,91.1500,79.6790,8347.9104,274.5862,1.3320,127.0000,55.6000,5.9952,223.1808,647.2564,-706.9805,41.5000,-36.0200
19116,898,97.9750,16.3042,1.5245,57.4000,32.2000,55.3250,40.5750,4533.1238,112.7765,0.7080,300.0000,25.2000,2.3241,84.3430,672.4290,-737.8047,20.2000,-15.6200
19118,898,92.1750,17.8321,1.0005,37.4000,28.7000,34.1250,41.0653,3584.3306,156.9064,0.5080,360.0000,8.7000,1.0010,34.1421,672.4290,-737.8047,23.3000,-18.7200
19121,898,98.6250,14.4158,2.4852,103.0000,40.8000,91.8000,61.7819,6867.1064,156.9064,1.2260,160.0000,62.2000,6.1765,228.1459,672.4290,-737.8047,26.3000,-21.7200
19123,898,98.1000,14.2760,2.5705,109.4000,46.0000,94.3000,69.5046,7244.6626,169.6550,1.2190,280.0000,63.4000,6.6075,242.3981,672.4290,-737.8047,29.3000,-24.7200
19125,898,98.2500,14.1951,2.5910,111.2000,44.9000,96.0000,72.2015,7433.4406,186.3263,1.2720,190.0000,66.3000,6.7133,248.7360,672.4290,-737.8047,32.3000,-27.7200
19127,898,98.3500,14.1853,2.6047,111.5000,43.8000,96.6250,80.2919,9191.2825,202.9977,1.3090,340.0000,67.7000,6.7847,251.6840,672.4290,-737.8047,35.3000,-30.7200
19129,898,98.3500,14.2490,2.5150,104.1000,42.8000,94.0250,90.4663,9534.5151,245.1662,1.3020,170.0000,61.3000,6.3252,236.4729,672.4290,-737.8047,38.3000,-33.7200
19132,898,96.4250,16.0001,1.6222,68.0000,31.0000,57.7500,89.4857,9735.5513,259.8762,0.8740,340.0000,37.0000,2.6317,93.6849,672.4290,-737.8047,41.3000,-36.7200
19229,900,97.8500,16.1988,1.5747,58.5000,31.8000,56.8500,42.5363,3871.1750,127.4864,0.5680,340.0000,26.7000,2.4798,89.5245,722.7617,-830.2617,20.5000,-14.8300
19231,900,97.7500,15.9363,1.6715,64.4000,31.0000,60.4250,43.8848,3773.1085,124.5444,0.6640,470.0000,33.4000,2.7939,101.0004,722.7617,-830.2617,23.6000,-17.9300
19233,900,99.3750,15.4851,1.8952,80.7000,38.5000,70.1250,53.2011,4300.2159,137.2931,0.8340,330.0000,42.2000,3.5920,132.9044,722.7617,-830.2617,26.6000,-20.9300
19235,900,99.0500,14.4477,2.5010,104.2000,42.9000,92.5750,58.2270,3341.6160,150.0417,1.2260,195.0000,61.3000,6.2550,231.5301,722.7617,-830.2617,29.6000,-23.9300
19237,900,99.2500,14.1019,2.7360,120.1000,48.5000,102.2750,68.0336,5893.7964,189.2683,1.3390,187.0000,71.6000,7.4857,279.8244,722.7617,-830.2617,32.6000,-26.9300
19239,900,98.9750,14.1681,2.6055,117.3000,46.8000,98.1250,81.5178,8593.0770,183.3844,1.3950,225.0000,70.5000,6.7886,255.6647,722.7617,-830.2617,35.6000,-29.9300
19241,900,99.1750,14.3030,2.5148,116.9000,44.6000,94.8250,80.6597,8195.9076,220.6496,1.3920,400.0000,72.3000,6.3240,238.4612,722.7617,-830.2617,38.6000,-32.9300
19243,900,98.9750,14.2858,2.5048,106.5000,46.4000,94.4500,90.4663,8825.9846,235.3596,1.1230,145.0000,60.1000,6.2738,236.5736,722.7617,-830.2617,41.6000,-35.9300
19363,903,96.5250,18.2564,0.9595,35.5000,23.7000,34.0750,25.3502,1056.6665,608.0123,0.2000,1350.0000,11.8000,0.9206,32.6950,118.8643,340.8945,16.8000,-6.9100
19366,903,95.1250,17.5991,1.0898,45.7000,25.1000,38.2250,45.3435,3290.1311,196.1330,0.3660,1050.0000,20.6000,1.1876,41.6557,118.8643,340.8945,20.9000,-11.0100
19368,903,97.3000,16.6304,1.4173,69.8000,33.1000,50.9500,71.8337,6303.2242,237.3209,0.5270,176.0000,36.7000,2.0086,72.2089,118.8643,340.8945,24.0000,-14.1100
19370,903,99.0000,16.3729,1.4870,83.0000,37.9000,54.9500,88.8728,6680.7803,308.9095,0.6020,229.0000,45.1000,2.2112,81.7107,118.8643,340.8945,27.0000,-17.1100
19371,903,98.4750,15.2423,1.9848,88.5000,39.8000,72.9500,66.6852,6339.9993,127.4864,0.8230,223.0000,48.7000,3.9392,144.7875,118.8643,340.8945,28.8000,-18.9100
19372,903,99.2500,14.6120,2.4093,95.6000,42.8000,89.3000,52.9559,5481.9172,127.4864,0.8100,178.0000,52.8000,5.8045,215.1460,118.8643,340.8945,31.9000,-22.0100
19375,903,99.3750,14.5728,2.3913,100.5000,46.1000,89.3000,63.7432,5550.5637,201.0363,1.1650,144.0000,54.4000,5.7181,213.5386,118.8643,340.8945,34.8000,-24.9100
19376,903,99.4000,14.6292,2.3617,98.5000,44.0000,88.1500,70.9756,6805.8149,196.1330,1.2750,125.0000,54.5000,5.5779,208.1883,118.8643,340.8945,37.8000,-27.9100
19377,903,99.7500,14.5826,2.3872,90.5000,39.1000,89.9750,60.4335,6004.1212,245.1662,1.1100,227.0000,51.4000,5.6990,214.7928,118.8643,340.8945,40.8000,-30.9100
19701,909,99.9500,16.6353,1.4798,53.8000,25.0000,54.6250,43.1493,3398.0041,225.5529,0.3850,780.0000,28.8000,2.1897,80.8313,169.1851,248.4336,15.4000,-5.8500
19704,909,99.3250,15.8628,1.6955,86.9000,38.9000,62.9250,36.8975,990.4716,156.9064,0.4160,332.0000,48.0000,2.8747,106.6893,169.1851,248.4336,18.1000,-8.5500
19706,909,100.0000,16.9688,1.3975,75.0000,33.9000,53.8000,42.6589,2770.3786,196.1330,0.4070,520.0000,41.1000,1.9530,75.1855,169.1851,248.4336,21.3000,-11.7500
19708,909,97.2250,18.2515,0.9690,64.8000,30.1000,34.6250,17.9584,1581.3223,182.4037,0.5720,259.0000,34.7000,0.9390,33.5516,169.1851,248.4336,24.3000,-14.7500
19710,909,99.7000,15.4360,1.9517,101.6000,44.9000,72.6000,61.9045,4861.6467,146.1191,0.8300,175.0000,56.7000,3.8093,141.6970,169.1851,248.4336,27.3000,-17.7500
19865,912,98.6000,14.8254,2.2980,88.5000,41.6000,83.8250,32.3619,3741.2369,86.2985,0.9300,133.0000,46.9000,5.2808,192.6299,169.1426,155.9922,12.6000,-4.0500
19868,912,99.2750,15.9829,1.7138,100.0000,47.4000,62.7500,34.9362,3035.1581,104.9312,0.8930,93.9000,52.6000,2.9369,107.5378,169.1426,155.9922,15.6000,-7.0500
19871,912,99.6250,16.0001,1.7003,82.5000,38.8000,62.6250,39.8395,3483.8124,127.4864,0.6600,188.0000,43.7000,2.8909,106.4782,169.1426,155.9922,18.6000,-10.0500
19874,912,98.5500,15.6568,1.8260,88.2000,40.4000,66.4250,50.1365,5391.2056,134.3511,0.9500,151.0000,47.8000,3.3343,121.2921,169.1426,155.9922,24.6000,-16.0500
19971,915,94.1500,15.7230,1.6748,91.2000,40.2000,58.9250,29.0522,2843.9285,78.4532,0.6060,130.0000,51.0000,2.8048,98.6846,269.8447,94.3203,14.9000,-4.8700
19974,915,98.4500,15.0902,2.0918,64.2000,29.5000,76.3250,27.8754,2557.0839,83.3565,0.7920,113.0000,34.7000,4.3754,159.6528,269.8447,94.3203,17.9000,-7.8700
19976,915,98.3500,16.4219,1.4820,66.0000,27.2000,54.0250,40.8815,3846.6584,141.2158,0.5200,260.0000,38.8000,2.1963,80.0651,269.8447,94.3203,20.9000,-10.8700
19978,915,99.2750,16.3386,1.4750,63.8000,29.1000,55.1750,46.0300,3851.5616,203.9783,0.4840,350.0000,34.7000,2.1756,81.3831,269.8447,94.3203,23.9000,-13.8700
19982,915,97.5250,17.0547,1.2987,70.7000,30.8000,46.8500,60.4212,4844.4850,237.3209,0.9610,93.0000,39.9000,1.6868,60.8464,269.8447,94.3203,26.9000,-16.8700
19986,915,98.7500,15.1221,2.0098,93.3000,38.7000,74.8000,60.1025,3569.6204,230.4563,0.8740,143.0000,54.6000,4.0391,150.3293,269.8447,94.3203,31.4000,-21.3700
19992,915,97.0500,16.4685,1.4072,62.2000,26.5000,51.1250,66.6975,5756.5034,283.4122,0.6790,340.0000,35.7000,1.9804,71.9457,269.8447,94.3203,46.3000,-36.2700
20269,920,98.4000,14.9750,2.0037,99.8000,34.1000,75.4750,55.8734,4425.2509,244.1856,0.9520,145.0000,65.7000,4.0150,151.2330,320.1548,-28.9531,30.5000,-20.1500
20270,920,98.2250,14.6537,2.2950,99.0000,34.7000,84.4750,56.1921,4251.1827,187.3070,1.1230,164.0000,64.3000,5.2670,193.8701,320.1548,-28.9531,33.5000,-23.1500
20271,920,99.1000,14.3520,2.4688,112.8000,34.1000,93.1000,66.0355,6413.5491,201.0363,1.2550,140.0000,78.7000,6.0947,229.8406,320.1548,-28.9531,36.5000,-26.1500
20272,920,99.4250,14.4575,2.3565,111.8000,42.9000,89.9750,66.3420,5136.2329,231.4369,1.2420,135.0000,68.9000,5.5531,212.0261,320.1548,-28.9531,39.5000,-29.1500
20273,920,99.1250,14.3962,2.4845,105.4000,38.1000,92.8750,66.8323,6138.9630,261.8376,1.3640,140.0000,67.3000,6.1727,230.7479,320.1548,-28.9531,42.5000,-32.1500
20274,920,99.5500,14.4599,2.3513,100.3000,42.4000,90.0500,75.5848,7141.6925,559.9597,1.3980,142.0000,57.9000,5.5284,211.7301,320.1548,-28.9531,45.5000,-35.1500
20452,923,97.8500,17.2631,1.2312,64.1000,27.5000,44.2750,95.8232,7533.9589,305.9675,0.4930,160.0000,36.6000,1.5160,54.5136,345.3106,-90.5898,24.0000,-13.6500
20454,923,97.1750,15.4973,1.7852,97.8000,35.9000,65.0750,81.5546,10272.4656,260.8569,0.7590,135.0000,61.9000,3.1871,116.1751,345.3106,-90.5898,26.7000,-16.3500
20457,923,97.7750,16.5102,1.4502,65.3000,26.3000,52.4000,66.6239,6580.2620,232.4176,0.6530,180.0000,39.0000,2.1032,75.9931,345.3106,-90.5898,29.0000,-18.6500
20458,923,99.4250,14.9603,2.1317,92.2000,39.0000,79.8000,58.2270,4648.3521,182.4037,0.9430,120.0000,53.2000,4.5444,170.1136,345.3106,-90.5898,32.0000,-21.6500
20459,923,98.2750,14.6095,2.3525,104.1000,45.3000,86.2750,64.5155,5111.7162,192.2103,1.1200,185.0000,58.8000,5.5343,202.9619,345.3106,-90.5898,35.0000,-24.6500
20460,923,99.5750,14.5360,2.4090,106.0000,40.6000,90.4500,75.7196,7685.9615,208.8817,1.3770,113.0000,65.4000,5.8033,217.8941,345.3106,-90.5898,38.0000,-27.6500
20462,923,98.9750,14.2294,2.5637,111.4000,39.2000,96.4000,79.4584,9093.2159,211.8236,1.3590,120.0000,72.2000,6.5728,247.1455,345.3106,-90.5898,41.0000,-30.6500
20463,923,99.3500,14.3864,2.4845,102.6000,34.8000,93.4750,70.3872,8720.5631,282.4315,1.3030,137.0000,67.8000,6.1727,232.2386,345.3106,-90.5898,44.0000,-33.6500
20464,923,98.4750,14.8916,2.0905,96.6000,32.9000,78.2000,86.6417,10402.4039,294.1995,1.2420,180.0000,63.7000,4.3702,163.4771,345.3106,-90.5898,47.0000,-36.6500
21344,957,98.8000,17.8223,1.0572,43.3000,23.7000,38.8000,20.4959,777.1770,70.6079,0.6100,220.0000,19.6000,1.1178,41.0213,1251.4517,-1415.9062,12.4000,-5.9900
21350,957,100.1500,16.1203,1.6292,61.6000,29.1000,60.7000,30.4251,2145.2047,142.1964,0.5500,477.0000,32.5000,2.6545,98.8955,1251.4517,-1415.9062,21.2000,-14.7900
21352,957,100.3000,15.3625,1.9922,64.3000,33.0000,74.3250,22.4940,1439.1259,91.2018,0.8100,179.0000,31.3000,3.9691,148.0740,1251.4517,-1415.9062,24.2000,-17.7900
21353,957,98.3250,14.8965,2.1640,73.4000,33.3000,79.5250,21.6604,1625.4522,128.4671,0.9300,181.0000,40.1000,4.6829,172.0921,1251.4517,-1415.9062,25.7000,-19.2900
21354,957,99.6500,15.1368,2.1325,67.9000,32.2000,78.4750,20.0301,1515.1274,86.2985,0.6900,148.0000,35.7000,4.5476,167.3479,1251.4517,-1415.9062,27.2000,-20.7900
21356,957,100.7500,14.0823,2.8043,100.8000,36.8000,107.2250,24.1489,3912.8533,80.4145,1.3500,96.2000,64.0000,7.8638,300.6857,1251.4517,-1415.9062,30.2000,-23.7900
21357,957,100.5750,14.0455,2.8065,94.2000,44.1000,107.5000,29.1993,3773.1085,78.4532,1.3000,82.7000,50.1000,7.8764,301.6988,1251.4517,-1415.9062,31.7000,-25.2900
21358,957,100.1750,13.9277,2.8815,84.8000,42.0000,110.0500,27.5444,2895.4133,85.3179,1.3000,72.8000,42.8000,8.3030,317.1091,1251.4517,-1415.9062,33.2000,-26.7900
21360,957,99.2500,13.8542,2.8800,92.0000,43.8000,109.0250,34.5930,2750.7653,106.8925,1.1900,90.6000,48.2000,8.2944,313.9920,1251.4517,-1415.9062,36.2000,-29.7900
21361,957,99.8000,13.8861,2.8863,89.1000,42.1000,109.9750,34.1026,3150.3863,127.4864,1.1700,85.1000,47.0000,8.3304,317.4153,1251.4517,-1415.9062,37.7000,-31.2900
21362,957,100.2500,13.9989,2.8015,76.3000,38.8000,107.4500,38.5647,5410.8191,137.2931,1.3500,81.9000,37.5000,7.8484,301.0212,1251.4517,-1415.9062,39.2000,-32.7900
21364,957,99.8250,14.1436,2.7250,75.6000,40.1000,102.6000,37.1182,3827.0450,169.6550,1.0100,97.1000,35.5000,7.4256,279.5850,1251.4517,-1415.9062,42.2000,-35.7900
21366,957,99.9750,15.2251,2.0030,56.2000,29.5000,75.6250,48.1016,5977.1528,152.0031,0.8300,131.0000,26.7000,4.0120,151.4769,1251.4517,-1415.9062,43.7000,-37.2900
21375,958,98.0500,14.2858,2.6610,91.5000,45.0000,95.8750,4.1556,437.1314,12.7486,0.9100,89.2000,46.5000,7.0809,255.1234,1276.6597,-1354.2891,11.7000,-6.3000
21376,958,99.4500,15.0019,2.2127,83.7000,36.1000,81.1000,12.4177,1210.1406,42.1686,0.8300,113.0000,47.6000,4.8963,179.4540,1276.6597,-1354.2891,13.2000,-7.8000
21378,958,99.1250,14.4550,2.5303,92.3000,42.8000,93.1250,26.8702,3084.4365,80.4145,1.1500,81.8000,49.5000,6.4022,235.6295,1276.6597,-1354.2891,14.7000,-9.3000
21381,958,99.4500,15.8088,1.8092,67.5000,36.5000,65.9500,19.8830,1612.2132,103.9505,0.6600,286.0000,31.0000,3.2734,119.3200,1276.6597,-1354.2891,16.2000,-10.8000
21383,958,98.1250,16.2797,1.5455,61.4000,28.6000,56.2500,37.2285,3007.2091,109.8345,0.5400,419.0000,32.8000,2.3886,86.9344,1276.6597,-1354.2891,17.7000,-12.3000
21384,958,94.7500,16.0344,1.5753,67.7000,33.5000,55.0500,25.5463,1848.0632,84.3372,0.5800,427.0000,34.2000,2.4814,86.7175,1276.6597,-1354.2891,19.2000,-13.8000
21386,958,97.6750,15.1025,2.0450,84.4000,34.8000,74.2500,31.7000,3122.9277,101.0085,0.8200,231.0000,49.6000,4.1820,151.8412,1276.6597,-1354.2891,20.7000,-15.3000
21387,958,97.1750,15.2398,1.9818,75.7000,33.4000,71.1750,26.2573,2328.0987,96.1052,0.6900,269.0000,42.3000,3.9273,141.0511,1276.6597,-1354.2891,22.2000,-16.8000
21388,958,99.3500,15.4507,1.9460,77.1000,35.6000,71.5500,33.3794,3468.3670,93.1632,0.8600,160.0000,41.5000,3.7869,139.2363,1276.6597,-1354.2891,23.7000,-18.3000
21389,958,99.9500,15.3208,2.0513,80.8000,36.5000,75.6500,33.5265,3469.1025,93.1632,0.9000,169.0000,44.3000,4.2076,155.1771,1276.6597,-1354.2891,25.2000,-19.8000
21390,958,99.6500,14.8720,2.3092,82.5000,38.8000,84.8000,33.1710,4404.1663,90.2212,0.9400,79.2000,43.7000,5.3326,195.8244,1276.6597,-1354.2891,26.7000,-21.3000
21391,958,100.4750,14.1804,2.7897,98.8000,48.6000,104.7750,35.4020,4926.3705,82.3759,1.2600,79.7000,50.2000,7.7827,292.2961,1276.6597,-1354.2891,28.2000,-22.8000
21392,958,100.3250,14.1902,2.7688,100.5000,47.6000,103.8750,41.0408,5252.4415,93.1632,1.3300,74.9000,52.9000,7.6660,287.6039,1276.6597,-1354.2891,29.7000,-24.3000
21393,958,99.0750,13.9130,2.8857,102.6000,48.8000,107.8500,37.7066,4433.3414,100.0278,1.4100,137.0000,53.8000,8.3276,311.2281,1276.6597,-1354.2891,31.2000,-25.8000
21394,958,98.8750,13.9277,2.8977,105.6000,46.9000,107.4000,42.1809,4501.0071,107.8732,1.4400,86.7000,58.7000,8.3970,311.2184,1276.6597,-1354.2891,32.7000,-27.3000
21395,958,99.4500,14.0013,2.8882,96.7000,46.8000,107.6250,43.0512,4100.8958,117.6798,1.1700,107.0000,49.9000,8.3420,310.8479,1276.6597,-1354.2891,34.2000,-28.8000
21396,958,98.9000,14.0087,2.7912,102.9000,45.8000,104.0500,49.8178,5586.3580,132.3898,1.2800,73.9000,57.1000,7.7911,290.4296,1276.6597,-1354.2891,35.7000,-30.3000
21397,958,99.3000,14.0626,2.7475,100.9000,44.3000,103.2250,51.5830,6233.1068,139.2544,1.6800,66.1000,56.6000,7.5488,283.6107,1276.6597,-1354.2891,37.2000,-31.8000
21398,958,100.2250,14.2220,2.6118,94.7000,44.6000,99.9750,59.4651,7391.2720,147.0997,1.2600,72.2000,50.1000,6.8212,261.1097,1276.6597,-1354.2891,38.7000,-33.3000
21399,958,100.5750,14.3201,2.5847,96.0000,45.4000,98.7250,63.6819,7736.7109,156.9064,1.3600,85.8000,50.6000,6.6809,255.1794,1276.6597,-1354.2891,40.2000,-34.8000
21400,958,99.6750,14.9357,2.1415,86.7000,37.2000,80.7250,73.6112,8596.9993,156.9064,0.9500,92.0000,49.5000,4.5860,172.8726,1276.6597,-1354.2891,41.7000,-36.3000
21402,958,97.4750,17.3858,1.2030,41.5000,24.4000,42.9500,45.1596,3330.5834,222.6109,0.3600,911.0000,17.1000,1.4472,51.6689,1276.6597,-1354.2891,43.2000,-37.8000
21445,959,99.2500,15.7156,1.8395,69.9000,40.1000,67.1500,36.0762,2898.3553,117.6798,0.8400,169.0000,29.8000,3.3838,123.5224,1301.8359,-1385.1094,23.1000,-17.8600
21446,959,100.1500,15.1810,2.1253,78.0000,37.9000,78.6500,27.1767,2130.2495,98.0665,0.9500,156.0000,40.1000,4.5167,167.1509,1301.8359,-1385.1094,24.6000,-19.3600
21447,959,99.6000,15.3061,2.0437,74.8000,37.5000,75.0250,22.8495,1544.3021,89.2405,0.6400,180.0000,37.3000,4.1769,153.3323,1301.8359,-1385.1094,26.1000,-20.8600
21448,959,100.1500,14.3471,2.6730,96.8000,43.8000,99.4250,24.2960,2442.8364,87.2792,1.1600,95.7000,53.0000,7.1449,265.7630,1301.8359,-1385.1094,27.6000,-22.3600
21449,959,100.2000,13.9376,2.9695,103.5000,47.1000,111.7000,29.9593,3297.7311,82.3759,1.4100,98.4000,56.4000,8.8179,331.6932,1301.8359,-1385.1094,29.1000,-23.8600
21450,959,100.8250,14.0283,2.9363,103.9000,44.8000,110.9750,30.7929,3596.3435,84.3372,1.3700,70.0000,59.1000,8.6216,325.8503,1301.8359,-1385.1094,30.6000,-25.3600
21451,959,100.5750,13.9449,2.9975,99.5000,46.4000,113.0500,35.6104,3998.9067,95.1245,1.2800,70.1000,53.1000,8.9850,338.8674,1301.8359,-1385.1094,32.1000,-26.8600
21452,959,99.8000,13.8002,3.0545,105.9000,47.2000,114.8000,41.4944,4844.4850,102.9698,1.2900,90.5000,58.7000,9.3300,350.6566,1301.8359,-1385.1094,33.6000,-28.3600
21453,959,99.6750,13.8419,2.9575,105.3000,48.8000,111.8250,44.3261,4839.0914,115.7185,1.5000,75.0000,56.5000,8.7468,330.7224,1301.8359,-1385.1094,35.1000,-29.8600
21454,959,100.3500,14.0332,2.8202,105.6000,48.9000,107.3750,48.7513,6470.1825,144.1578,1.3600,78.1000,56.7000,7.9538,302.8243,1301.8359,-1385.1094,36.6000,-31.3600
21455,959,100.2500,14.0479,2.8270,95.4000,47.8000,107.1000,52.8750,6314.9919,146.1191,1.5900,73.2000,47.6000,7.9919,302.7717,1301.8359,-1385.1094,38.1000,-32.8600
21456,959,100.2250,14.1804,2.7387,99.8000,43.5000,103.3000,54.6843,7061.7684,147.0997,1.4300,69.2000,56.3000,7.5008,282.9129,1301.8359,-1385.1094,39.6000,-34.3600
21457,959,100.2750,14.5016,2.4927,90.2000,41.9000,93.9000,60.1761,8445.9773,152.0031,1.2800,62.9000,48.3000,6.2138,234.0692,1301.8359,-1385.1094,41.1000,-35.8600
21459,959,99.9750,16.7579,1.4347,55.8000,32.5000,52.7250,50.4430,4253.8793,192.2103,0.4400,308.0000,23.3000,2.0585,75.6472,1301.8359,-1385.1094,42.6000,-37.3600
21475,959,99.0250,16.4931,1.4893,59.3000,33.2000,54.4250,99.3904,10225.8844,431.4926,0.5400,494.0000,26.1000,2.2179,81.0524,1301.8359,-1385.1094,68.4000,-63.1600
21479,959,99.1250,17.8150,1.0870,42.5000,28.9000,39.7250,103.2763,9321.2207,549.1724,0.4100,798.0000,13.6000,1.1816,43.1811,1301.8359,-1385.1094,71.4000,-66.1600
21481,959,98.7250,18.0921,1.0037,36.5000,27.7000,36.7250,104.9924,9605.6133,394.2273,0.3800,921.0000,8.8000,1.0075,36.8627,1301.8359,-1385.1094,74.3000,-69.0600
21482,959,99.0000,17.9572,1.0135,33.0000,24.1000,37.4000,101.0085,7994.8711,872.7918,0.3400,2170.0000,8.9000,1.0272,37.9049,1301.8359,-1385.1094,75.9000,-70.6600
21483,959,99.3000,17.3711,1.2087,46.0000,28.5000,44.3000,117.5572,10338.6604,534.4624,0.4600,873.0000,17.5000,1.4611,53.5476,1301.8359,-1385.1094,79.0000,-73.7600
21484,959,98.5000,17.8567,1.0727,39.2000,27.7000,38.9750,110.0184,8566.1085,902.2117,0.4500,204.0000,11.5000,1.1508,41.8104,1301.8359,-1385.1094,80.4000,-75.1600
21512,960,99.2500,15.7279,1.8035,78.3000,35.9000,66.2000,63.0690,4815.0649,235.3596,0.7200,224.0000,42.4000,3.2526,119.3917,1327.0125,-1415.9336,28.1000,-18.9800
21513,960,98.7000,15.2987,2.0085,80.1000,39.0000,73.2750,38.2092,2383.0159,191.2297,0.7200,205.0000,41.1000,4.0341,147.1728,1327.0125,-1415.9336,29.6000,-20.4800
21514,960,99.6750,15.0976,2.1430,89.4000,42.6000,79.1500,30.4742,1990.7499,111.7958,0.8700,68.5000,46.8000,4.5924,169.6184,1327.0125,-1415.9336,31.1000,-21.9800
21515,960,99.9500,13.9915,2.9775,119.5000,53.4000,110.3750,24.3450,2557.0840,74.5305,1.2400,83.1000,66.1000,8.8655,328.6416,1327.0125,-1415.9336,32.6000,-23.4800
21516,960,100.3750,13.9915,2.9765,114.9000,52.3000,111.3500,25.2521,2508.0508,81.3952,1.2000,70.9000,62.6000,8.8596,331.4333,1327.0125,-1415.9336,34.1000,-24.9800
21517,960,99.6000,13.7732,3.1295,120.3000,52.8000,116.4500,24.7986,2383.0159,80.4145,1.3300,110.0000,67.5000,9.7938,364.4303,1327.0125,-1415.9336,35.6000,-26.4800
21518,960,100.1250,13.8002,3.1145,115.6000,49.4000,116.8250,27.5199,2623.2788,91.2018,1.4100,80.3000,66.2000,9.7001,363.8515,1327.0125,-1415.9336,37.1000,-27.9800
21519,960,100.0250,13.9719,2.9357,113.1000,54.5000,110.1500,34.3846,3596.5887,103.9505,1.3500,94.6000,58.6000,8.6186,323.3729,1327.0125,-1415.9336,38.6000,-29.4800
21520,960,99.9500,13.9155,2.9845,120.6000,52.5000,111.8250,26.4657,2240.8195,107.8732,1.3900,85.7000,68.1000,8.9072,333.7417,1327.0125,-1415.9336,40.1000,-30.9800
21521,960,100.3250,13.9449,2.9875,115.3000,48.7000,112.3000,39.5576,5045.5214,132.3898,1.7200,69.1000,66.6000,8.9252,335.4962,1327.0125,-1415.9336,41.6000,-32.4800
21522,960,98.9000,13.9425,2.8895,109.4000,54.6000,107.0250,42.6957,4520.8655,132.3898,1.2700,90.9000,54.8000,8.3492,309.2487,1327.0125,-1415.9336,43.1000,-33.9800
21523,960,100.3500,14.1509,2.8002,106.4000,44.7000,105.2500,43.6028,4731.7086,137.2931,1.1900,80.1000,61.7000,7.8414,294.7263,1327.0125,-1415.9336,44.6000,-35.4800
21525,960,98.7000,14.8646,2.3333,85.0000,41.4000,84.0000,49.1313,6141.4143,147.0997,0.9500,103.0000,43.6000,5.4441,195.9930,1327.0125,-1415.9336,46.1000,-36.9800
21647,962,98.8250,15.9290,1.7048,81.6000,38.5000,62.2500,100.4446,14016.1542,279.4895,0.8100,134.0000,43.1000,2.9062,106.1207,1377.4265,-1292.6953,33.5000,-23.8900
21648,962,99.5750,16.0958,1.6495,95.4000,42.0000,60.7500,69.1859,7077.9495,290.2768,0.8400,132.0000,53.4000,2.7209,100.2071,1377.4265,-1292.6953,34.7000,-25.0900
21649,962,99.7500,14.9504,2.2400,107.2000,45.7000,82.6500,87.7818,12724.1282,272.6248,1.0300,85.3000,61.5000,5.0176,185.1360,1377.4265,-1292.6953,36.5000,-26.8900
21650,962,100.1500,14.8278,2.2797,105.2000,45.1000,85.4250,92.8199,13361.5603,259.8762,1.0700,97.0000,60.1000,5.1973,194.7476,1377.4265,-1292.6953,38.0000,-28.3900
21651,962,100.2500,14.6880,2.3595,105.9000,46.0000,88.8250,92.9425,12773.1611,284.3929,1.0900,78.3000,59.9000,5.5672,209.5826,1377.4265,-1292.6953,39.5000,-29.8900
21652,962,100.0000,14.7248,2.3090,107.2000,49.5000,86.9750,91.3244,10860.8645,258.8956,1.1400,104.0000,57.7000,5.3315,200.8253,1377.4265,-1292.6953,41.0000,-31.3900
21653,962,100.0000,14.3986,2.5265,103.7000,46.3000,95.3500,85.9063,12822.1946,236.3403,1.1000,77.2000,57.4000,6.3832,240.9018,1377.4265,-1292.6953,42.5000,-32.8900
21654,962,100.1000,14.4109,2.5253,97.0000,44.7000,95.3750,74.4202,10363.1770,220.6496,1.1800,72.1000,52.3000,6.3769,240.8457,1377.4265,-1292.6953,44.0000,-34.3900
21655,962,99.6250,14.4133,2.5052,96.2000,47.1000,94.0500,64.1968,7965.4514,205.9396,1.0500,98.2000,49.1000,6.2763,235.6188,1377.4265,-1292.6953,45.5000,-35.8900
21656,962,100.5250,14.7690,2.2997,88.8000,43.1000,87.0500,71.7234,9877.7480,225.5529,1.0800,82.9000,45.7000,5.2888,200.1932,1377.4265,-1292.6953,47.0000,-37.3900
21658,962,100.4000,16.9075,1.3170,49.5000,26.3000,49.6500,65.3368,8173.8427,240.2629,0.4600,368.0000,23.2000,1.7345,65.3890,1377.4265,-1292.6953,48.5000,-38.8900
21785,964,98.2750,15.3404,1.9753,70.3000,31.2000,71.6250,85.9798,9348.1888,270.6635,0.6300,208.0000,39.1000,3.9016,141.4773,1427.7698,-1385.1523,29.5000,-22.2000
21786,964,96.6250,15.3600,1.9223,67.2000,30.4000,68.3750,82.0817,7296.1477,263.7989,0.7200,101.0000,36.8000,3.6950,131.4338,1427.7698,-1385.1523,31.0000,-23.7000
21787,964,98.1250,14.8352,2.2983,80.1000,35.7000,82.5250,97.0613,7911.5146,318.7161,0.9300,90.0000,44.4000,5.2820,189.6631,1427.7698,-1385.1523,32.5000,-25.2000
21788,964,98.4000,14.4305,2.4322,87.0000,38.3000,90.1250,81.5178,8406.7504,244.1856,1.0200,78.7000,48.7000,5.9158,219.2065,1427.7698,-1385.1523,34.0000,-26.7000
21789,964,98.0250,14.3520,2.6055,86.6000,44.9000,93.9250,94.6587,8423.9121,275.5669,1.2400,122.0000,41.7000,6.7886,244.7216,1427.7698,-1385.1523,35.5000,-28.2000
21790,964,98.5250,14.1387,2.6795,98.0000,46.6000,99.1500,75.0209,8629.8519,218.6883,1.1700,82.2000,51.4000,7.1797,265.6724,1427.7698,-1385.1523,37.0000,-29.7000
21791,964,97.2750,14.1975,2.5642,86.7000,41.2000,93.6250,71.5885,7524.1522,213.7850,1.0400,87.9000,45.5000,6.5754,240.0779,1427.7698,-1385.1523,38.5000,-31.2000
21792,964,100.0250,14.3300,2.6463,95.3000,42.8000,98.8000,85.4772,7779.1249,236.3403,1.0800,76.4000,52.5000,7.0026,261.4495,1427.7698,-1385.1523,40.0000,-32.7000
21793,964,98.4000,14.1755,2.6640,98.1000,43.5000,98.0500,74.3467,6876.9131,225.5529,1.1000,95.3000,54.6000,7.0969,261.2052,1427.7698,-1385.1523,41.5000,-34.2000
21794,964,100.8750,14.4428,2.5875,89.9000,42.6000,97.7500,75.0209,6945.5597,213.7850,1.1300,88.3000,47.3000,6.6952,252.9281,1427.7698,-1385.1523,43.0000,-35.7000
21795,964,100.6250,14.7420,2.3518,80.7000,38.1000,88.6000,78.8822,6234.5776,248.1082,0.9700,88.4000,42.6000,5.5307,208.3651,1427.7698,-1385.1523,44.5000,-37.2000
21894,967,99.7000,15.6985,1.8262,80.6000,38.1000,67.4000,41.0653,4241.3760,135.3318,0.6700,173.0000,42.5000,3.3352,123.0892,219.6904,556.5430,10.0000,-4.3100
21896,967,100.4750,15.6249,1.8665,75.7000,36.5000,69.7000,36.6524,5173.0078,101.9892,0.8000,132.0000,39.2000,3.4838,130.0951,219.6904,556.5430,13.1000,-7.4100
21898,967,101.2500,15.9560,1.7353,78.6000,38.4000,65.2750,58.2270,6055.6063,179.4617,0.7100,116.0000,40.2000,3.0111,113.2684,219.6904,556.5430,16.1000,-10.4100
21902,967,98.3250,16.2429,1.5550,66.4000,31.0000,57.1000,52.5882,5001.3914,164.7517,0.8000,92.6000,35.4000,2.4180,88.7905,219.6904,556.5430,19.1000,-13.4100
21911,967,99.7500,14.7616,2.2350,97.0000,42.8000,84.4500,58.7173,5025.9080,198.0943,0.9800,148.0000,54.2000,4.9952,188.7458,219.6904,556.5430,26.8000,-21.1100
21912,967,99.9250,14.5948,2.3345,99.9000,44.0000,88.6750,61.6593,7134.3378,151.0224,1.1900,91.9000,55.9000,5.4499,207.0118,219.6904,556.5430,29.8000,-24.1100
21913,967,99.9000,14.4967,2.4075,95.2000,44.1000,91.4250,72.2015,8090.4862,151.0224,1.1300,133.0000,51.1000,5.7961,220.1057,219.6904,556.5430,32.8000,-27.1100
21914,967,100.0000,14.5703,2.3428,95.3000,44.4000,89.4000,71.3434,8286.6190,164.7517,1.0500,154.0000,50.9000,5.4885,209.4419,219.6904,556.5430,35.8000,-30.1100
21915,967,100.6500,14.9014,2.1710,78.4000,38.0000,83.0750,63.9884,7698.2201,145.1384,0.9900,197.0000,40.4000,4.7132,180.3558,219.6904,556.5430,38.8000,-33.1100
21958,968,97.2250,15.4557,1.9240,97.3000,40.9000,68.6750,42.0092,5199.9761,116.6991,0.8600,130.0000,56.4000,3.7018,132.1307,18.1660,402.5703,12.6000,-2.7900
21972,968,94.9000,17.3392,1.1682,55.3000,30.9000,40.7750,78.6248,4302.6677,313.8128,0.3900,373.0000,24.4000,1.3648,47.6354,18.1660,402.5703,22.0000,-12.1900
21975,968,96.7250,16.4195,1.5425,65.0000,31.9000,54.0750,45.0861,2713.9904,154.9451,0.5400,136.0000,33.1000,2.3793,83.4107,18.1660,402.5703,25.0000,-15.1900
21976,968,98.8000,14.8793,2.2797,95.3000,42.4000,82.7750,45.2087,4552.7372,137.2931,1.0900,158.0000,52.9000,5.1973,188.7063,18.1660,402.5703,26.5000,-16.6900
21978,968,98.2000,14.8156,2.3248,88.4000,44.3000,83.4250,55.9592,7597.7020,143.1771,0.9200,212.0000,44.1000,5.4045,193.9423,18.1660,402.5703,29.5000,-19.6900
21979,968,99.5250,14.5850,2.5040,103.7000,46.9000,91.7000,67.7762,8563.6571,165.7324,1.1800,105.0000,56.8000,6.2700,229.6168,18.1660,402.5703,32.5000,-22.6900
21980,968,99.6500,14.5777,2.4762,97.3000,45.5000,91.4250,70.6201,9782.1332,166.7131,1.1300,139.0000,51.8000,6.1318,226.3912,18.1660,402.5703,35.5000,-25.6900
21981,968,99.2250,14.8622,2.3035,88.4000,44.5000,84.0500,75.9525,11169.7739,184.3650,1.0000,208.0000,43.9000,5.3061,193.6092,18.1660,402.5703,38.5000,-28.6900
21982,968,98.7250,15.3208,2.0363,77.6000,40.5000,73.6750,77.7054,11748.3665,211.8236,0.8700,342.0000,37.1000,4.1463,150.0207,18.1660,402.5703,41.5000,-31.6900
21984,968,96.7500,16.1522,1.6640,63.0000,32.7000,57.9500,69.6272,8855.4049,258.8956,0.5900,291.0000,30.3000,2.7689,96.4288,18.1660,402.5703,44.4000,-34.5900
22143,971,102.4500,15.9633,1.7330,58.1000,30.3000,66.9250,38.3685,2427.1458,113.7571,0.7800,86.0000,27.8000,3.0033,115.9810,395.7979,186.7070,8.6000,-6.1200
22145,971,101.1250,15.6935,1.8240,83.3000,38.5000,69.0750,47.3171,4094.2763,126.5058,0.7700,112.0000,44.8000,3.3270,125.9928,395.7979,186.7070,11.6000,-9.1200
22147,971,100.1750,15.7671,1.7682,75.9000,27.9000,66.2250,52.3430,8065.9695,154.9451,0.6200,213.0000,48.0000,3.1267,117.1024,395.7979,186.7070,14.6000,-12.1200
22149,971,101.3250,15.0461,2.1430,94.5000,40.6000,81.9250,57.8592,6570.4552,155.9257,0.6500,182.0000,53.9000,4.5924,175.5653,395.7979,186.7070,17.6000,-15.1200
22156,971,100.3250,14.9333,2.1740,98.2000,42.0000,82.3000,67.0530,8041.4526,198.0943,1.0400,156.0000,56.2000,4.7263,178.9202,395.7979,186.7070,24.3000,-21.8200
22157,971,99.7250,14.6046,2.3263,105.8000,44.8000,88.2250,71.5885,7207.8876,176.5197,1.0700,120.0000,61.0000,5.4114,205.2334,395.7979,186.7070,27.2000,-24.7200
22158,971,100.2750,14.3766,2.4535,109.4000,48.0000,94.6000,71.7111,7796.2865,222.6109,1.1100,144.0000,61.4000,6.0197,232.1011,395.7979,186.7070,30.2000,-27.7200
22159,971,100.6750,14.4918,2.3660,108.3000,45.4000,91.9750,85.8082,9782.1329,221.6303,1.1500,94.6000,62.9000,5.5980,217.6129,395.7979,186.7070,33.2000,-30.7200
22160,971,101.4500,14.5801,2.3180,106.8000,46.8000,91.1250,88.9953,9291.8008,242.2243,1.1700,157.0000,60.0000,5.3731,211.2277,395.7979,186.7070,36.2000,-33.7200
22162,971,96.9000,16.8143,1.2718,47.2000,24.9000,46.3750,68.1562,8556.3019,281.4508,0.4100,995.0000,22.3000,1.6173,58.9774,395.7979,186.7070,39.3000,-36.8200
22347,995,98.2250,14.6929,2.4185,110.1000,47.9000,86.6250,24.0508,1664.6788,130.4285,1.0200,251.0000,62.2000,5.8491,209.5026,1755.3384,-892.2422,25.9000,-20.5800
22348,995,97.5750,15.2398,2.0835,100.5000,47.6000,73.7750,55.5547,3091.5463,196.1330,0.9470,408.0000,52.9000,4.3410,153.7102,1755.3384,-892.2422,26.8000,-21.4800
22349,995,97.6500,14.9112,2.2445,111.2000,46.8000,80.0000,55.3095,3694.6554,135.3318,1.0200,240.0000,64.4000,5.0378,179.5600,1755.3384,-892.2422,27.4000,-22.0800
22350,995,97.2750,14.3839,2.5840,117.1000,52.5000,91.6500,43.2718,2888.0584,121.6025,1.0800,257.0000,64.6000,6.6771,236.8236,1755.3384,-892.2422,27.9000,-22.5800
22351,995,98.4250,14.2858,2.6323,122.9000,54.8000,97.7500,22.6656,821.3069,47.6603,0.8530,345.0000,68.1000,6.9287,257.3024,1755.3384,-892.2422,28.8000,-23.4800
22352,995,97.3750,13.8223,3.0163,122.6000,59.0000,108.0000,8.3724,380.0077,28.9296,0.9170,143.0000,63.6000,9.0978,325.7550,1755.3384,-892.2422,29.7000,-24.3800
22353,995,99.3500,13.7855,3.1633,127.7000,57.7000,116.1250,7.2447,262.3279,26.5760,0.9960,232.0000,70.0000,10.0062,367.3324,1755.3384,-892.2422,30.6000,-25.2800
22354,995,98.6000,13.7389,3.2247,121.9000,56.2000,116.2000,26.1960,1652.4205,88.7502,1.3300,334.0000,65.7000,10.3990,374.7159,1755.3384,-892.2422,31.5000,-26.1800
22355,995,99.1500,13.6948,3.2473,123.2000,58.5000,118.9250,28.2554,1963.7816,77.2764,1.3800,346.0000,64.7000,10.5446,386.1792,1755.3384,-892.2422,32.4000,-27.0800
22356,995,99.7000,13.7929,3.2023,123.0000,58.1000,117.6250,15.8745,634.9806,73.5499,1.3500,207.0000,64.9000,10.2544,376.6647,1755.3384,-892.2422,33.3000,-27.9800
22357,995,97.6250,14.3275,3.4980,133.5000,60.9000,124.1500,32.9136,2294.7561,84.3372,1.4400,70.5000,72.6000,12.2360,434.2767,1755.3384,-892.2422,34.2000,-28.8800
22358,995,97.9250,13.9596,2.9383,117.4000,58.7000,105.5500,35.8923,3564.7172,89.2405,1.3800,104.0000,58.7000,8.6333,310.1323,1755.3384,-892.2422,35.1000,-29.7800
22359,995,97.8500,13.6310,3.2165,123.5000,60.8000,116.1250,40.1215,4533.1238,88.2598,1.3400,118.0000,62.7000,10.3459,373.5161,1755.3384,-892.2422,35.9000,-30.5800
22360,995,98.7750,13.7095,3.2405,112.9000,55.0000,117.0250,45.2454,6462.5822,100.0278,1.5000,127.0000,57.9000,10.5008,379.2195,1755.3384,-892.2422,36.8000,-31.4800
22362,995,98.0750,13.6555,3.1740,120.0000,56.5000,115.3250,30.9032,2841.4768,105.9118,1.4500,118.0000,63.5000,10.0743,366.0416,1755.3384,-892.2422,38.6000,-33.2800
22363,995,98.3750,13.8100,3.0365,112.7000,59.4000,110.8250,44.1054,5351.9792,122.5831,1.2700,87.4000,53.3000,9.2203,336.5201,1755.3384,-892.2422,39.5000,-34.1800
22364,995,98.4250,14.0087,2.8702,111.7000,56.0000,104.6000,47.8932,4871.4534,142.1964,1.2400,95.2000,55.7000,8.2383,300.2281,1755.3384,-892.2422,40.4000,-35.0800
22365,995,97.8750,13.9204,2.8810,112.3000,54.6000,104.9500,52.6495,6707.7484,115.7185,1.1700,93.7000,57.7000,8.3002,302.3609,1755.3384,-892.2422,41.3000,-35.9800
22366,995,98.9250,14.5041,2.4593,97.5000,48.0000,90.8250,56.7437,5685.4050,144.1578,0.8600,135.0000,49.5000,6.0479,223.3614,1755.3384,-892.2422,42.2000,-36.8800
22367,995,97.4000,16.4514,1.4998,67.0000,34.5000,53.6500,48.4203,6487.0990,160.8291,0.3400,1760.0000,32.5000,2.2493,80.4616,1755.3384,-892.2422,43.1000,-37.7800
22368,995,98.9500,16.9811,1.3320,41.5000,30.9000,48.5000,50.5042,5793.2782,134.3511,0.4710,1190.0000,10.6000,1.7742,64.6020,1755.3384,-892.2422,44.0000,-38.6800
22369,995,98.7500,16.8953,1.3730,43.7000,28.6000,49.6750,55.5547,4474.2839,194.1717,0.4330,1230.0000,15.1000,1.8851,68.2038,1755.3384,-892.2422,44.9000,-39.5800
22370,995,98.9750,16.9100,1.3655,51.4000,29.8000,49.6250,56.9521,5658.4370,331.4648,0.4250,1050.0000,21.6000,1.8646,67.7629,1755.3384,-892.2422,45.8000,-40.4800
22371,995,99.0750,17.0669,1.3180,49.2000,32.8000,47.9250,74.6776,10551.9556,294.1995,0.4310,1450.0000,16.4000,1.7371,63.1651,1755.3384,-892.2422,46.7000,-41.3800
22372,995,95.3500,16.8364,1.3242,43.0000,29.0000,46.3500,15.0532,348.1361,218.6883,0.4240,1220.0000,14.0000,1.7536,61.3790,1755.3384,-892.2422,47.6000,-42.2800
22373,995,97.4000,16.6770,1.4232,54.0000,30.6000,50.7250,77.5951,8320.9424,248.1082,0.5140,475.0000,23.4000,2.0256,72.1944,1755.3384,-892.2422,48.5000,-43.1800
22374,995,97.1500,16.5740,1.4660,59.0000,34.9000,51.9250,80.0468,8137.0676,248.1082,0.5090,697.0000,24.1000,2.1492,76.1221,1755.3384,-892.2422,49.4000,-44.0800
22375,995,93.9500,17.4226,1.1265,46.4000,34.4000,38.9250,44.0564,3692.2037,253.9922,0.3310,1860.0000,12.0000,1.2690,43.8490,1755.3384,-892.2422,50.3000,-44.9800
22762,1005,99.9250,16.3312,1.5263,53.9000,32.2000,56.9000,21.2069,1426.8675,50.0139,0.6800,200.0000,21.7000,2.3294,86.8436,194.9199,1450.1328,14.8000,-9.2200
22763,1005,99.9750,16.1644,1.6007,64.5000,31.4000,59.6500,21.0107,872.7918,69.6272,0.5300,340.0000,33.1000,2.5624,95.4847,194.9199,1450.1328,16.3000,-10.7200
22764,1005,100.0000,15.6028,1.8222,61.9000,34.4000,68.4000,17.6397,760.0154,73.5499,0.5300,160.0000,27.5000,3.3206,124.6419,194.9199,1450.1328,17.8000,-12.2200
22765,1005,99.8250,14.8597,2.1723,78.5000,37.4000,82.3000,22.9598,1811.7785,65.7046,0.8100,250.0000,41.1000,4.7187,178.7762,194.9199,1450.1328,19.3000,-13.7200
22766,1005,100.1250,14.9529,2.1390,79.1000,38.1000,81.0500,25.9876,1775.0035,99.0472,0.9900,210.0000,41.0000,4.5753,173.3660,194.9199,1450.1328,20.8000,-15.2200
22767,1005,99.3750,14.9284,2.2092,84.5000,38.1000,81.6750,24.7250,3368.5843,99.0472,0.9100,380.0000,46.4000,4.8808,180.4405,194.9199,1450.1328,22.3000,-16.7200
22768,1005,99.6500,14.4845,2.5530,89.2000,40.9000,94.1750,37.4614,4214.4077,107.8732,1.0800,190.0000,48.3000,6.5178,240.4288,194.9199,1450.1328,23.8000,-18.2200
22769,1005,100.7500,14.7518,2.2987,81.7000,40.4000,87.5500,37.8782,3804.9801,106.8925,1.0400,260.0000,41.3000,5.2843,201.2556,194.9199,1450.1328,25.3000,-19.7200
22770,1005,100.4250,14.4869,2.4685,83.1000,41.2000,93.7750,47.0964,5437.7874,137.2931,1.1900,330.0000,41.9000,6.0935,231.4836,194.9199,1450.1328,26.8000,-21.2200
22771,1005,101.2750,14.6390,2.3385,80.4000,40.2000,90.6500,51.1172,6538.5839,156.9064,1.1800,180.0000,40.2000,5.4686,211.9850,194.9199,1450.1328,28.3000,-22.7200
22772,1005,100.3500,14.6341,2.3087,73.5000,40.4000,88.5250,55.9469,6396.3873,156.9064,0.9300,335.0000,33.1000,5.3303,204.3821,194.9199,1450.1328,29.8000,-24.2200
22773,1005,100.0000,14.3888,2.5017,75.5000,40.2000,94.9500,51.6198,5307.8492,156.9064,1.9700,340.0000,35.3000,6.2588,237.5412,194.9199,1450.1328,31.3000,-25.7200
22774,1005,100.4250,14.6880,2.2288,68.1000,38.1000,86.2500,60.8012,6352.2574,156.9064,1.0100,600.0000,30.0000,4.9673,192.2297,194.9199,1450.1328,32.8000,-27.2200
22775,1005,100.0000,14.7886,2.1207,62.9000,37.1000,82.1000,59.8083,5597.1451,187.3070,0.9900,270.0000,25.8000,4.4976,174.1136,194.9199,1450.1328,34.3000,-28.7200
22777,1005,100.0500,16.0344,1.6638,54.3000,33.3000,62.1750,59.0851,3451.9407,258.8956,0.5900,390.0000,21.0000,2.7681,103.4437,194.9199,1450.1328,35.8000,-30.2200
22778,1005,99.5500,16.6525,1.3695,55.6000,31.7000,51.3250,47.8319,3608.8471,254.9729,0.5100,680.0000,23.9000,1.8755,70.2896,194.9199,1450.1328,37.3000,-31.7200
22780,1005,100.7750,16.0075,1.5985,52.9000,32.0000,61.2500,65.7046,5177.9110,266.7409,0.5800,500.0000,20.9000,2.5552,97.9081,194.9199,1450.1328,38.8000,-33.2200
22781,1005,99.3500,15.9682,1.7043,58.0000,34.7000,62.6250,50.8230,3920.2084,296.1608,0.5700,430.0000,23.3000,2.9045,106.7287,194.9199,1450.1328,40.3000,-34.7200
22782,1005,99.4250,16.5814,1.4647,44.3000,31.0000,53.7250,44.2280,3331.8092,346.1747,0.4400,568.0000,13.3000,2.1455,78.6937,194.9199,1450.1328,41.8000,-36.2200
22798,1006,99.8500,16.0001,1.6782,61.0000,28.6000,62.3000,16.7939,1184.1529,84.3372,0.4500,410.0000,32.4000,2.8165,104.5550,295.5523,1265.2109,14.5000,-9.2300
22799,1006,99.1250,15.8015,1.4830,58.8000,28.1000,64.0275,20.2385,1196.4113,66.6852,0.6200,270.0000,30.7000,2.1992,94.9512,295.5523,1265.2109,16.0000,-10.7300
22800,1006,100.0000,15.7598,1.8693,64.5000,35.4000,68.2250,21.6359,1299.3811,70.6079,0.8100,180.0000,29.1000,3.4941,127.5296,295.5523,1265.2109,17.5000,-12.2300
22801,1006,99.7750,15.3281,1.9322,75.6000,37.2000,72.6750,27.0909,1377.8343,78.4532,0.5300,335.0000,38.4000,3.7336,140.4263,295.5523,1265.2109,19.0000,-13.7300
22802,1006,100.7750,14.8352,2.2215,87.6000,40.5000,85.0500,31.6264,2047.1381,94.1438,0.7400,108.0000,47.1000,4.9351,188.9386,295.5523,1265.2109,20.5000,-15.2300
22803,1006,100.5500,14.8327,2.1923,84.1000,40.2000,84.0250,28.4638,2628.1821,92.1825,0.6500,270.0000,43.9000,4.8060,184.2038,295.5523,1265.2109,22.0000,-16.7300
22804,1006,100.6000,15.0829,2.1010,82.7000,37.5000,79.6000,32.4600,2900.3166,101.0085,0.7600,210.0000,45.2000,4.4142,167.2396,295.5523,1265.2109,23.5000,-18.2300
22805,1006,99.3250,14.6267,2.3820,89.0000,41.3000,89.1750,31.3322,2052.0414,100.0278,1.0400,180.0000,47.7000,5.6739,212.4149,295.5523,1265.2109,25.0000,-19.7300
22806,1006,100.3500,14.5409,2.4780,93.6000,41.3000,93.1750,41.4086,3613.7504,131.4091,0.7800,66.0000,52.3000,6.1405,230.8877,295.5523,1265.2109,26.5000,-21.2300
22807,1006,100.0250,14.3201,2.6830,100.8000,42.4000,99.6250,46.9371,5673.1469,128.4671,0.7700,420.0000,58.4000,7.1985,267.2939,295.5523,1265.2109,28.0000,-22.7300
22808,1006,100.3750,14.3986,2.5027,93.4000,43.2000,95.5750,49.8055,4118.7928,156.9064,1.3100,560.0000,50.2000,6.2638,239.2003,295.5523,1265.2109,29.5000,-24.2300
22809,1006,99.8000,14.3888,2.5707,94.6000,43.5000,96.0250,52.1959,5834.9568,156.9064,1.2000,450.0000,51.1000,6.6088,246.8563,295.5523,1265.2109,31.0000,-25.7300
22810,1006,100.4500,14.7175,2.2678,81.9000,38.8000,86.8500,56.1431,6776.3951,156.9064,1.3900,700.0000,43.1000,5.1427,196.9541,295.5523,1265.2109,32.2000,-26.9300
22811,1006,100.5000,14.4035,2.5090,82.0000,42.4000,95.9500,56.1798,6648.9084,156.9064,1.3000,620.0000,39.6000,6.2951,240.7385,295.5523,1265.2109,34.0000,-28.7300
22812,1006,99.6500,14.9725,2.2245,74.2000,37.3000,82.0000,55.1501,3952.0798,156.9064,0.9200,1100.0000,36.9000,4.9484,182.4090,295.5523,1265.2109,35.5000,-30.2300
22813,1006,99.6750,14.4697,2.3748,75.8000,40.5000,90.7250,56.8173,6256.6426,156.9064,0.8600,500.0000,35.3000,5.6394,215.4492,295.5523,1265.2109,37.0000,-31.7300
22815,1006,100.4500,15.1344,2.0355,69.3000,37.3000,77.6500,64.0129,5553.0153,196.1330,1.0600,500.0000,32.0000,4.1433,158.0566,295.5523,1265.2109,38.5000,-33.2300
22817,1006,99.6250,16.0492,1.6402,56.7000,33.5000,60.8750,59.1218,4864.0983,210.8430,0.7500,490.0000,23.2000,2.6904,99.8502,295.5523,1265.2109,40.0000,-34.7300
22818,1006,99.5667,15.8791,1.6840,64.3000,35.0000,65.1000,61.2916,3746.1402,225.5529,0.9600,260.0000,29.3000,2.8359,109.6284,295.5523,1265.2109,41.5000,-36.2300
22819,1006,100.0333,15.8399,1.7480,61.8000,34.0000,65.0667,73.4682,7286.3410,243.2049,0.7800,490.0000,27.8000,3.0555,113.7365,295.5523,1265.2109,43.0000,-37.7300
22820,1006,100.4667,15.8693,1.6253,61.4000,35.0000,62.4667,79.1233,5919.9475,304.0061,0.8900,280.0000,26.4000,2.6417,101.5292,295.5523,1265.2109,44.5000,-39.2300
22821,1006,100.7333,15.7614,1.7107,68.2000,36.5000,65.5000,90.2212,6230.4914,313.8128,0.9200,300.0000,31.7000,2.9264,112.0487,295.5523,1265.2109,46.0000,-40.7300
22822,1006,99.6667,15.7156,1.6767,67.2000,37.2000,63.8333,74.5632,5609.4036,313.8128,0.5700,370.0000,30.0000,2.8112,107.0272,295.5523,1265.2109,47.5000,-42.2300
22823,1006,100.4333,15.4115,1.7167,70.2000,39.3000,67.7667,100.0278,8103.5615,416.7826,0.7000,230.0000,30.9000,2.9469,116.3328,295.5523,1265.2109,48.9000,-43.6300
22832,1007,99.9500,16.3336,1.5445,63.9000,31.9000,57.3750,36.8975,3567.1688,117.6798,0.4800,350.0000,32.0000,2.3855,88.6157,396.1885,1080.2852,14.6000,-9.1500
22833,1007,100.3500,15.7916,1.7445,67.5000,33.2000,65.6500,25.7792,1402.3509,106.8925,0.6400,104.0000,34.3000,3.0433,114.5264,396.1885,1080.2852,16.1000,-10.6500
22834,1007,99.6750,15.8260,1.8480,66.8000,35.4000,66.9250,27.0418,1292.0260,90.2212,0.6600,106.0000,31.4000,3.4151,123.6774,396.1885,1080.2852,17.6000,-12.1500
22835,1007,99.9000,15.7573,1.8152,69.6000,35.5000,67.0025,22.3346,1382.7376,67.6659,0.5600,108.0000,34.1000,3.2951,121.6263,396.1885,1080.2852,19.1000,-13.6500
22836,1007,100.3250,15.3036,1.9872,78.0000,36.9000,74.7250,25.9263,2601.2139,94.1438,0.7900,103.0000,41.1000,3.9492,148.4973,396.1885,1080.2852,20.6000,-15.1500
22838,1007,100.6000,14.5188,2.4650,94.1000,40.0000,93.6500,28.7825,2611.0205,88.2598,0.8600,178.0000,54.1000,6.0762,230.8473,396.1885,1080.2852,22.1000,-16.6500
22839,1007,100.4250,14.9799,2.2173,81.6000,40.4000,82.9250,34.9852,5249.0093,103.9505,1.0400,106.0000,41.2000,4.9162,183.8655,396.1885,1080.2852,23.6000,-18.1500
22840,1007,99.8000,14.6807,2.3610,90.2000,40.3000,88.1500,41.6292,5641.2755,118.6605,1.0200,370.0000,49.9000,5.5743,208.1222,396.1885,1080.2852,25.1000,-19.6500
22841,1007,100.3750,14.5311,2.4825,93.1000,38.7000,93.4750,43.5047,4422.7991,128.4671,1.0000,240.0000,54.4000,6.1628,232.0517,396.1885,1080.2852,26.4000,-20.9500
22842,1007,100.4500,14.3226,2.4827,87.1000,40.2000,94.2500,46.8022,4827.3234,133.3704,1.3400,240.0000,46.9000,6.1640,233.9992,396.1885,1080.2852,28.1000,-22.6500
22843,1007,99.9250,14.3128,2.6825,97.5000,41.2000,99.5500,52.7843,6053.1548,156.9064,1.3400,200.0000,56.3000,7.1958,267.0429,396.1885,1080.2852,29.6000,-24.1500
22844,1007,100.6500,14.3618,2.5718,89.1000,40.3000,98.0250,55.7998,6151.2214,156.9064,1.2100,220.0000,48.8000,6.6139,252.0958,396.1885,1080.2852,31.1000,-25.6500
22845,1007,99.9750,14.3496,2.4437,89.3000,43.5000,94.1500,50.9946,6408.6457,156.9064,1.2800,200.0000,45.8000,5.9719,230.0791,396.1885,1080.2852,32.6000,-27.1500
22846,1007,99.8000,14.5065,2.3720,86.0000,39.1000,90.3750,54.1450,7058.3362,156.9064,1.1400,550.0000,46.9000,5.6264,214.3695,396.1885,1080.2852,34.1000,-28.6500
22847,1007,100.2250,14.5826,2.3485,85.7000,40.6000,89.6750,59.9064,6528.7772,156.9064,1.2500,550.0000,45.1000,5.5155,210.6017,396.1885,1080.2852,35.6000,-30.1500
22848,1007,100.1250,14.4501,2.4170,86.1000,42.4000,92.6500,60.2619,6568.0037,156.9064,1.1000,400.0000,43.7000,5.8419,223.9351,396.1885,1080.2852,37.1000,-31.6500
22849,1007,100.4000,15.1540,2.0557,71.6000,37.7000,77.8000,55.7385,4692.4821,184.3650,0.8800,480.0000,33.9000,4.2261,159.9373,396.1885,1080.2852,38.6000,-33.1500
22851,1007,99.6500,15.1957,2.0148,72.5000,38.0000,75.5000,64.3439,6732.2650,156.9064,0.7900,450.0000,34.5000,4.0592,152.1136,396.1885,1080.2852,40.1000,-34.6500
22853,1007,100.0333,16.0361,1.6377,58.5000,32.2000,61.3667,59.4937,6057.2407,191.2297,0.7000,390.0000,26.3000,2.6820,100.4981,396.1885,1080.2852,41.6000,-36.1500
22854,1007,100.3000,15.8333,1.7183,62.0000,27.3000,64.7000,56.0777,5253.0954,176.5197,0.6600,580.0000,34.7000,2.9527,111.1762,396.1885,1080.2852,43.0000,-37.5500
22855,1007,100.5667,15.8987,1.6943,62.7000,33.6000,64.0000,72.8961,6652.1776,156.9064,0.7500,300.0000,29.1000,2.8708,108.4373,396.1885,1080.2852,44.6000,-39.1500
22856,1007,99.9000,15.8137,1.7360,62.7000,33.1000,64.7667,41.3514,2258.7983,225.5529,0.7300,225.0000,29.6000,3.0137,112.4349,396.1885,1080.2852,46.1000,-40.6500
22857,1007,99.8333,15.7974,1.7297,64.8000,29.4000,64.7000,67.9928,3376.7563,264.7795,0.8900,320.0000,35.4000,2.9917,111.9094,396.1885,1080.2852,47.4000,-41.9500
22858,1007,99.2667,15.6077,1.8067,67.6000,36.5000,67.1000,76.0506,5740.1591,236.3403,0.7200,420.0000,31.1000,3.2640,121.2273,396.1885,1080.2852,49.0000,-43.5500
22859,1007,100.1667,16.3238,1.4680,54.7000,30.5000,55.7667,87.7695,7675.3379,294.1995,0.8500,300.0000,24.2000,2.1550,81.8655,396.1885,1080.2852,50.6000,-45.1500
22860,1007,100.1667,16.1505,1.5837,60.1000,34.6000,59.5667,84.4679,5593.0592,343.2327,0.6300,300.0000,25.5000,2.5080,94.3337,396.1885,1080.2852,52.1000,-46.6500
22861,1007,99.8000,16.4808,1.5157,60.8000,30.9000,55.7333,99.5865,6083.3916,372.6527,0.3700,310.0000,29.9000,2.2972,84.4732,396.1885,1080.2852,53.6000,-48.1500
22862,1007,99.9667,16.2748,1.5047,52.7000,32.1000,56.9667,92.7872,4936.0136,421.6860,0.7700,160.0000,20.6000,2.2640,85.7158,396.1885,1080.2852,55.1000,-49.6500
22863,1007,99.6667,16.5724,1.4523,59.5000,31.6000,53.7000,106.2387,4556.8232,598.2056,0.5600,170.0000,27.9000,2.1093,77.9903,396.1885,1080.2852,56.6000,-51.1500
22874,1008,98.0750,15.3894,1.8637,68.2000,38.0000,69.2000,46.2138,3488.7158,109.8345,0.7400,450.0000,30.2000,3.4736,128.9715,94.1172,1265.3008,9.6000,-2.6800
22875,1008,99.6250,15.5979,1.8520,81.5000,45.0000,68.9250,40.8202,3368.5841,113.7571,0.7300,53.0000,36.5000,3.4299,127.6491,94.1172,1265.3008,11.1000,-4.1800
22880,1008,98.3000,17.8002,1.0547,39.6000,25.0000,38.7250,34.9362,2878.2516,234.3789,0.3800,1230.0000,14.6000,1.1125,40.8452,94.1172,1265.3008,15.6000,-8.6800
22881,1008,97.2500,16.9222,1.2895,53.0000,29.9000,46.7000,69.4433,3265.6143,187.3070,0.5100,288.0000,23.1000,1.6628,60.2196,94.1172,1265.3008,16.9000,-9.9800
22882,1008,97.9250,16.7113,1.3537,56.1000,30.4000,49.4250,57.8592,3996.2099,162.7904,0.4800,420.0000,25.7000,1.8326,66.9091,94.1172,1265.3008,18.5000,-11.5800
22883,1008,99.5500,16.4391,1.4967,67.7000,36.0000,55.5750,59.4528,4199.6977,164.7517,0.5600,173.0000,31.7000,2.2403,83.1819,94.1172,1265.3008,19.8000,-12.8800
22884,1008,99.7000,15.3551,1.9537,82.3000,42.9000,73.2250,46.1525,3893.2400,128.4671,0.7700,242.0000,39.4000,3.8171,143.0633,94.1172,1265.3008,21.5000,-14.5800
22885,1008,99.4500,15.4973,1.8420,77.6000,40.5000,68.9500,50.3817,4383.5726,133.3704,0.8600,375.0000,37.1000,3.3930,127.0059,94.1172,1265.3008,22.9000,-15.9800
22886,1008,99.4500,15.1638,2.0650,80.5000,43.2000,76.8750,40.0847,4354.1525,140.2351,0.8600,330.0000,37.3000,4.2642,158.7469,94.1172,1265.3008,24.5000,-17.5800
22887,1008,99.6750,14.8278,2.2267,83.4000,46.6000,83.5750,61.5980,4724.3535,147.0997,0.9500,475.0000,36.8000,4.9584,186.1006,94.1172,1265.3008,26.0000,-19.0800
22888,1008,99.0250,14.8303,2.1955,81.3000,45.4000,81.8500,52.7107,3731.4303,148.0804,0.9200,295.0000,35.9000,4.8202,179.7017,94.1172,1265.3008,27.5000,-20.5800
22889,1008,98.6000,14.6610,2.2680,83.1000,47.3000,84.4500,56.8173,5121.5228,162.7904,0.9700,365.0000,35.8000,5.1438,191.5326,94.1172,1265.3008,29.0000,-22.0800
22890,1008,98.9750,14.6071,2.3102,83.9000,49.4000,86.5500,64.8465,4361.5074,173.5777,0.9500,310.0000,34.5000,5.3373,199.9521,94.1172,1265.3008,30.5000,-23.5800
22891,1008,99.3000,14.8523,2.1850,75.8000,45.2000,81.8750,76.2467,5668.2435,201.0363,0.9600,375.0000,30.6000,4.7742,178.8969,94.1172,1265.3008,32.0000,-25.0800
22892,1008,99.0750,14.9112,2.1383,74.5000,47.5000,79.8500,80.7210,6756.7817,208.8817,0.9600,510.0000,27.0000,4.5721,170.7393,94.1172,1265.3008,33.5000,-26.5800
22893,1008,99.1250,15.1491,1.9948,70.2000,45.0000,74.6750,94.3277,6898.9783,249.0889,0.7400,385.0000,25.2000,3.9790,148.9580,94.1172,1265.3008,35.0000,-28.0800
22895,1008,95.7500,16.4857,1.3972,54.8000,37.4000,49.9000,99.5988,7068.1429,328.5228,0.5600,740.0000,17.4000,1.9523,69.7228,94.1172,1265.3008,36.5000,-29.5800
22899,1008,98.1500,16.1620,1.5493,56.7000,37.8000,56.7250,114.4926,9196.1859,343.2327,0.6200,550.0000,18.9000,2.4002,87.8812,94.1172,1265.3008,39.7000,-32.7800
22901,1008,93.5000,17.0498,1.2230,42.5000,26.5000,42.0500,40.4524,3064.5781,460.9125,0.4500,1620.0000,16.0000,1.4957,51.4272,94.1172,1265.3008,41.5000,-34.5800
22958,1010,99.8000,17.5795,1.1662,40.1000,27.9000,42.8750,30.7438,2331.5309,107.8732,0.3200,119.0000,12.2000,1.3601,50.0030,672.9541,556.3477,10.4000,-7.9900
22959,1010,99.7000,17.1209,1.2957,49.2000,29.2000,47.6000,24.8353,1186.6046,139.2544,0.4400,840.0000,20.0000,1.6790,61.6777,672.9541,556.3477,11.9000,-9.4900
22961,1010,97.4750,16.5666,1.4330,50.5000,30.0000,51.6250,36.4440,2444.3074,144.1578,0.5000,930.0000,20.5000,2.0535,73.9786,672.9541,556.3477,13.4000,-10.9900
22962,1010,97.8250,15.8824,1.6920,64.2000,38.9000,61.2750,40.4402,2991.0283,110.8151,0.6500,415.0000,25.3000,2.8629,103.6773,672.9541,556.3477,14.9000,-12.4900
22963,1010,98.6250,15.7279,1.7808,65.9000,36.5000,64.9750,37.2408,2687.0220,141.2158,0.4800,960.0000,29.4000,3.1711,115.7042,672.9541,556.3477,16.4000,-13.9900
22964,1010,98.4250,15.6641,1.8053,70.8000,39.4000,65.7500,34.0781,3128.3213,103.9505,0.8000,270.0000,31.4000,3.2589,118.6952,672.9541,556.3477,17.9000,-15.4900
22965,1010,97.4750,15.9216,1.6685,64.5000,36.8000,60.2250,43.4680,3111.1597,107.8732,0.6100,343.0000,27.7000,2.7839,100.4854,672.9541,556.3477,19.4000,-16.9900
22966,1010,99.5250,15.0118,2.1850,86.7000,47.1000,80.6750,43.4557,3096.4496,125.5251,0.9500,199.0000,39.6000,4.7742,176.2749,672.9541,556.3477,20.9000,-18.4900
22967,1010,98.5000,14.4158,2.4967,90.5000,49.0000,91.8250,47.6481,3231.2911,146.1191,1.1500,382.0000,41.5000,6.2338,229.2641,672.9541,556.3477,22.4000,-19.9900
22968,1010,99.6000,14.6194,2.4202,90.6000,49.2000,89.8750,43.1370,2964.0598,119.6411,1.0800,110.0000,41.4000,5.8576,217.5200,672.9541,556.3477,23.9000,-21.4900
22969,1010,98.9000,14.1681,2.7217,100.3000,53.0000,100.3000,45.0370,3893.2399,145.1384,1.3200,390.0000,47.3000,7.4079,272.9915,672.9541,556.3477,25.4000,-22.9900
22970,1010,98.8750,14.4452,2.5620,93.6000,48.9000,93.5250,53.0172,4219.3111,159.8484,1.2300,235.0000,44.7000,6.5638,239.6111,672.9541,556.3477,26.9000,-24.4900
22971,1010,99.3000,14.2343,2.6685,99.9000,57.1000,99.1250,53.4462,3917.7566,196.1330,1.2600,125.0000,42.8000,7.1209,264.5151,672.9541,556.3477,28.2000,-25.7900
22972,1010,99.5500,14.2564,2.5520,93.5000,49.6000,96.9500,73.0595,5685.4053,177.5004,1.1700,220.0000,43.9000,6.5127,247.4164,672.9541,556.3477,29.9000,-27.4900
22973,1010,99.7250,14.2564,2.6222,97.4000,54.3000,98.9750,75.1435,6911.2365,218.6883,1.3300,195.0000,43.1000,6.8762,259.5372,672.9541,556.3477,31.4000,-28.9900
22974,1010,99.5250,14.1313,2.7155,96.4000,52.4000,102.0000,67.6046,5979.6046,223.5916,1.3100,194.0000,44.0000,7.3739,276.9810,672.9541,556.3477,32.8000,-30.3900
22975,1010,99.2000,14.2858,2.6140,94.3000,55.9000,97.1000,76.1854,5798.1815,234.3789,1.3200,188.0000,38.4000,6.8330,253.8194,672.9541,556.3477,34.3000,-31.8900
22976,1010,99.1750,14.3520,2.5335,89.3000,54.7000,94.6750,75.2660,6815.6218,225.5529,1.1300,175.0000,34.6000,6.4186,239.8591,672.9541,556.3477,35.7000,-33.2900
22977,1010,99.3000,14.3349,2.5548,74.5000,53.5000,95.5500,61.1690,4187.4395,256.9342,1.2600,390.0000,21.0000,6.5267,244.1064,672.9541,556.3477,37.3000,-34.8900
22979,1010,99.5000,15.6004,1.8015,66.4000,46.6000,67.4250,88.3211,6994.5931,231.4369,0.6600,450.0000,19.8000,3.2454,121.4661,672.9541,556.3477,38.8000,-36.3900
22981,1010,97.6250,16.1571,1.6005,53.2000,37.0000,57.5000,55.0398,2978.7698,245.1662,0.6100,425.0000,16.2000,2.5616,92.0287,672.9541,556.3477,40.3000,-37.8900
22982,1010,97.8500,16.0688,1.6197,53.9000,39.7000,58.5500,87.7082,6945.5598,299.1028,0.7000,500.0000,14.2000,2.6236,94.8364,672.9541,556.3477,41.8000,-39.3900
22983,1010,98.2750,16.1988,1.6285,56.8000,37.7000,58.4000,88.3211,6482.1953,268.7022,0.7000,263.0000,19.1000,2.6520,95.1044,672.9541,556.3477,43.3000,-40.8900
22984,1010,98.4500,15.9780,1.6962,60.0000,40.4000,61.3250,97.8213,7492.2804,294.1995,0.8100,297.0000,19.6000,2.8773,104.0225,672.9541,556.3477,44.8000,-42.3900
22985,1010,97.9000,16.5642,1.4572,54.5000,37.0000,52.3750,112.4087,8531.7853,309.8901,0.5700,435.0000,17.5000,2.1236,76.3235,672.9541,556.3477,46.3000,-43.8900
22986,1010,99.3500,17.2018,1.2578,46.7000,33.8000,46.1250,127.4252,7989.9681,529.5591,0.4800,625.0000,12.9000,1.5819,58.0137,672.9541,556.3477,47.8000,-45.3900
22987,1010,96.0750,17.5354,1.1420,47.8000,33.5000,40.2750,111.0603,7833.0615,568.7857,0.3600,1420.0000,14.3000,1.3042,45.9941,672.9541,556.3477,49.3000,-46.8900
22988,1010,96.7000,17.4005,1.1375,39.3000,28.0000,40.9000,129.9381,6729.8134,509.9458,0.4200,930.0000,11.3000,1.2939,46.5238,672.9541,556.3477,50.8000,-48.3900
22989,1010,96.0000,17.8910,1.0210,35.5000,26.4000,36.2250,125.0348,8803.9199,442.2799,0.3200,1380.0000,9.1000,1.0424,36.9857,672.9541,556.3477,52.3000,-49.8900
22990,1010,96.3500,16.5887,1.3835,46.6000,33.8000,49.4275,114.3088,3152.8378,460.9125,0.5000,1170.0000,12.8000,1.9141,68.3829,672.9541,556.3477,53.8000,-51.3900
22991,1010,96.0750,17.3367,1.1540,40.7000,29.8000,41.1000,125.7090,5177.9111,549.1724,0.4000,1800.0000,10.9000,1.3317,47.4294,672.9541,556.3477,55.3000,-52.8900
23046,1012,99.5500,16.4440,1.5745,73.6000,40.2000,57.8500,14.3055,630.0772,58.8399,0.4800,504.0000,33.4000,2.4791,91.0848,1176.2788,-306.6094,14.7000,-10.3400
23047,1012,99.2000,16.0369,1.6907,60.6000,33.3000,61.7000,18.7675,1019.8916,90.2212,0.5800,309.0000,27.3000,2.8586,104.3193,1176.2788,-306.6094,16.2000,-11.8400
23048,1012,99.8500,16.0099,1.7228,66.4000,34.8000,63.6750,20.7165,1223.3796,85.3179,0.7100,386.0000,31.6000,2.9679,109.6961,1176.2788,-306.6094,17.6000,-13.2400
23050,1012,98.1250,15.6935,1.8092,69.4000,36.1000,65.4250,20.9617,1331.2527,88.2598,0.8600,228.0000,33.3000,3.2734,118.3702,1176.2788,-306.6094,19.3000,-14.9400
23051,1012,100.0000,15.2055,2.0910,82.8000,39.8000,77.4750,20.1649,1414.6092,70.6079,0.9600,217.0000,43.0000,4.3723,162.0002,1176.2788,-306.6094,20.8000,-16.4400
23052,1012,99.8250,15.2472,2.1093,83.0000,42.5000,77.7750,20.8391,1105.6998,81.3952,0.7800,343.0000,40.5000,4.4489,164.0469,1176.2788,-306.6094,22.3000,-17.9400
23053,1012,100.6250,15.3698,2.0728,80.9000,38.8000,76.7000,20.5572,1385.1893,87.2792,0.7200,153.0000,42.1000,4.2963,158.9799,1176.2788,-306.6094,23.8000,-19.4400
23054,1012,101.1500,14.2760,2.8073,111.1000,51.2000,105.1500,24.0385,1701.4537,91.2018,1.2100,228.0000,59.9000,7.8807,295.1823,1176.2788,-306.6094,25.3000,-20.9400
23055,1012,100.5750,14.2220,2.8020,111.3000,51.6000,104.6500,25.6812,2606.1172,86.2985,1.2600,213.0000,59.7000,7.8512,293.2293,1176.2788,-306.6094,26.8000,-22.4400
23056,1012,100.9500,14.0921,2.8950,116.7000,54.8000,109.3750,30.1309,2748.3135,95.1245,1.1800,299.0000,61.9000,8.3810,316.6406,1176.2788,-306.6094,28.3000,-23.9400
23057,1012,100.6750,13.9106,3.0098,121.9000,61.8000,114.1750,31.9819,3304.8409,109.8345,1.2300,572.0000,60.1000,9.0586,343.6382,1176.2788,-306.6094,29.9000,-25.5400
23058,1012,100.4000,14.0381,2.8525,118.6000,59.6000,108.1000,38.4543,4133.5028,108.8538,1.1800,446.0000,59.0000,8.1368,308.3553,1176.2788,-306.6094,31.3000,-26.9400
23059,1012,100.5000,14.0136,2.8770,118.9000,60.8000,109.2750,35.6349,3420.0691,112.7765,1.2100,323.0000,58.1000,8.2771,314.3842,1176.2788,-306.6094,32.8000,-28.4400
23060,1012,100.7500,14.0283,2.8735,115.4000,58.0000,109.5500,44.1667,4675.3203,139.2544,1.4600,520.0000,57.4000,8.2570,314.7919,1176.2788,-306.6094,34.3000,-29.9400
23061,1012,100.4500,13.9915,2.8800,115.3000,62.2000,109.5750,42.6589,4785.6451,166.7131,1.3000,422.0000,53.1000,8.2944,315.5760,1176.2788,-306.6094,35.8000,-31.4400
23062,1012,100.7000,14.0798,2.8457,115.8000,56.1000,108.0000,37.3756,3025.3514,138.2738,1.3000,369.0000,59.7000,8.0983,307.3410,1176.2788,-306.6094,37.3000,-32.9400
23063,1012,100.1000,14.4182,2.5215,104.2000,51.7000,95.2000,53.9121,5462.3040,176.5197,1.1400,409.0000,52.5000,6.3580,240.0468,1176.2788,-306.6094,38.8000,-34.4400
23065,1012,100.6750,15.8407,1.8200,61.5000,35.9000,67.8000,46.1648,4211.9561,211.8236,0.6200,557.0000,25.6000,3.3124,123.3960,1176.2788,-306.6094,40.3000,-35.9400
23067,1012,100.1000,16.7359,1.4140,53.0000,31.0000,52.3775,50.8475,5403.4640,212.8043,0.5900,654.0000,22.0000,1.9994,74.0618,1176.2788,-306.6094,41.8000,-37.4400
23068,1012,100.5250,16.4342,1.5420,61.0000,34.8000,57.2250,49.0210,5849.6666,202.9977,0.6300,373.0000,26.2000,2.3778,88.2410,1176.2788,-306.6094,43.3000,-38.9400
23069,1012,100.1750,15.8358,1.7965,66.3000,35.5000,66.2750,48.2610,6462.5823,200.0556,0.7800,355.0000,30.8000,3.2274,119.0630,1176.2788,-306.6094,44.8000,-40.4400
23070,1012,101.1750,16.3189,1.6310,63.4000,35.3000,60.5500,56.7315,4297.7643,205.9396,0.8100,175.0000,28.1000,2.6602,98.7570,1176.2788,-306.6094,46.3000,-41.9400
23071,1012,99.5500,16.3116,1.5962,61.0000,33.1000,58.2750,43.8848,2262.8845,232.4176,0.6200,616.0000,27.9000,2.5480,93.0215,1176.2788,-306.6094,47.2000,-42.8400
23110,1014,99.3750,15.2717,2.0485,79.2000,40.7000,75.1250,23.9282,1556.8056,69.6272,0.7900,555.0000,38.5000,4.1964,153.8936,1352.4634,-614.8008,16.3000,-12.8800
23112,1014,99.6750,14.8131,2.3188,82.6000,43.1000,85.6500,19.1107,1179.2497,52.9559,1.0600,302.0000,39.5000,5.3766,198.6009,1352.4634,-614.8008,17.8000,-14.3800
23113,1014,99.0750,14.9259,2.2750,82.2000,39.5000,83.2250,19.1230,1127.7647,50.9946,0.7700,308.0000,42.7000,5.1756,189.3369,1352.4634,-614.8008,19.3000,-15.8800
23114,1014,98.9500,14.6782,2.4182,78.6000,46.8000,88.0250,16.0094,740.4021,47.0719,0.6200,287.0000,31.8000,5.8479,212.8664,1352.4634,-614.8008,20.8000,-17.3800
23115,1014,99.9500,14.6120,2.4977,99.3000,45.1000,92.1250,16.3894,1071.3765,49.0332,0.9600,158.0000,54.2000,6.2388,230.1052,1352.4634,-614.8008,22.3000,-18.8800
23116,1014,99.5500,14.3079,2.7057,98.6000,45.8000,99.5000,12.9448,943.8901,54.9172,1.1000,199.0000,52.8000,7.3211,269.2221,1352.4634,-614.8008,23.8000,-20.3800
23117,1014,100.2750,14.0038,2.9603,109.2000,53.9000,110.5000,15.5803,836.0169,59.8206,1.1400,156.0000,55.3000,8.7631,327.1076,1352.4634,-614.8008,25.3000,-21.8800
23118,1014,100.4250,13.9670,3.0160,108.5000,54.5000,112.7000,18.3997,1108.1514,59.8206,1.2000,140.0000,54.0000,9.0963,339.9032,1352.4634,-614.8008,26.8000,-23.3800
23119,1014,101.0000,13.9449,3.0568,106.3000,52.0000,115.3000,23.8792,1686.7438,66.6852,1.2100,265.0000,54.3000,9.3437,352.4433,1352.4634,-614.8008,28.3000,-24.8800
23120,1014,100.8750,13.7217,3.2023,116.0000,57.9000,122.0750,25.0070,1571.5157,89.2405,1.4100,211.0000,58.1000,10.2544,390.9147,1352.4634,-614.8008,29.8000,-26.3800
23121,1014,100.5000,13.9866,2.9725,103.7000,49.2000,111.7000,28.4761,2233.4645,99.0472,1.1500,118.0000,54.5000,8.8358,332.0282,1352.4634,-614.8008,31.3000,-27.8800
23122,1014,100.5000,13.9425,2.9578,107.6000,57.1000,112.1250,32.2761,2924.8333,101.9892,1.3200,164.0000,50.5000,8.7483,331.6377,1352.4634,-614.8008,32.8000,-29.3800
23123,1014,100.6000,13.9106,3.0003,107.9000,49.8000,113.7500,34.0536,2843.9285,108.8538,1.6600,163.0000,58.1000,9.0015,341.2784,1352.4634,-614.8008,34.3000,-30.8800
23124,1014,100.6500,14.0185,2.8905,104.6000,51.5000,109.9000,36.8730,2939.5433,115.7185,1.1900,354.0000,53.1000,8.3550,317.6659,1352.4634,-614.8008,35.8000,-32.3800
23125,1014,100.1250,14.0700,2.8015,103.0000,53.6000,105.9750,45.2699,4819.9683,132.3898,1.2700,202.0000,49.4000,7.8484,296.8890,1352.4634,-614.8008,37.3000,-33.8800
23126,1014,100.5250,14.6169,2.4668,92.1000,49.0000,92.3750,45.5151,4851.8401,172.5970,1.1500,176.0000,43.1000,6.0849,227.8660,1352.4634,-614.8008,38.8000,-35.3800
23129,1014,98.6250,17.3367,1.2440,44.5000,29.7000,44.8000,42.8796,3285.2277,169.6550,0.3600,1610.0000,14.8000,1.5475,55.7312,1352.4634,-614.8008,40.3000,-36.8800
23130,1014,100.3750,16.5764,1.5207,53.1000,31.2000,55.8500,39.7414,3760.8502,165.7324,0.5500,582.0000,21.9000,2.3127,84.9339,1352.4634,-614.8008,41.8000,-38.3800
23131,1014,100.3500,16.1988,1.6702,58.9000,32.7000,61.4000,54.7088,5523.5953,206.9203,0.6000,341.0000,26.2000,2.7897,102.5533,1352.4634,-614.8008,43.3000,-39.8800
23132,1014,100.1000,16.3950,1.5933,53.1000,33.0000,58.2250,59.7470,6011.4762,245.1662,0.7000,129.0000,20.1000,2.5384,92.7670,1352.4634,-614.8008,44.8000,-41.3800
23134,1014,99.8250,17.1037,1.3452,46.4000,28.1000,48.9500,70.1666,8571.0118,249.0889,0.6000,605.0000,18.3000,1.8097,65.8500,1352.4634,-614.8008,46.3000,-42.8800
23174,1016,99.6000,15.9290,1.7237,71.9000,32.3000,63.7500,9.1324,458.4609,27.9490,0.6400,96.0000,39.6000,2.9713,109.8891,1050.4387,-90.8750,14.4000,-7.2800
23176,1016,99.7750,14.8082,2.3142,89.0000,39.0000,85.7750,8.3969,605.5606,27.9490,0.5600,160.0000,50.0000,5.3558,198.5048,1050.4387,-90.8750,17.4000,-10.2800
23177,1016,100.0000,15.7712,1.8067,63.2000,29.7000,66.9000,10.5421,523.0213,42.1686,0.4500,900.0000,33.5000,3.2640,120.8660,1050.4387,-90.8750,18.9000,-11.7800
23189,1017,99.3500,15.9707,1.6935,62.2000,28.7000,62.3500,4.0452,318.7161,26.4780,0.4300,180.0000,33.5000,2.8679,105.5897,1125.9441,-214.1523,13.7000,-6.3300
23191,1017,99.8500,15.3992,2.0090,82.0000,36.0000,74.0250,9.5615,495.2358,37.7556,0.7000,120.0000,46.0000,4.0361,148.7162,1125.9441,-214.1523,16.7000,-9.3300
23192,1017,99.9500,16.5789,1.5230,55.2000,26.5000,56.1500,13.0551,1088.5381,39.2266,0.6800,120.0000,28.7000,2.3195,85.5165,1125.9441,-214.1523,18.2000,-10.8300
23193,1017,100.0250,16.0369,1.6910,48.6000,25.7000,62.6000,15.1390,1279.7678,137.2931,0.4400,1900.0000,22.9000,2.8595,105.8566,1125.9441,-214.1523,19.7000,-12.3300
23229,1020,99.7250,17.3392,1.2242,49.6000,24.7000,45.2500,21.8198,1534.7407,132.3898,0.3900,420.0000,24.9000,1.4988,55.3973,1427.9778,-738.0781,15.8000,-9.1100
23230,1020,99.2500,16.5666,1.5388,97.5000,40.5000,56.1750,21.0230,1546.9990,79.4339,0.2500,390.0000,57.0000,2.3678,86.4393,1427.9778,-738.0781,17.3000,-10.6100
23231,1020,99.8250,17.2116,1.2793,54.8000,28.2000,46.9500,29.6038,2105.9781,100.0278,0.3800,190.0000,26.6000,1.6365,60.0608,1427.9778,-738.0781,18.8000,-12.1100
24267,1048,99.4500,15.4042,1.8767,71.3000,33.9000,70.3500,13.2390,367.7494,47.0719,0.5410,150.0000,37.4000,3.5222,132.0294,1050.5842,309.6953,11.9000,-5.6900
24269,1048,99.1500,14.0160,2.7638,110.4000,47.1000,103.7250,10.6647,308.9095,39.2266,0.8740,120.0000,63.3000,7.6383,286.6700,1050.5842,309.6953,13.4000,-7.1900
24270,1048,99.4750,14.1190,2.7400,99.7000,41.3000,102.3750,6.4969,161.8097,38.2459,0.7910,135.0000,58.4000,7.5076,280.5075,1050.5842,309.6953,14.9000,-8.6900
24271,1048,99.3000,14.7739,2.2120,72.6000,39.5000,83.2500,4.5356,193.6813,16.6713,0.9000,120.0000,33.1000,4.8929,184.1490,1050.5842,309.6953,16.5000,-10.2900
24272,1048,99.0500,14.8057,2.2482,78.4000,37.0000,83.1250,12.2583,544.2691,34.3233,0.7640,150.0000,41.4000,5.0546,186.8858,1050.5842,309.6953,18.0000,-11.7900
24273,1048,99.1500,14.8867,2.2193,83.9000,38.1000,81.8250,13.9745,821.3069,45.1106,0.8040,130.0000,45.8000,4.9251,181.5901,1050.5842,309.6953,19.5000,-13.2900
24274,1048,98.7000,14.5360,2.3988,92.7000,43.1000,88.5750,17.5294,931.6317,42.1686,0.9070,155.0000,49.6000,5.7540,212.4693,1050.5842,309.6953,21.0000,-14.7900
24275,1048,99.4250,14.7763,2.2753,91.4000,46.6000,84.6750,21.2069,1203.7662,51.9752,0.9970,120.0000,44.8000,5.1768,192.6568,1050.5842,309.6953,22.5000,-16.2900
24276,1048,99.2500,14.9627,2.1727,80.7000,39.3000,80.3500,22.9230,1500.4174,63.7432,0.7840,120.0000,41.4000,4.7208,174.5805,1050.5842,309.6953,24.0000,-17.7900
24277,1048,99.2750,13.9842,2.8548,111.0000,50.0000,106.3250,29.4199,2137.8496,72.5692,1.3590,100.0000,61.0000,8.1496,303.5313,1050.5842,309.6953,25.5000,-19.2900
24278,1048,98.6750,13.9302,2.8482,112.9000,49.4000,105.7500,33.0974,2821.8633,77.4725,1.3290,100.0000,63.5000,8.1125,301.2024,1050.5842,309.6953,27.0000,-20.7900
24279,1048,99.1500,13.8934,2.9063,116.5000,49.1000,108.5250,35.6717,2900.3166,82.3759,1.2260,110.0000,67.4000,8.4463,315.4008,1050.5842,309.6953,28.5000,-22.2900
24280,1048,99.6250,13.8198,3.0238,121.9000,50.2000,113.1500,38.1234,3211.6778,84.3372,1.4020,110.0000,71.7000,9.1431,342.1373,1050.5842,309.6953,30.0000,-23.7900
24281,1048,99.6500,14.0406,2.7968,115.0000,50.3000,105.1750,39.7169,3456.8441,100.0278,1.2290,140.0000,64.7000,7.8218,294.1482,1050.5842,309.6953,31.4000,-25.1900
24282,1048,99.4250,13.9106,2.8643,118.8000,49.0000,108.0000,46.7042,4143.3094,105.9118,1.2990,140.0000,69.8000,8.2039,309.3390,1050.5842,309.6953,33.0000,-26.7900
24283,1048,99.0500,13.8444,2.9323,117.3000,50.5000,109.5250,52.0978,5150.9427,111.7958,1.5280,110.0000,66.8000,8.5981,321.1547,1050.5842,309.6953,34.5000,-28.2900
24284,1048,99.3250,13.8223,2.9047,120.8000,49.8000,110.0000,53.9366,5420.6255,127.4864,1.3490,120.0000,71.0000,8.4376,319.5225,1050.5842,309.6953,35.8000,-29.5900
24285,1048,99.5000,13.8174,2.9793,121.3000,49.6000,112.2250,52.2204,4731.7086,137.2931,1.4820,110.0000,71.7000,8.8759,334.3463,1050.5842,309.6953,37.5000,-31.2900
24286,1048,99.1750,13.9768,2.8455,115.6000,50.0000,106.0250,56.0205,4873.9049,151.0224,1.4580,115.0000,65.6000,8.0969,301.6941,1050.5842,309.6953,39.0000,-32.7900
24287,1048,99.1250,14.1558,2.7053,109.5000,48.1000,100.5250,62.2722,6313.0308,151.0224,1.2720,105.0000,61.4000,7.3184,271.9453,1050.5842,309.6953,40.5000,-34.2900
24289,1048,99.4250,16.0933,1.5927,62.5000,32.5000,59.3000,56.0205,5611.8555,147.0997,0.7640,180.0000,30.0000,2.5369,94.4501,1050.5842,309.6953,42.0000,-35.7900
24291,1048,99.1500,16.1595,1.5530,64.0000,33.0000,57.6750,54.0592,4766.0317,161.8097,0.5980,155.0000,31.0000,2.4118,89.5693,1050.5842,309.6953,43.5000,-37.2900
24292,1048,99.2500,15.7426,1.7340,66.3000,35.1000,64.5750,65.2142,5839.8600,165.7324,0.6180,170.0000,31.2000,3.0068,111.9730,1050.5842,309.6953,45.0000,-38.7900
24293,1048,98.9000,15.3232,1.9247,73.7000,39.5000,71.3667,69.7907,4697.3853,173.5777,0.6260,220.0000,34.2000,3.7043,137.3570,1050.5842,309.6953,46.5000,-40.2900
24296,1048,99.3750,15.8309,1.7087,78.3000,35.7000,63.4500,84.2146,9281.9938,202.9977,0.7970,165.0000,42.6000,2.9198,108.4202,1050.5842,309.6953,49.5000,-43.2900
24297,1048,95.9000,16.8928,1.2642,52.5000,30.7000,45.2750,71.2208,5141.1361,210.8430,0.5450,340.0000,21.8000,1.5983,57.2389,1050.5842,309.6953,51.0000,-44.7900
24298,1048,97.5500,16.9541,1.2655,54.6000,31.9000,46.0000,89.9760,6229.6742,316.7548,0.4580,370.0000,22.7000,1.6015,58.2130,1050.5842,309.6953,52.5000,-46.2900
24299,1048,97.9500,16.8732,1.2895,55.9000,32.3000,47.1500,92.5503,5584.8870,401.0920,0.3750,460.0000,23.6000,1.6628,60.7999,1050.5842,309.6953,54.0000,-47.7900
24300,1048,98.4500,16.6525,1.3665,59.0000,33.8000,50.3000,101.6214,6487.0988,391.2853,0.4650,380.0000,25.2000,1.8673,68.7349,1050.5842,309.6953,55.5000,-49.2900
24301,1048,95.1500,17.2116,1.1550,50.4000,30.7000,40.9500,92.7954,4182.5360,457.9706,0.3820,440.0000,19.7000,1.3340,47.2973,1050.5842,309.6953,56.8000,-50.5900
24308,1048,97.2000,15.9560,1.6055,67.0000,39.1000,58.3500,104.4408,4123.6962,347.1554,0.7010,215.0000,27.9000,2.5776,93.6809,1050.5842,309.6953,63.3000,-57.0900
24318,1048,93.1500,17.3294,1.1340,43.3000,32.2000,38.9000,120.6218,6433.1624,761.9767,0.3750,480.0000,11.1000,1.2860,44.1126,1050.5842,309.6953,72.3000,-66.0900
24325,1049,98.5750,15.2815,1.9010,76.7000,38.0000,70.8750,16.7939,796.7903,71.5885,0.8540,190.0000,38.7000,3.6138,134.7334,1151.2471,124.7813,13.6000,-6.6600
24326,1049,99.2250,15.6568,1.7868,75.8000,37.7000,66.2250,19.1230,1090.9897,94.1438,0.7180,140.0000,38.1000,3.1925,118.3275,1151.2471,124.7813,15.1000,-8.1600
24327,1049,99.0750,14.8401,2.0955,82.0000,42.8000,79.5250,13.2390,551.6240,58.8399,0.7080,140.0000,39.2000,4.3911,166.6446,1151.2471,124.7813,16.6000,-9.6600
24328,1049,99.0750,15.2300,2.0125,79.8000,40.9000,74.2250,18.2649,1034.6016,54.9172,0.6910,150.0000,38.9000,4.0502,149.3778,1151.2471,124.7813,18.1000,-11.1600
24329,1049,99.7000,15.6715,1.9397,76.4000,37.9000,71.7750,23.4134,1272.4128,73.5499,0.7140,150.0000,38.5000,3.7626,139.2256,1151.2471,124.7813,19.6000,-12.6600
24330,1049,99.1750,14.8156,2.3075,91.9000,43.4000,84.3750,17.7746,909.5668,60.8012,0.8740,125.0000,48.5000,5.3246,194.6953,1151.2471,124.7813,21.1000,-14.1600
24331,1049,99.3500,14.6635,2.3525,88.4000,43.2000,86.9000,16.7939,777.1770,88.2598,0.8340,130.0000,45.2000,5.5343,204.4322,1151.2471,124.7813,22.6000,-15.6600
24332,1049,99.5250,14.6978,2.3262,96.2000,43.8000,86.7750,16.1810,730.5954,55.8979,1.0660,110.0000,52.4000,5.4114,201.8603,1151.2471,124.7813,24.1000,-17.1600
24333,1049,99.0500,14.4771,2.4402,92.8000,42.2000,90.7750,17.5294,909.5668,54.9172,0.8800,98.0000,50.6000,5.9548,221.5137,1151.2471,124.7813,25.6000,-18.6600
24334,1049,99.1500,13.8149,3.0477,117.1000,48.4000,112.5750,20.7165,1100.7964,54.9172,1.1790,110.0000,68.7000,9.2888,343.1005,1151.2471,124.7813,27.1000,-20.1600
24335,1049,99.5000,13.8885,2.9783,116.6000,48.0000,110.8250,23.9037,1100.7964,56.8786,1.1660,120.0000,68.6000,8.8700,330.0646,1151.2471,124.7813,28.6000,-21.6600
24336,1049,99.3250,13.9425,2.9325,119.3000,53.8000,108.6750,30.8909,2147.6563,78.4532,1.2590,110.0000,65.5000,8.5996,318.6894,1151.2471,124.7813,30.1000,-23.1600
24337,1049,99.3250,13.7880,3.1003,125.0000,57.7000,114.5250,31.2587,1559.2573,83.3565,1.2520,125.0000,67.3000,9.6116,355.0561,1151.2471,124.7813,31.6000,-24.6600
24338,1049,99.3750,13.8664,2.9615,122.7000,54.9000,110.5250,44.6203,4153.1162,96.1052,0.1930,130.0000,67.8000,8.7705,327.3198,1151.2471,124.7813,33.2000,-26.2600
24339,1049,99.5250,13.8910,3.0177,122.3000,56.0000,111.7000,42.9041,3648.0737,102.9698,1.2720,135.0000,66.3000,9.1068,337.0827,1151.2471,124.7813,34.7000,-27.7600
24340,1049,99.2750,13.8689,3.0530,121.4000,56.2000,112.0750,43.6396,3130.7730,107.8732,1.4020,125.0000,65.2000,9.3208,342.1650,1151.2471,124.7813,36.2000,-29.2600
24341,1049,99.0250,13.9130,2.9680,119.5000,49.0000,109.1500,47.8074,3728.9785,125.5251,1.3820,120.0000,70.5000,8.8090,323.9572,1151.2471,124.7813,37.7000,-30.7600
24342,1049,99.2500,13.9008,2.9322,118.8000,49.1000,109.2750,54.1817,6389.0321,131.4091,1.2660,115.0000,69.7000,8.5981,320.4216,1151.2471,124.7813,39.2000,-32.2600
24343,1049,99.1750,14.1362,2.7757,113.2000,49.1000,102.3250,57.7367,4949.9064,125.5251,1.2130,120.0000,64.1000,7.7048,284.0286,1151.2471,124.7813,40.7000,-33.7600
24344,1049,99.7750,14.4281,2.5705,102.9000,49.1000,95.2750,57.7367,5283.3325,140.2351,1.1360,120.0000,53.8000,6.6075,244.9044,1151.2471,124.7813,42.2000,-35.2600
24346,1049,98.7500,17.0253,1.3168,50.5000,31.0000,47.7750,49.4010,3616.2021,170.6357,0.2860,460.0000,19.5000,1.7338,62.9077,1151.2471,124.7813,43.7000,-36.7600
24348,1049,99.5250,16.3435,1.5323,57.8000,33.8000,56.5750,46.7042,2620.8271,137.2931,0.4980,195.0000,24.0000,2.3478,86.6870,1151.2471,124.7813,45.2000,-38.2600
24349,1049,99.7750,16.1816,1.6205,65.8000,36.7000,59.6500,77.1048,8154.2296,207.9010,0.5780,270.0000,29.1000,2.6260,96.6628,1151.2471,124.7813,46.7000,-39.7600
24350,1049,99.1250,16.1056,1.6088,67.5000,34.9000,59.2750,68.5240,6330.1925,173.5777,0.5950,155.0000,32.6000,2.5881,95.3587,1151.2471,124.7813,48.2000,-41.2600
24351,1049,99.0000,16.1129,1.5900,71.9000,35.7000,58.6750,80.4145,6026.1863,243.2049,0.6310,240.0000,36.2000,2.5281,93.2933,1151.2471,124.7813,49.7000,-42.7600
24353,1049,98.8750,16.9124,1.3230,54.7000,31.5000,48.4500,76.6145,5003.8431,235.3596,0.5280,270.0000,23.2000,1.7503,64.0993,1151.2471,124.7813,51.2000,-44.2600
24355,1049,96.2500,17.4961,1.1410,41.8000,32.7000,40.3250,66.6852,4736.6119,334.4068,0.3620,440.0000,9.1000,1.3019,46.0108,1151.2471,124.7813,52.7000,-45.7600
24356,1049,98.6750,17.2018,1.2088,52.6000,34.4000,44.4500,99.7827,5207.3311,360.8847,0.4220,390.0000,18.2000,1.4611,53.7289,1151.2471,124.7813,54.2000,-47.2600
24357,1049,98.2750,17.2582,1.1810,54.0000,35.5000,43.3250,99.5375,7301.0508,328.5228,0.4350,510.0000,18.5000,1.3948,51.1668,1151.2471,124.7813,55.7000,-48.7600
24359,1049,98.7500,17.7169,1.1230,44.2000,26.8000,40.7000,72.8144,4236.4728,379.5173,0.3820,410.0000,17.4000,1.2611,45.7061,1151.2471,124.7813,56.8000,-49.8600
24361,1049,95.0500,17.9646,1.0243,39.1000,28.7000,35.5500,82.0081,5153.3944,522.6944,0.3790,510.0000,10.4000,1.0491,36.4121,1151.2471,124.7813,58.7000,-51.7600
24365,1049,95.2000,17.7218,1.0710,37.1000,31.2000,37.4500,49.2784,2476.1790,540.3464,0.2260,530.0000,5.9000,1.1470,40.1090,1151.2471,124.7813,64.8000,-57.8600
24374,1049,97.5000,17.2460,1.2275,36.8000,31.1000,43.9500,98.5568,4383.5723,738.4407,0.3490,290.0000,5.7000,1.5068,53.9486,1151.2471,124.7813,73.2000,-66.2600
24394,1050,95.7500,14.7150,2.2142,89.2000,37.3000,78.5250,23.0456,1770.1003,97.0858,0.6180,240.0000,51.9000,4.9029,173.8740,1251.9248,-29.3203,21.9000,-15.1900
24395,1050,95.6750,14.8671,2.1410,86.3000,40.1000,75.5250,24.5166,1372.9310,92.1825,0.7140,140.0000,46.2000,4.5839,161.6990,1251.9248,-29.3203,23.4000,-16.6900
24396,1050,96.6000,14.6856,2.2962,87.7000,38.7000,81.6750,24.1489,992.9233,85.3179,0.7610,145.0000,49.0000,5.2728,187.5462,1251.9248,-29.3203,24.9000,-18.1900
24397,1050,95.6750,14.7886,2.1790,87.9000,36.7000,76.9250,18.2649,1198.8629,82.3759,0.7640,120.0000,51.2000,4.7480,167.6196,1251.9248,-29.3203,26.4000,-19.6900
24398,1050,95.6750,13.6236,3.0648,120.3000,48.6000,108.0500,17.7746,1831.3918,68.6465,1.1660,130.0000,71.7000,9.3927,331.1462,1251.9248,-29.3203,27.9000,-21.1900
24399,1050,96.0500,13.6114,3.0340,124.9000,50.4000,108.4500,20.7165,2206.4962,73.5499,1.1490,110.0000,74.5000,9.2052,329.0373,1251.9248,-29.3203,29.4000,-22.6900
24400,1050,97.0000,13.5476,3.1560,123.2000,52.1000,114.1500,22.9230,2454.1141,73.5499,1.1830,120.0000,71.1000,9.9603,360.2574,1251.9248,-29.3203,30.9000,-24.1900
24401,1050,95.8500,13.3857,3.1870,130.8000,53.4000,114.6250,25.3747,2351.1443,79.4339,1.2390,120.0000,77.4000,10.1570,365.3099,1251.9248,-29.3203,32.3000,-25.5900
24402,1050,96.2500,13.7266,2.9405,128.0000,51.6000,105.2750,28.9296,2961.6082,99.0472,1.1860,120.0000,76.4000,8.6465,309.5611,1251.9248,-29.3203,33.8000,-27.0900
24403,1050,96.6250,13.4937,3.0530,127.8000,46.1000,112.3500,32.8523,2687.0220,109.8345,1.3350,110.0000,81.7000,9.3208,343.0045,1251.9248,-29.3203,35.3000,-28.5900
24404,1050,97.0000,13.6114,2.9967,125.5000,42.5000,110.1250,34.6910,3390.6492,144.1578,1.4080,115.0000,83.0000,8.9805,330.0171,1251.9248,-29.3203,36.8000,-30.0900
24405,1050,97.1000,13.6016,2.9678,125.7000,43.3000,109.8750,38.3685,4584.6088,108.8538,1.3020,130.0000,82.4000,8.8075,326.0815,1251.9248,-29.3203,38.3000,-31.5900
24406,1050,97.0500,13.4667,3.0835,122.8000,44.9000,114.3750,39.2266,4221.7627,148.0804,1.6080,120.0000,77.9000,9.5080,352.6753,1251.9248,-29.3203,39.8000,-33.0900
24407,1050,97.5000,13.7242,2.8882,119.0000,43.8000,107.1000,41.5557,4381.1209,148.0804,1.6440,120.0000,75.2000,8.3420,309.3316,1251.9248,-29.3203,41.3000,-34.5900
24408,1050,100.0750,14.5679,2.4160,99.2000,42.7000,90.9250,46.5816,4354.1526,150.0417,1.2660,110.0000,56.5000,5.8371,219.6748,1251.9248,-29.3203,42.8000,-36.0900
24410,1050,99.2000,16.9664,1.3375,51.5000,29.2000,48.7750,38.3685,3290.1310,177.5004,0.2430,520.0000,22.3000,1.7889,65.2366,1251.9248,-29.3203,44.3000,-37.5900
24411,1050,96.6250,16.6549,1.3825,53.3000,27.0000,49.2500,36.2846,4069.7596,147.0997,0.6710,165.0000,26.3000,1.9113,68.0881,1251.9248,-29.3203,45.8000,-39.0900
24413,1050,97.7750,15.8775,1.7117,71.6000,35.4000,61.6500,35.3039,3515.6839,199.0750,0.5980,245.0000,36.2000,2.9301,105.5294,1251.9248,-29.3203,47.3000,-40.5900
24414,1050,100.2750,16.1374,1.6575,75.6000,31.4000,61.2500,53.2011,5839.8602,195.1523,0.6940,160.0000,44.2000,2.7473,101.5219,1251.9248,-29.3203,48.8000,-42.0900
24416,1050,99.2250,16.2086,1.6062,72.7000,30.1000,58.7000,60.4335,6305.6759,273.6055,0.7080,130.0000,42.6000,2.5800,94.2869,1251.9248,-29.3203,50.3000,-43.5900
24417,1050,97.1750,16.6819,1.3853,62.6000,27.5000,49.6750,62.8851,6335.0958,289.2962,0.6340,140.0000,35.1000,1.9189,68.8123,1251.9248,-29.3203,51.8000,-45.0900
24418,1050,94.3500,17.0547,1.2117,41.2000,26.8000,42.3500,41.1879,2231.0128,317.7354,0.3450,425.0000,14.4000,1.4683,51.3176,1251.9248,-29.3203,53.3000,-46.5900
24419,1050,96.7000,16.7972,1.3155,57.5000,28.4000,47.2000,40.9428,1372.9310,362.8460,0.3750,215.0000,29.1000,1.7305,62.0916,1251.9248,-29.3203,54.8000,-48.0900
24420,1050,95.1000,16.6745,1.3067,61.6000,28.8000,46.3500,53.3237,1976.0399,378.5367,0.4020,480.0000,32.8000,1.7076,60.5679,1251.9248,-29.3203,56.3000,-49.5900
24424,1050,93.0500,16.9860,1.1820,46.9000,26.5000,41.0500,52.4656,2044.6864,587.4183,0.3090,180.0000,20.4000,1.3971,48.5211,1251.9248,-29.3203,60.1000,-53.3900
24426,1050,98.6000,15.6764,1.6790,82.7000,37.3000,62.9000,44.1299,1451.3842,480.5258,0.7770,99.0000,45.4000,2.8190,105.6091,1251.9248,-29.3203,61.6000,-54.8900
24431,1050,95.5500,16.6329,1.3170,57.0000,29.2000,47.0500,86.2985,3839.3033,487.3905,0.3920,400.0000,27.8000,1.7345,61.9649,1251.9248,-29.3203,66.2000,-59.4900
24432,1050,95.6500,15.5881,1.8230,102.7000,53.2000,63.7500,105.4215,4849.3882,495.2358,0.8370,120.0000,49.5000,3.3233,116.2163,1251.9248,-29.3203,67.8000,-61.0900
24433,1050,96.2000,15.6764,1.6575,76.3000,29.5000,60.1000,84.8275,3290.1310,488.3712,0.4020,400.0000,46.8000,2.7473,99.6157,1251.9248,-29.3203,69.2000,-62.4900
24434,1050,94.0000,17.4373,1.0750,44.2000,27.1000,37.7500,75.2660,3363.6808,508.9651,0.2790,440.0000,17.1000,1.1556,40.5812,1251.9248,-29.3203,70.6000,-63.8900
24438,1050,98.1000,15.7843,1.6890,78.3000,40.2000,62.1000,85.8082,3932.4666,535.4431,0.5220,360.0000,38.1000,2.8527,104.8869,1251.9248,-29.3203,74.4000,-67.6900
24439,1050,96.7000,17.3441,1.1490,59.9000,31.1000,41.5500,72.8144,4202.1494,516.8104,0.3290,230.0000,28.8000,1.3202,47.7410,1251.9248,-29.3203,75.4000,-68.6900
25382,1146,97.2750,15.2398,2.1448,96.5000,50.4000,76.7500,61.1690,6234.5775,237.3209,0.9370,416.0000,46.1000,4.6000,164.6096,345.7197,833.8008,21.0000,-8.8600
25383,1146,96.4900,14.7003,2.2775,107.9000,50.6000,80.9000,61.1690,6974.9796,213.7850,1.1160,354.0000,57.3000,5.1870,184.2498,345.7197,833.8008,22.5000,-10.3600
25385,1146,97.9600,14.9014,2.2335,114.1000,51.3000,80.4000,78.0854,7582.9918,210.8430,1.0230,187.0000,62.8000,4.9885,179.5734,345.7197,833.8008,24.0000,-11.8600
25387,1146,96.0500,18.1093,1.3142,33.4000,23.9000,34.8250,20.2017,3125.8696,784.5320,0.3320,2150.0000,9.5000,1.7273,45.7688,345.7197,833.8008,25.5000,-13.3600
25389,1146,98.3750,16.5348,1.4453,63.6000,37.0000,52.6250,60.0657,5182.8144,246.1469,0.5780,354.0000,26.6000,2.0887,76.0563,345.7197,833.8008,28.6000,-16.4600
25390,1146,98.4750,15.0878,2.1305,98.1000,44.2000,77.2250,49.0332,4116.3413,175.5390,0.8330,242.0000,53.9000,4.5390,164.5279,345.7197,833.8008,30.1000,-17.9600
25391,1146,99.3000,15.0608,2.1460,93.4000,46.4000,78.9000,50.3204,3920.2083,171.6164,0.8330,350.0000,47.0000,4.6053,169.3194,345.7197,833.8008,31.6000,-19.4600
25393,1146,98.4750,14.9553,2.2055,87.9000,48.6000,80.0250,50.0139,4942.5514,160.8291,0.9800,257.0000,39.3000,4.8642,176.4951,345.7197,833.8008,33.2000,-21.0600
25394,1146,97.7000,14.5384,2.4087,100.4000,49.7000,87.2750,45.4170,3863.8200,165.7324,1.0520,264.0000,50.7000,5.8021,210.2237,345.7197,833.8008,34.7000,-22.5600
25395,1146,99.5750,14.4771,2.5190,99.4000,52.7000,93.4500,45.9074,4128.5997,156.9064,1.1160,232.0000,46.7000,6.3454,235.4005,345.7197,833.8008,36.2000,-24.0600
25396,1146,99.7000,14.7101,2.3507,94.1000,49.5000,87.5250,54.9172,5479.4657,172.5970,1.0660,253.0000,44.6000,5.5260,205.7494,345.7197,833.8008,37.7000,-25.5600
25397,1146,96.9000,14.3618,2.4557,123.9000,53.2000,88.8000,49.9526,4214.4077,170.6357,1.1870,313.0000,70.7000,6.0307,218.0706,345.7197,833.8008,39.2000,-27.0600
25398,1146,97.3500,14.4967,2.4295,90.9000,51.5000,87.5500,59.2076,5163.2012,172.5970,1.1300,400.0000,39.4000,5.9025,212.7027,345.7197,833.8008,40.7000,-28.5600
25399,1146,98.5250,14.4845,2.5160,101.4000,50.9000,91.3500,56.1431,4971.9716,196.1330,1.2020,340.0000,50.5000,6.3303,229.8366,345.7197,833.8008,42.2000,-30.0600
25401,1146,98.9250,14.5188,2.5630,95.6000,52.6000,91.8000,58.8399,5386.3025,196.1330,1.1450,540.0000,43.0000,6.5690,235.2834,345.7197,833.8008,43.7000,-31.5600
25402,1146,97.1750,14.7690,2.2868,76.9000,50.4000,81.5500,63.0077,5452.4974,209.8623,1.1320,590.0000,26.5000,5.2292,186.4845,345.7197,833.8008,45.2000,-33.0600
25403,1146,97.6750,14.8695,2.2165,84.8000,49.0000,79.9000,68.1562,5469.6588,241.2436,1.0580,545.0000,35.8000,4.9129,177.0983,345.7197,833.8008,46.7000,-34.5600
25405,1146,97.8750,16.7481,1.3663,51.4000,28.3000,49.4500,62.0271,4322.2809,225.5529,0.5380,630.0000,23.1000,1.8666,67.5611,345.7197,833.8008,48.2000,-36.0600
25407,1146,97.8250,16.1154,1.6205,61.9000,33.3000,58.3000,63.6206,5533.4020,279.4895,0.5700,463.0000,28.6000,2.6260,94.4752,345.7197,833.8008,49.7000,-37.5600
25408,1146,97.9250,16.2233,1.5890,64.3000,38.2000,57.1000,73.6112,5533.4021,233.3983,0.6560,451.0000,26.1000,2.5249,90.7319,345.7197,833.8008,51.2000,-39.0600
25409,1146,98.1750,16.3042,1.5792,57.3000,35.2000,56.6750,77.1661,6244.3843,297.1415,0.6640,372.0000,22.1000,2.4940,89.5040,345.7197,833.8008,52.7000,-40.5600
25410,1146,97.4000,16.1105,1.6905,64.3000,36.3000,59.4250,77.5338,8284.1676,310.8708,0.6810,285.0000,28.0000,2.8578,100.4580,345.7197,833.8008,54.2000,-42.0600
25411,1146,98.3250,16.0369,1.7042,71.7000,40.2000,61.0750,88.5050,7440.7955,317.7354,0.7110,331.0000,31.5000,2.9045,104.0871,345.7197,833.8008,55.7000,-43.5600
25412,1146,98.0750,16.3729,1.5482,60.7000,37.5000,55.5250,110.7539,8053.7112,431.4926,0.7040,299.0000,23.2000,2.3971,85.9666,345.7197,833.8008,57.2000,-45.0600
25413,1146,95.8250,16.5372,1.4868,61.4000,36.1000,51.5000,108.9764,7531.5071,519.7524,0.5500,494.0000,25.3000,2.2104,76.5676,345.7197,833.8008,58.6000,-46.4600
25414,1146,96.6000,17.0081,1.3255,56.5000,37.4000,46.5500,126.7510,8399.3955,676.6589,0.4590,750.0000,19.1000,1.7570,61.7020,345.7197,833.8008,61.7000,-49.5600
25456,1148,96.2000,16.3974,1.4338,49.0000,35.2000,51.3250,27.5077,1809.3269,235.3596,0.3220,892.0000,13.8000,2.0556,73.5872,547.0217,494.7695,8.6000,-2.3600
25457,1148,96.8000,16.5102,1.4012,46.9000,32.3000,50.7000,33.9310,2485.9857,441.2993,0.3160,1610.0000,14.6000,1.9635,71.0434,547.0217,494.7695,10.1000,-3.8600
25458,1148,97.1750,17.1283,1.2265,52.5000,30.1000,44.5750,51.9752,3143.0313,215.7463,0.5680,251.0000,22.4000,1.5043,54.6712,547.0217,494.7695,11.4000,-5.1600
25459,1148,99.5250,15.6273,1.9038,93.7000,46.3000,69.8750,52.8456,3675.0420,198.0943,0.8370,228.0000,47.4000,3.6243,133.0245,547.0217,494.7695,13.1000,-6.8600
25461,1148,97.7250,17.7487,1.0558,41.4000,29.8000,38.5000,24.6637,2812.0568,446.2026,0.3060,1310.0000,11.6000,1.1146,40.6464,547.0217,494.7695,14.6000,-8.3600
25462,1148,98.6500,15.6445,1.8625,93.8000,43.6000,67.3750,63.9148,6266.4492,206.9203,0.7940,228.0000,50.2000,3.4689,125.4859,547.0217,494.7695,16.0000,-9.7600
25464,1148,97.8750,15.7156,1.8625,92.6000,47.4000,65.9500,57.5528,5523.5955,198.0943,0.7610,279.0000,45.2000,3.4689,122.8319,547.0217,494.7695,17.5000,-11.2600
25465,1148,98.2525,15.7205,1.7955,78.9000,42.4000,64.9750,58.8399,5106.8127,201.0363,0.5980,272.0000,36.5000,3.2238,116.6626,547.0217,494.7695,19.0000,-12.7600
25466,1148,97.1250,16.9124,1.3643,57.1000,32.9000,48.1750,61.0464,4047.6948,289.2962,0.4420,440.0000,24.2000,1.8612,65.7227,547.0217,494.7695,20.5000,-14.2600
25468,1148,97.3250,17.9106,1.0540,43.2000,27.0000,37.6500,60.3232,3317.0993,372.6527,0.3550,315.0000,16.2000,1.1109,39.6831,547.0217,494.7695,22.0000,-15.7600
25470,1148,97.7250,16.8192,1.4250,60.0000,32.6000,50.4000,60.3109,3520.5873,348.1360,0.3790,580.0000,27.4000,2.0306,71.8200,547.0217,494.7695,23.5000,-17.2600
25471,1148,97.1750,15.7009,1.8535,78.3000,39.0000,65.1000,47.1945,3032.7065,246.1469,0.6700,399.0000,39.3000,3.4355,120.6629,547.0217,494.7695,25.0000,-18.7600
25473,1148,96.5250,14.7984,2.2178,104.6000,52.0000,78.9250,48.7881,3687.3003,151.0224,1.0230,280.0000,52.6000,4.9184,175.0359,547.0217,494.7695,26.5000,-20.2600
25474,1148,98.5750,14.9431,2.2167,93.7000,47.5000,80.5000,42.3525,3527.9422,153.9644,1.0960,340.0000,46.2000,4.9140,178.4484,547.0217,494.7695,28.0000,-21.7600
25475,1148,98.7850,14.7763,2.3375,106.3000,49.1000,84.9500,43.6396,2821.8635,152.9837,1.1960,398.0000,57.2000,5.4639,198.5706,547.0217,494.7695,29.5000,-23.2600
25476,1148,98.6500,14.7886,2.3330,97.1000,49.5000,84.5250,48.5429,2976.3181,152.0031,1.0560,416.0000,47.6000,5.4429,197.1968,547.0217,494.7695,31.0000,-24.7600
25477,1148,96.0000,14.3667,2.4395,114.5000,56.0000,86.9250,54.0592,4192.3427,159.8484,1.2290,344.0000,58.5000,5.9512,212.0535,547.0217,494.7695,32.5000,-26.2600
25478,1148,95.3250,14.3471,2.2465,110.0000,51.1000,82.1500,56.6947,4567.4470,161.8097,1.1760,343.0000,58.9000,5.0468,184.5500,547.0217,494.7695,34.0000,-27.7600
25479,1148,96.4500,14.2686,2.4843,105.7000,52.8000,89.7750,55.9592,4415.4440,162.7904,1.2960,525.0000,52.9000,6.1715,223.0235,547.0217,494.7695,35.5000,-29.2600
25480,1148,99.0250,14.3275,2.5590,111.2000,56.9000,95.1250,48.5429,3925.1116,161.8097,1.2130,475.0000,54.3000,6.5485,243.4249,547.0217,494.7695,37.0000,-30.7600
25481,1148,98.1750,14.2883,2.5310,100.6000,52.2000,93.5750,54.6721,4920.4865,189.2683,1.1830,620.0000,48.4000,6.4060,236.8383,547.0217,494.7695,38.5000,-32.2600
25482,1148,97.0750,14.1828,2.6615,112.8000,57.2000,95.4000,56.6947,4481.6390,181.4230,1.2620,540.0000,55.6000,7.0836,253.9071,547.0217,494.7695,40.0000,-33.7600
25483,1148,99.0750,14.5262,2.3958,106.1000,54.7000,89.4750,70.4853,8203.2625,233.3983,1.2030,640.0000,51.4000,5.7396,214.3597,547.0217,494.7695,41.5000,-35.2600
25485,1148,97.9750,15.4140,2.0035,77.0000,42.8000,71.2500,70.4853,7401.5691,132.3898,0.9300,575.0000,34.2000,4.0140,142.7494,547.0217,494.7695,43.0000,-36.7600
25486,1148,96.4750,16.4710,1.5342,64.7000,34.6000,53.3500,63.6819,5459.8523,266.7409,0.6060,650.0000,30.1000,2.3539,81.8522,547.0217,494.7695,44.5000,-38.2600
25488,1148,95.5750,16.0712,1.7038,66.3000,38.2000,58.1500,71.2821,7119.6276,277.5282,0.6660,780.0000,28.1000,2.9028,99.0731,547.0217,494.7695,46.0000,-39.7600
25489,1148,96.4000,16.1301,1.6750,73.6000,36.8000,58.0250,78.6984,8056.1627,301.0641,0.6600,570.0000,36.8000,2.8056,97.1919,547.0217,494.7695,47.5000,-41.2600
25490,1148,97.1250,16.3606,1.6305,65.5000,36.1000,56.5250,85.7469,10395.0486,303.0255,0.7020,400.0000,29.4000,2.6585,92.1640,547.0217,494.7695,49.0000,-42.7600
25491,1148,97.7250,16.2405,1.6032,70.6000,36.3000,57.1250,114.9217,12778.0647,397.1693,0.7080,399.0000,34.3000,2.5704,91.5857,547.0217,494.7695,50.5000,-44.2600
25493,1148,96.3750,17.3637,1.1687,45.2000,32.7000,41.5000,89.9760,6141.4144,637.4323,0.4170,1010.0000,12.5000,1.3660,48.5031,547.0217,494.7695,52.0000,-45.7600
25494,1148,96.7750,17.1062,1.2610,54.2000,33.9000,44.8500,83.6630,4123.6962,549.1724,0.4700,760.0000,20.3000,1.5901,56.5559,547.0217,494.7695,53.5000,-47.2600
25497,1148,95.9750,17.2754,1.1777,44.2000,30.0000,41.8000,108.1183,5658.4368,755.1120,0.3950,1830.0000,14.2000,1.3871,49.2299,547.0217,494.7695,58.1000,-51.8600
25498,1148,95.4000,17.0473,1.2395,36.9000,29.1000,44.0750,105.4215,6175.7375,745.3054,0.3180,1940.0000,7.8000,1.5364,54.6310,547.0217,494.7695,59.6000,-53.3600
25499,1148,97.0250,17.2582,1.1928,48.8000,33.3000,42.8500,61.4141,2466.3724,676.6589,0.3560,1520.0000,15.5000,1.4227,51.1093,547.0217,494.7695,61.2000,-54.9600
25500,1148,99.4500,17.5010,1.1740,47.7000,32.6000,43.2250,35.0588,1159.6363,470.7192,0.3090,2140.0000,15.1000,1.3783,50.7461,547.0217,494.7695,62.5000,-56.2600
25501,1148,97.3000,17.4986,1.1758,43.5000,30.9000,41.8000,47.2558,1723.5187,416.7826,0.3440,1780.0000,12.6000,1.3824,49.1464,547.0217,494.7695,64.1000,-57.8600
25502,1148,96.0250,15.1049,2.0595,69.1000,48.8000,72.3750,45.6500,2652.6989,647.2389,0.4920,1330.0000,20.3000,4.2415,149.0563,547.0217,494.7695,65.3000,-59.0600
36028,4590,99.2000,17.0890,1.3130,62.3500,30.7500,47.8000,54.9172,3984.7687,209.8623,0.4500,790.0000,31.6000,1.7240,62.7614,-1265.5850,1235.2305,10.2000,3.3800
36029,4590,100.0750,16.8609,1.4240,73.3500,36.6000,52.0000,51.1785,3782.9151,164.7517,0.5300,355.0000,36.7500,2.0278,74.0480,-1265.5850,1235.2305,11.9000,1.6800
36030,4590,99.8500,16.7089,1.4530,88.3000,43.9000,53.2250,49.1436,3856.4650,164.7517,0.5700,260.0000,44.4000,2.1112,77.3359,-1265.5850,1235.2305,13.2000,0.3800
36032,4590,100.9000,15.8309,1.7535,93.2500,46.2500,66.2250,37.6085,2559.5356,111.7958,0.6200,275.0000,47.0000,3.0748,116.1255,-1265.5850,1235.2305,14.7000,-1.1200
36033,4590,100.2000,15.0780,2.0722,88.9500,45.5500,78.4500,34.9730,3959.4348,113.7571,0.9400,520.0000,43.4000,4.2942,162.5680,-1265.5850,1235.2305,16.1000,-2.5200
36034,4590,100.1500,15.1908,2.0020,90.9500,48.9500,75.8250,37.7066,4256.0859,107.8732,0.8200,310.0000,42.0000,4.0080,151.8016,-1265.5850,1235.2305,17.2000,-3.6200
36035,4590,100.6000,15.0951,2.0778,85.0000,48.3000,79.0000,41.8254,4682.6754,118.6605,0.8000,440.0000,36.7000,4.3170,164.1423,-1265.5850,1235.2305,19.2000,-5.6200
36036,4590,99.7750,14.6709,2.4718,68.7500,42.8000,90.4250,51.7178,7369.6973,122.5831,1.0600,295.0000,25.9500,6.1095,223.5080,-1265.5850,1235.2305,20.7000,-7.1200
36037,4590,99.9750,15.2472,2.1325,56.9000,36.5500,77.9250,48.9229,7006.8512,139.2544,0.9000,330.0000,20.3500,4.5476,166.1751,-1265.5850,1235.2305,22.2000,-8.6200
36038,4590,100.4000,14.7959,2.3837,64.6500,36.5500,88.3000,54.8192,7985.0643,136.3124,1.0600,245.0000,28.1000,5.6823,210.4851,-1265.5850,1235.2305,23.7000,-10.1200
36039,4590,99.6000,14.6733,2.4112,71.8500,37.7000,88.9000,55.5547,8860.3081,145.1384,1.0300,460.0000,34.1500,5.8141,214.3601,-1265.5850,1235.2305,25.2000,-11.6200
36040,4590,99.7250,14.5777,2.4913,73.0000,38.2000,91.9250,52.5269,6313.0308,140.2351,1.0700,540.0000,34.8000,6.2063,229.0082,-1265.5850,1235.2305,26.7000,-13.1200
36065,4591,99.8000,17.4912,1.2123,58.3500,31.7000,44.3000,74.0892,7502.0870,246.1469,0.5000,720.0000,26.6500,1.4696,53.7027,-1189.9521,1389.2500,11.7000,-0.1300
36066,4591,100.0250,16.7751,1.4705,79.3500,37.2000,53.4750,57.6386,5881.5381,210.8430,0.5200,540.0000,42.1500,2.1624,78.6350,-1189.9521,1389.2500,13.2000,-1.6300
36067,4591,100.0750,15.8260,1.8440,83.1000,40.8000,67.3000,44.4854,4439.9607,164.7517,0.7500,265.0000,42.3000,3.4003,124.1012,-1189.9521,1389.2500,14.7000,-3.1300
36068,4591,100.1000,15.7500,1.8750,84.7500,46.3500,68.5250,42.5609,5128.8779,131.4091,0.8100,460.0000,38.4000,3.5156,128.4844,-1189.9521,1389.2500,16.2000,-4.6300
36069,4591,99.8250,15.5832,1.9220,85.9000,49.9500,70.4750,43.8480,5025.9081,107.8732,0.7000,520.0000,35.9500,3.6941,135.4530,-1189.9521,1389.2500,17.7000,-6.1300
36070,4591,101.0000,15.0167,2.1900,77.8000,47.8500,82.8000,48.5307,5354.4307,138.2738,0.9100,520.0000,29.9500,4.7961,181.3320,-1189.9521,1389.2500,19.2000,-7.6300
36071,4591,100.3750,15.1859,2.1823,37.6000,25.3000,80.0500,44.3873,6038.4447,127.4864,0.9500,350.0000,12.3000,4.7622,174.6891,-1189.9521,1389.2500,20.7000,-9.1300
36085,4592,94.5500,14.9897,2.0435,89.5000,39.5000,71.1000,27.4586,1819.1335,164.7517,0.7470,140.0000,50.0000,4.1759,145.2928,672.8540,309.8398,8.5000,-2.4400
36087,4592,87.8000,18.4232,1.0000,44.7000,26.6000,27.5000,13.4841,980.6650,311.8515,0.1860,330.0000,18.1000,1.0000,27.5000,672.8540,309.8398,12.8000,-6.7400
36089,4592,92.3250,16.3999,1.4053,59.2000,28.2000,47.6750,53.9366,3417.6175,243.2049,0.3550,320.0000,31.0000,1.9747,66.9953,672.8540,309.8398,17.2000,-11.1400
36090,4592,90.1750,16.1154,1.5340,59.9000,27.8000,49.7250,47.8074,3003.2866,213.7850,0.5910,300.0000,32.1000,2.3532,76.2782,672.8540,309.8398,18.7000,-12.6400
36091,4592,91.3750,16.0737,1.5020,60.4000,27.7000,50.3500,50.0139,2981.2216,213.7850,0.6340,280.0000,32.7000,2.2560,75.6257,672.8540,309.8398,20.2000,-14.1400
36092,4592,89.2000,16.1571,1.4683,64.0000,28.7000,49.5750,55.7753,4300.2159,190.2490,0.5380,170.0000,35.3000,2.1558,72.7885,672.8540,309.8398,21.7000,-15.6400
36093,4592,88.7500,16.1718,1.4690,58.4000,25.8000,47.7500,56.0205,4572.3504,200.0556,0.5350,170.0000,32.6000,2.1580,70.1447,672.8540,309.8398,23.2000,-17.1400
36095,4592,90.2000,15.9167,1.5480,62.8000,29.9000,51.0000,49.0332,3383.2941,209.8623,0.5080,300.0000,32.9000,2.3963,78.9480,672.8540,309.8398,24.7000,-18.6400
36096,4592,92.1000,15.1712,1.9367,82.8000,35.3000,64.6500,45.7235,3900.5951,180.4424,0.8940,150.0000,47.5000,3.7510,125.2109,672.8540,309.8398,26.2000,-20.1400
36097,4592,93.3000,14.2760,2.4160,101.3000,38.8000,82.9500,50.7494,5023.4565,172.5970,0.9670,150.0000,62.5000,5.8371,200.4072,672.8540,309.8398,27.7000,-21.6400
36098,4592,92.0500,14.0700,2.4570,97.5000,37.4000,84.1500,42.9041,4118.7929,151.0224,1.0500,150.0000,60.1000,6.0368,206.7565,672.8540,309.8398,29.2000,-23.1400
36099,4592,94.1750,13.8493,2.6810,111.5000,44.5000,94.5250,51.6075,4108.9861,165.7324,1.2030,150.0000,67.0000,7.1878,253.4215,672.8540,309.8398,30.7000,-24.6400
36100,4592,95.1000,13.8910,2.6892,113.3000,44.8000,94.2250,49.0332,5356.8825,158.8677,1.1360,140.0000,68.5000,7.2321,253.3946,672.8540,309.8398,32.2000,-26.1400
36101,4592,94.3500,13.8566,2.6515,110.3000,42.7000,94.1250,52.2204,4851.8399,184.3650,1.1760,140.0000,67.6000,7.0305,249.5724,672.8540,309.8398,33.7000,-27.6400
36102,4592,94.2750,13.8959,2.6308,112.6000,45.3000,93.0750,55.4076,5815.3433,180.4424,1.2560,140.0000,67.3000,6.9208,244.8571,672.8540,309.8398,35.2000,-29.1400
36103,4592,93.0750,13.6384,2.7802,112.9000,46.0000,96.9500,59.3302,6190.4479,186.3263,1.1860,150.0000,66.9000,7.7298,269.5452,672.8540,309.8398,36.7000,-30.6400
36104,4592,93.6250,13.7070,2.7437,106.3000,44.7000,96.4000,58.4721,6987.2380,185.3457,1.3350,140.0000,61.6000,7.5282,264.4975,672.8540,309.8398,38.2000,-32.1400
36105,4592,93.5000,13.8787,2.5560,105.6000,45.4000,90.4750,60.1883,5822.6981,204.9590,1.2820,140.0000,60.2000,6.5331,231.2541,672.8540,309.8398,39.7000,-33.6400
36106,4592,94.0500,13.8321,2.6467,110.6000,43.2000,93.8250,72.0789,8911.7932,222.6109,1.0360,130.0000,67.4000,7.0053,248.3313,672.8540,309.8398,41.2000,-35.1400
36107,4592,93.3000,14.2220,2.3380,98.1000,40.5000,82.0750,71.0982,8892.1797,221.6303,1.1630,130.0000,57.6000,5.4662,191.8913,672.8540,309.8398,42.7000,-36.6400
36109,4592,93.2250,16.9002,1.2697,45.3000,25.2000,43.4500,47.8074,4435.0573,224.5723,0.3550,450.0000,20.1000,1.6123,55.1706,672.8540,309.8398,44.2000,-38.1400
36111,4592,92.0250,15.6935,1.6115,64.2000,31.8000,55.0250,82.9888,9044.1826,300.0835,0.6940,270.0000,32.4000,2.5969,88.6728,672.8540,309.8398,45.7000,-39.6400
36112,4592,91.5000,15.6200,1.6265,65.5000,31.8000,55.2250,81.2726,7597.7019,294.1995,0.6050,270.0000,33.7000,2.6455,89.8235,672.8540,309.8398,47.2000,-41.1400
36113,4592,94.0750,16.0148,1.5585,64.9000,28.2000,54.0500,86.2985,10716.2168,275.5669,0.6010,150.0000,36.7000,2.4289,84.2369,672.8540,309.8398,48.7000,-42.6400
36114,4592,91.9000,15.6641,1.6563,75.6000,35.9000,56.0000,98.0665,10348.4672,305.9675,0.7240,140.0000,39.7000,2.7432,92.7500,672.8540,309.8398,50.2000,-44.1400
36116,4592,88.8500,16.7923,1.1915,45.5000,27.4000,39.3500,69.2595,5484.3690,810.0293,0.2360,300.0000,18.1000,1.4197,46.8855,672.8540,309.8398,51.7000,-45.6400
36118,4592,92.7000,16.4563,1.3040,56.2000,33.2000,43.7500,83.9694,4243.8278,557.9984,0.2620,500.0000,23.0000,1.7004,57.0500,672.8540,309.8398,53.2000,-47.1400
36119,4592,88.6250,16.7334,1.2095,42.8000,26.3000,39.7250,74.6531,4383.5726,477.5838,0.2360,560.0000,16.5000,1.4629,48.0474,672.8540,309.8398,56.2000,-50.1400
36120,4592,88.1250,16.4293,1.3060,47.5000,27.0000,42.4500,102.3569,4834.6784,534.4624,0.3020,540.0000,20.5000,1.7056,55.4397,672.8540,309.8398,57.7000,-51.6400
36121,4592,91.1250,15.7966,1.5630,72.9000,33.9000,53.0250,126.8735,7416.2791,506.0231,0.4380,450.0000,39.0000,2.4430,82.8781,672.8540,309.8398,59.2000,-53.1400
36122,4592,89.3000,16.5004,1.2822,48.6000,28.0000,42.5250,106.1570,4354.1524,586.4377,1.3580,450.0000,20.6000,1.6442,54.5277,672.8540,309.8398,60.7000,-54.6400
36124,4592,85.9500,16.5814,1.1895,40.9000,25.2000,38.1750,92.7954,6940.6563,533.4818,0.4780,200.0000,15.7000,1.4149,45.4092,672.8540,309.8398,62.0000,-55.9400
36127,4592,93.3000,15.6862,1.7250,40.9000,27.0000,58.5000,95.1245,14631.5215,756.0927,0.9070,400.0000,13.9000,2.9756,100.9125,672.8540,309.8398,63.7000,-57.6400
36249,4624,99.1500,17.2705,1.1877,47.7000,24.1000,44.0500,50.4920,5864.8667,205.9396,0.3500,2700.0000,23.6000,1.4108,52.3204,-611.7676,-305.8086,12.9000,-10.6100
36251,4624,100.5250,15.8652,1.6985,75.0000,32.5000,64.3250,69.5046,11004.5321,166.7131,0.7500,247.0000,42.5000,2.8849,109.2560,-611.7676,-305.8086,17.0000,-14.7100
36253,4624,99.3000,15.2693,1.9542,90.3000,36.7000,73.0250,82.8662,15825.4815,210.8430,0.7700,392.0000,53.6000,3.8191,142.7091,-611.7676,-305.8086,20.6000,-18.3100
36255,4624,98.4500,14.9161,2.1615,97.0000,37.5000,79.5000,83.1114,10926.8145,215.7463,1.0400,214.0000,59.5000,4.6721,171.8392,-611.7676,-305.8086,23.4000,-21.1100
36257,4624,98.6000,14.7297,2.2555,102.6000,43.7000,83.4000,80.4145,10755.9331,261.8376,1.1900,158.0000,58.9000,5.0873,188.1087,-611.7676,-305.8086,26.0000,-23.7100
36260,4624,96.3000,17.7904,1.0260,33.2000,20.4000,36.8750,62.1987,8776.9515,233.3983,0.3200,2470.0000,12.8000,1.0527,37.8337,-611.7676,-305.8086,29.0000,-26.7100
36266,4624,48.6000,16.4661,2.0310,39.0000,22.3000,37.1000,69.8724,6991.1608,470.7192,0.3500,3600.0000,16.7000,4.1250,75.3501,-611.7676,-305.8086,35.2000,-32.9100
36268,4624,53.5250,17.0424,2.2212,51.1000,25.3000,44.5250,103.7053,12319.3585,373.6334,0.4500,1700.0000,25.8000,4.9340,98.9012,-611.7676,-305.8086,38.5000,-36.2100
36270,4624,98.3250,16.0516,1.6050,66.7000,28.6000,58.8250,116.4540,15077.7244,343.2327,0.6700,404.0000,38.1000,2.5760,94.4141,-611.7676,-305.8086,41.5000,-39.2100
36272,4624,98.0250,16.2944,1.4843,64.5000,30.0000,54.4750,132.3898,19007.4934,387.3627,0.6400,402.0000,34.5000,2.2030,80.8545,-611.7676,-305.8086,44.2000,-41.9100
36274,4624,98.9500,16.0222,1.6010,74.7000,31.8000,59.5000,126.1380,20608.6753,389.3240,0.7600,214.0000,42.9000,2.5632,95.2595,-611.7676,-305.8086,48.2000,-45.9100
36276,4624,99.3500,15.9731,1.6367,74.0000,32.2000,61.0000,145.9965,21961.9920,470.7192,0.7400,237.0000,41.8000,2.6790,99.8417,-611.7676,-305.8086,50.5000,-48.2100
36277,4624,99.4250,16.2405,1.5342,74.2000,31.6000,57.1500,142.8093,16904.9486,518.7718,0.6900,253.0000,42.6000,2.3539,87.6824,-611.7676,-305.8086,53.4000,-51.1100
36278,4624,99.3750,16.2331,1.5135,73.1000,31.0000,56.6250,126.2606,13491.9890,539.3657,0.6100,768.0000,42.1000,2.2907,85.7019,-611.7676,-305.8086,56.2000,-53.9100
36302,4625,97.2500,15.1491,1.9775,39.7000,22.3000,71.9000,80.1694,14609.4565,156.9064,0.9900,208.0000,17.4000,3.9105,142.1823,-485.8486,-305.8750,19.6000,-16.0500
36304,4625,97.8000,14.8008,2.1818,85.4000,35.0000,80.0500,83.8469,14746.7498,170.6357,0.9800,281.0000,50.4000,4.7600,174.6491,-485.8486,-305.8750,22.6000,-19.0500
36306,4625,98.8000,14.7273,2.2740,91.4000,36.0000,84.2000,91.2018,16867.4373,176.5197,1.1400,171.0000,55.4000,5.1711,191.4708,-485.8486,-305.8750,25.6000,-22.0500
36308,4625,99.1000,14.6978,2.2878,97.6000,38.8000,85.2250,91.2018,16727.6931,205.9396,1.1900,145.0000,58.8000,5.2338,194.9735,-485.8486,-305.8750,28.6000,-25.0500
36310,4625,96.6000,15.3747,1.8863,100.4000,40.1000,67.5500,109.9571,24636.7564,276.5475,0.9800,235.0000,60.3000,3.5579,127.4162,-485.8486,-305.8750,31.6000,-28.0500
36315,4625,93.4000,17.0203,1.1713,44.9000,22.9000,40.9250,67.2981,8988.7751,392.2660,0.4000,4680.0000,22.0000,1.3718,47.9334,-485.8486,-305.8750,35.9000,-32.3500
36317,4625,102.4500,16.7113,1.3857,45.6000,23.3000,50.8000,110.2022,18863.0911,333.4261,0.4900,685.0000,22.3000,1.9203,70.3961,-485.8486,-305.8750,39.0000,-35.4500
36322,4626,92.1333,12.9198,3.3870,129.2000,54.0000,117.3000,24.0917,2651.7181,176.5197,0.8200,2430.0000,75.2000,11.4718,397.2951,-233.9331,-151.9414,5.6000,-1.0000
36329,4626,98.3250,16.6083,1.3930,59.9000,26.3000,51.3500,69.0143,7562.1528,203.9783,0.5100,564.0000,33.6000,1.9404,71.5305,-233.9331,-151.9414,13.4000,-8.8000
36337,4626,100.6000,15.7598,1.7540,79.9000,32.5000,66.4500,74.7757,10642.9116,204.9590,0.8600,145.0000,47.4000,3.0765,116.5533,-233.9331,-151.9414,20.5000,-15.9000
36338,4626,97.4000,15.0289,2.0652,93.3000,38.5000,74.9500,78.8209,9575.2126,207.9010,1.0100,222.0000,54.8000,4.2653,154.7905,-233.9331,-151.9414,24.3000,-19.7000
36340,4626,98.3250,14.5580,2.3658,107.0000,42.7000,87.1500,76.7370,8628.6259,197.1137,1.1200,157.0000,64.3000,5.5968,206.1751,-233.9331,-151.9414,27.3000,-22.7000
36342,4626,99.3000,14.6267,2.3778,110.2000,44.4000,88.3750,85.1953,11623.3317,208.8817,1.1200,205.0000,65.8000,5.6537,210.1337,-233.9331,-151.9414,30.3000,-25.7000
36344,4626,97.9250,14.8793,2.1428,96.7000,40.1000,78.6000,99.9052,12987.6814,272.6248,1.1400,217.0000,56.6000,4.5914,168.4201,-233.9331,-151.9414,33.3000,-28.7000
36345,4626,97.1000,15.0902,2.0245,81.8000,35.4000,73.2750,109.8345,18635.0867,272.6248,1.2200,306.0000,46.4000,4.0986,148.3452,-233.9331,-151.9414,34.8000,-30.2000
36350,4626,98.3000,16.2306,1.5100,65.3000,27.2000,55.6500,87.5243,11406.6045,303.0255,0.5200,116.0000,38.1000,2.2801,84.0315,-233.9331,-151.9414,39.3000,-34.7000
36352,4626,95.3500,16.1154,1.4695,61.6000,27.2000,52.7500,71.2085,10130.2695,313.8128,0.6400,621.0000,34.4000,2.1594,77.5161,-233.9331,-151.9414,42.3000,-37.7000
36659,4653,99.1500,15.3281,1.9503,89.4000,42.0000,72.5750,10.7873,411.8793,62.7626,0.6210,150.0000,47.4000,3.8035,141.5394,-132.0225,2220.6210,15.4000,-3.6600
36660,4653,98.2750,15.5464,1.8708,103.4000,45.5000,65.5750,24.5166,2066.7514,71.5885,0.7510,120.0000,57.9000,3.4997,122.6744,-132.0225,2220.6210,17.0000,-5.2600
36661,4653,87.1750,17.0473,1.0988,47.9000,30.0000,35.5750,44.1299,2309.4660,150.0417,0.2890,900.0000,17.9000,1.2073,39.0880,-132.0225,2220.6210,18.5000,-6.7600
36666,4653,96.8250,15.2349,1.8908,95.9000,44.5000,68.9000,33.5878,2667.4087,110.8151,0.6910,120.0000,51.4000,3.5749,130.2727,-132.0225,2220.6210,23.0000,-11.2600
36667,4653,98.1250,15.4753,1.8550,101.1000,44.5000,67.8500,56.0205,4810.1617,163.7710,0.7770,110.0000,56.6000,3.4410,125.8618,-132.0225,2220.6210,24.5000,-12.7600
36670,4653,96.9250,15.8039,1.6748,88.9000,42.3000,59.7500,71.2208,3907.9499,202.0170,0.6980,120.0000,46.6000,2.8048,100.0663,-132.0225,2220.6210,26.5000,-14.7600
36672,4653,95.3250,15.9854,1.5558,88.6000,39.5000,55.3250,71.4660,4153.1163,191.2297,0.5080,190.0000,49.1000,2.4204,86.0719,-132.0225,2220.6210,27.2000,-15.4600
36675,4653,97.9000,15.8775,1.6515,79.6000,42.8000,60.4500,118.6605,11691.9784,291.2575,0.7280,220.0000,36.8000,2.7275,99.8332,-132.0225,2220.6210,30.6000,-18.8600
36676,4653,81.6333,18.5507,0.7637,27.3000,21.8000,23.0000,21.4112,2128.0430,454.0479,0.5480,820.0000,5.5000,0.5832,17.5643,-132.0225,2220.6210,31.7000,-19.9600
36684,4653,97.2250,15.8481,1.6565,72.1000,38.1000,60.1000,93.4083,7097.5626,528.5784,0.5950,600.0000,34.0000,2.7440,99.5556,-132.0225,2220.6210,48.7000,-36.9600
36685,4653,99.1500,15.8456,1.7025,81.8000,45.7000,63.0750,115.3507,10024.8477,463.8545,0.7570,340.0000,36.1000,2.8985,107.3852,-132.0225,2220.6210,50.2000,-38.4600
36686,4653,97.6000,15.4875,1.8180,82.2000,46.8000,66.3750,114.7378,8914.2450,419.7246,0.8340,300.0000,35.4000,3.3051,120.6698,-132.0225,2220.6210,51.7000,-39.9600
36687,4653,99.0250,15.5881,1.8110,83.5000,46.8000,67.0750,91.2018,6631.7469,228.4949,0.6510,230.0000,36.7000,3.2797,121.4728,-132.0225,2220.6210,53.1000,-41.3600
36688,4653,98.4750,15.4115,1.8547,85.4000,44.4000,66.2250,116.2088,6553.2936,313.8128,0.9730,120.0000,41.0000,3.4401,122.8308,-132.0225,2220.6210,54.4000,-42.6600
36689,4653,97.0000,15.9707,1.5822,70.3000,38.3000,57.5500,88.3824,6587.6171,383.4400,0.6580,220.0000,32.0000,2.5035,91.0585,-132.0225,2220.6210,56.0000,-44.2600
36692,4653,97.0000,18.0373,0.9463,37.0000,24.2000,34.3667,63.0894,3314.6476,458.9512,0.4120,700.0000,12.8000,0.8955,32.5223,-132.0225,2220.6210,57.4000,-45.6600
36740,4655,93.5250,16.1620,1.4520,79.7000,39.9000,50.9000,35.7943,2265.3361,287.3348,0.2720,1800.0000,39.8000,2.1083,73.9068,44.1553,2097.2812,23.4000,-11.1100
36747,4655,93.0500,16.8928,1.2298,73.5000,36.2000,42.8000,37.7556,2177.0763,159.8484,0.3590,700.0000,37.3000,1.5123,52.6333,44.1553,2097.2812,29.3000,-17.0100
36749,4655,98.4000,16.4661,1.4375,69.2000,34.7000,52.8750,56.7560,5079.8446,198.0943,0.5880,190.0000,34.5000,2.0664,76.0078,44.1553,2097.2812,30.9000,-18.6100
36750,4655,98.4750,16.4955,1.4395,78.0000,37.1000,52.8000,65.5820,4591.9638,246.1469,0.5550,180.0000,40.9000,2.0722,76.0056,44.1553,2097.2812,32.2000,-19.9100
36751,4655,97.2000,16.7555,1.3260,66.2000,35.0000,48.0250,69.7498,5697.6635,272.6248,0.6440,280.0000,31.2000,1.7583,63.6811,44.1553,2097.2812,34.0000,-21.7100
36765,4655,98.8750,15.7916,1.7673,76.5000,40.5000,64.5750,94.1438,6465.0339,380.4980,0.7110,270.0000,36.0000,3.1232,114.1202,44.1553,2097.2812,54.2000,-41.9100
36766,4655,97.2250,15.7205,1.7265,75.1000,41.5000,62.4250,111.3055,7538.8619,405.0146,0.7810,240.0000,33.6000,2.9808,107.7768,44.1553,2097.2812,55.7000,-43.4100
36767,4655,97.9500,15.7181,1.7563,85.1000,41.4000,63.8000,110.4474,7205.4359,394.2273,0.8600,110.0000,43.7000,3.0844,112.0488,44.1553,2097.2812,57.2000,-44.9100
36768,4655,96.8250,15.7107,1.7112,72.8000,43.4000,61.7250,109.2216,12743.7417,417.7633,0.8210,220.0000,29.4000,2.9284,105.6269,44.1553,2097.2812,58.7000,-46.4100
36769,4655,97.8000,15.9241,1.6702,74.4000,42.5000,60.4000,135.3318,11081.5144,442.2799,0.7840,220.0000,31.9000,2.7897,100.8831,44.1553,2097.2812,60.3000,-48.0100
36771,4655,97.6750,16.1448,1.5425,67.8000,43.0000,56.2500,130.9188,7239.7592,500.1391,0.6150,460.0000,24.8000,2.3793,86.7656,44.1553,2097.2812,61.8000,-49.5100
38634,4799,99.7500,16.8732,1.3148,56.5000,30.0000,49.1750,46.5693,3645.6220,176.5197,0.4920,500.0000,26.5000,1.7286,64.6528,-712.4507,-213.3125,13.9000,-11.6570
38635,4799,99.5500,16.7825,1.3465,60.3000,27.3000,50.2250,45.4293,4153.1162,247.1276,0.3790,1500.0000,33.0000,1.8131,67.6280,-712.4507,-213.3125,16.9000,-14.6570
38636,4799,99.7500,15.2546,2.0240,89.9000,39.3000,75.3250,52.8824,5454.9490,181.4230,0.7810,500.0000,50.6000,4.0966,152.4578,-712.4507,-213.3125,19.9000,-17.6570
38637,4799,99.8250,15.0633,2.1102,101.7000,46.2000,78.9250,68.5730,6852.3969,213.7850,0.9600,700.0000,55.5000,4.4532,166.5515,-712.4507,-213.3125,22.9000,-20.6570
38638,4799,99.6250,14.9603,2.1013,102.0000,46.5000,79.4500,73.0228,9350.6404,253.0116,1.1030,640.0000,55.5000,4.4153,166.9443,-712.4507,-213.3125,25.9000,-23.6570
38642,4799,99.5250,16.8217,1.3688,62.3000,29.5000,50.9750,76.1977,8335.6521,287.3348,0.5550,650.0000,32.8000,1.8735,69.7720,-712.4507,-213.3125,28.9000,-26.6570
38644,4799,97.5000,17.1234,1.2408,54.4000,28.1000,44.8000,75.2538,5315.2041,411.8793,0.3750,1000.0000,26.3000,1.5395,55.5856,-712.4507,-213.3125,32.8000,-30.5570
38646,4799,97.0000,17.5697,1.0770,47.0000,26.3000,39.0750,64.0006,4319.8292,421.6860,0.3190,1670.0000,20.7000,1.1599,42.0838,-712.4507,-213.3125,35.8000,-33.5570
38647,4799,97.0750,16.5593,1.4187,61.7000,32.9000,50.9000,85.7959,6550.8420,449.1446,0.4520,1500.0000,28.8000,2.0129,72.2144,-712.4507,-213.3125,38.8000,-36.5570
38648,4799,98.9500,16.0884,1.6125,73.6000,39.0000,59.3250,103.9260,7845.3198,414.8213,0.5750,950.0000,34.6000,2.6002,95.6616,-712.4507,-213.3125,41.8000,-39.5570
38649,4799,99.3000,16.1203,1.6488,78.4000,35.9000,60.3250,99.2801,8080.6792,367.7494,0.6910,300.0000,42.5000,2.7184,99.4608,-712.4507,-213.3125,44.8000,-42.5570
38650,4799,99.6250,15.8579,1.7025,77.4000,40.1000,63.4750,111.7100,8492.5586,429.5313,0.6710,410.0000,37.3000,2.8985,108.0662,-712.4507,-213.3125,47.8000,-45.5570
38651,4799,98.7000,16.1693,1.5933,76.0000,40.0000,58.2000,122.2154,9041.7312,429.5313,0.6440,750.0000,36.0000,2.5384,92.7272,-712.4507,-213.3125,50.8000,-48.5570
38709,4803,98.9250,15.2815,1.9752,95.2000,41.0000,73.0000,58.6438,7070.5946,146.1191,0.7510,290.0000,54.2000,3.9016,144.1932,-485.8980,-398.3164,8.9000,-5.6980
38712,4803,98.4500,17.6310,1.0695,45.3000,26.9000,39.5000,45.8216,4219.3111,230.4563,0.3790,700.0000,18.4000,1.1438,42.2453,-485.8980,-398.3164,14.9000,-11.6980
38714,4803,99.8000,15.6592,1.8112,83.2000,37.1000,67.4750,54.7211,4829.7750,163.7710,0.7770,390.0000,46.1000,3.2806,122.2141,-485.8980,-398.3164,17.9000,-14.6980
38715,4803,99.8000,15.4091,1.8880,86.1000,37.6000,71.0500,59.1464,6298.3208,180.4424,0.7440,520.0000,48.5000,3.5645,134.1424,-485.8980,-398.3164,20.9000,-17.6980
38716,4803,99.7750,14.7861,2.2225,100.0000,42.8000,84.0500,70.0930,7852.6746,171.6164,0.9630,540.0000,57.2000,4.9395,186.8011,-485.8980,-398.3164,23.9000,-20.6980
38717,4803,99.7500,14.7027,2.2465,106.3000,47.0000,85.4000,60.6909,6847.4932,220.6496,1.0300,340.0000,59.3000,5.0468,191.8511,-485.8980,-398.3164,26.9000,-23.6980
38719,4803,99.2500,15.3011,2.0063,84.4000,37.9000,74.3000,77.7300,8590.6254,231.4369,1.0400,760.0000,46.5000,4.0250,149.0644,-485.8980,-398.3164,29.9000,-26.6980
38724,4803,96.2250,17.5280,1.0843,46.4000,26.1000,38.9250,77.6687,8649.4653,382.4594,0.3310,2150.0000,20.3000,1.1756,42.2044,-485.8980,-398.3164,37.8000,-34.5980
38725,4803,98.0500,16.5495,1.4335,59.9000,31.5000,52.0750,78.2203,10848.6064,364.8074,0.5180,890.0000,28.4000,2.0549,74.6495,-485.8980,-398.3164,40.8000,-37.5980
38726,4803,98.0000,16.3925,1.4910,64.2000,35.2000,54.1000,102.2221,10051.8162,419.7246,0.5510,860.0000,29.0000,2.2231,80.6631,-485.8980,-398.3164,43.8000,-40.5980
38727,4803,99.7500,16.1914,1.5590,74.1000,34.7000,58.2500,127.7561,14195.1255,328.5228,0.6610,640.0000,39.4000,2.4305,90.8118,-485.8980,-398.3164,46.8000,-43.5980
38728,4803,99.3500,15.9437,1.7075,77.6000,38.7000,62.7500,106.9660,9073.6028,362.8460,0.7280,420.0000,38.9000,2.9156,107.1456,-485.8980,-398.3164,49.8000,-46.5980
38729,4803,98.1000,16.2944,1.5258,69.7000,36.6000,55.4750,124.6793,7825.7065,394.2273,0.6010,580.0000,33.1000,2.3279,84.6410,-485.8980,-398.3164,52.8000,-49.5980
38730,4803,98.9000,16.1252,1.5825,76.8000,36.9000,58.4000,130.7962,14611.9082,460.9125,0.6940,1900.0000,39.9000,2.5043,92.4180,-485.8980,-398.3164,55.8000,-52.5980
38733,4803,98.0750,16.5519,1.4305,66.5000,34.6000,52.0750,146.2417,11297.2604,505.0425,0.4880,960.0000,31.9000,2.0463,74.4933,-485.8980,-398.3164,58.8000,-55.5980
38755,4804,99.8250,16.8242,1.3252,58.6000,30.1000,49.6500,50.6391,5177.9113,172.5970,0.5220,510.0000,28.5000,1.7563,65.7987,-385.2427,-552.4336,15.9000,-12.5190
38756,4804,99.2000,15.7671,1.7327,80.9000,34.5000,64.3000,55.0030,5896.2479,170.6357,0.8040,310.0000,46.4000,3.0024,111.4158,-385.2427,-552.4336,18.9000,-15.5190
38757,4804,99.6750,15.2153,2.0095,88.8000,38.0000,75.2000,61.0832,5896.2482,176.5197,0.9300,620.0000,50.8000,4.0381,151.1144,-385.2427,-552.4336,21.9000,-18.5190
38758,4804,99.7250,14.6414,2.3075,104.8000,47.3000,87.3750,74.7880,8394.4921,198.0943,1.0660,700.0000,57.5000,5.3246,201.6178,-385.2427,-552.4336,24.9000,-21.5190
38759,4804,99.8500,14.6144,2.3110,107.0000,45.6000,87.9500,67.8743,7261.8242,220.6496,1.1530,840.0000,61.4000,5.3407,203.2524,-385.2427,-552.4336,27.9000,-24.5190
38761,4804,99.8250,14.5752,2.3540,103.8000,43.9000,89.2750,80.2674,10110.6558,233.3983,1.2090,900.0000,59.9000,5.5413,210.1533,-385.2427,-552.4336,30.9000,-27.5190
38766,4804,98.3000,17.1160,1.2415,51.9000,28.0000,45.4250,68.6220,6641.5536,294.1995,0.5380,1020.0000,23.9000,1.5413,56.3951,-385.2427,-552.4336,38.8000,-35.4190
38768,4804,98.0000,16.5519,1.4195,59.7000,31.8000,51.7000,69.5782,8262.1024,451.1059,0.5220,1040.0000,27.9000,2.0150,73.3881,-385.2427,-552.4336,41.8000,-38.4190
38769,4804,96.8250,16.4538,1.4285,61.8000,32.2000,51.4750,89.1179,8323.3938,519.7524,0.5080,1040.0000,29.6000,2.0406,73.5320,-385.2427,-552.4336,44.8000,-41.4190
38770,4804,99.0500,16.0688,1.6065,73.1000,35.8000,59.4250,93.6167,9093.2161,382.4594,0.6250,1000.0000,37.3000,2.5808,95.4663,-385.2427,-552.4336,47.8000,-44.4190
38771,4804,99.8500,16.2920,1.5172,71.4000,35.7000,56.8250,122.0560,11299.7122,387.3627,0.6080,760.0000,35.7000,2.3020,86.2177,-385.2427,-552.4336,50.8000,-47.4190
38772,4804,99.8250,16.2871,1.5280,72.6000,36.0000,57.0750,126.9961,10093.4941,460.9125,0.7080,1000.0000,36.6000,2.3348,87.2106,-385.2427,-552.4336,53.8000,-50.4190
38773,4804,98.4000,17.2509,1.1725,55.9000,28.4000,43.2500,129.0800,9659.5498,529.5591,0.4190,1070.0000,27.5000,1.3748,50.7106,-385.2427,-552.4336,56.8000,-53.4190
38791,4806,99.4250,17.3490,1.1827,48.9000,26.1000,43.8250,33.6491,3819.6901,154.9451,0.4380,1020.0000,22.8000,1.3989,51.8340,-309.8325,-829.7891,13.9000,-11.4560
38792,4806,99.8000,16.9100,1.3325,59.5000,30.8000,49.4750,43.3454,4474.2839,196.1330,0.4150,720.0000,28.7000,1.7756,65.9254,-309.8325,-829.7891,16.9000,-14.4560
38793,4806,99.7500,15.6690,1.8500,84.4000,38.1000,68.9000,50.2100,5977.1531,163.7710,0.8900,380.0000,46.3000,3.4225,127.4650,-309.8325,-829.7891,19.9000,-17.4560
38794,4806,99.9000,15.0485,2.1088,95.3000,43.9000,79.1250,67.0897,9196.1857,186.3263,0.9170,840.0000,51.4000,4.4468,166.8548,-309.8325,-829.7891,22.9000,-20.4560
38795,4806,99.8250,14.6709,2.2710,106.8000,45.0000,86.4000,74.8370,10368.0803,215.7463,1.0300,760.0000,61.8000,5.1574,196.2144,-309.8325,-829.7891,25.9000,-23.4560
38796,4806,99.9250,14.5924,2.3310,111.3000,47.3000,88.7000,89.6941,13263.4937,278.5089,1.1630,480.0000,64.0000,5.4336,206.7597,-309.8325,-829.7891,28.9000,-26.4560
38797,4806,99.8000,14.6022,2.3460,109.1000,48.5000,88.7500,101.2537,14881.5908,302.0448,1.2090,480.0000,60.6000,5.5037,208.2075,-309.8325,-829.7891,31.9000,-29.4560
38799,4806,99.6000,15.5047,1.8618,81.8000,39.0000,70.0000,119.8495,19858.4658,305.9675,1.0600,580.0000,42.8000,3.4661,130.3225,-309.8325,-829.7891,34.8000,-32.3560
38800,4806,96.0000,16.5666,1.3940,54.6000,29.4000,49.4750,56.3760,4452.2190,549.1724,0.4620,1100.0000,25.2000,1.9432,68.9682,-309.8325,-829.7891,37.8000,-35.3560
38801,4806,96.2250,15.8897,1.6540,72.4000,37.0000,58.9000,85.2443,5874.1833,588.3990,0.5870,1030.0000,35.4000,2.7357,97.4206,-309.8325,-829.7891,40.8000,-38.3560
40981,6129,103.9000,13.9760,3.3850,116.7000,45.4000,129.5333,35.8500,5670.0000,16.3000,1.2600,66.7458,71.3000,11.4582,438.4703,4166.9565,-107.5391,1.8000,-19.3356
40982,6129,101.4000,13.3547,3.8960,131.3000,53.4000,148.0000,9.1333,621.6667,18.9000,1.3900,58.4808,77.9000,15.1788,576.6080,4166.9565,-107.5391,3.8000,-21.3356
40983,6129,102.4000,13.1977,4.0740,133.8000,55.3000,156.4667,12.0500,1069.6667,28.4000,1.4300,57.8059,78.5000,16.5975,637.4452,4166.9565,-107.5391,4.8000,-22.3356
40984,6129,102.5000,13.3743,3.8750,130.0000,53.7000,146.6333,12.1000,1023.0000,30.8000,1.4500,37.7425,76.3000,15.0156,568.2042,4166.9565,-107.5391,5.8000,-23.3356
40985,6129,101.2000,13.2893,3.8070,127.4000,56.0000,146.9000,10.9667,550.6667,31.8000,1.3800,85.2748,71.4000,14.4932,559.2483,4166.9565,-107.5391,6.8000,-24.3356
40986,6129,100.6000,13.1062,3.9370,124.0000,52.1000,149.6667,18.2167,1306.6667,42.4000,1.7200,92.1635,71.9000,15.5000,589.2377,4166.9565,-107.5391,8.8000,-26.3356
40987,6129,100.7000,13.1683,3.9020,116.0000,57.1000,145.8000,21.1167,2210.0000,52.9000,1.8200,74.5989,58.9000,15.2256,568.9116,4166.9565,-107.5391,9.8000,-27.3356
40988,6129,100.3000,12.9852,3.9120,121.9000,57.1000,149.9667,22.7000,2146.6667,67.5000,1.8500,88.0273,64.8000,15.3037,586.6696,4166.9565,-107.5391,10.8000,-28.3356
40990,6129,98.9000,15.2546,1.9990,54.2000,29.7000,73.7333,35.3333,5626.6667,104.0000,0.5800,161.0434,24.5000,3.9960,147.3929,4166.9565,-107.5391,14.8000,-32.3356
40995,6129,100.3000,17.1315,1.2400,33.3000,19.5000,47.3333,29.1000,4286.6667,142.0000,0.3530,1965.4772,13.8000,1.5376,58.6933,4166.9565,-107.5391,18.8000,-36.3356
40996,6129,97.5000,17.1610,1.1500,33.0000,24.7000,43.9000,33.2167,3720.0000,200.0000,0.3180,1410.1770,8.3000,1.3225,50.4850,4166.9565,-107.5391,19.8000,-37.3356
40997,6129,101.4000,17.8771,1.1180,30.0000,23.3000,40.8000,27.1833,3733.3333,224.0000,0.2770,2490.7827,6.7000,1.2499,45.6144,4166.9565,-107.5391,20.8000,-38.3356
40998,6129,98.7000,18.0929,1.0250,28.4000,21.5000,37.2000,32.4000,5412.3333,172.0000,0.3230,2183.6899,6.9000,1.0506,38.1300,4166.9565,-107.5391,21.8000,-39.3356
40999,6129,97.5000,17.3506,1.2390,34.5000,21.2000,44.8000,27.8333,4570.0000,248.0000,0.4030,1589.9688,13.3000,1.5351,55.5072,4166.9565,-107.5391,23.8000,-41.3356
41000,6129,99.2000,17.3964,1.1520,33.4000,22.2000,43.1000,50.9000,8446.6667,226.0000,0.3330,1622.3436,11.2000,1.3271,49.6512,4166.9565,-107.5391,24.8000,-42.3356
41014,6129,97.4000,14.2686,2.8740,121.0000,55.9000,99.9500,45.7250,14250.0000,492.0000,1.8900,23.8990,65.1000,8.2599,287.2563,4166.9565,-107.5391,37.5000,-55.0356
41161,6131,102.0667,13.5116,3.3850,133.4000,42.2000,133.7000,18.6000,1.3900,45.2000,1.4500,139.2175,91.2000,11.4582,452.5745,2451.9397,-2833.6250,8.8000,-29.3000
41162,6131,100.0667,13.4659,3.2307,129.5000,43.2000,125.6000,18.4667,1.2667,48.4000,1.3820,139.9634,86.3000,10.4372,405.7717,2451.9397,-2833.6250,9.8000,-30.3000
41164,6131,100.9667,13.7111,3.0467,99.6000,43.3000,119.1333,24.5833,1.5867,80.0000,1.3190,117.4682,56.3000,9.2822,362.9596,2451.9397,-2833.6250,13.8000,-34.3000
41165,6131,99.4667,13.6915,2.9460,107.1000,37.4000,113.6667,27.3500,2.0933,82.2000,1.3940,134.5615,69.7000,8.6789,334.8620,2451.9397,-2833.6250,14.8000,-35.3000
41166,6131,99.8667,13.7994,2.8803,108.1000,39.0000,111.3667,26.4167,2.0000,84.1000,1.3160,151.8715,69.1000,8.2963,320.7731,2451.9397,-2833.6250,15.8000,-36.3000
41168,6131,99.5000,16.8503,1.3050,40.8000,22.4000,48.9667,35.4000,3.7567,180.1000,0.3750,1099.6646,18.4000,1.7030,63.9015,2451.9397,-2833.6250,16.8000,-37.3000
41171,6131,100.9000,17.8738,1.0480,34.1000,24.0000,39.5667,35.5333,4.5500,316.1000,0.3130,1045.8542,10.1000,1.0983,41.4659,2451.9397,-2833.6250,19.8000,-40.3000
41172,6131,100.0000,16.6476,1.4050,46.5000,22.2000,52.4667,25.3000,3.1100,163.3000,0.6180,314.3403,24.3000,1.9740,73.7157,2451.9397,-2833.6250,21.8000,-42.3000
41173,6131,99.8000,16.7914,1.3650,50.7000,22.0000,50.8667,53.4500,6.3800,158.8000,0.5860,528.2289,28.7000,1.8632,69.4330,2451.9397,-2833.6250,23.8000,-44.3000
41174,6131,97.1333,17.2721,1.1753,38.6000,17.5000,42.5000,39.9000,5.4533,187.6000,0.3990,1100.5481,21.1000,1.3814,49.9517,2451.9397,-2833.6250,24.8000,-45.3000
41177,6131,96.3333,16.7686,1.3390,52.1000,25.9000,47.8000,75.7167,8.6933,240.7000,0.6260,565.8366,26.2000,1.7929,64.0042,2451.9397,-2833.6250,28.8000,-49.3000
41178,6131,97.1000,16.5854,1.3793,53.8000,27.9000,49.9000,78.4333,5.0767,288.6000,0.5800,746.7662,25.9000,1.9026,68.8287,2451.9397,-2833.6250,29.8000,-50.3000
41180,6131,88.4667,16.3533,1.2890,38.4000,28.4000,42.6667,34.6167,2.4200,928.1000,0.3630,1299.8915,10.0000,1.6615,54.9973,2451.9397,-2833.6250,31.8000,-52.3000
41183,6131,98.0000,17.4356,1.1430,41.6000,25.3000,39.1000,79.7667,6.6767,694.1000,0.3480,1074.4993,16.3000,1.3064,44.6913,2451.9397,-2833.6250,35.0000,-55.5000
41200,6131,98.8667,18.2074,1.0237,39.2000,25.4000,33.9000,134.5000,8.1333,671.6000,0.3870,1657.3855,13.8000,1.0479,34.7023,2451.9397,-2833.6250,55.3000,-75.8000
41202,6131,101.0000,18.1649,0.9040,35.7000,24.6000,35.3000,146.5333,20.3233,575.9000,0.3880,945.7372,11.1000,0.8172,31.9112,2451.9397,-2833.6250,57.3000,-77.8000
41228,6132,101.2667,13.5770,3.2643,132.2000,43.1000,127.3000,18.4667,1.2267,44.3000,1.2680,159.0023,89.1000,10.6559,415.5496,2034.1492,-3150.0000,9.8000,-29.0500
41229,6132,101.2667,13.3351,3.5467,128.1000,48.1000,138.7667,22.8167,1.7733,50.6000,1.5470,139.5231,80.0000,12.5788,492.1591,2034.1492,-3150.0000,11.8000,-31.0500
41230,6132,99.7333,13.5149,3.1703,119.4000,45.4000,121.9000,22.3000,1.5367,74.8000,1.4120,122.2084,74.0000,10.0510,386.4636,2034.1492,-3150.0000,13.7000,-32.9500
41231,6132,99.2333,13.8354,2.8750,106.7000,41.6000,109.2000,28.5333,2.2567,75.9000,1.1640,139.7980,65.1000,8.2656,313.9500,2034.1492,-3150.0000,14.8000,-34.0500
41232,6132,100.3000,13.8648,2.9160,109.8000,37.6000,112.0667,27.3000,2.8633,76.7000,1.5860,120.6139,72.2000,8.5031,326.7864,2034.1492,-3150.0000,15.8000,-35.0500
41233,6132,100.0333,13.9040,2.8563,108.2000,38.1000,109.5033,23.0500,1.7600,76.5000,1.0400,146.9539,70.1000,8.1586,312.7780,2034.1492,-3150.0000,16.8000,-36.0500
41235,6132,97.0667,17.3245,1.1803,39.6000,24.6000,42.3333,29.2833,3.8967,209.4000,0.3980,1285.0164,15.0000,1.3932,49.9674,2034.1492,-3150.0000,18.8000,-38.0500
41238,6132,97.9667,17.8280,1.0610,37.4000,21.2000,38.4333,23.7500,3.2433,294.6000,0.3410,1354.3511,16.2000,1.1257,40.7778,2034.1492,-3150.0000,21.8000,-41.0500
41239,6132,98.4667,16.5102,1.4373,44.4000,24.6000,52.2333,28.5167,3.6433,161.5000,0.6550,242.4767,19.8000,2.0659,75.0767,2034.1492,-3150.0000,23.8000,-43.0500
41241,6132,98.9667,16.3958,1.5143,53.8000,25.0000,55.4667,13.6167,1.1233,164.1000,0.5670,400.9155,28.8000,2.2932,83.9950,2034.1492,-3150.0000,24.8000,-44.0500
41242,6132,98.1000,16.4383,1.4587,52.9000,24.4000,47.2667,22.5500,3.6533,166.6000,0.6440,188.3962,28.5000,2.1277,68.9463,2034.1492,-3150.0000,25.8000,-45.0500
41248,6132,100.2333,17.4880,1.1560,41.5000,23.0000,39.4333,34.7167,2.8567,339.0000,0.3790,1422.2683,18.5000,1.3363,45.5849,2034.1492,-3150.0000,30.0000,-49.2500
41259,6132,97.8333,16.6934,1.2340,62.8000,30.1000,48.9667,68.6167,3.8867,425.0000,0.3750,1607.1498,32.7000,1.5228,60.4249,2034.1492,-3150.0000,39.4000,-58.6500
41276,6132,99.6000,18.7992,0.8310,37.4000,22.7000,31.0000,77.0000,8.3100,578.4000,0.3070,1756.0808,14.7000,0.6906,25.7610,2034.1492,-3150.0000,57.3000,-76.5500
41296,6133,100.7667,13.2500,3.7427,135.7000,50.4000,143.3000,21.7667,1.3700,48.7000,1.7080,109.1187,85.3000,14.0076,536.3241,3828.4238,-598.7305,9.9000,-29.0000
41297,6133,100.0667,13.1781,3.7943,131.7000,52.0000,143.7667,22.4667,1.4033,59.9000,1.9490,125.3962,79.7000,14.3970,545.4987,3828.4238,-598.7305,10.8000,-29.9000
41298,6133,100.1000,13.3089,3.6013,110.4000,51.6000,136.6000,25.7833,2.4767,72.3000,1.8140,112.8509,58.8000,12.9696,491.9421,3828.4238,-598.7305,11.9000,-31.0000
41299,6133,100.3000,13.2664,3.6567,133.5000,49.5000,139.3667,27.5667,3.0167,78.1000,1.7150,116.1045,84.0000,13.3712,509.6175,3828.4238,-598.7305,13.9000,-33.0000
41300,6133,100.2000,14.1722,2.7133,102.1000,43.2000,102.7333,35.5333,4.8633,92.5000,1.3770,69.2358,58.9000,7.3622,278.7498,3828.4238,-598.7305,14.9000,-34.0000
41302,6133,98.8000,16.3075,1.5410,46.0000,25.0000,56.3333,31.4667,3.5900,104.6000,0.6050,448.6702,21.0000,2.3747,86.8097,3828.4238,-598.7305,15.9000,-35.0000
41303,6133,98.0333,17.2819,1.2197,36.1000,23.3000,44.0667,29.2167,6.0133,196.4000,0.3780,1242.8132,12.8000,1.4876,53.7466,3828.4238,-598.7305,16.9000,-36.0000
41305,6133,98.8667,17.5534,1.1643,34.4000,21.3000,42.3333,30.3667,4.4300,148.2000,0.3990,490.6726,13.1000,1.3557,49.2901,3828.4238,-598.7305,19.9000,-39.0000
41306,6133,98.7667,17.6416,1.1387,31.2000,21.8000,41.3667,38.9667,6.8833,377.1000,0.3230,1091.9122,9.4000,1.2966,47.1028,3828.4238,-598.7305,20.8000,-39.9000
41307,6133,95.8667,17.8934,1.0483,28.0000,23.3000,36.8000,28.5500,5.1633,302.6000,0.3220,1220.3394,4.7000,1.0990,38.5787,3828.4238,-598.7305,21.9000,-41.0000
41309,6133,96.8000,17.4912,1.1243,32.6000,22.0000,40.3000,54.4000,9.6633,224.1000,0.4360,1152.6267,10.6000,1.2641,45.3106,3828.4238,-598.7305,23.9000,-43.0000
41310,6133,97.4667,17.4585,1.1377,36.6000,20.8000,41.1667,64.4333,11.4967,242.4000,0.4010,953.9661,15.8000,1.2943,46.8339,3828.4238,-598.7305,24.9000,-44.0000
41316,6133,95.8000,16.2879,1.4787,57.2000,29.4000,52.6000,82.9000,5.4500,480.9000,0.3990,1269.3912,27.8000,2.1865,77.7779,3828.4238,-598.7305,31.4000,-50.5000
13206,636,99.4333,14.5548,2.4463,114.0000,45.1000,89.0667,63.4163,4252.8172,176.5197,1.2200,152.0000,68.9000,5.9845,217.8868,18.0479,156.0664,27.7000,-21.9800
13207,636,99.6333,14.6365,2.3667,110.5000,44.9000,88.5000,74.5305,7394.2139,181.4230,1.1600,912.0000,65.6000,5.6011,209.4500,18.0479,156.0664,29.2000,-23.4800
13208,636,98.6000,14.4011,2.4960,124.6000,49.1000,92.0500,74.5305,8154.2295,142.1964,1.2100,142.0000,75.5000,6.2300,229.7568,18.0479,156.0664,30.7000,-24.9800
13211,636,98.7000,14.8671,2.2255,106.6000,44.6000,81.6500,75.0209,7796.2864,215.7463,1.3100,204.0000,62.0000,4.9529,181.7121,18.0479,156.0664,35.2000,-29.4800
13212,636,98.2500,14.7640,2.2745,95.0000,40.1000,83.1000,77.9629,7874.7397,220.6496,1.1900,234.0000,54.9000,5.1734,189.0109,18.0479,156.0664,36.7000,-30.9800
15094,681,100.6000,14.8646,2.2540,102.2000,44.6000,85.2000,52.8211,10637.7634,146.1191,1.3400,168.0000,57.6000,5.0805,192.0408,219.4937,125.1563,25.8000,-20.3300
15098,681,99.1000,14.4354,2.4653,114.8000,53.3000,92.0250,68.8427,11799.8511,182.4037,1.2900,190.0000,61.5000,6.0775,226.8646,219.4937,125.1563,31.8000,-26.3300
15102,681,99.2250,14.6046,2.3947,112.3000,52.3000,88.7250,86.9605,11481.1353,217.7076,1.2600,163.0000,60.0000,5.7348,212.4742,219.4937,125.1563,37.8000,-32.3300
19711,909,99.7250,15.2080,2.0850,96.3000,43.0000,77.1750,58.9625,5396.1089,184.3650,1.0750,133.0000,53.3000,4.3472,160.9099,169.1851,248.4336,29.4000,-19.8500
19714,909,98.0250,14.4182,2.5340,107.3000,48.6000,91.7000,63.7432,6342.4508,224.5723,1.3050,127.0000,58.7000,6.4212,232.3678,169.1851,248.4336,35.4000,-25.8500
19715,909,98.1500,14.4599,2.5525,119.0000,48.2000,91.7750,79.3113,6673.4254,232.4176,1.3100,185.0000,70.8000,6.5153,234.2557,169.1851,248.4336,38.4000,-28.8500
19716,909,98.8750,14.7493,2.3467,99.0000,43.4000,85.6000,83.2339,7234.8558,250.0696,1.2400,320.0000,55.6000,5.5072,200.8818,169.1851,248.4336,41.3000,-31.7500
19875,912,99.2500,14.8523,2.2568,102.0000,47.2000,83.2500,46.3364,4957.2614,151.0224,1.1500,117.0000,54.8000,5.0929,187.8744,169.1426,155.9922,27.3000,-18.7500
19877,912,99.2250,14.5777,2.4608,106.0000,45.4000,90.4000,62.2722,5325.0110,141.2158,1.4700,113.0000,60.6000,6.0553,222.4518,169.1426,155.9922,33.3000,-24.7500
19879,912,99.0250,14.3398,2.5998,106.0000,46.7000,95.8250,72.4466,8875.0183,160.8291,1.2900,165.0000,59.3000,6.7587,249.1210,169.1426,155.9922,36.3000,-27.7500
19881,912,98.7750,15.0608,2.1370,86.8000,37.2000,78.1000,89.1179,8600.4318,233.3983,0.9000,163.0000,49.6000,4.5668,166.8997,169.1426,155.9922,42.3000,-33.7500
19987,915,94.0750,14.6316,2.1278,105.9000,40.9000,75.7000,54.3656,2650.2471,186.3263,1.0970,162.0000,65.0000,4.5273,161.0707,269.8447,94.3203,34.3000,-24.2700
19988,915,99.6000,14.5213,2.3663,107.6000,40.6000,89.7500,60.3967,3322.0025,187.3070,1.1880,167.0000,67.0000,5.5991,212.3709,269.8447,94.3203,37.3000,-27.2700
19989,915,99.4500,14.4060,2.4070,103.0000,40.7000,91.7500,63.4245,3255.8077,268.7022,1.2300,142.0000,62.3000,5.7936,220.8423,269.8447,94.3203,40.3000,-30.2700
19990,915,99.3750,14.5335,2.3740,100.1000,43.7000,89.4000,61.9535,3071.9330,255.9536,1.4850,138.0000,56.4000,5.6359,212.2356,269.8447,94.3203,43.3000,-33.2700
13205,636,98.9500,14.4109,2.4535,106.0000,43.9000,91.7500,63.9884,6477.2900,137.2900,1.0600,195.0000,62.1000,6.0197,225.1086,18.0479,156.0664,26.2000,-20.4800
13209,636,98.5500,14.4599,2.4705,117.6000,49.4000,90.8500,65.7046,6359.6123,175.5400,1.2300,131.0000,68.2000,6.1034,224.4449,18.0479,156.0664,32.2000,-26.4800
13210,636,98.2500,14.3275,2.5205,111.6000,46.6000,92.9000,75.5100,6295.8700,210.8430,1.2100,175.0000,65.0000,6.3529,234.1544,18.0479,156.0664,33.7000,-27.9800
15096,681,99.4000,14.6709,2.3485,106.9000,48.1000,87.3250,64.9900,12508.3800,164.7500,1.0000,229.0000,58.8000,5.5155,205.0828,219.4937,125.1563,28.8000,-23.3300
15100,681,99.7750,14.4379,2.4962,107.5000,50.4000,93.8000,71.0982,9448.7100,203.0000,1.2900,213.0000,57.1000,6.2313,234.1482,219.4937,125.1563,34.8000,-29.3300
19712,909,99.5500,14.8303,2.3030,118.5000,51.9000,85.6750,69.7500,6835.2300,196.1330,1.1350,180.0000,66.6000,5.3038,197.3095,169.1851,248.4336,32.5000,-22.9500
19876,912,98.8250,14.7567,2.3495,94.2000,42.1000,86.1250,58.4700,4648.3500,148.0800,1.2200,166.0000,52.1000,5.5202,202.3507,169.1426,155.9922,30.3000,-21.7500
19880,912,99.4750,14.4133,2.5475,100.3000,44.2000,94.6750,73.0595,7685.9600,203.9800,1.2400,197.0000,56.1000,6.4898,241.1846,169.1426,155.9922,39.3000,-30.7500
